date,ticker,actual,predicted,confidence_score,hit_miss,model_name,target_name,technical_state_summary,news_sentiment_summary,benchmark_strength_summary,explanation
2022-02-17,T,1,0.0,0.670061314692202,miss,random_forest,target_5d_updown,"Technical state is soft, with price below the 50-day and 200-day averages. RSI is weak near 38.9. MACD remains on the bearish side. Volatility is elevated at roughly 40.4%.",No recent matched news was found for this ticker/date.,Relative strength versus the benchmark looked weak. 1-month excess return -9.66%; 3-month excess return 2.97%; 6-month excess return -13.06%.,"Model view: the setup leaned cautious. Confidence was around 67%. Technical state is soft, with price below the 50-day and 200-day averages. RSI is weak near 38.9. MACD remains on the bearish side. Volatility is elevated at roughly 40.4%. No recent matched news was found for this ticker/date. Relative strength versus the benchmark looked weak. 1-month excess return -9.66%; 3-month excess return 2.97%; 6-month excess return -13.06%."
2022-02-18,T,0,0.0,0.7414041905274286,hit,random_forest,target_5d_updown,"Technical state is soft, with price below the 50-day and 200-day averages. MACD remains on the bearish side. Volatility is elevated at roughly 40.4%.",No recent matched news was found for this ticker/date.,Relative strength versus the benchmark looked weak. 1-month excess return -8.87%; 3-month excess return 5.41%; 6-month excess return -11.38%.,"Model view: the setup leaned cautious. Confidence was around 74%. Technical state is soft, with price below the 50-day and 200-day averages. MACD remains on the bearish side. Volatility is elevated at roughly 40.4%. No recent matched news was found for this ticker/date. Relative strength versus the benchmark looked weak. 1-month excess return -8.87%; 3-month excess return 5.41%; 6-month excess return -11.38%."
2022-02-22,T,0,0.0,0.6776842110886636,hit,random_forest,target_5d_updown,"Technical state is soft, with price below the 50-day and 200-day averages. RSI is weak near 39.3. MACD remains on the bearish side. Volatility is elevated at roughly 40.4%.",No recent matched news was found for this ticker/date.,Relative strength versus the benchmark looked weak. 1-month excess return -8.82%; 3-month excess return 6.81%; 6-month excess return -9.74%.,"Model view: the setup leaned cautious. Confidence was around 68%. Technical state is soft, with price below the 50-day and 200-day averages. RSI is weak near 39.3. MACD remains on the bearish side. Volatility is elevated at roughly 40.4%. No recent matched news was found for this ticker/date. Relative strength versus the benchmark looked weak. 1-month excess return -8.82%; 3-month excess return 6.81%; 6-month excess return -9.74%."
2022-02-23,T,1,0.0,0.6363526345974863,miss,random_forest,target_5d_updown,"Technical state is soft, with price below the 50-day and 200-day averages. RSI is weak near 37.0. MACD remains on the bearish side. Volatility is elevated at roughly 40.2%.",No recent matched news was found for this ticker/date.,Relative strength versus the benchmark looked weak. 1-month excess return -6.65%; 3-month excess return 4.97%; 6-month excess return -8.51%.,"Model view: the setup leaned cautious. Confidence was around 64%. Technical state is soft, with price below the 50-day and 200-day averages. RSI is weak near 37.0. MACD remains on the bearish side. Volatility is elevated at roughly 40.2%. No recent matched news was found for this ticker/date. Relative strength versus the benchmark looked weak. 1-month excess return -6.65%; 3-month excess return 4.97%; 6-month excess return -8.51%."
2022-02-24,T,1,0.0,0.679571259004687,miss,random_forest,target_5d_updown,"Technical state is soft, with price below the 50-day and 200-day averages. RSI is weak near 34.5. MACD remains on the bearish side.",No recent matched news was found for this ticker/date.,Relative strength versus the benchmark looked weak. 1-month excess return -10.85%; 3-month excess return 2.35%; 6-month excess return -10.74%.,"Model view: the setup leaned cautious. Confidence was around 68%. Technical state is soft, with price below the 50-day and 200-day averages. RSI is weak near 34.5. MACD remains on the bearish side. No recent matched news was found for this ticker/date. Relative strength versus the benchmark looked weak. 1-month excess return -10.85%; 3-month excess return 2.35%; 6-month excess return -10.74%."
2022-02-25,T,0,0.0,0.785309839260535,hit,random_forest,target_5d_updown,"Technical state is soft, with price below the 50-day and 200-day averages. MACD remains on the bearish side.",No recent matched news was found for this ticker/date.,Relative strength versus the benchmark looked weak. 1-month excess return -2.36%; 3-month excess return 4.47%; 6-month excess return -9.60%.,"Model view: the setup leaned cautious. Confidence was around 79%. Technical state is soft, with price below the 50-day and 200-day averages. MACD remains on the bearish side. No recent matched news was found for this ticker/date. Relative strength versus the benchmark looked weak. 1-month excess return -2.36%; 3-month excess return 4.47%; 6-month excess return -9.60%."
2022-02-28,T,0,0.0,0.7211418524465308,hit,random_forest,target_5d_updown,"Technical state is soft, with price below the 50-day and 200-day averages. MACD remains on the bearish side.",No recent matched news was found for this ticker/date.,Relative strength versus the benchmark looked weak. 1-month excess return -3.00%; 3-month excess return 2.73%; 6-month excess return -9.66%.,"Model view: the setup leaned cautious. Confidence was around 72%. Technical state is soft, with price below the 50-day and 200-day averages. MACD remains on the bearish side. No recent matched news was found for this ticker/date. Relative strength versus the benchmark looked weak. 1-month excess return -3.00%; 3-month excess return 2.73%; 6-month excess return -9.66%."
2022-03-01,T,0,0.0,0.7189998073643546,hit,random_forest,target_5d_updown,"Technical state is soft, with price below the 50-day and 200-day averages. MACD remains on the bearish side.",No recent matched news was found for this ticker/date.,Relative strength versus the benchmark looked weak. 1-month excess return -3.98%; 3-month excess return 5.96%; 6-month excess return -8.68%.,"Model view: the setup leaned cautious. Confidence was around 72%. Technical state is soft, with price below the 50-day and 200-day averages. MACD remains on the bearish side. No recent matched news was found for this ticker/date. Relative strength versus the benchmark looked weak. 1-month excess return -3.98%; 3-month excess return 5.96%; 6-month excess return -8.68%."
2022-03-02,T,0,0.0,0.7577413985984444,hit,random_forest,target_5d_updown,"Technical state is soft, with price below the 50-day and 200-day averages. MACD remains on the bullish side.",No recent matched news was found for this ticker/date.,Relative strength versus the benchmark looked weak. 1-month excess return -3.91%; 3-month excess return 8.26%; 6-month excess return -10.13%.,"Model view: the setup leaned cautious. Confidence was around 76%. Technical state is soft, with price below the 50-day and 200-day averages. MACD remains on the bullish side. No recent matched news was found for this ticker/date. Relative strength versus the benchmark looked weak. 1-month excess return -3.91%; 3-month excess return 8.26%; 6-month excess return -10.13%."
2022-03-03,T,0,0.0,0.7401425122795705,hit,random_forest,target_5d_updown,"Technical state is soft, with price below the 50-day and 200-day averages. MACD remains on the bullish side.",No recent matched news was found for this ticker/date.,Relative strength versus the benchmark looked mixed. 1-month excess return 1.71%; 3-month excess return 10.85%; 6-month excess return -8.47%.,"Model view: the setup leaned cautious. Confidence was around 74%. Technical state is soft, with price below the 50-day and 200-day averages. MACD remains on the bullish side. No recent matched news was found for this ticker/date. Relative strength versus the benchmark looked mixed. 1-month excess return 1.71%; 3-month excess return 10.85%; 6-month excess return -8.47%."
2022-03-04,T,0,0.0,0.7481645330080542,hit,random_forest,target_5d_updown,"Technical state is soft, with price below the 50-day and 200-day averages. MACD remains on the bullish side.",No recent matched news was found for this ticker/date.,Relative strength versus the benchmark looked mixed. 1-month excess return 2.75%; 3-month excess return 9.08%; 6-month excess return -8.99%.,"Model view: the setup leaned cautious. Confidence was around 75%. Technical state is soft, with price below the 50-day and 200-day averages. MACD remains on the bullish side. No recent matched news was found for this ticker/date. Relative strength versus the benchmark looked mixed. 1-month excess return 2.75%; 3-month excess return 9.08%; 6-month excess return -8.99%."
2022-03-07,T,0,0.0,0.6930664377005781,hit,random_forest,target_5d_updown,"Technical state is soft, with price below the 50-day and 200-day averages. MACD remains on the bullish side.",No recent matched news was found for this ticker/date.,Relative strength versus the benchmark looked mixed. 1-month excess return 2.05%; 3-month excess return 7.96%; 6-month excess return -7.05%.,"Model view: the setup leaned cautious. Confidence was around 69%. Technical state is soft, with price below the 50-day and 200-day averages. MACD remains on the bullish side. No recent matched news was found for this ticker/date. Relative strength versus the benchmark looked mixed. 1-month excess return 2.05%; 3-month excess return 7.96%; 6-month excess return -7.05%."
2022-03-08,T,1,0.0,0.6190944201037019,miss,random_forest,target_5d_updown,"Technical state is soft, with price below the 50-day and 200-day averages. RSI is weak near 36.0. MACD remains on the bullish side.",No recent matched news was found for this ticker/date.,Relative strength versus the benchmark looked mixed. 1-month excess return 2.74%; 3-month excess return 8.07%; 6-month excess return -8.33%.,"Model view: the setup leaned cautious. Confidence was around 62%. Technical state is soft, with price below the 50-day and 200-day averages. RSI is weak near 36.0. MACD remains on the bullish side. No recent matched news was found for this ticker/date. Relative strength versus the benchmark looked mixed. 1-month excess return 2.74%; 3-month excess return 8.07%; 6-month excess return -8.33%."
2022-03-09,T,0,0.0,0.6820202270795843,hit,random_forest,target_5d_updown,"Technical state is soft, with price below the 50-day and 200-day averages. MACD remains on the bearish side.",No recent matched news was found for this ticker/date.,Relative strength versus the benchmark looked mixed. 1-month excess return 1.64%; 3-month excess return 9.51%; 6-month excess return -10.48%.,"Model view: the setup leaned cautious. Confidence was around 68%. Technical state is soft, with price below the 50-day and 200-day averages. MACD remains on the bearish side. No recent matched news was found for this ticker/date. Relative strength versus the benchmark looked mixed. 1-month excess return 1.64%; 3-month excess return 9.51%; 6-month excess return -10.48%."
2022-03-10,T,0,0.0,0.6731335591195647,hit,random_forest,target_5d_updown,"Technical state is soft, with price below the 50-day and 200-day averages. RSI is weak near 39.4. MACD remains on the bearish side.",No recent matched news was found for this ticker/date.,Relative strength versus the benchmark looked mixed. 1-month excess return 2.50%; 3-month excess return 9.48%; 6-month excess return -10.19%.,"Model view: the setup leaned cautious. Confidence was around 67%. Technical state is soft, with price below the 50-day and 200-day averages. RSI is weak near 39.4. MACD remains on the bearish side. No recent matched news was found for this ticker/date. Relative strength versus the benchmark looked mixed. 1-month excess return 2.50%; 3-month excess return 9.48%; 6-month excess return -10.19%."
2022-03-11,T,1,0.0,0.6255934873256253,miss,random_forest,target_5d_updown,"Technical state is soft, with price below the 50-day and 200-day averages. RSI is weak near 39.4. MACD remains on the bearish side.",No recent matched news was found for this ticker/date.,Relative strength versus the benchmark looked mixed. 1-month excess return 2.83%; 3-month excess return 11.03%; 6-month excess return -8.96%.,"Model view: the setup leaned cautious. Confidence was around 63%. Technical state is soft, with price below the 50-day and 200-day averages. RSI is weak near 39.4. MACD remains on the bearish side. No recent matched news was found for this ticker/date. Relative strength versus the benchmark looked mixed. 1-month excess return 2.83%; 3-month excess return 11.03%; 6-month excess return -8.96%."
2022-03-14,T,1,0.0,0.5140293895370992,miss,random_forest,target_5d_updown,"Technical state is soft, with price below the 50-day and 200-day averages. RSI is weak near 36.1. MACD remains on the bearish side.",No recent matched news was found for this ticker/date.,Relative strength versus the benchmark looked mixed. 1-month excess return 1.61%; 3-month excess return 11.66%; 6-month excess return -10.20%.,"Model view: the setup leaned cautious. Confidence was around 51%. Technical state is soft, with price below the 50-day and 200-day averages. RSI is weak near 36.1. MACD remains on the bearish side. No recent matched news was found for this ticker/date. Relative strength versus the benchmark looked mixed. 1-month excess return 1.61%; 3-month excess return 11.66%; 6-month excess return -10.20%."
2022-03-15,T,1,0.0,0.6255062036282647,miss,random_forest,target_5d_updown,"Technical state is soft, with price below the 50-day and 200-day averages. RSI is weak near 39.7. MACD remains on the bearish side.",No recent matched news was found for this ticker/date.,Relative strength versus the benchmark looked weak. 1-month excess return -1.05%; 3-month excess return 11.58%; 6-month excess return -11.43%.,"Model view: the setup leaned cautious. Confidence was around 63%. Technical state is soft, with price below the 50-day and 200-day averages. RSI is weak near 39.7. MACD remains on the bearish side. No recent matched news was found for this ticker/date. Relative strength versus the benchmark looked weak. 1-month excess return -1.05%; 3-month excess return 11.58%; 6-month excess return -11.43%."
2022-03-16,T,1,0.0,0.5532543208715457,miss,random_forest,target_5d_updown,"Technical state is soft, with price below the 50-day and 200-day averages. MACD remains on the bullish side.",No recent matched news was found for this ticker/date.,Relative strength versus the benchmark looked weak. 1-month excess return -2.81%; 3-month excess return 10.04%; 6-month excess return -13.14%.,"Model view: the setup leaned cautious. Confidence was around 55%. Technical state is soft, with price below the 50-day and 200-day averages. MACD remains on the bullish side. No recent matched news was found for this ticker/date. Relative strength versus the benchmark looked weak. 1-month excess return -2.81%; 3-month excess return 10.04%; 6-month excess return -13.14%."
2022-03-17,T,1,0.0,0.5404494108806179,miss,random_forest,target_5d_updown,"Technical state is soft, with price below the 50-day and 200-day averages. MACD remains on the bullish side.",No recent matched news was found for this ticker/date.,Relative strength versus the benchmark looked weak. 1-month excess return -3.58%; 3-month excess return 10.92%; 6-month excess return -14.59%.,"Model view: the setup leaned cautious. Confidence was around 54%. Technical state is soft, with price below the 50-day and 200-day averages. MACD remains on the bullish side. No recent matched news was found for this ticker/date. Relative strength versus the benchmark looked weak. 1-month excess return -3.58%; 3-month excess return 10.92%; 6-month excess return -14.59%."
2022-03-18,T,1,1.0,0.5088459534420466,hit,random_forest,target_5d_updown,"Technical state is soft, with price below the 50-day and 200-day averages. MACD remains on the bullish side.",No recent matched news was found for this ticker/date.,Relative strength versus the benchmark looked weak. 1-month excess return -2.84%; 3-month excess return 2.35%; 6-month excess return -16.35%.,"Model view: the setup leaned constructive. Confidence was around 51%. Technical state is soft, with price below the 50-day and 200-day averages. MACD remains on the bullish side. No recent matched news was found for this ticker/date. Relative strength versus the benchmark looked weak. 1-month excess return -2.84%; 3-month excess return 2.35%; 6-month excess return -16.35%."
2022-03-21,T,1,1.0,0.5342247766290854,hit,random_forest,target_5d_updown,"Technical state is soft, with price below the 50-day and 200-day averages. MACD remains on the bullish side.",No recent matched news was found for this ticker/date.,Relative strength versus the benchmark looked weak. 1-month excess return -4.53%; 3-month excess return 0.80%; 6-month excess return -17.25%.,"Model view: the setup leaned constructive. Confidence was around 53%. Technical state is soft, with price below the 50-day and 200-day averages. MACD remains on the bullish side. No recent matched news was found for this ticker/date. Relative strength versus the benchmark looked weak. 1-month excess return -4.53%; 3-month excess return 0.80%; 6-month excess return -17.25%."
2022-03-22,T,1,0.0,0.5120887303844756,miss,random_forest,target_5d_updown,"Technical state is soft, with price below the 50-day and 200-day averages. MACD remains on the bullish side.",No recent matched news was found for this ticker/date.,Relative strength versus the benchmark looked weak. 1-month excess return -6.62%; 3-month excess return -2.83%; 6-month excess return -17.57%.,"Model view: the setup leaned cautious. Confidence was around 51%. Technical state is soft, with price below the 50-day and 200-day averages. MACD remains on the bullish side. No recent matched news was found for this ticker/date. Relative strength versus the benchmark looked weak. 1-month excess return -6.62%; 3-month excess return -2.83%; 6-month excess return -17.57%."
2022-03-23,T,1,1.0,0.5702395649330466,hit,random_forest,target_5d_updown,"Technical state is soft, with price below the 50-day and 200-day averages. MACD remains on the bullish side.",No recent matched news was found for this ticker/date.,Relative strength versus the benchmark looked weak. 1-month excess return -5.92%; 3-month excess return -1.31%; 6-month excess return -15.41%.,"Model view: the setup leaned constructive. Confidence was around 57%. Technical state is soft, with price below the 50-day and 200-day averages. MACD remains on the bullish side. No recent matched news was found for this ticker/date. Relative strength versus the benchmark looked weak. 1-month excess return -5.92%; 3-month excess return -1.31%; 6-month excess return -15.41%."
2022-03-24,T,1,1.0,0.5279422502927955,hit,random_forest,target_5d_updown,"Technical state is soft, with price below the 50-day and 200-day averages. MACD remains on the bullish side.",No recent matched news was found for this ticker/date.,Relative strength versus the benchmark looked weak. 1-month excess return -7.52%; 3-month excess return -2.14%; 6-month excess return -15.48%.,"Model view: the setup leaned constructive. Confidence was around 53%. Technical state is soft, with price below the 50-day and 200-day averages. MACD remains on the bullish side. No recent matched news was found for this ticker/date. Relative strength versus the benchmark looked weak. 1-month excess return -7.52%; 3-month excess return -2.14%; 6-month excess return -15.48%."
2022-03-25,T,1,1.0,0.5764908161871967,hit,random_forest,target_5d_updown,"Technical state is soft, with price below the 50-day and 200-day averages. RSI is in a steady zone near 55.3. MACD remains on the bullish side.",No recent matched news was found for this ticker/date.,Relative strength versus the benchmark looked weak. 1-month excess return -3.05%; 3-month excess return -0.32%; 6-month excess return -13.75%.,"Model view: the setup leaned constructive. Confidence was around 58%. Technical state is soft, with price below the 50-day and 200-day averages. RSI is in a steady zone near 55.3. MACD remains on the bullish side. No recent matched news was found for this ticker/date. Relative strength versus the benchmark looked weak. 1-month excess return -3.05%; 3-month excess return -0.32%; 6-month excess return -13.75%."
2022-03-28,T,1,1.0,0.5653020953220053,hit,random_forest,target_5d_updown,"Technical state is soft, with price below the 50-day and 200-day averages. RSI is in a steady zone near 55.9. MACD remains on the bullish side.",No recent matched news was found for this ticker/date.,Relative strength versus the benchmark looked weak. 1-month excess return -4.30%; 3-month excess return 0.84%; 6-month excess return -15.50%.,"Model view: the setup leaned constructive. Confidence was around 57%. Technical state is soft, with price below the 50-day and 200-day averages. RSI is in a steady zone near 55.9. MACD remains on the bullish side. No recent matched news was found for this ticker/date. Relative strength versus the benchmark looked weak. 1-month excess return -4.30%; 3-month excess return 0.84%; 6-month excess return -15.50%."
2022-03-29,T,0,1.0,0.5429853979375024,miss,random_forest,target_5d_updown,"Technical state is soft, with price below the 50-day and 200-day averages. RSI is in a steady zone near 58.0. MACD remains on the bullish side.",No recent matched news was found for this ticker/date.,Relative strength versus the benchmark looked weak. 1-month excess return -4.45%; 3-month excess return -0.11%; 6-month excess return -17.97%.,"Model view: the setup leaned constructive. Confidence was around 54%. Technical state is soft, with price below the 50-day and 200-day averages. RSI is in a steady zone near 58.0. MACD remains on the bullish side. No recent matched news was found for this ticker/date. Relative strength versus the benchmark looked weak. 1-month excess return -4.45%; 3-month excess return -0.11%; 6-month excess return -17.97%."
2022-03-30,T,0,1.0,0.5014885651963013,miss,random_forest,target_5d_updown,"Technical state is mixed, with price not fully aligned across the major moving averages. RSI is in a steady zone near 60.5. MACD remains on the bullish side.",No recent matched news was found for this ticker/date.,Relative strength versus the benchmark looked weak. 1-month excess return -4.06%; 3-month excess return 1.93%; 6-month excess return -17.45%.,"Model view: the setup leaned constructive. Confidence was around 50%. Technical state is mixed, with price not fully aligned across the major moving averages. RSI is in a steady zone near 60.5. MACD remains on the bullish side. No recent matched news was found for this ticker/date. Relative strength versus the benchmark looked weak. 1-month excess return -4.06%; 3-month excess return 1.93%; 6-month excess return -17.45%."
2022-03-31,T,1,1.0,0.5922886440010242,hit,random_forest,target_5d_updown,"Technical state is soft, with price below the 50-day and 200-day averages. MACD remains on the bullish side.",No recent matched news was found for this ticker/date.,Relative strength versus the benchmark looked weak. 1-month excess return -3.92%; 3-month excess return 0.52%; 6-month excess return -17.78%.,"Model view: the setup leaned constructive. Confidence was around 59%. Technical state is soft, with price below the 50-day and 200-day averages. MACD remains on the bullish side. No recent matched news was found for this ticker/date. Relative strength versus the benchmark looked weak. 1-month excess return -3.92%; 3-month excess return 0.52%; 6-month excess return -17.78%."
2022-04-01,T,1,1.0,0.5158806753383542,hit,random_forest,target_5d_updown,"Technical state is mixed, with price not fully aligned across the major moving averages. RSI is in a steady zone near 55.5. MACD remains on the bullish side.",No recent matched news was found for this ticker/date.,Relative strength versus the benchmark looked weak. 1-month excess return -3.64%; 3-month excess return 2.12%; 6-month excess return -16.02%.,"Model view: the setup leaned constructive. Confidence was around 52%. Technical state is mixed, with price not fully aligned across the major moving averages. RSI is in a steady zone near 55.5. MACD remains on the bullish side. No recent matched news was found for this ticker/date. Relative strength versus the benchmark looked weak. 1-month excess return -3.64%; 3-month excess return 2.12%; 6-month excess return -16.02%."
2022-04-04,T,1,1.0,0.57170741083559,hit,random_forest,target_5d_updown,"Technical state is mixed, with price not fully aligned across the major moving averages. RSI is in a steady zone near 58.5. MACD remains on the bullish side.",No recent matched news was found for this ticker/date.,Relative strength versus the benchmark looked weak. 1-month excess return -4.37%; 3-month excess return -0.50%; 6-month excess return -17.77%.,"Model view: the setup leaned constructive. Confidence was around 57%. Technical state is mixed, with price not fully aligned across the major moving averages. RSI is in a steady zone near 58.5. MACD remains on the bullish side. No recent matched news was found for this ticker/date. Relative strength versus the benchmark looked weak. 1-month excess return -4.37%; 3-month excess return -0.50%; 6-month excess return -17.77%."
2022-04-05,T,1,1.0,0.5791288855924157,hit,random_forest,target_5d_updown,"Technical state is mixed, with price not fully aligned across the major moving averages. RSI is in a steady zone near 52.9. MACD remains on the bullish side.",No recent matched news was found for this ticker/date.,Relative strength versus the benchmark looked weak. 1-month excess return -6.18%; 3-month excess return -1.27%; 6-month excess return -16.83%.,"Model view: the setup leaned constructive. Confidence was around 58%. Technical state is mixed, with price not fully aligned across the major moving averages. RSI is in a steady zone near 52.9. MACD remains on the bullish side. No recent matched news was found for this ticker/date. Relative strength versus the benchmark looked weak. 1-month excess return -6.18%; 3-month excess return -1.27%; 6-month excess return -16.83%."
2022-04-06,T,1,1.0,0.6032736004859902,hit,random_forest,target_5d_updown,"Technical state is mixed, with price not fully aligned across the major moving averages. RSI is in a steady zone near 55.2. MACD remains on the bullish side.",No recent matched news was found for this ticker/date.,Relative strength versus the benchmark looked weak. 1-month excess return -2.78%; 3-month excess return -3.63%; 6-month excess return -14.67%.,"Model view: the setup leaned constructive. Confidence was around 60%. Technical state is mixed, with price not fully aligned across the major moving averages. RSI is in a steady zone near 55.2. MACD remains on the bullish side. No recent matched news was found for this ticker/date. Relative strength versus the benchmark looked weak. 1-month excess return -2.78%; 3-month excess return -3.63%; 6-month excess return -14.67%."
2022-04-07,T,1,1.0,0.5880800317080818,hit,random_forest,target_5d_updown,"Technical state is soft, with price below the 50-day and 200-day averages. MACD remains on the bullish side.",No recent matched news was found for this ticker/date.,Relative strength versus the benchmark looked weak. 1-month excess return -2.98%; 3-month excess return -5.03%; 6-month excess return -14.70%.,"Model view: the setup leaned constructive. Confidence was around 59%. Technical state is soft, with price below the 50-day and 200-day averages. MACD remains on the bullish side. No recent matched news was found for this ticker/date. Relative strength versus the benchmark looked weak. 1-month excess return -2.98%; 3-month excess return -5.03%; 6-month excess return -14.70%."
2022-04-08,T,1,1.0,0.551547208243355,hit,random_forest,target_5d_updown,"Technical state is mixed, with price not fully aligned across the major moving averages. RSI is in a steady zone near 56.1. MACD remains on the bullish side.",No recent matched news was found for this ticker/date.,Relative strength versus the benchmark looked weak. 1-month excess return -1.11%; 3-month excess return -4.20%; 6-month excess return -12.07%.,"Model view: the setup leaned constructive. Confidence was around 55%. Technical state is mixed, with price not fully aligned across the major moving averages. RSI is in a steady zone near 56.1. MACD remains on the bullish side. No recent matched news was found for this ticker/date. Relative strength versus the benchmark looked weak. 1-month excess return -1.11%; 3-month excess return -4.20%; 6-month excess return -12.07%."
2022-04-11,T,0,1.0,0.6439103041926575,miss,random_forest,target_5d_updown,"Technical state is constructive, with price above the 50-day and 200-day averages. RSI is elevated near 72.8, so chasing strength may add risk. MACD remains on the bullish side. Volatility is elevated at roughly 30.6%.",No recent matched news was found for this ticker/date.,Relative strength versus the benchmark looked mixed. 1-month excess return 7.35%; 3-month excess return 3.74%; 6-month excess return -1.36%.,"Model view: the setup leaned constructive. Confidence was around 64%. Technical state is constructive, with price above the 50-day and 200-day averages. RSI is elevated near 72.8, so chasing strength may add risk. MACD remains on the bullish side. Volatility is elevated at roughly 30.6%. No recent matched news was found for this ticker/date. Relative strength versus the benchmark looked mixed. 1-month excess return 7.35%; 3-month excess return 3.74%; 6-month excess return -1.36%."
2022-04-12,T,0,1.0,0.6580533098356631,miss,random_forest,target_5d_updown,"Technical state is constructive, with price above the 50-day and 200-day averages. RSI is elevated near 71.3, so chasing strength may add risk. MACD remains on the bullish side. Volatility is elevated at roughly 30.8%.",No recent matched news was found for this ticker/date.,Relative strength versus the benchmark looked favorable. 1-month excess return 8.03%; 3-month excess return 5.00%; 6-month excess return 0.79%.,"Model view: the setup leaned constructive. Confidence was around 66%. Technical state is constructive, with price above the 50-day and 200-day averages. RSI is elevated near 71.3, so chasing strength may add risk. MACD remains on the bullish side. Volatility is elevated at roughly 30.8%. No recent matched news was found for this ticker/date. Relative strength versus the benchmark looked favorable. 1-month excess return 8.03%; 3-month excess return 5.00%; 6-month excess return 0.79%."
2022-04-13,T,1,1.0,0.6251180566802806,hit,random_forest,target_5d_updown,"Technical state is constructive, with price above the 50-day and 200-day averages. MACD remains on the bullish side. Volatility is elevated at roughly 31.2%.",No recent matched news was found for this ticker/date.,Relative strength versus the benchmark looked mixed. 1-month excess return 7.34%; 3-month excess return 3.12%; 6-month excess return -0.23%.,"Model view: the setup leaned constructive. Confidence was around 63%. Technical state is constructive, with price above the 50-day and 200-day averages. MACD remains on the bullish side. Volatility is elevated at roughly 31.2%. No recent matched news was found for this ticker/date. Relative strength versus the benchmark looked mixed. 1-month excess return 7.34%; 3-month excess return 3.12%; 6-month excess return -0.23%."
2022-04-14,T,0,1.0,0.6151768431328104,miss,random_forest,target_5d_updown,"Technical state is constructive, with price above the 50-day and 200-day averages. MACD remains on the bullish side. Volatility is elevated at roughly 31.1%.",No recent matched news was found for this ticker/date.,Relative strength versus the benchmark looked favorable. 1-month excess return 11.06%; 3-month excess return 2.29%; 6-month excess return 2.02%.,"Model view: the setup leaned constructive. Confidence was around 62%. Technical state is constructive, with price above the 50-day and 200-day averages. MACD remains on the bullish side. Volatility is elevated at roughly 31.1%. No recent matched news was found for this ticker/date. Relative strength versus the benchmark looked favorable. 1-month excess return 11.06%; 3-month excess return 2.29%; 6-month excess return 2.02%."
2022-04-18,T,1,1.0,0.6504175318645781,hit,random_forest,target_5d_updown,"Technical state is constructive, with price above the 50-day and 200-day averages. MACD remains on the bullish side. Volatility is elevated at roughly 31.2%.",No recent matched news was found for this ticker/date.,Relative strength versus the benchmark looked favorable. 1-month excess return 11.80%; 3-month excess return 0.56%; 6-month excess return 2.04%.,"Model view: the setup leaned constructive. Confidence was around 65%. Technical state is constructive, with price above the 50-day and 200-day averages. MACD remains on the bullish side. Volatility is elevated at roughly 31.2%. No recent matched news was found for this ticker/date. Relative strength versus the benchmark looked favorable. 1-month excess return 11.80%; 3-month excess return 0.56%; 6-month excess return 2.04%."
2022-04-19,T,0,1.0,0.6156964492085945,miss,random_forest,target_5d_updown,"Technical state is constructive, with price above the 50-day and 200-day averages. MACD remains on the bullish side. Volatility is elevated at roughly 31.1%.",No recent matched news was found for this ticker/date.,Relative strength versus the benchmark looked mixed. 1-month excess return 11.34%; 3-month excess return -2.96%; 6-month excess return 2.40%.,"Model view: the setup leaned constructive. Confidence was around 62%. Technical state is constructive, with price above the 50-day and 200-day averages. MACD remains on the bullish side. Volatility is elevated at roughly 31.1%. No recent matched news was found for this ticker/date. Relative strength versus the benchmark looked mixed. 1-month excess return 11.34%; 3-month excess return -2.96%; 6-month excess return 2.40%."
2022-04-20,T,0,1.0,0.5005542620216982,miss,random_forest,target_5d_updown,"Technical state is constructive, with price above the 50-day and 200-day averages. MACD remains on the bullish side. Volatility is elevated at roughly 31.3%.",No recent matched news was found for this ticker/date.,Relative strength versus the benchmark looked mixed. 1-month excess return 11.37%; 3-month excess return -4.11%; 6-month excess return 1.90%.,"Model view: the setup leaned constructive. Confidence was around 50%. Technical state is constructive, with price above the 50-day and 200-day averages. MACD remains on the bullish side. Volatility is elevated at roughly 31.3%. No recent matched news was found for this ticker/date. Relative strength versus the benchmark looked mixed. 1-month excess return 11.37%; 3-month excess return -4.11%; 6-month excess return 1.90%."
2022-04-21,T,0,1.0,0.5416834115941128,miss,random_forest,target_5d_updown,"Technical state is constructive, with price above the 50-day and 200-day averages. RSI is elevated near 74.4, so chasing strength may add risk. MACD remains on the bullish side. Volatility is elevated at roughly 33.5%.",No recent matched news was found for this ticker/date.,Relative strength versus the benchmark looked favorable. 1-month excess return 18.19%; 3-month excess return 1.00%; 6-month excess return 6.48%.,"Model view: the setup leaned constructive. Confidence was around 54%. Technical state is constructive, with price above the 50-day and 200-day averages. RSI is elevated near 74.4, so chasing strength may add risk. MACD remains on the bullish side. Volatility is elevated at roughly 33.5%. No recent matched news was found for this ticker/date. Relative strength versus the benchmark looked favorable. 1-month excess return 18.19%; 3-month excess return 1.00%; 6-month excess return 6.48%."
2022-04-22,T,0,0.0,0.5567947451604203,hit,random_forest,target_5d_updown,"Technical state is constructive, with price above the 50-day and 200-day averages. RSI is in a steady zone near 60.9. MACD remains on the bullish side. Volatility is elevated at roughly 36.6%.",No recent matched news was found for this ticker/date.,Relative strength versus the benchmark looked mixed. 1-month excess return 15.67%; 3-month excess return -0.14%; 6-month excess return 6.41%.,"Model view: the setup leaned cautious. Confidence was around 56%. Technical state is constructive, with price above the 50-day and 200-day averages. RSI is in a steady zone near 60.9. MACD remains on the bullish side. Volatility is elevated at roughly 36.6%. No recent matched news was found for this ticker/date. Relative strength versus the benchmark looked mixed. 1-month excess return 15.67%; 3-month excess return -0.14%; 6-month excess return 6.41%."
2022-04-25,T,0,0.0,0.573198258357931,hit,random_forest,target_5d_updown,"Technical state is constructive, with price above the 50-day and 200-day averages. RSI is in a steady zone near 60.7. MACD remains on the bullish side. Volatility is elevated at roughly 36.2%.",No recent matched news was found for this ticker/date.,Relative strength versus the benchmark looked favorable. 1-month excess return 15.60%; 3-month excess return 0.68%; 6-month excess return 6.81%.,"Model view: the setup leaned cautious. Confidence was around 57%. Technical state is constructive, with price above the 50-day and 200-day averages. RSI is in a steady zone near 60.7. MACD remains on the bullish side. Volatility is elevated at roughly 36.2%. No recent matched news was found for this ticker/date. Relative strength versus the benchmark looked favorable. 1-month excess return 15.60%; 3-month excess return 0.68%; 6-month excess return 6.81%."
2022-04-26,T,1,0.0,0.5940151683307738,miss,random_forest,target_5d_updown,"Technical state is constructive, with price above the 50-day and 200-day averages. RSI is in a steady zone near 57.0. MACD remains on the bullish side. Volatility is elevated at roughly 36.5%.",No recent matched news was found for this ticker/date.,Relative strength versus the benchmark looked favorable. 1-month excess return 15.26%; 3-month excess return 0.74%; 6-month excess return 8.31%.,"Model view: the setup leaned cautious. Confidence was around 59%. Technical state is constructive, with price above the 50-day and 200-day averages. RSI is in a steady zone near 57.0. MACD remains on the bullish side. Volatility is elevated at roughly 36.5%. No recent matched news was found for this ticker/date. Relative strength versus the benchmark looked favorable. 1-month excess return 15.26%; 3-month excess return 0.74%; 6-month excess return 8.31%."
2022-04-27,T,1,0.0,0.5934074137894388,miss,random_forest,target_5d_updown,"Technical state is mixed, with price not fully aligned across the major moving averages. RSI is in a steady zone near 53.3. MACD remains on the bearish side. Volatility is elevated at roughly 36.9%.",No recent matched news was found for this ticker/date.,Relative strength versus the benchmark looked favorable. 1-month excess return 14.24%; 3-month excess return 7.89%; 6-month excess return 8.02%.,"Model view: the setup leaned cautious. Confidence was around 59%. Technical state is mixed, with price not fully aligned across the major moving averages. RSI is in a steady zone near 53.3. MACD remains on the bearish side. Volatility is elevated at roughly 36.9%. No recent matched news was found for this ticker/date. Relative strength versus the benchmark looked favorable. 1-month excess return 14.24%; 3-month excess return 7.89%; 6-month excess return 8.02%."
2022-04-28,T,1,0.0,0.663275462678316,miss,random_forest,target_5d_updown,"Technical state is constructive, with price above the 50-day and 200-day averages. RSI is in a steady zone near 57.8. MACD remains on the bearish side. Volatility is elevated at roughly 37.3%.",No recent matched news was found for this ticker/date.,Relative strength versus the benchmark looked favorable. 1-month excess return 14.52%; 3-month excess return 7.46%; 6-month excess return 8.40%.,"Model view: the setup leaned cautious. Confidence was around 66%. Technical state is constructive, with price above the 50-day and 200-day averages. RSI is in a steady zone near 57.8. MACD remains on the bearish side. Volatility is elevated at roughly 37.3%. No recent matched news was found for this ticker/date. Relative strength versus the benchmark looked favorable. 1-month excess return 14.52%; 3-month excess return 7.46%; 6-month excess return 8.40%."
2022-04-29,T,1,0.0,0.6139150194541554,miss,random_forest,target_5d_updown,"Technical state is mixed, with price not fully aligned across the major moving averages. MACD remains on the bearish side. Volatility is elevated at roughly 38.1%.",No recent matched news was found for this ticker/date.,Relative strength versus the benchmark looked favorable. 1-month excess return 13.63%; 3-month excess return 5.83%; 6-month excess return 7.87%.,"Model view: the setup leaned cautious. Confidence was around 61%. Technical state is mixed, with price not fully aligned across the major moving averages. MACD remains on the bearish side. Volatility is elevated at roughly 38.1%. No recent matched news was found for this ticker/date. Relative strength versus the benchmark looked favorable. 1-month excess return 13.63%; 3-month excess return 5.83%; 6-month excess return 7.87%."
2022-05-02,T,1,0.0,0.6453980012034332,miss,random_forest,target_5d_updown,"Technical state is mixed, with price not fully aligned across the major moving averages. RSI is in a steady zone near 52.9. MACD remains on the bearish side. Volatility is elevated at roughly 38.1%.",No recent matched news was found for this ticker/date.,Relative strength versus the benchmark looked favorable. 1-month excess return 15.34%; 3-month excess return 7.16%; 6-month excess return 9.95%.,"Model view: the setup leaned cautious. Confidence was around 65%. Technical state is mixed, with price not fully aligned across the major moving averages. RSI is in a steady zone near 52.9. MACD remains on the bearish side. Volatility is elevated at roughly 38.1%. No recent matched news was found for this ticker/date. Relative strength versus the benchmark looked favorable. 1-month excess return 15.34%; 3-month excess return 7.16%; 6-month excess return 9.95%."
2022-05-03,T,1,0.0,0.6708915557010238,miss,random_forest,target_5d_updown,"Technical state is constructive, with price above the 50-day and 200-day averages. RSI is in a steady zone near 55.5. MACD remains on the bearish side. Volatility is elevated at roughly 38.1%.",No recent matched news was found for this ticker/date.,Relative strength versus the benchmark looked favorable. 1-month excess return 14.79%; 3-month excess return 12.89%; 6-month excess return 10.41%.,"Model view: the setup leaned cautious. Confidence was around 67%. Technical state is constructive, with price above the 50-day and 200-day averages. RSI is in a steady zone near 55.5. MACD remains on the bearish side. Volatility is elevated at roughly 38.1%. No recent matched news was found for this ticker/date. Relative strength versus the benchmark looked favorable. 1-month excess return 14.79%; 3-month excess return 12.89%; 6-month excess return 10.41%."
2022-05-04,T,0,0.0,0.6624728603240481,hit,random_forest,target_5d_updown,"Technical state is constructive, with price above the 50-day and 200-day averages. RSI is in a steady zone near 62.2. MACD remains on the bearish side. Volatility is elevated at roughly 39.0%.",No recent matched news was found for this ticker/date.,Relative strength versus the benchmark looked favorable. 1-month excess return 15.31%; 3-month excess return 13.83%; 6-month excess return 11.84%.,"Model view: the setup leaned cautious. Confidence was around 66%. Technical state is constructive, with price above the 50-day and 200-day averages. RSI is in a steady zone near 62.2. MACD remains on the bearish side. Volatility is elevated at roughly 39.0%. No recent matched news was found for this ticker/date. Relative strength versus the benchmark looked favorable. 1-month excess return 15.31%; 3-month excess return 13.83%; 6-month excess return 11.84%."
2022-05-05,T,0,0.0,0.6599566517939605,hit,random_forest,target_5d_updown,"Technical state is constructive, with price above the 50-day and 200-day averages. RSI is in a steady zone near 62.2. MACD remains on the bullish side. Volatility is elevated at roughly 39.1%.",No recent matched news was found for this ticker/date.,Relative strength versus the benchmark looked favorable. 1-month excess return 18.80%; 3-month excess return 14.88%; 6-month excess return 15.84%.,"Model view: the setup leaned cautious. Confidence was around 66%. Technical state is constructive, with price above the 50-day and 200-day averages. RSI is in a steady zone near 62.2. MACD remains on the bullish side. Volatility is elevated at roughly 39.1%. No recent matched news was found for this ticker/date. Relative strength versus the benchmark looked favorable. 1-month excess return 18.80%; 3-month excess return 14.88%; 6-month excess return 15.84%."
2022-05-06,T,0,0.0,0.7563477069291022,hit,random_forest,target_5d_updown,"Technical state is constructive, with price above the 50-day and 200-day averages. RSI is in a steady zone near 63.0. MACD remains on the bullish side. Volatility is elevated at roughly 38.5%.",No recent matched news was found for this ticker/date.,Relative strength versus the benchmark looked favorable. 1-month excess return 18.24%; 3-month excess return 18.48%; 6-month excess return 18.85%.,"Model view: the setup leaned cautious. Confidence was around 76%. Technical state is constructive, with price above the 50-day and 200-day averages. RSI is in a steady zone near 63.0. MACD remains on the bullish side. Volatility is elevated at roughly 38.5%. No recent matched news was found for this ticker/date. Relative strength versus the benchmark looked favorable. 1-month excess return 18.24%; 3-month excess return 18.48%; 6-month excess return 18.85%."
2022-05-09,T,1,0.0,0.7370687148351106,miss,random_forest,target_5d_updown,"Technical state is constructive, with price above the 50-day and 200-day averages. RSI is in a steady zone near 55.2. MACD remains on the bearish side. Volatility is elevated at roughly 39.6%.",No recent matched news was found for this ticker/date.,Relative strength versus the benchmark looked favorable. 1-month excess return 20.38%; 3-month excess return 19.17%; 6-month excess return 18.17%.,"Model view: the setup leaned cautious. Confidence was around 74%. Technical state is constructive, with price above the 50-day and 200-day averages. RSI is in a steady zone near 55.2. MACD remains on the bearish side. Volatility is elevated at roughly 39.6%. No recent matched news was found for this ticker/date. Relative strength versus the benchmark looked favorable. 1-month excess return 20.38%; 3-month excess return 19.17%; 6-month excess return 18.17%."
2022-05-10,T,1,0.0,0.787480601017201,miss,random_forest,target_5d_updown,"Technical state is constructive, with price above the 50-day and 200-day averages. RSI is in a steady zone near 52.4. MACD remains on the bearish side.",No recent matched news was found for this ticker/date.,Relative strength versus the benchmark looked favorable. 1-month excess return 17.04%; 3-month excess return 18.57%; 6-month excess return 17.96%.,"Model view: the setup leaned cautious. Confidence was around 79%. Technical state is constructive, with price above the 50-day and 200-day averages. RSI is in a steady zone near 52.4. MACD remains on the bearish side. No recent matched news was found for this ticker/date. Relative strength versus the benchmark looked favorable. 1-month excess return 17.04%; 3-month excess return 18.57%; 6-month excess return 17.96%."
2022-05-11,T,1,0.0,0.7824210635265403,miss,random_forest,target_5d_updown,"Technical state is constructive, with price above the 50-day and 200-day averages. RSI is in a steady zone near 53.3. MACD remains on the bearish side.",No recent matched news was found for this ticker/date.,Relative strength versus the benchmark looked favorable. 1-month excess return 9.73%; 3-month excess return 19.18%; 6-month excess return 20.12%.,"Model view: the setup leaned cautious. Confidence was around 78%. Technical state is constructive, with price above the 50-day and 200-day averages. RSI is in a steady zone near 53.3. MACD remains on the bearish side. No recent matched news was found for this ticker/date. Relative strength versus the benchmark looked favorable. 1-month excess return 9.73%; 3-month excess return 19.18%; 6-month excess return 20.12%."
2022-05-12,T,1,0.0,0.8143813723333864,miss,random_forest,target_5d_updown,"Technical state is constructive, with price above the 50-day and 200-day averages. RSI is in a steady zone near 57.1. MACD remains on the bearish side.",No recent matched news was found for this ticker/date.,Relative strength versus the benchmark looked favorable. 1-month excess return 11.31%; 3-month excess return 20.38%; 6-month excess return 20.04%.,"Model view: the setup leaned cautious. Confidence was around 81%. Technical state is constructive, with price above the 50-day and 200-day averages. RSI is in a steady zone near 57.1. MACD remains on the bearish side. No recent matched news was found for this ticker/date. Relative strength versus the benchmark looked favorable. 1-month excess return 11.31%; 3-month excess return 20.38%; 6-month excess return 20.04%."
2022-05-13,T,1,0.0,0.7849836040419577,miss,random_forest,target_5d_updown,"Technical state is constructive, with price above the 50-day and 200-day averages. RSI is in a steady zone near 58.6. MACD remains on the bearish side.",No recent matched news was found for this ticker/date.,Relative strength versus the benchmark looked favorable. 1-month excess return 11.56%; 3-month excess return 17.70%; 6-month excess return 18.83%.,"Model view: the setup leaned cautious. Confidence was around 78%. Technical state is constructive, with price above the 50-day and 200-day averages. RSI is in a steady zone near 58.6. MACD remains on the bearish side. No recent matched news was found for this ticker/date. Relative strength versus the benchmark looked favorable. 1-month excess return 11.56%; 3-month excess return 17.70%; 6-month excess return 18.83%."
2022-05-16,T,1,0.0,0.8506422005275996,miss,random_forest,target_5d_updown,"Technical state is constructive, with price above the 50-day and 200-day averages. RSI is in a steady zone near 63.5. MACD remains on the bullish side. Volatility is elevated at roughly 30.3%.",No recent matched news was found for this ticker/date.,Relative strength versus the benchmark looked favorable. 1-month excess return 12.40%; 3-month excess return 20.51%; 6-month excess return 22.03%.,"Model view: the setup leaned cautious. Confidence was around 85%. Technical state is constructive, with price above the 50-day and 200-day averages. RSI is in a steady zone near 63.5. MACD remains on the bullish side. Volatility is elevated at roughly 30.3%. No recent matched news was found for this ticker/date. Relative strength versus the benchmark looked favorable. 1-month excess return 12.40%; 3-month excess return 20.51%; 6-month excess return 22.03%."
2022-05-17,T,1,0.0,0.8339182553913127,miss,random_forest,target_5d_updown,"Technical state is constructive, with price above the 50-day and 200-day averages. MACD remains on the bullish side. Volatility is elevated at roughly 30.6%.",No recent matched news was found for this ticker/date.,Relative strength versus the benchmark looked favorable. 1-month excess return 12.51%; 3-month excess return 20.40%; 6-month excess return 22.51%.,"Model view: the setup leaned cautious. Confidence was around 83%. Technical state is constructive, with price above the 50-day and 200-day averages. MACD remains on the bullish side. Volatility is elevated at roughly 30.6%. No recent matched news was found for this ticker/date. Relative strength versus the benchmark looked favorable. 1-month excess return 12.51%; 3-month excess return 20.40%; 6-month excess return 22.51%."
2022-05-18,T,1,0.0,0.8090804251809166,miss,random_forest,target_5d_updown,"Technical state is constructive, with price above the 50-day and 200-day averages. RSI is in a steady zone near 60.4. MACD remains on the bullish side. Volatility is elevated at roughly 31.3%.",No recent matched news was found for this ticker/date.,Relative strength versus the benchmark looked favorable. 1-month excess return 15.70%; 3-month excess return 24.12%; 6-month excess return 25.09%.,"Model view: the setup leaned cautious. Confidence was around 81%. Technical state is constructive, with price above the 50-day and 200-day averages. RSI is in a steady zone near 60.4. MACD remains on the bullish side. Volatility is elevated at roughly 31.3%. No recent matched news was found for this ticker/date. Relative strength versus the benchmark looked favorable. 1-month excess return 15.70%; 3-month excess return 24.12%; 6-month excess return 25.09%."
2022-05-19,T,1,0.0,0.8628856226223037,miss,random_forest,target_5d_updown,"Technical state is constructive, with price above the 50-day and 200-day averages. RSI is in a steady zone near 60.1. MACD remains on the bullish side.",No recent matched news was found for this ticker/date.,Relative strength versus the benchmark looked favorable. 1-month excess return 16.44%; 3-month excess return 23.55%; 6-month excess return 25.34%.,"Model view: the setup leaned cautious. Confidence was around 86%. Technical state is constructive, with price above the 50-day and 200-day averages. RSI is in a steady zone near 60.1. MACD remains on the bullish side. No recent matched news was found for this ticker/date. Relative strength versus the benchmark looked favorable. 1-month excess return 16.44%; 3-month excess return 23.55%; 6-month excess return 25.34%."
2022-05-20,T,1,0.0,0.8817301584808316,miss,random_forest,target_5d_updown,"Technical state is constructive, with price above the 50-day and 200-day averages. RSI is in a steady zone near 62.2. MACD remains on the bullish side.",No recent matched news was found for this ticker/date.,Relative strength versus the benchmark looked favorable. 1-month excess return 12.02%; 3-month excess return 23.49%; 6-month excess return 27.84%.,"Model view: the setup leaned cautious. Confidence was around 88%. Technical state is constructive, with price above the 50-day and 200-day averages. RSI is in a steady zone near 62.2. MACD remains on the bullish side. No recent matched news was found for this ticker/date. Relative strength versus the benchmark looked favorable. 1-month excess return 12.02%; 3-month excess return 23.49%; 6-month excess return 27.84%."
2022-05-23,T,1,0.0,0.8693490596351099,miss,random_forest,target_5d_updown,"Technical state is constructive, with price above the 50-day and 200-day averages. MACD remains on the bullish side.",No recent matched news was found for this ticker/date.,Relative strength versus the benchmark looked favorable. 1-month excess return 13.11%; 3-month excess return 23.24%; 6-month excess return 29.17%.,"Model view: the setup leaned cautious. Confidence was around 87%. Technical state is constructive, with price above the 50-day and 200-day averages. MACD remains on the bullish side. No recent matched news was found for this ticker/date. Relative strength versus the benchmark looked favorable. 1-month excess return 13.11%; 3-month excess return 23.24%; 6-month excess return 29.17%."
2022-05-24,T,1,0.0,0.8495346779171191,miss,random_forest,target_5d_updown,"Technical state is constructive, with price above the 50-day and 200-day averages. MACD remains on the bullish side.",No recent matched news was found for this ticker/date.,Relative strength versus the benchmark looked favorable. 1-month excess return 16.49%; 3-month excess return 25.77%; 6-month excess return 29.18%.,"Model view: the setup leaned cautious. Confidence was around 85%. Technical state is constructive, with price above the 50-day and 200-day averages. MACD remains on the bullish side. No recent matched news was found for this ticker/date. Relative strength versus the benchmark looked favorable. 1-month excess return 16.49%; 3-month excess return 25.77%; 6-month excess return 29.18%."
2022-05-25,T,0,0.0,0.7883157949782159,hit,random_forest,target_5d_updown,"Technical state is constructive, with price above the 50-day and 200-day averages. RSI is elevated near 70.9, so chasing strength may add risk. MACD remains on the bullish side.",No recent matched news was found for this ticker/date.,Relative strength versus the benchmark looked favorable. 1-month excess return 14.90%; 3-month excess return 28.66%; 6-month excess return 29.06%.,"Model view: the setup leaned cautious. Confidence was around 79%. Technical state is constructive, with price above the 50-day and 200-day averages. RSI is elevated near 70.9, so chasing strength may add risk. MACD remains on the bullish side. No recent matched news was found for this ticker/date. Relative strength versus the benchmark looked favorable. 1-month excess return 14.90%; 3-month excess return 28.66%; 6-month excess return 29.06%."
2022-05-26,T,0,0.0,0.7895955238319408,hit,random_forest,target_5d_updown,"Technical state is constructive, with price above the 50-day and 200-day averages. RSI is elevated near 71.1, so chasing strength may add risk. MACD remains on the bullish side.",No recent matched news was found for this ticker/date.,Relative strength versus the benchmark looked favorable. 1-month excess return 14.68%; 3-month excess return 25.49%; 6-month excess return 29.04%.,"Model view: the setup leaned cautious. Confidence was around 79%. Technical state is constructive, with price above the 50-day and 200-day averages. RSI is elevated near 71.1, so chasing strength may add risk. MACD remains on the bullish side. No recent matched news was found for this ticker/date. Relative strength versus the benchmark looked favorable. 1-month excess return 14.68%; 3-month excess return 25.49%; 6-month excess return 29.04%."
2022-05-27,T,0,0.0,0.7347983228806847,hit,random_forest,target_5d_updown,"Technical state is constructive, with price above the 50-day and 200-day averages. RSI is elevated near 70.4, so chasing strength may add risk. MACD remains on the bullish side.",No recent matched news was found for this ticker/date.,Relative strength versus the benchmark looked favorable. 1-month excess return 12.51%; 3-month excess return 23.86%; 6-month excess return 25.94%.,"Model view: the setup leaned cautious. Confidence was around 73%. Technical state is constructive, with price above the 50-day and 200-day averages. RSI is elevated near 70.4, so chasing strength may add risk. MACD remains on the bullish side. No recent matched news was found for this ticker/date. Relative strength versus the benchmark looked favorable. 1-month excess return 12.51%; 3-month excess return 23.86%; 6-month excess return 25.94%."
2022-05-31,T,0,0.0,0.7925998329961362,hit,random_forest,target_5d_updown,"Technical state is constructive, with price above the 50-day and 200-day averages. RSI is elevated near 70.4, so chasing strength may add risk. MACD remains on the bullish side.",No recent matched news was found for this ticker/date.,Relative strength versus the benchmark looked favorable. 1-month excess return 12.63%; 3-month excess return 23.76%; 6-month excess return 29.12%.,"Model view: the setup leaned cautious. Confidence was around 79%. Technical state is constructive, with price above the 50-day and 200-day averages. RSI is elevated near 70.4, so chasing strength may add risk. MACD remains on the bullish side. No recent matched news was found for this ticker/date. Relative strength versus the benchmark looked favorable. 1-month excess return 12.63%; 3-month excess return 23.76%; 6-month excess return 29.12%."
2022-06-01,T,0,0.0,0.7788652413061509,hit,random_forest,target_5d_updown,"Technical state is constructive, with price above the 50-day and 200-day averages. MACD remains on the bullish side.",No recent matched news was found for this ticker/date.,Relative strength versus the benchmark looked favorable. 1-month excess return 12.19%; 3-month excess return 24.43%; 6-month excess return 33.22%.,"Model view: the setup leaned cautious. Confidence was around 78%. Technical state is constructive, with price above the 50-day and 200-day averages. MACD remains on the bullish side. No recent matched news was found for this ticker/date. Relative strength versus the benchmark looked favorable. 1-month excess return 12.19%; 3-month excess return 24.43%; 6-month excess return 33.22%."
2022-06-02,T,0,0.0,0.7514857511641292,hit,random_forest,target_5d_updown,"Technical state is constructive, with price above the 50-day and 200-day averages. MACD remains on the bullish side.",No recent matched news was found for this ticker/date.,Relative strength versus the benchmark looked favorable. 1-month excess return 9.38%; 3-month excess return 21.56%; 6-month excess return 33.59%.,"Model view: the setup leaned cautious. Confidence was around 75%. Technical state is constructive, with price above the 50-day and 200-day averages. MACD remains on the bullish side. No recent matched news was found for this ticker/date. Relative strength versus the benchmark looked favorable. 1-month excess return 9.38%; 3-month excess return 21.56%; 6-month excess return 33.59%."
2022-06-03,T,0,0.0,0.7258506974913483,hit,random_forest,target_5d_updown,"Technical state is constructive, with price above the 50-day and 200-day averages. RSI is in a steady zone near 60.6. MACD remains on the bullish side.",No recent matched news was found for this ticker/date.,Relative strength versus the benchmark looked favorable. 1-month excess return 9.05%; 3-month excess return 20.93%; 6-month excess return 30.30%.,"Model view: the setup leaned cautious. Confidence was around 73%. Technical state is constructive, with price above the 50-day and 200-day averages. RSI is in a steady zone near 60.6. MACD remains on the bullish side. No recent matched news was found for this ticker/date. Relative strength versus the benchmark looked favorable. 1-month excess return 9.05%; 3-month excess return 20.93%; 6-month excess return 30.30%."
2022-06-06,T,0,0.0,0.7403594631308816,hit,random_forest,target_5d_updown,"Technical state is constructive, with price above the 50-day and 200-day averages. RSI is in a steady zone near 61.2. MACD remains on the bearish side.",No recent matched news was found for this ticker/date.,Relative strength versus the benchmark looked favorable. 1-month excess return 5.49%; 3-month excess return 19.48%; 6-month excess return 27.38%.,"Model view: the setup leaned cautious. Confidence was around 74%. Technical state is constructive, with price above the 50-day and 200-day averages. RSI is in a steady zone near 61.2. MACD remains on the bearish side. No recent matched news was found for this ticker/date. Relative strength versus the benchmark looked favorable. 1-month excess return 5.49%; 3-month excess return 19.48%; 6-month excess return 27.38%."
2022-06-07,T,0,0.0,0.7442073940934618,hit,random_forest,target_5d_updown,"Technical state is constructive, with price above the 50-day and 200-day averages. RSI is in a steady zone near 64.2. MACD remains on the bearish side.",No recent matched news was found for this ticker/date.,Relative strength versus the benchmark looked favorable. 1-month excess return 4.47%; 3-month excess return 21.83%; 6-month excess return 29.63%.,"Model view: the setup leaned cautious. Confidence was around 74%. Technical state is constructive, with price above the 50-day and 200-day averages. RSI is in a steady zone near 64.2. MACD remains on the bearish side. No recent matched news was found for this ticker/date. Relative strength versus the benchmark looked favorable. 1-month excess return 4.47%; 3-month excess return 21.83%; 6-month excess return 29.63%."
2022-06-08,T,0,0.0,0.716706176052881,hit,random_forest,target_5d_updown,"Technical state is constructive, with price above the 50-day and 200-day averages. RSI is in a steady zone near 61.9. MACD remains on the bearish side.",No recent matched news was found for this ticker/date.,Relative strength versus the benchmark looked favorable. 1-month excess return 4.37%; 3-month excess return 23.62%; 6-month excess return 32.95%.,"Model view: the setup leaned cautious. Confidence was around 72%. Technical state is constructive, with price above the 50-day and 200-day averages. RSI is in a steady zone near 61.9. MACD remains on the bearish side. No recent matched news was found for this ticker/date. Relative strength versus the benchmark looked favorable. 1-month excess return 4.37%; 3-month excess return 23.62%; 6-month excess return 32.95%."
2022-06-09,T,0,0.0,0.7635899273078305,hit,random_forest,target_5d_updown,"Technical state is constructive, with price above the 50-day and 200-day averages. RSI is in a steady zone near 57.7. MACD remains on the bearish side.",No recent matched news was found for this ticker/date.,Relative strength versus the benchmark looked favorable. 1-month excess return 7.24%; 3-month excess return 24.85%; 6-month excess return 33.82%.,"Model view: the setup leaned cautious. Confidence was around 76%. Technical state is constructive, with price above the 50-day and 200-day averages. RSI is in a steady zone near 57.7. MACD remains on the bearish side. No recent matched news was found for this ticker/date. Relative strength versus the benchmark looked favorable. 1-month excess return 7.24%; 3-month excess return 24.85%; 6-month excess return 33.82%."
2022-06-10,T,0,0.0,0.7575380700503332,hit,random_forest,target_5d_updown,"Technical state is constructive, with price above the 50-day and 200-day averages. RSI is in a steady zone near 53.3. MACD remains on the bearish side.",No recent matched news was found for this ticker/date.,Relative strength versus the benchmark looked favorable. 1-month excess return 7.22%; 3-month excess return 25.35%; 6-month excess return 35.85%.,"Model view: the setup leaned cautious. Confidence was around 76%. Technical state is constructive, with price above the 50-day and 200-day averages. RSI is in a steady zone near 53.3. MACD remains on the bearish side. No recent matched news was found for this ticker/date. Relative strength versus the benchmark looked favorable. 1-month excess return 7.22%; 3-month excess return 25.35%; 6-month excess return 35.85%."
2022-06-13,T,1,0.0,0.6551098820860717,miss,random_forest,target_5d_updown,"Technical state is mixed, with price not fully aligned across the major moving averages. RSI is weak near 38.0. MACD remains on the bearish side.",No recent matched news was found for this ticker/date.,Relative strength versus the benchmark looked favorable. 1-month excess return 4.69%; 3-month excess return 24.44%; 6-month excess return 34.97%.,"Model view: the setup leaned cautious. Confidence was around 66%. Technical state is mixed, with price not fully aligned across the major moving averages. RSI is weak near 38.0. MACD remains on the bearish side. No recent matched news was found for this ticker/date. Relative strength versus the benchmark looked favorable. 1-month excess return 4.69%; 3-month excess return 24.44%; 6-month excess return 34.97%."
2022-06-14,T,1,0.0,0.5983658586779655,miss,random_forest,target_5d_updown,"Technical state is mixed, with price not fully aligned across the major moving averages. RSI is weak near 34.4. MACD remains on the bearish side.",No recent matched news was found for this ticker/date.,Relative strength versus the benchmark looked favorable. 1-month excess return 4.96%; 3-month excess return 23.82%; 6-month excess return 34.67%.,"Model view: the setup leaned cautious. Confidence was around 60%. Technical state is mixed, with price not fully aligned across the major moving averages. RSI is weak near 34.4. MACD remains on the bearish side. No recent matched news was found for this ticker/date. Relative strength versus the benchmark looked favorable. 1-month excess return 4.96%; 3-month excess return 23.82%; 6-month excess return 34.67%."
2022-06-15,T,1,0.0,0.6256537623635853,miss,random_forest,target_5d_updown,"Technical state is mixed, with price not fully aligned across the major moving averages. RSI is weak near 34.3. MACD remains on the bearish side.",No recent matched news was found for this ticker/date.,Relative strength versus the benchmark looked favorable. 1-month excess return 1.11%; 3-month excess return 23.97%; 6-month excess return 33.68%.,"Model view: the setup leaned cautious. Confidence was around 63%. Technical state is mixed, with price not fully aligned across the major moving averages. RSI is weak near 34.3. MACD remains on the bearish side. No recent matched news was found for this ticker/date. Relative strength versus the benchmark looked favorable. 1-month excess return 1.11%; 3-month excess return 23.97%; 6-month excess return 33.68%."
2022-06-16,T,1,0.0,0.5657230319448913,miss,random_forest,target_5d_updown,"Technical state is soft, with price below the 50-day and 200-day averages. RSI is weak near 29.4. MACD remains on the bearish side.",No recent matched news was found for this ticker/date.,Relative strength versus the benchmark looked favorable. 1-month excess return 2.34%; 3-month excess return 25.11%; 6-month excess return 35.34%.,"Model view: the setup leaned cautious. Confidence was around 57%. Technical state is soft, with price below the 50-day and 200-day averages. RSI is weak near 29.4. MACD remains on the bearish side. No recent matched news was found for this ticker/date. Relative strength versus the benchmark looked favorable. 1-month excess return 2.34%; 3-month excess return 25.11%; 6-month excess return 35.34%."
2022-06-17,T,1,0.0,0.7140134202293409,miss,random_forest,target_5d_updown,"Technical state is mixed, with price not fully aligned across the major moving averages. RSI is weak near 37.8. MACD remains on the bearish side.",No recent matched news was found for this ticker/date.,Relative strength versus the benchmark looked favorable. 1-month excess return 2.01%; 3-month excess return 28.06%; 6-month excess return 29.42%.,"Model view: the setup leaned cautious. Confidence was around 71%. Technical state is mixed, with price not fully aligned across the major moving averages. RSI is weak near 37.8. MACD remains on the bearish side. No recent matched news was found for this ticker/date. Relative strength versus the benchmark looked favorable. 1-month excess return 2.01%; 3-month excess return 28.06%; 6-month excess return 29.42%."
2022-06-21,T,1,0.0,0.8655065402605269,miss,random_forest,target_5d_updown,"Technical state is mixed, with price not fully aligned across the major moving averages. MACD remains on the bearish side.",No recent matched news was found for this ticker/date.,Relative strength versus the benchmark looked favorable. 1-month excess return 2.03%; 3-month excess return 29.64%; 6-month excess return 29.55%.,"Model view: the setup leaned cautious. Confidence was around 87%. Technical state is mixed, with price not fully aligned across the major moving averages. MACD remains on the bearish side. No recent matched news was found for this ticker/date. Relative strength versus the benchmark looked favorable. 1-month excess return 2.03%; 3-month excess return 29.64%; 6-month excess return 29.55%."
2022-06-22,T,1,0.0,0.8563517486066742,miss,random_forest,target_5d_updown,"Technical state is constructive, with price above the 50-day and 200-day averages. RSI is in a steady zone near 52.0. MACD remains on the bearish side.",No recent matched news was found for this ticker/date.,Relative strength versus the benchmark looked favorable. 1-month excess return 3.10%; 3-month excess return 32.59%; 6-month excess return 28.92%.,"Model view: the setup leaned cautious. Confidence was around 86%. Technical state is constructive, with price above the 50-day and 200-day averages. RSI is in a steady zone near 52.0. MACD remains on the bearish side. No recent matched news was found for this ticker/date. Relative strength versus the benchmark looked favorable. 1-month excess return 3.10%; 3-month excess return 32.59%; 6-month excess return 28.92%."
2022-06-23,T,1,0.0,0.8296682427946436,miss,random_forest,target_5d_updown,"Technical state is constructive, with price above the 50-day and 200-day averages. RSI is in a steady zone near 55.5. MACD remains on the bearish side.",No recent matched news was found for this ticker/date.,Relative strength versus the benchmark looked favorable. 1-month excess return 3.67%; 3-month excess return 32.28%; 6-month excess return 29.50%.,"Model view: the setup leaned cautious. Confidence was around 83%. Technical state is constructive, with price above the 50-day and 200-day averages. RSI is in a steady zone near 55.5. MACD remains on the bearish side. No recent matched news was found for this ticker/date. Relative strength versus the benchmark looked favorable. 1-month excess return 3.67%; 3-month excess return 32.28%; 6-month excess return 29.50%."
2022-06-24,T,1,0.0,0.7692354929748594,miss,random_forest,target_5d_updown,"Technical state is constructive, with price above the 50-day and 200-day averages. RSI is in a steady zone near 59.7. MACD remains on the bearish side.",No recent matched news was found for this ticker/date.,Relative strength versus the benchmark looked favorable. 1-month excess return -0.20%; 3-month excess return 32.17%; 6-month excess return 28.43%.,"Model view: the setup leaned cautious. Confidence was around 77%. Technical state is constructive, with price above the 50-day and 200-day averages. RSI is in a steady zone near 59.7. MACD remains on the bearish side. No recent matched news was found for this ticker/date. Relative strength versus the benchmark looked favorable. 1-month excess return -0.20%; 3-month excess return 32.17%; 6-month excess return 28.43%."
2022-06-27,T,1,0.0,0.7449466648199367,miss,random_forest,target_5d_updown,"Technical state is constructive, with price above the 50-day and 200-day averages. RSI is in a steady zone near 56.5. MACD remains on the bullish side.",No recent matched news was found for this ticker/date.,Relative strength versus the benchmark looked favorable. 1-month excess return -0.65%; 3-month excess return 29.22%; 6-month excess return 27.73%.,"Model view: the setup leaned cautious. Confidence was around 74%. Technical state is constructive, with price above the 50-day and 200-day averages. RSI is in a steady zone near 56.5. MACD remains on the bullish side. No recent matched news was found for this ticker/date. Relative strength versus the benchmark looked favorable. 1-month excess return -0.65%; 3-month excess return 29.22%; 6-month excess return 27.73%."
2022-06-28,T,1,0.0,0.785563289051008,miss,random_forest,target_5d_updown,"Technical state is constructive, with price above the 50-day and 200-day averages. RSI is in a steady zone near 54.0. MACD remains on the bullish side.",No recent matched news was found for this ticker/date.,Relative strength versus the benchmark looked favorable. 1-month excess return 2.46%; 3-month excess return 30.57%; 6-month excess return 30.15%.,"Model view: the setup leaned cautious. Confidence was around 79%. Technical state is constructive, with price above the 50-day and 200-day averages. RSI is in a steady zone near 54.0. MACD remains on the bullish side. No recent matched news was found for this ticker/date. Relative strength versus the benchmark looked favorable. 1-month excess return 2.46%; 3-month excess return 30.57%; 6-month excess return 30.15%."
2022-06-29,T,1,0.0,0.7940044228604374,miss,random_forest,target_5d_updown,"Technical state is constructive, with price above the 50-day and 200-day averages. RSI is in a steady zone near 58.0. MACD remains on the bullish side.",No recent matched news was found for this ticker/date.,Relative strength versus the benchmark looked favorable. 1-month excess return 6.83%; 3-month excess return 33.22%; 6-month excess return 32.02%.,"Model view: the setup leaned cautious. Confidence was around 79%. Technical state is constructive, with price above the 50-day and 200-day averages. RSI is in a steady zone near 58.0. MACD remains on the bullish side. No recent matched news was found for this ticker/date. Relative strength versus the benchmark looked favorable. 1-month excess return 6.83%; 3-month excess return 33.22%; 6-month excess return 32.02%."
2022-06-30,T,0,0.0,0.8319820808063438,hit,random_forest,target_5d_updown,"Technical state is constructive, with price above the 50-day and 200-day averages. RSI is in a steady zone near 58.1. MACD remains on the bullish side.",No recent matched news was found for this ticker/date.,Relative strength versus the benchmark looked favorable. 1-month excess return 7.09%; 3-month excess return 32.69%; 6-month excess return 33.61%.,"Model view: the setup leaned cautious. Confidence was around 83%. Technical state is constructive, with price above the 50-day and 200-day averages. RSI is in a steady zone near 58.1. MACD remains on the bullish side. No recent matched news was found for this ticker/date. Relative strength versus the benchmark looked favorable. 1-month excess return 7.09%; 3-month excess return 32.69%; 6-month excess return 33.61%."
2022-07-01,T,0,0.0,0.8025410957638871,hit,random_forest,target_5d_updown,"Technical state is constructive, with price above the 50-day and 200-day averages. RSI is in a steady zone near 62.0. MACD remains on the bullish side.",No recent matched news was found for this ticker/date.,Relative strength versus the benchmark looked favorable. 1-month excess return 7.35%; 3-month excess return 34.99%; 6-month excess return 33.81%.,"Model view: the setup leaned cautious. Confidence was around 80%. Technical state is constructive, with price above the 50-day and 200-day averages. RSI is in a steady zone near 62.0. MACD remains on the bullish side. No recent matched news was found for this ticker/date. Relative strength versus the benchmark looked favorable. 1-month excess return 7.35%; 3-month excess return 34.99%; 6-month excess return 33.81%."
2022-07-05,T,0,0.0,0.7801649419736794,hit,random_forest,target_5d_updown,"Technical state is constructive, with price above the 50-day and 200-day averages. RSI is in a steady zone near 59.6. MACD remains on the bullish side.",No recent matched news was found for this ticker/date.,Relative strength versus the benchmark looked favorable. 1-month excess return 8.40%; 3-month excess return 32.56%; 6-month excess return 33.53%.,"Model view: the setup leaned cautious. Confidence was around 78%. Technical state is constructive, with price above the 50-day and 200-day averages. RSI is in a steady zone near 59.6. MACD remains on the bullish side. No recent matched news was found for this ticker/date. Relative strength versus the benchmark looked favorable. 1-month excess return 8.40%; 3-month excess return 32.56%; 6-month excess return 33.53%."
2022-07-06,T,0,0.0,0.7643147200874983,hit,random_forest,target_5d_updown,"Technical state is constructive, with price above the 50-day and 200-day averages. RSI is in a steady zone near 58.2. MACD remains on the bullish side.",No recent matched news was found for this ticker/date.,Relative strength versus the benchmark looked favorable. 1-month excess return 7.56%; 3-month excess return 31.56%; 6-month excess return 29.59%.,"Model view: the setup leaned cautious. Confidence was around 76%. Technical state is constructive, with price above the 50-day and 200-day averages. RSI is in a steady zone near 58.2. MACD remains on the bullish side. No recent matched news was found for this ticker/date. Relative strength versus the benchmark looked favorable. 1-month excess return 7.56%; 3-month excess return 31.56%; 6-month excess return 29.59%."
2022-07-07,T,0,0.0,0.7244462812642551,hit,random_forest,target_5d_updown,"Technical state is constructive, with price above the 50-day and 200-day averages. RSI is in a steady zone near 59.0. MACD remains on the bullish side.",No recent matched news was found for this ticker/date.,Relative strength versus the benchmark looked favorable. 1-month excess return 6.54%; 3-month excess return 31.00%; 6-month excess return 27.79%.,"Model view: the setup leaned cautious. Confidence was around 72%. Technical state is constructive, with price above the 50-day and 200-day averages. RSI is in a steady zone near 59.0. MACD remains on the bullish side. No recent matched news was found for this ticker/date. Relative strength versus the benchmark looked favorable. 1-month excess return 6.54%; 3-month excess return 31.00%; 6-month excess return 27.79%."
2022-07-08,T,0,0.0,0.6861749298996485,hit,random_forest,target_5d_updown,"Technical state is constructive, with price above the 50-day and 200-day averages. RSI is in a steady zone near 52.9. MACD remains on the bullish side.",No recent matched news was found for this ticker/date.,Relative strength versus the benchmark looked favorable. 1-month excess return 4.90%; 3-month excess return 27.56%; 6-month excess return 22.11%.,"Model view: the setup leaned cautious. Confidence was around 69%. Technical state is constructive, with price above the 50-day and 200-day averages. RSI is in a steady zone near 52.9. MACD remains on the bullish side. No recent matched news was found for this ticker/date. Relative strength versus the benchmark looked favorable. 1-month excess return 4.90%; 3-month excess return 27.56%; 6-month excess return 22.11%."
2022-07-11,T,0,0.0,0.717785070845128,hit,random_forest,target_5d_updown,"Technical state is constructive, with price above the 50-day and 200-day averages. RSI is in a steady zone near 50.6. MACD remains on the bullish side.",No recent matched news was found for this ticker/date.,Relative strength versus the benchmark looked favorable. 1-month excess return 4.69%; 3-month excess return 29.64%; 6-month excess return 22.63%.,"Model view: the setup leaned cautious. Confidence was around 72%. Technical state is constructive, with price above the 50-day and 200-day averages. RSI is in a steady zone near 50.6. MACD remains on the bullish side. No recent matched news was found for this ticker/date. Relative strength versus the benchmark looked favorable. 1-month excess return 4.69%; 3-month excess return 29.64%; 6-month excess return 22.63%."
2022-07-12,T,1,0.0,0.7063552285237595,miss,random_forest,target_5d_updown,"Technical state is constructive, with price above the 50-day and 200-day averages. MACD remains on the bearish side.",No recent matched news was found for this ticker/date.,Relative strength versus the benchmark looked favorable. 1-month excess return 3.84%; 3-month excess return 27.94%; 6-month excess return 22.08%.,"Model view: the setup leaned cautious. Confidence was around 71%. Technical state is constructive, with price above the 50-day and 200-day averages. MACD remains on the bearish side. No recent matched news was found for this ticker/date. Relative strength versus the benchmark looked favorable. 1-month excess return 3.84%; 3-month excess return 27.94%; 6-month excess return 22.08%."
2022-07-13,T,1,0.0,0.6652087888328617,miss,random_forest,target_5d_updown,"Technical state is constructive, with price above the 50-day and 200-day averages. MACD remains on the bearish side.",No recent matched news was found for this ticker/date.,Relative strength versus the benchmark looked favorable. 1-month excess return 1.61%; 3-month excess return 18.03%; 6-month excess return 20.94%.,"Model view: the setup leaned cautious. Confidence was around 67%. Technical state is constructive, with price above the 50-day and 200-day averages. MACD remains on the bearish side. No recent matched news was found for this ticker/date. Relative strength versus the benchmark looked favorable. 1-month excess return 1.61%; 3-month excess return 18.03%; 6-month excess return 20.94%."
2022-07-14,T,0,0.0,0.6666044118509841,hit,random_forest,target_5d_updown,"Technical state is mixed, with price not fully aligned across the major moving averages. MACD remains on the bearish side.",No recent matched news was found for this ticker/date.,Relative strength versus the benchmark looked favorable. 1-month excess return 2.02%; 3-month excess return 17.71%; 6-month excess return 21.72%.,"Model view: the setup leaned cautious. Confidence was around 67%. Technical state is mixed, with price not fully aligned across the major moving averages. MACD remains on the bearish side. No recent matched news was found for this ticker/date. Relative strength versus the benchmark looked favorable. 1-month excess return 2.02%; 3-month excess return 17.71%; 6-month excess return 21.72%."
2022-07-15,T,0,0.0,0.7439096194818134,hit,random_forest,target_5d_updown,"Technical state is constructive, with price above the 50-day and 200-day averages. MACD remains on the bearish side.",No recent matched news was found for this ticker/date.,Relative strength versus the benchmark looked favorable. 1-month excess return 2.73%; 3-month excess return 19.04%; 6-month excess return 21.22%.,"Model view: the setup leaned cautious. Confidence was around 74%. Technical state is constructive, with price above the 50-day and 200-day averages. MACD remains on the bearish side. No recent matched news was found for this ticker/date. Relative strength versus the benchmark looked favorable. 1-month excess return 2.73%; 3-month excess return 19.04%; 6-month excess return 21.22%."
2022-07-18,T,0,0.0,0.7489624009403205,hit,random_forest,target_5d_updown,"Technical state is constructive, with price above the 50-day and 200-day averages. MACD remains on the bearish side.",No recent matched news was found for this ticker/date.,Relative strength versus the benchmark looked favorable. 1-month excess return 4.87%; 3-month excess return 17.85%; 6-month excess return 19.22%.,"Model view: the setup leaned cautious. Confidence was around 75%. Technical state is constructive, with price above the 50-day and 200-day averages. MACD remains on the bearish side. No recent matched news was found for this ticker/date. Relative strength versus the benchmark looked favorable. 1-month excess return 4.87%; 3-month excess return 17.85%; 6-month excess return 19.22%."
2022-07-19,T,0,0.0,0.7050120499590207,hit,random_forest,target_5d_updown,"Technical state is constructive, with price above the 50-day and 200-day averages. RSI is in a steady zone near 53.8. MACD remains on the bearish side.",No recent matched news was found for this ticker/date.,Relative strength versus the benchmark looked favorable. 1-month excess return 2.72%; 3-month excess return 17.31%; 6-month excess return 16.92%.,"Model view: the setup leaned cautious. Confidence was around 71%. Technical state is constructive, with price above the 50-day and 200-day averages. RSI is in a steady zone near 53.8. MACD remains on the bearish side. No recent matched news was found for this ticker/date. Relative strength versus the benchmark looked favorable. 1-month excess return 2.72%; 3-month excess return 17.31%; 6-month excess return 16.92%."
2022-07-20,T,0,0.0,0.6606056472779285,hit,random_forest,target_5d_updown,"Technical state is mixed, with price not fully aligned across the major moving averages. MACD remains on the bearish side.",No recent matched news was found for this ticker/date.,Relative strength versus the benchmark looked favorable. 1-month excess return -1.71%; 3-month excess return 16.35%; 6-month excess return 12.82%.,"Model view: the setup leaned cautious. Confidence was around 66%. Technical state is mixed, with price not fully aligned across the major moving averages. MACD remains on the bearish side. No recent matched news was found for this ticker/date. Relative strength versus the benchmark looked favorable. 1-month excess return -1.71%; 3-month excess return 16.35%; 6-month excess return 12.82%."
2022-07-21,T,0,1.0,0.5269121238038599,miss,random_forest,target_5d_updown,"Technical state is soft, with price below the 50-day and 200-day averages. RSI is weak near 30.7. MACD remains on the bearish side. Volatility is elevated at roughly 32.3%.",No recent matched news was found for this ticker/date.,Relative strength versus the benchmark looked mixed. 1-month excess return -11.09%; 3-month excess return 7.68%; 6-month excess return 3.56%.,"Model view: the setup leaned constructive. Confidence was around 53%. Technical state is soft, with price below the 50-day and 200-day averages. RSI is weak near 30.7. MACD remains on the bearish side. Volatility is elevated at roughly 32.3%. No recent matched news was found for this ticker/date. Relative strength versus the benchmark looked mixed. 1-month excess return -11.09%; 3-month excess return 7.68%; 6-month excess return 3.56%."
2022-07-22,T,1,1.0,0.681384143263018,hit,random_forest,target_5d_updown,"Technical state is soft, with price below the 50-day and 200-day averages. RSI is weak near 27.2. MACD remains on the bearish side. Volatility is elevated at roughly 32.7%.",No recent matched news was found for this ticker/date.,Relative strength versus the benchmark looked mixed. 1-month excess return -14.59%; 3-month excess return 0.83%; 6-month excess return 1.73%.,"Model view: the setup leaned constructive. Confidence was around 68%. Technical state is soft, with price below the 50-day and 200-day averages. RSI is weak near 27.2. MACD remains on the bearish side. Volatility is elevated at roughly 32.7%. No recent matched news was found for this ticker/date. Relative strength versus the benchmark looked mixed. 1-month excess return -14.59%; 3-month excess return 0.83%; 6-month excess return 1.73%."
2022-07-25,T,1,1.0,0.5386795412853382,hit,random_forest,target_5d_updown,"Technical state is soft, with price below the 50-day and 200-day averages. RSI is weak near 29.3. MACD remains on the bearish side. Volatility is elevated at roughly 31.8%.",No recent matched news was found for this ticker/date.,Relative strength versus the benchmark looked mixed. 1-month excess return -14.24%; 3-month excess return 2.09%; 6-month excess return 1.90%.,"Model view: the setup leaned constructive. Confidence was around 54%. Technical state is soft, with price below the 50-day and 200-day averages. RSI is weak near 29.3. MACD remains on the bearish side. Volatility is elevated at roughly 31.8%. No recent matched news was found for this ticker/date. Relative strength versus the benchmark looked mixed. 1-month excess return -14.24%; 3-month excess return 2.09%; 6-month excess return 1.90%."
2022-07-26,T,1,1.0,0.624720238825489,hit,random_forest,target_5d_updown,"Technical state is soft, with price below the 50-day and 200-day averages. RSI is weak near 27.8. MACD remains on the bearish side. Volatility is elevated at roughly 31.9%.",No recent matched news was found for this ticker/date.,Relative strength versus the benchmark looked mixed. 1-month excess return -12.61%; 3-month excess return 2.57%; 6-month excess return 3.14%.,"Model view: the setup leaned constructive. Confidence was around 62%. Technical state is soft, with price below the 50-day and 200-day averages. RSI is weak near 27.8. MACD remains on the bearish side. Volatility is elevated at roughly 31.9%. No recent matched news was found for this ticker/date. Relative strength versus the benchmark looked mixed. 1-month excess return -12.61%; 3-month excess return 2.57%; 6-month excess return 3.14%."
2022-07-27,T,0,1.0,0.6206308807871613,miss,random_forest,target_5d_updown,"Technical state is soft, with price below the 50-day and 200-day averages. RSI is weak near 29.4. MACD remains on the bearish side. Volatility is elevated at roughly 32.1%.",No recent matched news was found for this ticker/date.,Relative strength versus the benchmark looked weak. 1-month excess return -14.29%; 3-month excess return -1.09%; 6-month excess return -0.34%.,"Model view: the setup leaned constructive. Confidence was around 62%. Technical state is soft, with price below the 50-day and 200-day averages. RSI is weak near 29.4. MACD remains on the bearish side. Volatility is elevated at roughly 32.1%. No recent matched news was found for this ticker/date. Relative strength versus the benchmark looked weak. 1-month excess return -14.29%; 3-month excess return -1.09%; 6-month excess return -0.34%."
2022-07-28,T,0,0.0,0.6026753355361028,hit,random_forest,target_5d_updown,"Technical state is soft, with price below the 50-day and 200-day averages. RSI is weak near 32.8. MACD remains on the bearish side. Volatility is elevated at roughly 31.6%.",No recent matched news was found for this ticker/date.,Relative strength versus the benchmark looked mixed. 1-month excess return -16.24%; 3-month excess return 0.09%; 6-month excess return 7.78%.,"Model view: the setup leaned cautious. Confidence was around 60%. Technical state is soft, with price below the 50-day and 200-day averages. RSI is weak near 32.8. MACD remains on the bearish side. Volatility is elevated at roughly 31.6%. No recent matched news was found for this ticker/date. Relative strength versus the benchmark looked mixed. 1-month excess return -16.24%; 3-month excess return 0.09%; 6-month excess return 7.78%."
2022-07-29,T,0,0.0,0.7134080729982232,hit,random_forest,target_5d_updown,"Technical state is soft, with price below the 50-day and 200-day averages. RSI is weak near 36.2. MACD remains on the bearish side. Volatility is elevated at roughly 32.1%.",No recent matched news was found for this ticker/date.,Relative strength versus the benchmark looked mixed. 1-month excess return -18.70%; 3-month excess return 0.35%; 6-month excess return 7.56%.,"Model view: the setup leaned cautious. Confidence was around 71%. Technical state is soft, with price below the 50-day and 200-day averages. RSI is weak near 36.2. MACD remains on the bearish side. Volatility is elevated at roughly 32.1%. No recent matched news was found for this ticker/date. Relative strength versus the benchmark looked mixed. 1-month excess return -18.70%; 3-month excess return 0.35%; 6-month excess return 7.56%."
2022-08-01,T,0,0.0,0.7222039716119789,hit,random_forest,target_5d_updown,"Technical state is soft, with price below the 50-day and 200-day averages. RSI is weak near 35.7. MACD remains on the bearish side. Volatility is elevated at roughly 31.1%.",No recent matched news was found for this ticker/date.,Relative strength versus the benchmark looked weak. 1-month excess return -19.51%; 3-month excess return -0.41%; 6-month excess return 5.41%.,"Model view: the setup leaned cautious. Confidence was around 72%. Technical state is soft, with price below the 50-day and 200-day averages. RSI is weak near 35.7. MACD remains on the bearish side. Volatility is elevated at roughly 31.1%. No recent matched news was found for this ticker/date. Relative strength versus the benchmark looked weak. 1-month excess return -19.51%; 3-month excess return -0.41%; 6-month excess return 5.41%."
2022-08-02,T,0,0.0,0.5957349098112017,hit,random_forest,target_5d_updown,"Technical state is soft, with price below the 50-day and 200-day averages. RSI is weak near 32.2. MACD remains on the bearish side. Volatility is elevated at roughly 31.4%.",No recent matched news was found for this ticker/date.,Relative strength versus the benchmark looked weak. 1-month excess return -20.91%; 3-month excess return -2.43%; 6-month excess return 4.63%.,"Model view: the setup leaned cautious. Confidence was around 60%. Technical state is soft, with price below the 50-day and 200-day averages. RSI is weak near 32.2. MACD remains on the bearish side. Volatility is elevated at roughly 31.4%. No recent matched news was found for this ticker/date. Relative strength versus the benchmark looked weak. 1-month excess return -20.91%; 3-month excess return -2.43%; 6-month excess return 4.63%."
2022-08-03,T,0,0.0,0.6610833535823764,hit,random_forest,target_5d_updown,"Technical state is soft, with price below the 50-day and 200-day averages. RSI is weak near 32.4. MACD remains on the bearish side. Volatility is elevated at roughly 31.5%.",No recent matched news was found for this ticker/date.,Relative strength versus the benchmark looked weak. 1-month excess return -21.77%; 3-month excess return -4.53%; 6-month excess return 8.08%.,"Model view: the setup leaned cautious. Confidence was around 66%. Technical state is soft, with price below the 50-day and 200-day averages. RSI is weak near 32.4. MACD remains on the bearish side. Volatility is elevated at roughly 31.5%. No recent matched news was found for this ticker/date. Relative strength versus the benchmark looked weak. 1-month excess return -21.77%; 3-month excess return -4.53%; 6-month excess return 8.08%."
2022-08-04,T,0,0.0,0.5196069460421179,hit,random_forest,target_5d_updown,"Technical state is soft, with price below the 50-day and 200-day averages. RSI is weak near 31.4. MACD remains on the bearish side. Volatility is elevated at roughly 31.3%.",No recent matched news was found for this ticker/date.,Relative strength versus the benchmark looked weak. 1-month excess return -21.44%; 3-month excess return -4.98%; 6-month excess return 7.99%.,"Model view: the setup leaned cautious. Confidence was around 52%. Technical state is soft, with price below the 50-day and 200-day averages. RSI is weak near 31.4. MACD remains on the bearish side. Volatility is elevated at roughly 31.3%. No recent matched news was found for this ticker/date. Relative strength versus the benchmark looked weak. 1-month excess return -21.44%; 3-month excess return -4.98%; 6-month excess return 7.99%."
2022-08-05,T,0,0.0,0.6166118046982773,hit,random_forest,target_5d_updown,"Technical state is soft, with price below the 50-day and 200-day averages. RSI is weak near 33.2. MACD remains on the bearish side. Volatility is elevated at roughly 31.4%.",No recent matched news was found for this ticker/date.,Relative strength versus the benchmark looked weak. 1-month excess return -19.53%; 3-month excess return -7.89%; 6-month excess return 6.38%.,"Model view: the setup leaned cautious. Confidence was around 62%. Technical state is soft, with price below the 50-day and 200-day averages. RSI is weak near 33.2. MACD remains on the bearish side. Volatility is elevated at roughly 31.4%. No recent matched news was found for this ticker/date. Relative strength versus the benchmark looked weak. 1-month excess return -19.53%; 3-month excess return -7.89%; 6-month excess return 6.38%."
2022-08-08,T,1,1.0,0.613111735077436,hit,random_forest,target_5d_updown,"Technical state is soft, with price below the 50-day and 200-day averages. RSI is weak near 29.7. MACD remains on the bearish side. Volatility is elevated at roughly 31.7%.",No recent matched news was found for this ticker/date.,Relative strength versus the benchmark looked weak. 1-month excess return -19.72%; 3-month excess return -10.54%; 6-month excess return 6.94%.,"Model view: the setup leaned constructive. Confidence was around 61%. Technical state is soft, with price below the 50-day and 200-day averages. RSI is weak near 29.7. MACD remains on the bearish side. Volatility is elevated at roughly 31.7%. No recent matched news was found for this ticker/date. Relative strength versus the benchmark looked weak. 1-month excess return -19.72%; 3-month excess return -10.54%; 6-month excess return 6.94%."
2022-08-09,T,1,0.0,0.5714815972447004,miss,random_forest,target_5d_updown,"Technical state is soft, with price below the 50-day and 200-day averages. RSI is weak near 31.9. MACD remains on the bearish side. Volatility is elevated at roughly 32.0%.",No recent matched news was found for this ticker/date.,Relative strength versus the benchmark looked weak. 1-month excess return -19.44%; 3-month excess return -10.76%; 6-month excess return 8.17%.,"Model view: the setup leaned cautious. Confidence was around 57%. Technical state is soft, with price below the 50-day and 200-day averages. RSI is weak near 31.9. MACD remains on the bearish side. Volatility is elevated at roughly 32.0%. No recent matched news was found for this ticker/date. Relative strength versus the benchmark looked weak. 1-month excess return -19.44%; 3-month excess return -10.76%; 6-month excess return 8.17%."
2022-08-10,T,1,1.0,0.5142364011418921,hit,random_forest,target_5d_updown,"Technical state is soft, with price below the 50-day and 200-day averages. RSI is weak near 30.9. MACD remains on the bearish side. Volatility is elevated at roughly 32.0%.",No recent matched news was found for this ticker/date.,Relative strength versus the benchmark looked weak. 1-month excess return -22.88%; 3-month excess return -12.21%; 6-month excess return 6.46%.,"Model view: the setup leaned constructive. Confidence was around 51%. Technical state is soft, with price below the 50-day and 200-day averages. RSI is weak near 30.9. MACD remains on the bearish side. Volatility is elevated at roughly 32.0%. No recent matched news was found for this ticker/date. Relative strength versus the benchmark looked weak. 1-month excess return -22.88%; 3-month excess return -12.21%; 6-month excess return 6.46%."
2022-08-11,T,1,1.0,0.5122813199932993,hit,random_forest,target_5d_updown,"Technical state is soft, with price below the 50-day and 200-day averages. RSI is weak near 31.7. MACD remains on the bearish side. Volatility is elevated at roughly 32.1%.",No recent matched news was found for this ticker/date.,Relative strength versus the benchmark looked weak. 1-month excess return -22.61%; 3-month excess return -14.12%; 6-month excess return 5.70%.,"Model view: the setup leaned constructive. Confidence was around 51%. Technical state is soft, with price below the 50-day and 200-day averages. RSI is weak near 31.7. MACD remains on the bearish side. Volatility is elevated at roughly 32.1%. No recent matched news was found for this ticker/date. Relative strength versus the benchmark looked weak. 1-month excess return -22.61%; 3-month excess return -14.12%; 6-month excess return 5.70%."
2022-08-12,T,1,0.0,0.5952767943507757,miss,random_forest,target_5d_updown,"Technical state is soft, with price below the 50-day and 200-day averages. RSI is weak near 37.1. MACD remains on the bullish side. Volatility is elevated at roughly 32.2%.",No recent matched news was found for this ticker/date.,Relative strength versus the benchmark looked weak. 1-month excess return -23.15%; 3-month excess return -16.23%; 6-month excess return 4.71%.,"Model view: the setup leaned cautious. Confidence was around 60%. Technical state is soft, with price below the 50-day and 200-day averages. RSI is weak near 37.1. MACD remains on the bullish side. Volatility is elevated at roughly 32.2%. No recent matched news was found for this ticker/date. Relative strength versus the benchmark looked weak. 1-month excess return -23.15%; 3-month excess return -16.23%; 6-month excess return 4.71%."
2022-08-15,T,0,0.0,0.7008570907657692,hit,random_forest,target_5d_updown,"Technical state is soft, with price below the 50-day and 200-day averages. RSI is weak near 39.8. MACD remains on the bullish side. Volatility is elevated at roughly 32.4%.",No recent matched news was found for this ticker/date.,Relative strength versus the benchmark looked weak. 1-month excess return -21.99%; 3-month excess return -14.13%; 6-month excess return 3.52%.,"Model view: the setup leaned cautious. Confidence was around 70%. Technical state is soft, with price below the 50-day and 200-day averages. RSI is weak near 39.8. MACD remains on the bullish side. Volatility is elevated at roughly 32.4%. No recent matched news was found for this ticker/date. Relative strength versus the benchmark looked weak. 1-month excess return -21.99%; 3-month excess return -14.13%; 6-month excess return 3.52%."
2022-08-16,T,0,0.0,0.6528812164671303,hit,random_forest,target_5d_updown,"Technical state is soft, with price below the 50-day and 200-day averages. MACD remains on the bullish side. Volatility is elevated at roughly 32.2%.",No recent matched news was found for this ticker/date.,Relative strength versus the benchmark looked weak. 1-month excess return -22.07%; 3-month excess return -15.83%; 6-month excess return 4.36%.,"Model view: the setup leaned cautious. Confidence was around 65%. Technical state is soft, with price below the 50-day and 200-day averages. MACD remains on the bullish side. Volatility is elevated at roughly 32.2%. No recent matched news was found for this ticker/date. Relative strength versus the benchmark looked weak. 1-month excess return -22.07%; 3-month excess return -15.83%; 6-month excess return 4.36%."
2022-08-17,T,0,0.0,0.7114089628390705,hit,random_forest,target_5d_updown,"Technical state is soft, with price below the 50-day and 200-day averages. MACD remains on the bullish side. Volatility is elevated at roughly 32.0%.",No recent matched news was found for this ticker/date.,Relative strength versus the benchmark looked weak. 1-month excess return -20.24%; 3-month excess return -15.02%; 6-month excess return 4.53%.,"Model view: the setup leaned cautious. Confidence was around 71%. Technical state is soft, with price below the 50-day and 200-day averages. MACD remains on the bullish side. Volatility is elevated at roughly 32.0%. No recent matched news was found for this ticker/date. Relative strength versus the benchmark looked weak. 1-month excess return -20.24%; 3-month excess return -15.02%; 6-month excess return 4.53%."
2022-08-18,T,0,0.0,0.6029993521297591,hit,random_forest,target_5d_updown,"Technical state is soft, with price below the 50-day and 200-day averages. MACD remains on the bullish side.",No recent matched news was found for this ticker/date.,Relative strength versus the benchmark looked weak. 1-month excess return -18.45%; 3-month excess return -18.11%; 6-month excess return 6.08%.,"Model view: the setup leaned cautious. Confidence was around 60%. Technical state is soft, with price below the 50-day and 200-day averages. MACD remains on the bullish side. No recent matched news was found for this ticker/date. Relative strength versus the benchmark looked weak. 1-month excess return -18.45%; 3-month excess return -18.11%; 6-month excess return 6.08%."
2022-08-19,T,0,0.0,0.5888597753557444,hit,random_forest,target_5d_updown,"Technical state is soft, with price below the 50-day and 200-day averages. MACD remains on the bullish side. Volatility is relatively contained at roughly 15.0%.",No recent matched news was found for this ticker/date.,Relative strength versus the benchmark looked weak. 1-month excess return -8.46%; 3-month excess return -17.24%; 6-month excess return 6.12%.,"Model view: the setup leaned cautious. Confidence was around 59%. Technical state is soft, with price below the 50-day and 200-day averages. MACD remains on the bullish side. Volatility is relatively contained at roughly 15.0%. No recent matched news was found for this ticker/date. Relative strength versus the benchmark looked weak. 1-month excess return -8.46%; 3-month excess return -17.24%; 6-month excess return 6.12%."
2022-08-22,T,0,0.0,0.6042793744227226,hit,random_forest,target_5d_updown,"Technical state is soft, with price below the 50-day and 200-day averages. RSI is weak near 36.6. MACD remains on the bullish side.",No recent matched news was found for this ticker/date.,Relative strength versus the benchmark looked weak. 1-month excess return -6.06%; 3-month excess return -17.25%; 6-month excess return 5.41%.,"Model view: the setup leaned cautious. Confidence was around 60%. Technical state is soft, with price below the 50-day and 200-day averages. RSI is weak near 36.6. MACD remains on the bullish side. No recent matched news was found for this ticker/date. Relative strength versus the benchmark looked weak. 1-month excess return -6.06%; 3-month excess return -17.25%; 6-month excess return 5.41%."
2022-08-23,T,0,0.0,0.6283676674315968,hit,random_forest,target_5d_updown,"Technical state is soft, with price below the 50-day and 200-day averages. RSI is weak near 35.5. MACD remains on the bullish side.",No recent matched news was found for this ticker/date.,Relative strength versus the benchmark looked weak. 1-month excess return -6.78%; 3-month excess return -16.82%; 6-month excess return 4.70%.,"Model view: the setup leaned cautious. Confidence was around 63%. Technical state is soft, with price below the 50-day and 200-day averages. RSI is weak near 35.5. MACD remains on the bullish side. No recent matched news was found for this ticker/date. Relative strength versus the benchmark looked weak. 1-month excess return -6.78%; 3-month excess return -16.82%; 6-month excess return 4.70%."
2022-08-24,T,0,0.0,0.568246044162887,hit,random_forest,target_5d_updown,"Technical state is soft, with price below the 50-day and 200-day averages. RSI is weak near 34.7. MACD remains on the bullish side.",No recent matched news was found for this ticker/date.,Relative strength versus the benchmark looked weak. 1-month excess return -7.41%; 3-month excess return -19.86%; 6-month excess return 3.39%.,"Model view: the setup leaned cautious. Confidence was around 57%. Technical state is soft, with price below the 50-day and 200-day averages. RSI is weak near 34.7. MACD remains on the bullish side. No recent matched news was found for this ticker/date. Relative strength versus the benchmark looked weak. 1-month excess return -7.41%; 3-month excess return -19.86%; 6-month excess return 3.39%."
2022-08-25,T,0,0.0,0.5254492312586369,hit,random_forest,target_5d_updown,"Technical state is soft, with price below the 50-day and 200-day averages. RSI is weak near 37.1. MACD remains on the bullish side. Volatility is relatively contained at roughly 14.7%.",No recent matched news was found for this ticker/date.,Relative strength versus the benchmark looked weak. 1-month excess return -6.26%; 3-month excess return -20.69%; 6-month excess return 5.15%.,"Model view: the setup leaned cautious. Confidence was around 53%. Technical state is soft, with price below the 50-day and 200-day averages. RSI is weak near 37.1. MACD remains on the bullish side. Volatility is relatively contained at roughly 14.7%. No recent matched news was found for this ticker/date. Relative strength versus the benchmark looked weak. 1-month excess return -6.26%; 3-month excess return -20.69%; 6-month excess return 5.15%."
2022-08-26,T,0,0.0,0.6364942087464125,hit,random_forest,target_5d_updown,"Technical state is soft, with price below the 50-day and 200-day averages. RSI is weak near 33.8. MACD remains on the bullish side. Volatility is relatively contained at roughly 14.3%.",No recent matched news was found for this ticker/date.,Relative strength versus the benchmark looked weak. 1-month excess return -3.50%; 3-month excess return -16.10%; 6-month excess return 6.49%.,"Model view: the setup leaned cautious. Confidence was around 64%. Technical state is soft, with price below the 50-day and 200-day averages. RSI is weak near 33.8. MACD remains on the bullish side. Volatility is relatively contained at roughly 14.3%. No recent matched news was found for this ticker/date. Relative strength versus the benchmark looked weak. 1-month excess return -3.50%; 3-month excess return -16.10%; 6-month excess return 6.49%."
2022-08-29,T,0,0.0,0.626705725603088,hit,random_forest,target_5d_updown,"Technical state is soft, with price below the 50-day and 200-day averages. RSI is weak near 32.0. MACD remains on the bullish side. Volatility is relatively contained at roughly 14.4%.",No recent matched news was found for this ticker/date.,Relative strength versus the benchmark looked weak. 1-month excess return -3.02%; 3-month excess return -13.41%; 6-month excess return 7.17%.,"Model view: the setup leaned cautious. Confidence was around 63%. Technical state is soft, with price below the 50-day and 200-day averages. RSI is weak near 32.0. MACD remains on the bullish side. Volatility is relatively contained at roughly 14.4%. No recent matched news was found for this ticker/date. Relative strength versus the benchmark looked weak. 1-month excess return -3.02%; 3-month excess return -13.41%; 6-month excess return 7.17%."
2022-08-30,T,0,0.0,0.6440841498210328,hit,random_forest,target_5d_updown,"Technical state is soft, with price below the 50-day and 200-day averages. RSI is weak near 33.4. MACD remains on the bullish side. Volatility is relatively contained at roughly 13.0%.",No recent matched news was found for this ticker/date.,Relative strength versus the benchmark looked weak. 1-month excess return -1.78%; 3-month excess return -12.70%; 6-month excess return 7.68%.,"Model view: the setup leaned cautious. Confidence was around 64%. Technical state is soft, with price below the 50-day and 200-day averages. RSI is weak near 33.4. MACD remains on the bullish side. Volatility is relatively contained at roughly 13.0%. No recent matched news was found for this ticker/date. Relative strength versus the benchmark looked weak. 1-month excess return -1.78%; 3-month excess return -12.70%; 6-month excess return 7.68%."
2022-08-31,T,0,0.0,0.5360450016330783,hit,random_forest,target_5d_updown,"Technical state is soft, with price below the 50-day and 200-day averages. RSI is weak near 29.1. MACD remains on the bullish side. Volatility is relatively contained at roughly 13.9%.",No recent matched news was found for this ticker/date.,Relative strength versus the benchmark looked weak. 1-month excess return -1.25%; 3-month excess return -13.80%; 6-month excess return 7.29%.,"Model view: the setup leaned cautious. Confidence was around 54%. Technical state is soft, with price below the 50-day and 200-day averages. RSI is weak near 29.1. MACD remains on the bullish side. Volatility is relatively contained at roughly 13.9%. No recent matched news was found for this ticker/date. Relative strength versus the benchmark looked weak. 1-month excess return -1.25%; 3-month excess return -13.80%; 6-month excess return 7.29%."
2022-09-01,T,0,0.0,0.5277615905720746,hit,random_forest,target_5d_updown,"Technical state is soft, with price below the 50-day and 200-day averages. RSI is weak near 28.5. MACD remains on the bearish side. Volatility is relatively contained at roughly 13.8%.",No recent matched news was found for this ticker/date.,Relative strength versus the benchmark looked weak. 1-month excess return -0.33%; 3-month excess return -12.36%; 6-month excess return 5.97%.,"Model view: the setup leaned cautious. Confidence was around 53%. Technical state is soft, with price below the 50-day and 200-day averages. RSI is weak near 28.5. MACD remains on the bearish side. Volatility is relatively contained at roughly 13.8%. No recent matched news was found for this ticker/date. Relative strength versus the benchmark looked weak. 1-month excess return -0.33%; 3-month excess return -12.36%; 6-month excess return 5.97%."
2022-09-02,T,1,1.0,0.5831483378167375,hit,random_forest,target_5d_updown,"Technical state is soft, with price below the 50-day and 200-day averages. RSI is weak near 24.6. MACD remains on the bearish side. Volatility is relatively contained at roughly 14.7%.",No recent matched news was found for this ticker/date.,Relative strength versus the benchmark looked weak. 1-month excess return -0.57%; 3-month excess return -13.25%; 6-month excess return 4.63%.,"Model view: the setup leaned constructive. Confidence was around 58%. Technical state is soft, with price below the 50-day and 200-day averages. RSI is weak near 24.6. MACD remains on the bearish side. Volatility is relatively contained at roughly 14.7%. No recent matched news was found for this ticker/date. Relative strength versus the benchmark looked weak. 1-month excess return -0.57%; 3-month excess return -13.25%; 6-month excess return 4.63%."
2022-09-06,T,1,1.0,0.6509375645105115,hit,random_forest,target_5d_updown,"Technical state is soft, with price below the 50-day and 200-day averages. RSI is weak near 20.6. MACD remains on the bearish side.",No recent matched news was found for this ticker/date.,Relative strength versus the benchmark looked weak. 1-month excess return -3.04%; 3-month excess return -14.74%; 6-month excess return 1.15%.,"Model view: the setup leaned constructive. Confidence was around 65%. Technical state is soft, with price below the 50-day and 200-day averages. RSI is weak near 20.6. MACD remains on the bearish side. No recent matched news was found for this ticker/date. Relative strength versus the benchmark looked weak. 1-month excess return -3.04%; 3-month excess return -14.74%; 6-month excess return 1.15%."
2022-09-07,T,0,1.0,0.5941223196076212,miss,random_forest,target_5d_updown,"Technical state is soft, with price below the 50-day and 200-day averages. RSI is weak near 23.3. MACD remains on the bearish side.",No recent matched news was found for this ticker/date.,Relative strength versus the benchmark looked weak. 1-month excess return -2.60%; 3-month excess return -15.88%; 6-month excess return 1.56%.,"Model view: the setup leaned constructive. Confidence was around 59%. Technical state is soft, with price below the 50-day and 200-day averages. RSI is weak near 23.3. MACD remains on the bearish side. No recent matched news was found for this ticker/date. Relative strength versus the benchmark looked weak. 1-month excess return -2.60%; 3-month excess return -15.88%; 6-month excess return 1.56%."
2022-09-08,T,0,1.0,0.6538219179951041,miss,random_forest,target_5d_updown,"Technical state is soft, with price below the 50-day and 200-day averages. RSI is weak near 22.3. MACD remains on the bearish side.",No recent matched news was found for this ticker/date.,Relative strength versus the benchmark looked weak. 1-month excess return -4.69%; 3-month excess return -17.71%; 6-month excess return 1.78%.,"Model view: the setup leaned constructive. Confidence was around 65%. Technical state is soft, with price below the 50-day and 200-day averages. RSI is weak near 22.3. MACD remains on the bearish side. No recent matched news was found for this ticker/date. Relative strength versus the benchmark looked weak. 1-month excess return -4.69%; 3-month excess return -17.71%; 6-month excess return 1.78%."
2022-09-09,T,0,1.0,0.6406949856768298,miss,random_forest,target_5d_updown,"Technical state is soft, with price below the 50-day and 200-day averages. RSI is weak near 30.7. MACD remains on the bearish side.",No recent matched news was found for this ticker/date.,Relative strength versus the benchmark looked weak. 1-month excess return -2.25%; 3-month excess return -19.70%; 6-month excess return 1.68%.,"Model view: the setup leaned constructive. Confidence was around 64%. Technical state is soft, with price below the 50-day and 200-day averages. RSI is weak near 30.7. MACD remains on the bearish side. No recent matched news was found for this ticker/date. Relative strength versus the benchmark looked weak. 1-month excess return -2.25%; 3-month excess return -19.70%; 6-month excess return 1.68%."
2022-09-12,T,0,1.0,0.5899065544015558,miss,random_forest,target_5d_updown,"Technical state is soft, with price below the 50-day and 200-day averages. MACD remains on the bearish side.",No recent matched news was found for this ticker/date.,Relative strength versus the benchmark looked weak. 1-month excess return -1.53%; 3-month excess return -21.47%; 6-month excess return 1.38%.,"Model view: the setup leaned constructive. Confidence was around 59%. Technical state is soft, with price below the 50-day and 200-day averages. MACD remains on the bearish side. No recent matched news was found for this ticker/date. Relative strength versus the benchmark looked weak. 1-month excess return -1.53%; 3-month excess return -21.47%; 6-month excess return 1.38%."
2022-09-13,T,0,1.0,0.6831973595624369,miss,random_forest,target_5d_updown,"Technical state is soft, with price below the 50-day and 200-day averages. RSI is weak near 32.6. MACD remains on the bearish side.",No recent matched news was found for this ticker/date.,Relative strength versus the benchmark looked mixed. 1-month excess return 0.09%; 3-month excess return -19.74%; 6-month excess return 3.08%.,"Model view: the setup leaned constructive. Confidence was around 68%. Technical state is soft, with price below the 50-day and 200-day averages. RSI is weak near 32.6. MACD remains on the bearish side. No recent matched news was found for this ticker/date. Relative strength versus the benchmark looked mixed. 1-month excess return 0.09%; 3-month excess return -19.74%; 6-month excess return 3.08%."
2022-09-14,T,0,1.0,0.6951397429526573,miss,random_forest,target_5d_updown,"Technical state is soft, with price below the 50-day and 200-day averages. RSI is weak near 31.9. MACD remains on the bearish side.",No recent matched news was found for this ticker/date.,Relative strength versus the benchmark looked weak. 1-month excess return -0.79%; 3-month excess return -19.35%; 6-month excess return 3.57%.,"Model view: the setup leaned constructive. Confidence was around 70%. Technical state is soft, with price below the 50-day and 200-day averages. RSI is weak near 31.9. MACD remains on the bearish side. No recent matched news was found for this ticker/date. Relative strength versus the benchmark looked weak. 1-month excess return -0.79%; 3-month excess return -19.35%; 6-month excess return 3.57%."
2022-09-15,T,0,1.0,0.6008182408791855,miss,random_forest,target_5d_updown,"Technical state is soft, with price below the 50-day and 200-day averages. RSI is weak near 31.8. MACD remains on the bearish side.",No recent matched news was found for this ticker/date.,Relative strength versus the benchmark looked weak. 1-month excess return -0.54%; 3-month excess return -16.70%; 6-month excess return 6.13%.,"Model view: the setup leaned constructive. Confidence was around 60%. Technical state is soft, with price below the 50-day and 200-day averages. RSI is weak near 31.8. MACD remains on the bearish side. No recent matched news was found for this ticker/date. Relative strength versus the benchmark looked weak. 1-month excess return -0.54%; 3-month excess return -16.70%; 6-month excess return 6.13%."
2022-09-16,T,0,1.0,0.6591041811623927,miss,random_forest,target_5d_updown,"Technical state is soft, with price below the 50-day and 200-day averages. RSI is weak near 31.5. MACD remains on the bearish side.",No recent matched news was found for this ticker/date.,Relative strength versus the benchmark looked mixed. 1-month excess return 0.18%; 3-month excess return -17.28%; 6-month excess return 7.80%.,"Model view: the setup leaned constructive. Confidence was around 66%. Technical state is soft, with price below the 50-day and 200-day averages. RSI is weak near 31.5. MACD remains on the bearish side. No recent matched news was found for this ticker/date. Relative strength versus the benchmark looked mixed. 1-month excess return 0.18%; 3-month excess return -17.28%; 6-month excess return 7.80%."
2022-09-19,T,0,1.0,0.7145418617119164,miss,random_forest,target_5d_updown,"Technical state is soft, with price below the 50-day and 200-day averages. RSI is weak near 32.1. MACD remains on the bullish side.",No recent matched news was found for this ticker/date.,Relative strength versus the benchmark looked weak. 1-month excess return -0.18%; 3-month excess return -19.63%; 6-month excess return 8.08%.,"Model view: the setup leaned constructive. Confidence was around 71%. Technical state is soft, with price below the 50-day and 200-day averages. RSI is weak near 32.1. MACD remains on the bullish side. No recent matched news was found for this ticker/date. Relative strength versus the benchmark looked weak. 1-month excess return -0.18%; 3-month excess return -19.63%; 6-month excess return 8.08%."
2022-09-20,T,0,1.0,0.7136918329749133,miss,random_forest,target_5d_updown,"Technical state is soft, with price below the 50-day and 200-day averages. RSI is weak near 29.3. MACD remains on the bearish side.",No recent matched news was found for this ticker/date.,Relative strength versus the benchmark looked weak. 1-month excess return -1.50%; 3-month excess return -19.44%; 6-month excess return 8.17%.,"Model view: the setup leaned constructive. Confidence was around 71%. Technical state is soft, with price below the 50-day and 200-day averages. RSI is weak near 29.3. MACD remains on the bearish side. No recent matched news was found for this ticker/date. Relative strength versus the benchmark looked weak. 1-month excess return -1.50%; 3-month excess return -19.44%; 6-month excess return 8.17%."
2022-09-21,T,0,1.0,0.7685652211962696,miss,random_forest,target_5d_updown,"Technical state is soft, with price below the 50-day and 200-day averages. RSI is weak near 25.7. MACD remains on the bearish side.",No recent matched news was found for this ticker/date.,Relative strength versus the benchmark looked weak. 1-month excess return -2.04%; 3-month excess return -20.84%; 6-month excess return 8.70%.,"Model view: the setup leaned constructive. Confidence was around 77%. Technical state is soft, with price below the 50-day and 200-day averages. RSI is weak near 25.7. MACD remains on the bearish side. No recent matched news was found for this ticker/date. Relative strength versus the benchmark looked weak. 1-month excess return -2.04%; 3-month excess return -20.84%; 6-month excess return 8.70%."
2022-09-22,T,0,1.0,0.7561197013073534,miss,random_forest,target_5d_updown,"Technical state is soft, with price below the 50-day and 200-day averages. RSI is weak near 25.6. MACD remains on the bearish side.",No recent matched news was found for this ticker/date.,Relative strength versus the benchmark looked weak. 1-month excess return -1.19%; 3-month excess return -20.13%; 6-month excess return 8.27%.,"Model view: the setup leaned constructive. Confidence was around 76%. Technical state is soft, with price below the 50-day and 200-day averages. RSI is weak near 25.6. MACD remains on the bearish side. No recent matched news was found for this ticker/date. Relative strength versus the benchmark looked weak. 1-month excess return -1.19%; 3-month excess return -20.13%; 6-month excess return 8.27%."
2022-09-23,T,0,1.0,0.7708495349217599,miss,random_forest,target_5d_updown,"Technical state is soft, with price below the 50-day and 200-day averages. RSI is weak near 23.1. MACD remains on the bearish side.",No recent matched news was found for this ticker/date.,Relative strength versus the benchmark looked weak. 1-month excess return -0.44%; 3-month excess return -18.07%; 6-month excess return 8.83%.,"Model view: the setup leaned constructive. Confidence was around 77%. Technical state is soft, with price below the 50-day and 200-day averages. RSI is weak near 23.1. MACD remains on the bearish side. No recent matched news was found for this ticker/date. Relative strength versus the benchmark looked weak. 1-month excess return -0.44%; 3-month excess return -18.07%; 6-month excess return 8.83%."
2022-09-26,T,1,1.0,0.8025162015884265,hit,random_forest,target_5d_updown,"Technical state is soft, with price below the 50-day and 200-day averages. RSI is weak near 20.0. MACD remains on the bearish side.",No recent matched news was found for this ticker/date.,Relative strength versus the benchmark looked weak. 1-month excess return -0.57%; 3-month excess return -18.37%; 6-month excess return 6.20%.,"Model view: the setup leaned constructive. Confidence was around 80%. Technical state is soft, with price below the 50-day and 200-day averages. RSI is weak near 20.0. MACD remains on the bearish side. No recent matched news was found for this ticker/date. Relative strength versus the benchmark looked weak. 1-month excess return -0.57%; 3-month excess return -18.37%; 6-month excess return 6.20%."
2022-09-27,T,1,1.0,0.7431056400997439,hit,random_forest,target_5d_updown,"Technical state is soft, with price below the 50-day and 200-day averages. RSI is weak near 22.0. MACD remains on the bearish side.",No recent matched news was found for this ticker/date.,Relative strength versus the benchmark looked weak. 1-month excess return -2.11%; 3-month excess return -19.26%; 6-month excess return 7.20%.,"Model view: the setup leaned constructive. Confidence was around 74%. Technical state is soft, with price below the 50-day and 200-day averages. RSI is weak near 22.0. MACD remains on the bearish side. No recent matched news was found for this ticker/date. Relative strength versus the benchmark looked weak. 1-month excess return -2.11%; 3-month excess return -19.26%; 6-month excess return 7.20%."
2022-09-28,T,1,1.0,0.7458423347776152,hit,random_forest,target_5d_updown,"Technical state is soft, with price below the 50-day and 200-day averages. RSI is weak near 25.3. MACD remains on the bearish side.",No recent matched news was found for this ticker/date.,Relative strength versus the benchmark looked weak. 1-month excess return -2.98%; 3-month excess return -21.82%; 6-month excess return 7.12%.,"Model view: the setup leaned constructive. Confidence was around 75%. Technical state is soft, with price below the 50-day and 200-day averages. RSI is weak near 25.3. MACD remains on the bearish side. No recent matched news was found for this ticker/date. Relative strength versus the benchmark looked weak. 1-month excess return -2.98%; 3-month excess return -21.82%; 6-month excess return 7.12%."
2022-09-29,T,0,1.0,0.7908796554036875,miss,random_forest,target_5d_updown,"Technical state is soft, with price below the 50-day and 200-day averages. RSI is weak near 22.2. MACD remains on the bearish side.",No recent matched news was found for this ticker/date.,Relative strength versus the benchmark looked weak. 1-month excess return -3.93%; 3-month excess return -22.01%; 6-month excess return 6.11%.,"Model view: the setup leaned constructive. Confidence was around 79%. Technical state is soft, with price below the 50-day and 200-day averages. RSI is weak near 22.2. MACD remains on the bearish side. No recent matched news was found for this ticker/date. Relative strength versus the benchmark looked weak. 1-month excess return -3.93%; 3-month excess return -22.01%; 6-month excess return 6.11%."
2022-09-30,T,0,1.0,0.7683796554036876,miss,random_forest,target_5d_updown,"Technical state is soft, with price below the 50-day and 200-day averages. RSI is weak near 20.5. MACD remains on the bearish side.",No recent matched news was found for this ticker/date.,Relative strength versus the benchmark looked weak. 1-month excess return -2.95%; 3-month excess return -21.70%; 6-month excess return 6.87%.,"Model view: the setup leaned constructive. Confidence was around 77%. Technical state is soft, with price below the 50-day and 200-day averages. RSI is weak near 20.5. MACD remains on the bearish side. No recent matched news was found for this ticker/date. Relative strength versus the benchmark looked weak. 1-month excess return -2.95%; 3-month excess return -21.70%; 6-month excess return 6.87%."
2022-10-03,T,0,1.0,0.6666451314860157,miss,random_forest,target_5d_updown,"Technical state is soft, with price below the 50-day and 200-day averages. RSI is weak near 36.0. MACD remains on the bearish side.",No recent matched news was found for this ticker/date.,Relative strength versus the benchmark looked weak. 1-month excess return -1.65%; 3-month excess return -20.88%; 6-month excess return 6.85%.,"Model view: the setup leaned constructive. Confidence was around 67%. Technical state is soft, with price below the 50-day and 200-day averages. RSI is weak near 36.0. MACD remains on the bearish side. No recent matched news was found for this ticker/date. Relative strength versus the benchmark looked weak. 1-month excess return -1.65%; 3-month excess return -20.88%; 6-month excess return 6.85%."
2022-10-04,T,0,1.0,0.6863752902161744,miss,random_forest,target_5d_updown,"Technical state is soft, with price below the 50-day and 200-day averages. MACD remains on the bullish side.",No recent matched news was found for this ticker/date.,Relative strength versus the benchmark looked weak. 1-month excess return -2.73%; 3-month excess return -22.25%; 6-month excess return 5.40%.,"Model view: the setup leaned constructive. Confidence was around 69%. Technical state is soft, with price below the 50-day and 200-day averages. MACD remains on the bullish side. No recent matched news was found for this ticker/date. Relative strength versus the benchmark looked weak. 1-month excess return -2.73%; 3-month excess return -22.25%; 6-month excess return 5.40%."
2022-10-05,T,0,1.0,0.7372612664312469,miss,random_forest,target_5d_updown,"Technical state is soft, with price below the 50-day and 200-day averages. RSI is weak near 38.0. MACD remains on the bullish side.",No recent matched news was found for this ticker/date.,Relative strength versus the benchmark looked weak. 1-month excess return -1.61%; 3-month excess return -21.63%; 6-month excess return 4.70%.,"Model view: the setup leaned constructive. Confidence was around 74%. Technical state is soft, with price below the 50-day and 200-day averages. RSI is weak near 38.0. MACD remains on the bullish side. No recent matched news was found for this ticker/date. Relative strength versus the benchmark looked weak. 1-month excess return -1.61%; 3-month excess return -21.63%; 6-month excess return 4.70%."
2022-10-06,T,0,1.0,0.7912129887370211,miss,random_forest,target_5d_updown,"Technical state is soft, with price below the 50-day and 200-day averages. RSI is weak near 30.8. MACD remains on the bullish side.",No recent matched news was found for this ticker/date.,Relative strength versus the benchmark looked weak. 1-month excess return -2.97%; 3-month excess return -22.34%; 6-month excess return 0.85%.,"Model view: the setup leaned constructive. Confidence was around 79%. Technical state is soft, with price below the 50-day and 200-day averages. RSI is weak near 30.8. MACD remains on the bullish side. No recent matched news was found for this ticker/date. Relative strength versus the benchmark looked weak. 1-month excess return -2.97%; 3-month excess return -22.34%; 6-month excess return 0.85%."
2022-10-07,T,1,1.0,0.7904950400190722,hit,random_forest,target_5d_updown,"Technical state is soft, with price below the 50-day and 200-day averages. RSI is weak near 27.3. MACD remains on the bearish side.",No recent matched news was found for this ticker/date.,Relative strength versus the benchmark looked weak. 1-month excess return -1.47%; 3-month excess return -22.05%; 6-month excess return 2.56%.,"Model view: the setup leaned constructive. Confidence was around 79%. Technical state is soft, with price below the 50-day and 200-day averages. RSI is weak near 27.3. MACD remains on the bearish side. No recent matched news was found for this ticker/date. Relative strength versus the benchmark looked weak. 1-month excess return -1.47%; 3-month excess return -22.05%; 6-month excess return 2.56%."
2022-10-10,T,1,1.0,0.7907674688481048,hit,random_forest,target_5d_updown,"Technical state is soft, with price below the 50-day and 200-day averages. RSI is weak near 27.0. MACD remains on the bearish side.",No recent matched news was found for this ticker/date.,Relative strength versus the benchmark looked weak. 1-month excess return -1.03%; 3-month excess return -22.20%; 6-month excess return 1.33%.,"Model view: the setup leaned constructive. Confidence was around 79%. Technical state is soft, with price below the 50-day and 200-day averages. RSI is weak near 27.0. MACD remains on the bearish side. No recent matched news was found for this ticker/date. Relative strength versus the benchmark looked weak. 1-month excess return -1.03%; 3-month excess return -22.20%; 6-month excess return 1.33%."
2022-10-11,T,1,1.0,0.8259891679823039,hit,random_forest,target_5d_updown,"Technical state is soft, with price below the 50-day and 200-day averages. RSI is weak near 26.2. MACD remains on the bearish side.",No recent matched news was found for this ticker/date.,Relative strength versus the benchmark looked weak. 1-month excess return -1.77%; 3-month excess return -21.92%; 6-month excess return -5.83%.,"Model view: the setup leaned constructive. Confidence was around 83%. Technical state is soft, with price below the 50-day and 200-day averages. RSI is weak near 26.2. MACD remains on the bearish side. No recent matched news was found for this ticker/date. Relative strength versus the benchmark looked weak. 1-month excess return -1.77%; 3-month excess return -21.92%; 6-month excess return -5.83%."
2022-10-12,T,1,1.0,0.8229799759165082,hit,random_forest,target_5d_updown,"Technical state is soft, with price below the 50-day and 200-day averages. RSI is weak near 24.6. MACD remains on the bearish side.",No recent matched news was found for this ticker/date.,Relative strength versus the benchmark looked weak. 1-month excess return -3.74%; 3-month excess return -22.34%; 6-month excess return -6.52%.,"Model view: the setup leaned constructive. Confidence was around 82%. Technical state is soft, with price below the 50-day and 200-day averages. RSI is weak near 24.6. MACD remains on the bearish side. No recent matched news was found for this ticker/date. Relative strength versus the benchmark looked weak. 1-month excess return -3.74%; 3-month excess return -22.34%; 6-month excess return -6.52%."
2022-10-13,T,1,1.0,0.7175850356971233,hit,random_forest,target_5d_updown,"Technical state is soft, with price below the 50-day and 200-day averages. RSI is weak near 35.9. MACD remains on the bearish side.",No recent matched news was found for this ticker/date.,Relative strength versus the benchmark looked weak. 1-month excess return -2.53%; 3-month excess return -21.47%; 6-month excess return -4.66%.,"Model view: the setup leaned constructive. Confidence was around 72%. Technical state is soft, with price below the 50-day and 200-day averages. RSI is weak near 35.9. MACD remains on the bearish side. No recent matched news was found for this ticker/date. Relative strength versus the benchmark looked weak. 1-month excess return -2.53%; 3-month excess return -21.47%; 6-month excess return -4.66%."
2022-10-14,T,1,1.0,0.7567132563563922,hit,random_forest,target_5d_updown,"Technical state is soft, with price below the 50-day and 200-day averages. RSI is weak near 34.4. MACD remains on the bearish side.",No recent matched news was found for this ticker/date.,Relative strength versus the benchmark looked weak. 1-month excess return -2.19%; 3-month excess return -20.60%; 6-month excess return -4.93%.,"Model view: the setup leaned constructive. Confidence was around 76%. Technical state is soft, with price below the 50-day and 200-day averages. RSI is weak near 34.4. MACD remains on the bearish side. No recent matched news was found for this ticker/date. Relative strength versus the benchmark looked weak. 1-month excess return -2.19%; 3-month excess return -20.60%; 6-month excess return -4.93%."
2022-10-17,T,1,1.0,0.6721766180881619,hit,random_forest,target_5d_updown,"Technical state is soft, with price below the 50-day and 200-day averages. MACD remains on the bullish side. Volatility is elevated at roughly 30.1%.",No recent matched news was found for this ticker/date.,Relative strength versus the benchmark looked weak. 1-month excess return -3.24%; 3-month excess return -19.85%; 6-month excess return -5.03%.,"Model view: the setup leaned constructive. Confidence was around 67%. Technical state is soft, with price below the 50-day and 200-day averages. MACD remains on the bullish side. Volatility is elevated at roughly 30.1%. No recent matched news was found for this ticker/date. Relative strength versus the benchmark looked weak. 1-month excess return -3.24%; 3-month excess return -19.85%; 6-month excess return -5.03%."
2022-10-18,T,1,1.0,0.6664014829490461,hit,random_forest,target_5d_updown,"Technical state is soft, with price below the 50-day and 200-day averages. MACD remains on the bullish side. Volatility is elevated at roughly 31.0%.",No recent matched news was found for this ticker/date.,Relative strength versus the benchmark looked weak. 1-month excess return -2.01%; 3-month excess return -17.78%; 6-month excess return -3.32%.,"Model view: the setup leaned constructive. Confidence was around 67%. Technical state is soft, with price below the 50-day and 200-day averages. MACD remains on the bullish side. Volatility is elevated at roughly 31.0%. No recent matched news was found for this ticker/date. Relative strength versus the benchmark looked weak. 1-month excess return -2.01%; 3-month excess return -17.78%; 6-month excess return -3.32%."
2022-10-19,T,1,1.0,0.6720233673303107,hit,random_forest,target_5d_updown,"Technical state is soft, with price below the 50-day and 200-day averages. MACD remains on the bullish side. Volatility is elevated at roughly 30.5%.",No recent matched news was found for this ticker/date.,Relative strength versus the benchmark looked weak. 1-month excess return -1.66%; 3-month excess return -10.23%; 6-month excess return -2.87%.,"Model view: the setup leaned constructive. Confidence was around 67%. Technical state is soft, with price below the 50-day and 200-day averages. MACD remains on the bullish side. Volatility is elevated at roughly 30.5%. No recent matched news was found for this ticker/date. Relative strength versus the benchmark looked weak. 1-month excess return -1.66%; 3-month excess return -10.23%; 6-month excess return -2.87%."
2022-10-20,T,1,1.0,0.6631184827209309,hit,random_forest,target_5d_updown,"Technical state is mixed, with price not fully aligned across the major moving averages. RSI is in a steady zone near 61.1. MACD remains on the bullish side. Volatility is elevated at roughly 41.5%.",No recent matched news was found for this ticker/date.,Relative strength versus the benchmark looked mixed. 1-month excess return 6.60%; 3-month excess return -1.47%; 6-month excess return -0.57%.,"Model view: the setup leaned constructive. Confidence was around 66%. Technical state is mixed, with price not fully aligned across the major moving averages. RSI is in a steady zone near 61.1. MACD remains on the bullish side. Volatility is elevated at roughly 41.5%. No recent matched news was found for this ticker/date. Relative strength versus the benchmark looked mixed. 1-month excess return 6.60%; 3-month excess return -1.47%; 6-month excess return -0.57%."
2022-10-21,T,1,1.0,0.606253898491775,hit,random_forest,target_5d_updown,"Technical state is mixed, with price not fully aligned across the major moving averages. RSI is in a steady zone near 64.5. MACD remains on the bullish side. Volatility is elevated at roughly 41.6%.",No recent matched news was found for this ticker/date.,Relative strength versus the benchmark looked mixed. 1-month excess return 5.72%; 3-month excess return -2.30%; 6-month excess return -0.20%.,"Model view: the setup leaned constructive. Confidence was around 61%. Technical state is mixed, with price not fully aligned across the major moving averages. RSI is in a steady zone near 64.5. MACD remains on the bullish side. Volatility is elevated at roughly 41.6%. No recent matched news was found for this ticker/date. Relative strength versus the benchmark looked mixed. 1-month excess return 5.72%; 3-month excess return -2.30%; 6-month excess return -0.20%."
2022-10-24,T,1,1.0,0.5874633315088795,hit,random_forest,target_5d_updown,"Technical state is mixed, with price not fully aligned across the major moving averages. MACD remains on the bullish side. Volatility is elevated at roughly 41.1%.",No recent matched news was found for this ticker/date.,Relative strength versus the benchmark looked favorable. 1-month excess return 6.88%; 3-month excess return -1.21%; 6-month excess return 1.36%.,"Model view: the setup leaned constructive. Confidence was around 59%. Technical state is mixed, with price not fully aligned across the major moving averages. MACD remains on the bullish side. Volatility is elevated at roughly 41.1%. No recent matched news was found for this ticker/date. Relative strength versus the benchmark looked favorable. 1-month excess return 6.88%; 3-month excess return -1.21%; 6-month excess return 1.36%."
2022-10-25,T,1,1.0,0.6192947051918213,hit,random_forest,target_5d_updown,"Technical state is mixed, with price not fully aligned across the major moving averages. MACD remains on the bullish side. Volatility is elevated at roughly 41.1%.",No recent matched news was found for this ticker/date.,Relative strength versus the benchmark looked favorable. 1-month excess return 7.71%; 3-month excess return 0.24%; 6-month excess return -0.82%.,"Model view: the setup leaned constructive. Confidence was around 62%. Technical state is mixed, with price not fully aligned across the major moving averages. MACD remains on the bullish side. Volatility is elevated at roughly 41.1%. No recent matched news was found for this ticker/date. Relative strength versus the benchmark looked favorable. 1-month excess return 7.71%; 3-month excess return 0.24%; 6-month excess return -0.82%."
2022-10-26,T,1,1.0,0.6090063546534707,hit,random_forest,target_5d_updown,"Technical state is mixed, with price not fully aligned across the major moving averages. RSI is elevated near 72.5, so chasing strength may add risk. MACD remains on the bullish side. Volatility is elevated at roughly 41.7%.",No recent matched news was found for this ticker/date.,Relative strength versus the benchmark looked favorable. 1-month excess return 10.63%; 3-month excess return 3.58%; 6-month excess return 3.58%.,"Model view: the setup leaned constructive. Confidence was around 61%. Technical state is mixed, with price not fully aligned across the major moving averages. RSI is elevated near 72.5, so chasing strength may add risk. MACD remains on the bullish side. Volatility is elevated at roughly 41.7%. No recent matched news was found for this ticker/date. Relative strength versus the benchmark looked favorable. 1-month excess return 10.63%; 3-month excess return 3.58%; 6-month excess return 3.58%."
2022-10-27,T,1,1.0,0.6199430875112563,hit,random_forest,target_5d_updown,"Technical state is mixed, with price not fully aligned across the major moving averages. RSI is elevated near 70.5, so chasing strength may add risk. MACD remains on the bullish side. Volatility is elevated at roughly 40.9%.",No recent matched news was found for this ticker/date.,Relative strength versus the benchmark looked favorable. 1-month excess return 11.33%; 3-month excess return 3.81%; 6-month excess return 4.01%.,"Model view: the setup leaned constructive. Confidence was around 62%. Technical state is mixed, with price not fully aligned across the major moving averages. RSI is elevated near 70.5, so chasing strength may add risk. MACD remains on the bullish side. Volatility is elevated at roughly 40.9%. No recent matched news was found for this ticker/date. Relative strength versus the benchmark looked favorable. 1-month excess return 11.33%; 3-month excess return 3.81%; 6-month excess return 4.01%."
2022-10-28,T,0,1.0,0.5351368104549792,miss,random_forest,target_5d_updown,"Technical state is mixed, with price not fully aligned across the major moving averages. RSI is elevated near 73.6, so chasing strength may add risk. MACD remains on the bullish side. Volatility is elevated at roughly 40.6%.",No recent matched news was found for this ticker/date.,Relative strength versus the benchmark looked favorable. 1-month excess return 11.80%; 3-month excess return 4.03%; 6-month excess return 3.61%.,"Model view: the setup leaned constructive. Confidence was around 54%. Technical state is mixed, with price not fully aligned across the major moving averages. RSI is elevated near 73.6, so chasing strength may add risk. MACD remains on the bullish side. Volatility is elevated at roughly 40.6%. No recent matched news was found for this ticker/date. Relative strength versus the benchmark looked favorable. 1-month excess return 11.80%; 3-month excess return 4.03%; 6-month excess return 3.61%."
2022-10-31,T,1,1.0,0.5986714696091673,hit,random_forest,target_5d_updown,"Technical state is mixed, with price not fully aligned across the major moving averages. MACD remains on the bullish side. Volatility is elevated at roughly 40.1%.",No recent matched news was found for this ticker/date.,Relative strength versus the benchmark looked favorable. 1-month excess return 10.72%; 3-month excess return 4.69%; 6-month excess return 2.20%.,"Model view: the setup leaned constructive. Confidence was around 60%. Technical state is mixed, with price not fully aligned across the major moving averages. MACD remains on the bullish side. Volatility is elevated at roughly 40.1%. No recent matched news was found for this ticker/date. Relative strength versus the benchmark looked favorable. 1-month excess return 10.72%; 3-month excess return 4.69%; 6-month excess return 2.20%."
2022-11-01,T,1,1.0,0.5989341887203452,hit,random_forest,target_5d_updown,"Technical state is mixed, with price not fully aligned across the major moving averages. RSI is elevated near 70.2, so chasing strength may add risk. MACD remains on the bullish side. Volatility is elevated at roughly 40.0%.",No recent matched news was found for this ticker/date.,Relative strength versus the benchmark looked favorable. 1-month excess return 10.50%; 3-month excess return 7.12%; 6-month excess return 2.56%.,"Model view: the setup leaned constructive. Confidence was around 60%. Technical state is mixed, with price not fully aligned across the major moving averages. RSI is elevated near 70.2, so chasing strength may add risk. MACD remains on the bullish side. Volatility is elevated at roughly 40.0%. No recent matched news was found for this ticker/date. Relative strength versus the benchmark looked favorable. 1-month excess return 10.50%; 3-month excess return 7.12%; 6-month excess return 2.56%."
2022-11-02,T,0,1.0,0.58156679557709,miss,random_forest,target_5d_updown,"Technical state is mixed, with price not fully aligned across the major moving averages. RSI is elevated near 70.8, so chasing strength may add risk. MACD remains on the bullish side. Volatility is elevated at roughly 39.6%.",No recent matched news was found for this ticker/date.,Relative strength versus the benchmark looked favorable. 1-month excess return 15.32%; 3-month excess return 10.40%; 6-month excess return 5.02%.,"Model view: the setup leaned constructive. Confidence was around 58%. Technical state is mixed, with price not fully aligned across the major moving averages. RSI is elevated near 70.8, so chasing strength may add risk. MACD remains on the bullish side. Volatility is elevated at roughly 39.6%. No recent matched news was found for this ticker/date. Relative strength versus the benchmark looked favorable. 1-month excess return 15.32%; 3-month excess return 10.40%; 6-month excess return 5.02%."
2022-11-03,T,1,1.0,0.5890238505523864,hit,random_forest,target_5d_updown,"Technical state is mixed, with price not fully aligned across the major moving averages. MACD remains on the bullish side. Volatility is elevated at roughly 36.7%.",No recent matched news was found for this ticker/date.,Relative strength versus the benchmark looked favorable. 1-month excess return 15.73%; 3-month excess return 9.32%; 6-month excess return 1.50%.,"Model view: the setup leaned constructive. Confidence was around 59%. Technical state is mixed, with price not fully aligned across the major moving averages. MACD remains on the bullish side. Volatility is elevated at roughly 36.7%. No recent matched news was found for this ticker/date. Relative strength versus the benchmark looked favorable. 1-month excess return 15.73%; 3-month excess return 9.32%; 6-month excess return 1.50%."
2022-11-04,T,1,1.0,0.5664339479887874,hit,random_forest,target_5d_updown,"Technical state is mixed, with price not fully aligned across the major moving averages. MACD remains on the bullish side. Volatility is elevated at roughly 34.5%.",No recent matched news was found for this ticker/date.,Relative strength versus the benchmark looked favorable. 1-month excess return 18.75%; 3-month excess return 10.69%; 6-month excess return 0.00%.,"Model view: the setup leaned constructive. Confidence was around 57%. Technical state is mixed, with price not fully aligned across the major moving averages. MACD remains on the bullish side. Volatility is elevated at roughly 34.5%. No recent matched news was found for this ticker/date. Relative strength versus the benchmark looked favorable. 1-month excess return 18.75%; 3-month excess return 10.69%; 6-month excess return 0.00%."
2022-11-07,T,1,1.0,0.5721754374939216,hit,random_forest,target_5d_updown,"Technical state is mixed, with price not fully aligned across the major moving averages. MACD remains on the bullish side. Volatility is elevated at roughly 34.3%.",No recent matched news was found for this ticker/date.,Relative strength versus the benchmark looked favorable. 1-month excess return 18.15%; 3-month excess return 9.11%; 6-month excess return -1.51%.,"Model view: the setup leaned constructive. Confidence was around 57%. Technical state is mixed, with price not fully aligned across the major moving averages. MACD remains on the bullish side. Volatility is elevated at roughly 34.3%. No recent matched news was found for this ticker/date. Relative strength versus the benchmark looked favorable. 1-month excess return 18.15%; 3-month excess return 9.11%; 6-month excess return -1.51%."
2022-11-08,T,1,0.0,0.5332323328181817,miss,random_forest,target_5d_updown,"Technical state is constructive, with price above the 50-day and 200-day averages. MACD remains on the bullish side. Volatility is elevated at roughly 33.7%.",No recent matched news was found for this ticker/date.,Relative strength versus the benchmark looked favorable. 1-month excess return 18.53%; 3-month excess return 12.18%; 6-month excess return 0.23%.,"Model view: the setup leaned cautious. Confidence was around 53%. Technical state is constructive, with price above the 50-day and 200-day averages. MACD remains on the bullish side. Volatility is elevated at roughly 33.7%. No recent matched news was found for this ticker/date. Relative strength versus the benchmark looked favorable. 1-month excess return 18.53%; 3-month excess return 12.18%; 6-month excess return 0.23%."
2022-11-09,T,1,0.0,0.5119144201569176,miss,random_forest,target_5d_updown,"Technical state is mixed, with price not fully aligned across the major moving averages. MACD remains on the bullish side. Volatility is elevated at roughly 33.5%.",No recent matched news was found for this ticker/date.,Relative strength versus the benchmark looked favorable. 1-month excess return 19.48%; 3-month excess return 12.81%; 6-month excess return -0.68%.,"Model view: the setup leaned cautious. Confidence was around 51%. Technical state is mixed, with price not fully aligned across the major moving averages. MACD remains on the bullish side. Volatility is elevated at roughly 33.5%. No recent matched news was found for this ticker/date. Relative strength versus the benchmark looked favorable. 1-month excess return 19.48%; 3-month excess return 12.81%; 6-month excess return -0.68%."
2022-11-10,T,1,0.0,0.5407470603340149,miss,random_forest,target_5d_updown,"Technical state is constructive, with price above the 50-day and 200-day averages. RSI is elevated near 70.2, so chasing strength may add risk. MACD remains on the bullish side. Volatility is elevated at roughly 32.9%.",No recent matched news was found for this ticker/date.,Relative strength versus the benchmark looked favorable. 1-month excess return 18.08%; 3-month excess return 10.75%; 6-month excess return -5.03%.,"Model view: the setup leaned cautious. Confidence was around 54%. Technical state is constructive, with price above the 50-day and 200-day averages. RSI is elevated near 70.2, so chasing strength may add risk. MACD remains on the bullish side. Volatility is elevated at roughly 32.9%. No recent matched news was found for this ticker/date. Relative strength versus the benchmark looked favorable. 1-month excess return 18.08%; 3-month excess return 10.75%; 6-month excess return -5.03%."
2022-11-11,T,0,0.0,0.5397888721807047,hit,random_forest,target_5d_updown,"Technical state is constructive, with price above the 50-day and 200-day averages. RSI is elevated near 71.9, so chasing strength may add risk. MACD remains on the bullish side. Volatility is elevated at roughly 32.1%.",No recent matched news was found for this ticker/date.,Relative strength versus the benchmark looked favorable. 1-month excess return 17.09%; 3-month excess return 10.74%; 6-month excess return -3.17%.,"Model view: the setup leaned cautious. Confidence was around 54%. Technical state is constructive, with price above the 50-day and 200-day averages. RSI is elevated near 71.9, so chasing strength may add risk. MACD remains on the bullish side. Volatility is elevated at roughly 32.1%. No recent matched news was found for this ticker/date. Relative strength versus the benchmark looked favorable. 1-month excess return 17.09%; 3-month excess return 10.74%; 6-month excess return -3.17%."
2022-11-14,T,0,1.0,0.5064921629606244,miss,random_forest,target_5d_updown,"Technical state is constructive, with price above the 50-day and 200-day averages. RSI is elevated near 72.0, so chasing strength may add risk. MACD remains on the bullish side. Volatility is elevated at roughly 32.1%.",No recent matched news was found for this ticker/date.,Relative strength versus the benchmark looked favorable. 1-month excess return 16.63%; 3-month excess return 10.69%; 6-month excess return -4.76%.,"Model view: the setup leaned constructive. Confidence was around 51%. Technical state is constructive, with price above the 50-day and 200-day averages. RSI is elevated near 72.0, so chasing strength may add risk. MACD remains on the bullish side. Volatility is elevated at roughly 32.1%. No recent matched news was found for this ticker/date. Relative strength versus the benchmark looked favorable. 1-month excess return 16.63%; 3-month excess return 10.69%; 6-month excess return -4.76%."
2022-11-15,T,0,1.0,0.5055768129995872,miss,random_forest,target_5d_updown,"Technical state is constructive, with price above the 50-day and 200-day averages. RSI is elevated near 71.1, so chasing strength may add risk. MACD remains on the bullish side. Volatility is elevated at roughly 32.3%.",No recent matched news was found for this ticker/date.,Relative strength versus the benchmark looked favorable. 1-month excess return 15.56%; 3-month excess return 9.91%; 6-month excess return -5.14%.,"Model view: the setup leaned constructive. Confidence was around 51%. Technical state is constructive, with price above the 50-day and 200-day averages. RSI is elevated near 71.1, so chasing strength may add risk. MACD remains on the bullish side. Volatility is elevated at roughly 32.3%. No recent matched news was found for this ticker/date. Relative strength versus the benchmark looked favorable. 1-month excess return 15.56%; 3-month excess return 9.91%; 6-month excess return -5.14%."
2022-11-16,T,1,0.0,0.510786393315005,miss,random_forest,target_5d_updown,"Technical state is constructive, with price above the 50-day and 200-day averages. MACD remains on the bullish side. Volatility is elevated at roughly 32.4%.",No recent matched news was found for this ticker/date.,Relative strength versus the benchmark looked favorable. 1-month excess return 14.76%; 3-month excess return 10.36%; 6-month excess return -7.29%.,"Model view: the setup leaned cautious. Confidence was around 51%. Technical state is constructive, with price above the 50-day and 200-day averages. MACD remains on the bullish side. Volatility is elevated at roughly 32.4%. No recent matched news was found for this ticker/date. Relative strength versus the benchmark looked favorable. 1-month excess return 14.76%; 3-month excess return 10.36%; 6-month excess return -7.29%."
2022-11-17,T,1,0.0,0.5249125814102092,miss,random_forest,target_5d_updown,"Technical state is constructive, with price above the 50-day and 200-day averages. MACD remains on the bullish side.",No recent matched news was found for this ticker/date.,Relative strength versus the benchmark looked favorable. 1-month excess return 14.92%; 3-month excess return 9.45%; 6-month excess return -7.48%.,"Model view: the setup leaned cautious. Confidence was around 52%. Technical state is constructive, with price above the 50-day and 200-day averages. MACD remains on the bullish side. No recent matched news was found for this ticker/date. Relative strength versus the benchmark looked favorable. 1-month excess return 14.92%; 3-month excess return 9.45%; 6-month excess return -7.48%."
2022-11-18,T,0,0.0,0.5175664294926016,hit,random_forest,target_5d_updown,"Technical state is constructive, with price above the 50-day and 200-day averages. MACD remains on the bearish side.",No recent matched news was found for this ticker/date.,Relative strength versus the benchmark looked favorable. 1-month excess return 4.94%; 3-month excess return 8.83%; 6-month excess return -8.68%.,"Model view: the setup leaned cautious. Confidence was around 52%. Technical state is constructive, with price above the 50-day and 200-day averages. MACD remains on the bearish side. No recent matched news was found for this ticker/date. Relative strength versus the benchmark looked favorable. 1-month excess return 4.94%; 3-month excess return 8.83%; 6-month excess return -8.68%."
2022-11-21,T,1,0.0,0.5208798253036181,miss,random_forest,target_5d_updown,"Technical state is constructive, with price above the 50-day and 200-day averages. MACD remains on the bearish side.",No recent matched news was found for this ticker/date.,Relative strength versus the benchmark looked favorable. 1-month excess return 4.71%; 3-month excess return 8.63%; 6-month excess return -8.59%.,"Model view: the setup leaned cautious. Confidence was around 52%. Technical state is constructive, with price above the 50-day and 200-day averages. MACD remains on the bearish side. No recent matched news was found for this ticker/date. Relative strength versus the benchmark looked favorable. 1-month excess return 4.71%; 3-month excess return 8.63%; 6-month excess return -8.59%."
2022-11-22,T,1,0.0,0.5491249152637047,miss,random_forest,target_5d_updown,"Technical state is constructive, with price above the 50-day and 200-day averages. MACD remains on the bearish side.",No recent matched news was found for this ticker/date.,Relative strength versus the benchmark looked favorable. 1-month excess return 2.92%; 3-month excess return 8.82%; 6-month excess return -11.69%.,"Model view: the setup leaned cautious. Confidence was around 55%. Technical state is constructive, with price above the 50-day and 200-day averages. MACD remains on the bearish side. No recent matched news was found for this ticker/date. Relative strength versus the benchmark looked favorable. 1-month excess return 2.92%; 3-month excess return 8.82%; 6-month excess return -11.69%."
2022-11-23,T,1,0.0,0.5655549368027475,miss,random_forest,target_5d_updown,"Technical state is constructive, with price above the 50-day and 200-day averages. MACD remains on the bearish side.",No recent matched news was found for this ticker/date.,Relative strength versus the benchmark looked favorable. 1-month excess return 3.37%; 3-month excess return 9.65%; 6-month excess return -11.65%.,"Model view: the setup leaned cautious. Confidence was around 57%. Technical state is constructive, with price above the 50-day and 200-day averages. MACD remains on the bearish side. No recent matched news was found for this ticker/date. Relative strength versus the benchmark looked favorable. 1-month excess return 3.37%; 3-month excess return 9.65%; 6-month excess return -11.65%."
2022-11-25,T,0,0.0,0.5962338686722716,hit,random_forest,target_5d_updown,"Technical state is constructive, with price above the 50-day and 200-day averages. MACD remains on the bearish side.",No recent matched news was found for this ticker/date.,Relative strength versus the benchmark looked favorable. 1-month excess return 0.08%; 3-month excess return 7.60%; 6-month excess return -9.60%.,"Model view: the setup leaned cautious. Confidence was around 60%. Technical state is constructive, with price above the 50-day and 200-day averages. MACD remains on the bearish side. No recent matched news was found for this ticker/date. Relative strength versus the benchmark looked favorable. 1-month excess return 0.08%; 3-month excess return 7.60%; 6-month excess return -9.60%."
2022-11-28,T,0,0.0,0.5812778179106826,hit,random_forest,target_5d_updown,"Technical state is constructive, with price above the 50-day and 200-day averages. RSI is in a steady zone near 61.0. MACD remains on the bearish side.",No recent matched news was found for this ticker/date.,Relative strength versus the benchmark looked favorable. 1-month excess return 0.17%; 3-month excess return 7.50%; 6-month excess return -6.93%.,"Model view: the setup leaned cautious. Confidence was around 58%. Technical state is constructive, with price above the 50-day and 200-day averages. RSI is in a steady zone near 61.0. MACD remains on the bearish side. No recent matched news was found for this ticker/date. Relative strength versus the benchmark looked favorable. 1-month excess return 0.17%; 3-month excess return 7.50%; 6-month excess return -6.93%."
2022-11-29,T,1,0.0,0.6294038231522957,miss,random_forest,target_5d_updown,"Technical state is constructive, with price above the 50-day and 200-day averages. RSI is in a steady zone near 64.0. MACD remains on the bearish side.",No recent matched news was found for this ticker/date.,Relative strength versus the benchmark looked favorable. 1-month excess return 1.21%; 3-month excess return 7.42%; 6-month excess return -6.40%.,"Model view: the setup leaned cautious. Confidence was around 63%. Technical state is constructive, with price above the 50-day and 200-day averages. RSI is in a steady zone near 64.0. MACD remains on the bearish side. No recent matched news was found for this ticker/date. Relative strength versus the benchmark looked favorable. 1-month excess return 1.21%; 3-month excess return 7.42%; 6-month excess return -6.40%."
2022-11-30,T,1,0.0,0.6051636401476458,miss,random_forest,target_5d_updown,"Technical state is constructive, with price above the 50-day and 200-day averages. MACD remains on the bearish side.",No recent matched news was found for this ticker/date.,Relative strength versus the benchmark looked favorable. 1-month excess return 0.25%; 3-month excess return 6.80%; 6-month excess return -8.61%.,"Model view: the setup leaned cautious. Confidence was around 61%. Technical state is constructive, with price above the 50-day and 200-day averages. MACD remains on the bearish side. No recent matched news was found for this ticker/date. Relative strength versus the benchmark looked favorable. 1-month excess return 0.25%; 3-month excess return 6.80%; 6-month excess return -8.61%."
2022-12-01,T,0,0.0,0.5908873983733809,hit,random_forest,target_5d_updown,"Technical state is constructive, with price above the 50-day and 200-day averages. MACD remains on the bearish side.",No recent matched news was found for this ticker/date.,Relative strength versus the benchmark looked mixed. 1-month excess return -1.37%; 3-month excess return 6.84%; 6-month excess return -7.06%.,"Model view: the setup leaned cautious. Confidence was around 59%. Technical state is constructive, with price above the 50-day and 200-day averages. MACD remains on the bearish side. No recent matched news was found for this ticker/date. Relative strength versus the benchmark looked mixed. 1-month excess return -1.37%; 3-month excess return 6.84%; 6-month excess return -7.06%."
2022-12-02,T,1,0.0,0.5579564991788284,miss,random_forest,target_5d_updown,"Technical state is constructive, with price above the 50-day and 200-day averages. RSI is in a steady zone near 60.8. MACD remains on the bearish side.",No recent matched news was found for this ticker/date.,Relative strength versus the benchmark looked mixed. 1-month excess return -5.36%; 3-month excess return 6.89%; 6-month excess return -8.08%.,"Model view: the setup leaned cautious. Confidence was around 56%. Technical state is constructive, with price above the 50-day and 200-day averages. RSI is in a steady zone near 60.8. MACD remains on the bearish side. No recent matched news was found for this ticker/date. Relative strength versus the benchmark looked mixed. 1-month excess return -5.36%; 3-month excess return 6.89%; 6-month excess return -8.08%."
2022-12-05,T,1,0.0,0.5812398582778419,miss,random_forest,target_5d_updown,"Technical state is constructive, with price above the 50-day and 200-day averages. RSI is in a steady zone near 54.4. MACD remains on the bearish side.",No recent matched news was found for this ticker/date.,Relative strength versus the benchmark looked mixed. 1-month excess return -4.59%; 3-month excess return 9.42%; 6-month excess return -7.52%.,"Model view: the setup leaned cautious. Confidence was around 58%. Technical state is constructive, with price above the 50-day and 200-day averages. RSI is in a steady zone near 54.4. MACD remains on the bearish side. No recent matched news was found for this ticker/date. Relative strength versus the benchmark looked mixed. 1-month excess return -4.59%; 3-month excess return 9.42%; 6-month excess return -7.52%."
2022-12-06,T,0,0.0,0.6190402193704598,hit,random_forest,target_5d_updown,"Technical state is constructive, with price above the 50-day and 200-day averages. RSI is in a steady zone near 61.3. MACD remains on the bearish side.",No recent matched news was found for this ticker/date.,Relative strength versus the benchmark looked mixed. 1-month excess return -0.05%; 3-month excess return 14.63%; 6-month excess return -4.05%.,"Model view: the setup leaned cautious. Confidence was around 62%. Technical state is constructive, with price above the 50-day and 200-day averages. RSI is in a steady zone near 61.3. MACD remains on the bearish side. No recent matched news was found for this ticker/date. Relative strength versus the benchmark looked mixed. 1-month excess return -0.05%; 3-month excess return 14.63%; 6-month excess return -4.05%."
2022-12-07,T,0,0.0,0.6494625400384406,hit,random_forest,target_5d_updown,"Technical state is constructive, with price above the 50-day and 200-day averages. RSI is in a steady zone near 63.1. MACD remains on the bearish side.",No recent matched news was found for this ticker/date.,Relative strength versus the benchmark looked favorable. 1-month excess return 1.63%; 3-month excess return 16.92%; 6-month excess return -3.91%.,"Model view: the setup leaned cautious. Confidence was around 65%. Technical state is constructive, with price above the 50-day and 200-day averages. RSI is in a steady zone near 63.1. MACD remains on the bearish side. No recent matched news was found for this ticker/date. Relative strength versus the benchmark looked favorable. 1-month excess return 1.63%; 3-month excess return 16.92%; 6-month excess return -3.91%."
2022-12-08,T,0,0.0,0.6216968176644233,hit,random_forest,target_5d_updown,"Technical state is constructive, with price above the 50-day and 200-day averages. RSI is in a steady zone near 58.9. MACD remains on the bearish side.",No recent matched news was found for this ticker/date.,Relative strength versus the benchmark looked mixed. 1-month excess return -0.78%; 3-month excess return 14.83%; 6-month excess return -7.10%.,"Model view: the setup leaned cautious. Confidence was around 62%. Technical state is constructive, with price above the 50-day and 200-day averages. RSI is in a steady zone near 58.9. MACD remains on the bearish side. No recent matched news was found for this ticker/date. Relative strength versus the benchmark looked mixed. 1-month excess return -0.78%; 3-month excess return 14.83%; 6-month excess return -7.10%."
2022-12-09,T,0,0.0,0.6245362998530901,hit,random_forest,target_5d_updown,"Technical state is constructive, with price above the 50-day and 200-day averages. RSI is in a steady zone near 58.2. MACD remains on the bearish side.",No recent matched news was found for this ticker/date.,Relative strength versus the benchmark looked mixed. 1-month excess return -1.27%; 3-month excess return 14.16%; 6-month excess return -8.64%.,"Model view: the setup leaned cautious. Confidence was around 62%. Technical state is constructive, with price above the 50-day and 200-day averages. RSI is in a steady zone near 58.2. MACD remains on the bearish side. No recent matched news was found for this ticker/date. Relative strength versus the benchmark looked mixed. 1-month excess return -1.27%; 3-month excess return 14.16%; 6-month excess return -8.64%."
2022-12-12,T,0,0.0,0.6656128993287502,hit,random_forest,target_5d_updown,"Technical state is constructive, with price above the 50-day and 200-day averages. RSI is in a steady zone near 61.6. MACD remains on the bearish side.",No recent matched news was found for this ticker/date.,Relative strength versus the benchmark looked favorable. 1-month excess return 1.34%; 3-month excess return 13.21%; 6-month excess return -8.78%.,"Model view: the setup leaned cautious. Confidence was around 67%. Technical state is constructive, with price above the 50-day and 200-day averages. RSI is in a steady zone near 61.6. MACD remains on the bearish side. No recent matched news was found for this ticker/date. Relative strength versus the benchmark looked favorable. 1-month excess return 1.34%; 3-month excess return 13.21%; 6-month excess return -8.78%."
2022-12-13,T,0,0.0,0.6350033245427107,hit,random_forest,target_5d_updown,"Technical state is constructive, with price above the 50-day and 200-day averages. RSI is in a steady zone near 57.3. MACD remains on the bearish side.",No recent matched news was found for this ticker/date.,Relative strength versus the benchmark looked mixed. 1-month excess return -0.51%; 3-month excess return 12.18%; 6-month excess return -9.20%.,"Model view: the setup leaned cautious. Confidence was around 64%. Technical state is constructive, with price above the 50-day and 200-day averages. RSI is in a steady zone near 57.3. MACD remains on the bearish side. No recent matched news was found for this ticker/date. Relative strength versus the benchmark looked mixed. 1-month excess return -0.51%; 3-month excess return 12.18%; 6-month excess return -9.20%."
2022-12-14,T,0,0.0,0.6342017683081148,hit,random_forest,target_5d_updown,"Technical state is constructive, with price above the 50-day and 200-day averages. RSI is in a steady zone near 52.4. MACD remains on the bearish side.",No recent matched news was found for this ticker/date.,Relative strength versus the benchmark looked mixed. 1-month excess return -1.92%; 3-month excess return 10.40%; 6-month excess return -8.13%.,"Model view: the setup leaned cautious. Confidence was around 63%. Technical state is constructive, with price above the 50-day and 200-day averages. RSI is in a steady zone near 52.4. MACD remains on the bearish side. No recent matched news was found for this ticker/date. Relative strength versus the benchmark looked mixed. 1-month excess return -1.92%; 3-month excess return 10.40%; 6-month excess return -8.13%."
2022-12-15,T,0,0.0,0.6610474768029343,hit,random_forest,target_5d_updown,"Technical state is mixed, with price not fully aligned across the major moving averages. MACD remains on the bearish side.",No recent matched news was found for this ticker/date.,Relative strength versus the benchmark looked mixed. 1-month excess return -0.68%; 3-month excess return 9.70%; 6-month excess return -8.83%.,"Model view: the setup leaned cautious. Confidence was around 66%. Technical state is mixed, with price not fully aligned across the major moving averages. MACD remains on the bearish side. No recent matched news was found for this ticker/date. Relative strength versus the benchmark looked mixed. 1-month excess return -0.68%; 3-month excess return 9.70%; 6-month excess return -8.83%."
2022-12-16,T,0,0.0,0.6593080438872669,hit,random_forest,target_5d_updown,"Technical state is mixed, with price not fully aligned across the major moving averages. MACD remains on the bearish side.",No recent matched news was found for this ticker/date.,Relative strength versus the benchmark looked favorable. 1-month excess return 0.31%; 3-month excess return 11.64%; 6-month excess return -9.30%.,"Model view: the setup leaned cautious. Confidence was around 66%. Technical state is mixed, with price not fully aligned across the major moving averages. MACD remains on the bearish side. No recent matched news was found for this ticker/date. Relative strength versus the benchmark looked favorable. 1-month excess return 0.31%; 3-month excess return 11.64%; 6-month excess return -9.30%."
2022-12-19,T,1,1.0,0.5156092004087705,hit,random_forest,target_5d_updown,"Technical state is soft, with price below the 50-day and 200-day averages. RSI is weak near 35.8. MACD remains on the bearish side.",No recent matched news was found for this ticker/date.,Relative strength versus the benchmark looked mixed. 1-month excess return -2.56%; 3-month excess return 8.91%; 6-month excess return -11.84%.,"Model view: the setup leaned constructive. Confidence was around 52%. Technical state is soft, with price below the 50-day and 200-day averages. RSI is weak near 35.8. MACD remains on the bearish side. No recent matched news was found for this ticker/date. Relative strength versus the benchmark looked mixed. 1-month excess return -2.56%; 3-month excess return 8.91%; 6-month excess return -11.84%."
2022-12-20,T,1,0.0,0.5153300630122114,miss,random_forest,target_5d_updown,"Technical state is soft, with price below the 50-day and 200-day averages. MACD remains on the bearish side.",No recent matched news was found for this ticker/date.,Relative strength versus the benchmark looked mixed. 1-month excess return -0.81%; 3-month excess return 10.81%; 6-month excess return -12.28%.,"Model view: the setup leaned cautious. Confidence was around 52%. Technical state is soft, with price below the 50-day and 200-day averages. MACD remains on the bearish side. No recent matched news was found for this ticker/date. Relative strength versus the benchmark looked mixed. 1-month excess return -0.81%; 3-month excess return 10.81%; 6-month excess return -12.28%."
2022-12-21,T,1,0.0,0.5883904899393461,miss,random_forest,target_5d_updown,"Technical state is soft, with price below the 50-day and 200-day averages. MACD remains on the bearish side.",No recent matched news was found for this ticker/date.,Relative strength versus the benchmark looked mixed. 1-month excess return -1.51%; 3-month excess return 9.00%; 6-month excess return -13.59%.,"Model view: the setup leaned cautious. Confidence was around 59%. Technical state is soft, with price below the 50-day and 200-day averages. MACD remains on the bearish side. No recent matched news was found for this ticker/date. Relative strength versus the benchmark looked mixed. 1-month excess return -1.51%; 3-month excess return 9.00%; 6-month excess return -13.59%."
2022-12-22,T,1,0.0,0.6103609640302448,miss,random_forest,target_5d_updown,"Technical state is mixed, with price not fully aligned across the major moving averages. MACD remains on the bearish side.",No recent matched news was found for this ticker/date.,Relative strength versus the benchmark looked favorable. 1-month excess return 0.95%; 3-month excess return 11.09%; 6-month excess return -10.16%.,"Model view: the setup leaned cautious. Confidence was around 61%. Technical state is mixed, with price not fully aligned across the major moving averages. MACD remains on the bearish side. No recent matched news was found for this ticker/date. Relative strength versus the benchmark looked favorable. 1-month excess return 0.95%; 3-month excess return 11.09%; 6-month excess return -10.16%."
2022-12-23,T,1,0.0,0.5614257071605998,miss,random_forest,target_5d_updown,"Technical state is soft, with price below the 50-day and 200-day averages. MACD remains on the bearish side.",No recent matched news was found for this ticker/date.,Relative strength versus the benchmark looked favorable. 1-month excess return 0.77%; 3-month excess return 12.23%; 6-month excess return -10.00%.,"Model view: the setup leaned cautious. Confidence was around 56%. Technical state is soft, with price below the 50-day and 200-day averages. MACD remains on the bearish side. No recent matched news was found for this ticker/date. Relative strength versus the benchmark looked favorable. 1-month excess return 0.77%; 3-month excess return 12.23%; 6-month excess return -10.00%."
2022-12-27,T,1,0.0,0.5541480162386684,miss,random_forest,target_5d_updown,"Technical state is mixed, with price not fully aligned across the major moving averages. MACD remains on the bearish side.",No recent matched news was found for this ticker/date.,Relative strength versus the benchmark looked favorable. 1-month excess return 1.78%; 3-month excess return 12.86%; 6-month excess return -10.31%.,"Model view: the setup leaned cautious. Confidence was around 55%. Technical state is mixed, with price not fully aligned across the major moving averages. MACD remains on the bearish side. No recent matched news was found for this ticker/date. Relative strength versus the benchmark looked favorable. 1-month excess return 1.78%; 3-month excess return 12.86%; 6-month excess return -10.31%."
2022-12-28,T,1,0.0,0.5641507272593732,miss,random_forest,target_5d_updown,"Technical state is soft, with price below the 50-day and 200-day averages. MACD remains on the bearish side.",No recent matched news was found for this ticker/date.,Relative strength versus the benchmark looked favorable. 1-month excess return 1.70%; 3-month excess return 13.43%; 6-month excess return -12.04%.,"Model view: the setup leaned cautious. Confidence was around 56%. Technical state is soft, with price below the 50-day and 200-day averages. MACD remains on the bearish side. No recent matched news was found for this ticker/date. Relative strength versus the benchmark looked favorable. 1-month excess return 1.70%; 3-month excess return 13.43%; 6-month excess return -12.04%."
2022-12-29,T,1,0.0,0.5996816597665293,miss,random_forest,target_5d_updown,"Technical state is soft, with price below the 50-day and 200-day averages. MACD remains on the bearish side.",No recent matched news was found for this ticker/date.,Relative strength versus the benchmark looked favorable. 1-month excess return 0.08%; 3-month excess return 13.12%; 6-month excess return -13.54%.,"Model view: the setup leaned cautious. Confidence was around 60%. Technical state is soft, with price below the 50-day and 200-day averages. MACD remains on the bearish side. No recent matched news was found for this ticker/date. Relative strength versus the benchmark looked favorable. 1-month excess return 0.08%; 3-month excess return 13.12%; 6-month excess return -13.54%."
2022-12-30,T,1,0.0,0.5744992166503873,miss,random_forest,target_5d_updown,"Technical state is soft, with price below the 50-day and 200-day averages. MACD remains on the bearish side.",No recent matched news was found for this ticker/date.,Relative strength versus the benchmark looked favorable. 1-month excess return 1.67%; 3-month excess return 13.00%; 6-month excess return -13.87%.,"Model view: the setup leaned cautious. Confidence was around 57%. Technical state is soft, with price below the 50-day and 200-day averages. MACD remains on the bearish side. No recent matched news was found for this ticker/date. Relative strength versus the benchmark looked favorable. 1-month excess return 1.67%; 3-month excess return 13.00%; 6-month excess return -13.87%."
2023-01-03,T,1,0.0,0.5667792976070549,miss,random_forest,target_5d_updown,"Technical state is constructive, with price above the 50-day and 200-day averages. RSI is in a steady zone near 54.2. MACD remains on the bearish side.",No recent matched news was found for this ticker/date.,Relative strength versus the benchmark looked favorable. 1-month excess return 4.21%; 3-month excess return 14.00%; 6-month excess return -11.17%.,"Model view: the setup leaned cautious. Confidence was around 57%. Technical state is constructive, with price above the 50-day and 200-day averages. RSI is in a steady zone near 54.2. MACD remains on the bearish side. No recent matched news was found for this ticker/date. Relative strength versus the benchmark looked favorable. 1-month excess return 4.21%; 3-month excess return 14.00%; 6-month excess return -11.17%."
2023-01-04,T,1,0.0,0.5599801224087245,miss,random_forest,target_5d_updown,"Technical state is constructive, with price above the 50-day and 200-day averages. RSI is in a steady zone near 60.4. MACD remains on the bullish side.",No recent matched news was found for this ticker/date.,Relative strength versus the benchmark looked favorable. 1-month excess return 6.38%; 3-month excess return 17.43%; 6-month excess return -9.30%.,"Model view: the setup leaned cautious. Confidence was around 56%. Technical state is constructive, with price above the 50-day and 200-day averages. RSI is in a steady zone near 60.4. MACD remains on the bullish side. No recent matched news was found for this ticker/date. Relative strength versus the benchmark looked favorable. 1-month excess return 6.38%; 3-month excess return 17.43%; 6-month excess return -9.30%."
2023-01-05,T,1,0.0,0.6169249505806416,miss,random_forest,target_5d_updown,"Technical state is constructive, with price above the 50-day and 200-day averages. RSI is in a steady zone near 61.4. MACD remains on the bullish side.",No recent matched news was found for this ticker/date.,Relative strength versus the benchmark looked favorable. 1-month excess return 7.54%; 3-month excess return 20.00%; 6-month excess return -6.70%.,"Model view: the setup leaned cautious. Confidence was around 62%. Technical state is constructive, with price above the 50-day and 200-day averages. RSI is in a steady zone near 61.4. MACD remains on the bullish side. No recent matched news was found for this ticker/date. Relative strength versus the benchmark looked favorable. 1-month excess return 7.54%; 3-month excess return 20.00%; 6-month excess return -6.70%."
2023-01-06,T,1,0.0,0.5933324135230589,miss,random_forest,target_5d_updown,"Technical state is constructive, with price above the 50-day and 200-day averages. MACD remains on the bullish side.",No recent matched news was found for this ticker/date.,Relative strength versus the benchmark looked favorable. 1-month excess return 3.38%; 3-month excess return 23.51%; 6-month excess return -5.91%.,"Model view: the setup leaned cautious. Confidence was around 59%. Technical state is constructive, with price above the 50-day and 200-day averages. MACD remains on the bullish side. No recent matched news was found for this ticker/date. Relative strength versus the benchmark looked favorable. 1-month excess return 3.38%; 3-month excess return 23.51%; 6-month excess return -5.91%."
2023-01-09,T,1,0.0,0.5875258041334113,miss,random_forest,target_5d_updown,"Technical state is constructive, with price above the 50-day and 200-day averages. RSI is in a steady zone near 55.6. MACD remains on the bullish side.",No recent matched news was found for this ticker/date.,Relative strength versus the benchmark looked favorable. 1-month excess return 0.04%; 3-month excess return 20.54%; 6-month excess return -8.71%.,"Model view: the setup leaned cautious. Confidence was around 59%. Technical state is constructive, with price above the 50-day and 200-day averages. RSI is in a steady zone near 55.6. MACD remains on the bullish side. No recent matched news was found for this ticker/date. Relative strength versus the benchmark looked favorable. 1-month excess return 0.04%; 3-month excess return 20.54%; 6-month excess return -8.71%."
2023-01-10,T,0,0.0,0.6278057028669661,hit,random_forest,target_5d_updown,"Technical state is constructive, with price above the 50-day and 200-day averages. RSI is in a steady zone near 61.2. MACD remains on the bullish side.",No recent matched news was found for this ticker/date.,Relative strength versus the benchmark looked favorable. 1-month excess return 3.29%; 3-month excess return 22.20%; 6-month excess return -8.02%.,"Model view: the setup leaned cautious. Confidence was around 63%. Technical state is constructive, with price above the 50-day and 200-day averages. RSI is in a steady zone near 61.2. MACD remains on the bullish side. No recent matched news was found for this ticker/date. Relative strength versus the benchmark looked favorable. 1-month excess return 3.29%; 3-month excess return 22.20%; 6-month excess return -8.02%."
2023-01-11,T,0,0.0,0.6903517389433287,hit,random_forest,target_5d_updown,"Technical state is constructive, with price above the 50-day and 200-day averages. RSI is in a steady zone near 60.1. MACD remains on the bullish side.",No recent matched news was found for this ticker/date.,Relative strength versus the benchmark looked favorable. 1-month excess return 1.14%; 3-month excess return 20.47%; 6-month excess return -9.42%.,"Model view: the setup leaned cautious. Confidence was around 69%. Technical state is constructive, with price above the 50-day and 200-day averages. RSI is in a steady zone near 60.1. MACD remains on the bullish side. No recent matched news was found for this ticker/date. Relative strength versus the benchmark looked favorable. 1-month excess return 1.14%; 3-month excess return 20.47%; 6-month excess return -9.42%."
2023-01-12,T,0,0.0,0.6865647252102349,hit,random_forest,target_5d_updown,"Technical state is constructive, with price above the 50-day and 200-day averages. RSI is in a steady zone near 60.1. MACD remains on the bullish side.",No recent matched news was found for this ticker/date.,Relative strength versus the benchmark looked favorable. 1-month excess return 1.08%; 3-month excess return 21.33%; 6-month excess return -9.52%.,"Model view: the setup leaned cautious. Confidence was around 69%. Technical state is constructive, with price above the 50-day and 200-day averages. RSI is in a steady zone near 60.1. MACD remains on the bullish side. No recent matched news was found for this ticker/date. Relative strength versus the benchmark looked favorable. 1-month excess return 1.08%; 3-month excess return 21.33%; 6-month excess return -9.52%."
2023-01-13,T,0,0.0,0.6823315520283559,hit,random_forest,target_5d_updown,"Technical state is constructive, with price above the 50-day and 200-day averages. RSI is in a steady zone near 62.0. MACD remains on the bullish side.",No recent matched news was found for this ticker/date.,Relative strength versus the benchmark looked favorable. 1-month excess return 3.10%; 3-month excess return 20.37%; 6-month excess return -8.41%.,"Model view: the setup leaned cautious. Confidence was around 68%. Technical state is constructive, with price above the 50-day and 200-day averages. RSI is in a steady zone near 62.0. MACD remains on the bullish side. No recent matched news was found for this ticker/date. Relative strength versus the benchmark looked favorable. 1-month excess return 3.10%; 3-month excess return 20.37%; 6-month excess return -8.41%."
2023-01-17,T,0,0.0,0.6762774180038178,hit,random_forest,target_5d_updown,"Technical state is constructive, with price above the 50-day and 200-day averages. RSI is in a steady zone near 57.3. MACD remains on the bullish side.",No recent matched news was found for this ticker/date.,Relative strength versus the benchmark looked favorable. 1-month excess return 2.68%; 3-month excess return 17.69%; 6-month excess return -10.00%.,"Model view: the setup leaned cautious. Confidence was around 68%. Technical state is constructive, with price above the 50-day and 200-day averages. RSI is in a steady zone near 57.3. MACD remains on the bullish side. No recent matched news was found for this ticker/date. Relative strength versus the benchmark looked favorable. 1-month excess return 2.68%; 3-month excess return 17.69%; 6-month excess return -10.00%."
2023-01-18,T,1,0.0,0.621761043708055,miss,random_forest,target_5d_updown,"Technical state is constructive, with price above the 50-day and 200-day averages. RSI is in a steady zone near 51.4. MACD remains on the bullish side.",No recent matched news was found for this ticker/date.,Relative strength versus the benchmark looked favorable. 1-month excess return 2.53%; 3-month excess return 17.49%; 6-month excess return -8.31%.,"Model view: the setup leaned cautious. Confidence was around 62%. Technical state is constructive, with price above the 50-day and 200-day averages. RSI is in a steady zone near 51.4. MACD remains on the bullish side. No recent matched news was found for this ticker/date. Relative strength versus the benchmark looked favorable. 1-month excess return 2.53%; 3-month excess return 17.49%; 6-month excess return -8.31%."
2023-01-19,T,1,0.0,0.7022418107860731,miss,random_forest,target_5d_updown,"Technical state is constructive, with price above the 50-day and 200-day averages. RSI is in a steady zone near 50.0. MACD remains on the bullish side.",No recent matched news was found for this ticker/date.,Relative strength versus the benchmark looked favorable. 1-month excess return 1.51%; 3-month excess return 16.67%; 6-month excess return -5.93%.,"Model view: the setup leaned cautious. Confidence was around 70%. Technical state is constructive, with price above the 50-day and 200-day averages. RSI is in a steady zone near 50.0. MACD remains on the bullish side. No recent matched news was found for this ticker/date. Relative strength versus the benchmark looked favorable. 1-month excess return 1.51%; 3-month excess return 16.67%; 6-month excess return -5.93%."
2023-01-20,T,1,0.0,0.6832193688983617,miss,random_forest,target_5d_updown,"Technical state is constructive, with price above the 50-day and 200-day averages. RSI is in a steady zone near 54.9. MACD remains on the bearish side.",No recent matched news was found for this ticker/date.,Relative strength versus the benchmark looked favorable. 1-month excess return 3.99%; 3-month excess return 16.33%; 6-month excess return 2.42%.,"Model view: the setup leaned cautious. Confidence was around 68%. Technical state is constructive, with price above the 50-day and 200-day averages. RSI is in a steady zone near 54.9. MACD remains on the bearish side. No recent matched news was found for this ticker/date. Relative strength versus the benchmark looked favorable. 1-month excess return 3.99%; 3-month excess return 16.33%; 6-month excess return 2.42%."
2023-01-23,T,1,0.0,0.7083796074281052,miss,random_forest,target_5d_updown,"Technical state is constructive, with price above the 50-day and 200-day averages. RSI is in a steady zone near 52.4. MACD remains on the bearish side.",No recent matched news was found for this ticker/date.,Relative strength versus the benchmark looked favorable. 1-month excess return 0.42%; 3-month excess return 4.48%; 6-month excess return 2.46%.,"Model view: the setup leaned cautious. Confidence was around 71%. Technical state is constructive, with price above the 50-day and 200-day averages. RSI is in a steady zone near 52.4. MACD remains on the bearish side. No recent matched news was found for this ticker/date. Relative strength versus the benchmark looked favorable. 1-month excess return 0.42%; 3-month excess return 4.48%; 6-month excess return 2.46%."
2023-01-24,T,1,0.0,0.7008080947064057,miss,random_forest,target_5d_updown,"Technical state is constructive, with price above the 50-day and 200-day averages. RSI is in a steady zone near 53.5. MACD remains on the bearish side.",No recent matched news was found for this ticker/date.,Relative strength versus the benchmark looked favorable. 1-month excess return 1.94%; 3-month excess return 5.11%; 6-month excess return 2.26%.,"Model view: the setup leaned cautious. Confidence was around 70%. Technical state is constructive, with price above the 50-day and 200-day averages. RSI is in a steady zone near 53.5. MACD remains on the bearish side. No recent matched news was found for this ticker/date. Relative strength versus the benchmark looked favorable. 1-month excess return 1.94%; 3-month excess return 5.11%; 6-month excess return 2.26%."
2023-01-25,T,0,0.0,0.597696483051113,hit,random_forest,target_5d_updown,"Technical state is constructive, with price above the 50-day and 200-day averages. MACD remains on the bullish side. Volatility is elevated at roughly 30.6%.",No recent matched news was found for this ticker/date.,Relative strength versus the benchmark looked favorable. 1-month excess return 6.63%; 3-month excess return 10.93%; 6-month excess return 9.18%.,"Model view: the setup leaned cautious. Confidence was around 60%. Technical state is constructive, with price above the 50-day and 200-day averages. MACD remains on the bullish side. Volatility is elevated at roughly 30.6%. No recent matched news was found for this ticker/date. Relative strength versus the benchmark looked favorable. 1-month excess return 6.63%; 3-month excess return 10.93%; 6-month excess return 9.18%."
2023-01-26,T,1,0.0,0.6703368738398566,miss,random_forest,target_5d_updown,"Technical state is constructive, with price above the 50-day and 200-day averages. RSI is in a steady zone near 61.6. MACD remains on the bullish side. Volatility is elevated at roughly 31.9%.",No recent matched news was found for this ticker/date.,Relative strength versus the benchmark looked favorable. 1-month excess return 3.56%; 3-month excess return 7.95%; 6-month excess return 7.90%.,"Model view: the setup leaned cautious. Confidence was around 67%. Technical state is constructive, with price above the 50-day and 200-day averages. RSI is in a steady zone near 61.6. MACD remains on the bullish side. Volatility is elevated at roughly 31.9%. No recent matched news was found for this ticker/date. Relative strength versus the benchmark looked favorable. 1-month excess return 3.56%; 3-month excess return 7.95%; 6-month excess return 7.90%."
2023-01-27,T,0,0.0,0.674582578580554,hit,random_forest,target_5d_updown,"Technical state is constructive, with price above the 50-day and 200-day averages. RSI is in a steady zone near 60.7. MACD remains on the bullish side. Volatility is elevated at roughly 31.4%.",No recent matched news was found for this ticker/date.,Relative strength versus the benchmark looked favorable. 1-month excess return 1.68%; 3-month excess return 3.78%; 6-month excess return 7.49%.,"Model view: the setup leaned cautious. Confidence was around 67%. Technical state is constructive, with price above the 50-day and 200-day averages. RSI is in a steady zone near 60.7. MACD remains on the bullish side. Volatility is elevated at roughly 31.4%. No recent matched news was found for this ticker/date. Relative strength versus the benchmark looked favorable. 1-month excess return 1.68%; 3-month excess return 3.78%; 6-month excess return 7.49%."
2023-01-30,T,0,0.0,0.648640086048573,hit,random_forest,target_5d_updown,"Technical state is constructive, with price above the 50-day and 200-day averages. RSI is in a steady zone near 63.0. MACD remains on the bullish side. Volatility is elevated at roughly 31.3%.",No recent matched news was found for this ticker/date.,Relative strength versus the benchmark looked favorable. 1-month excess return 4.28%; 3-month excess return 6.38%; 6-month excess return 10.14%.,"Model view: the setup leaned cautious. Confidence was around 65%. Technical state is constructive, with price above the 50-day and 200-day averages. RSI is in a steady zone near 63.0. MACD remains on the bullish side. Volatility is elevated at roughly 31.3%. No recent matched news was found for this ticker/date. Relative strength versus the benchmark looked favorable. 1-month excess return 4.28%; 3-month excess return 6.38%; 6-month excess return 10.14%."
2023-01-31,T,0,0.0,0.6666743196652678,hit,random_forest,target_5d_updown,"Technical state is constructive, with price above the 50-day and 200-day averages. MACD remains on the bullish side. Volatility is elevated at roughly 31.3%.",No recent matched news was found for this ticker/date.,Relative strength versus the benchmark looked favorable. 1-month excess return 4.41%; 3-month excess return 5.73%; 6-month excess return 9.87%.,"Model view: the setup leaned cautious. Confidence was around 67%. Technical state is constructive, with price above the 50-day and 200-day averages. MACD remains on the bullish side. Volatility is elevated at roughly 31.3%. No recent matched news was found for this ticker/date. Relative strength versus the benchmark looked favorable. 1-month excess return 4.41%; 3-month excess return 5.73%; 6-month excess return 9.87%."
2023-02-01,T,0,0.0,0.6808928836339625,hit,random_forest,target_5d_updown,"Technical state is constructive, with price above the 50-day and 200-day averages. RSI is in a steady zone near 61.6. MACD remains on the bullish side. Volatility is elevated at roughly 31.3%.",No recent matched news was found for this ticker/date.,Relative strength versus the benchmark looked favorable. 1-month excess return 2.16%; 3-month excess return 4.34%; 6-month excess return 9.29%.,"Model view: the setup leaned cautious. Confidence was around 68%. Technical state is constructive, with price above the 50-day and 200-day averages. RSI is in a steady zone near 61.6. MACD remains on the bullish side. Volatility is elevated at roughly 31.3%. No recent matched news was found for this ticker/date. Relative strength versus the benchmark looked favorable. 1-month excess return 2.16%; 3-month excess return 4.34%; 6-month excess return 9.29%."
2023-02-02,T,0,0.0,0.7039360120321664,hit,random_forest,target_5d_updown,"Technical state is constructive, with price above the 50-day and 200-day averages. RSI is in a steady zone near 62.8. MACD remains on the bullish side. Volatility is elevated at roughly 30.6%.",No recent matched news was found for this ticker/date.,Relative strength versus the benchmark looked favorable. 1-month excess return -1.20%; 3-month excess return 2.20%; 6-month excess return 9.91%.,"Model view: the setup leaned cautious. Confidence was around 70%. Technical state is constructive, with price above the 50-day and 200-day averages. RSI is in a steady zone near 62.8. MACD remains on the bullish side. Volatility is elevated at roughly 30.6%. No recent matched news was found for this ticker/date. Relative strength versus the benchmark looked favorable. 1-month excess return -1.20%; 3-month excess return 2.20%; 6-month excess return 9.91%."
2023-02-03,T,0,0.0,0.6129316835510699,hit,random_forest,target_5d_updown,"Technical state is constructive, with price above the 50-day and 200-day averages. RSI is in a steady zone near 54.9. MACD remains on the bullish side. Volatility is elevated at roughly 31.9%.",No recent matched news was found for this ticker/date.,Relative strength versus the benchmark looked mixed. 1-month excess return -3.87%; 3-month excess return -2.37%; 6-month excess return 9.04%.,"Model view: the setup leaned cautious. Confidence was around 61%. Technical state is constructive, with price above the 50-day and 200-day averages. RSI is in a steady zone near 54.9. MACD remains on the bullish side. Volatility is elevated at roughly 31.9%. No recent matched news was found for this ticker/date. Relative strength versus the benchmark looked mixed. 1-month excess return -3.87%; 3-month excess return -2.37%; 6-month excess return 9.04%."
2023-02-06,T,0,0.0,0.658079025506493,hit,random_forest,target_5d_updown,"Technical state is constructive, with price above the 50-day and 200-day averages. RSI is in a steady zone near 51.1. MACD remains on the bearish side. Volatility is elevated at roughly 31.8%.",No recent matched news was found for this ticker/date.,Relative strength versus the benchmark looked mixed. 1-month excess return -6.10%; 3-month excess return -2.75%; 6-month excess return 7.58%.,"Model view: the setup leaned cautious. Confidence was around 66%. Technical state is constructive, with price above the 50-day and 200-day averages. RSI is in a steady zone near 51.1. MACD remains on the bearish side. Volatility is elevated at roughly 31.8%. No recent matched news was found for this ticker/date. Relative strength versus the benchmark looked mixed. 1-month excess return -6.10%; 3-month excess return -2.75%; 6-month excess return 7.58%."
2023-02-07,T,0,0.0,0.617034468895238,hit,random_forest,target_5d_updown,"Technical state is constructive, with price above the 50-day and 200-day averages. MACD remains on the bearish side. Volatility is elevated at roughly 31.1%.",No recent matched news was found for this ticker/date.,Relative strength versus the benchmark looked mixed. 1-month excess return -8.42%; 3-month excess return -5.25%; 6-month excess return 6.45%.,"Model view: the setup leaned cautious. Confidence was around 62%. Technical state is constructive, with price above the 50-day and 200-day averages. MACD remains on the bearish side. Volatility is elevated at roughly 31.1%. No recent matched news was found for this ticker/date. Relative strength versus the benchmark looked mixed. 1-month excess return -8.42%; 3-month excess return -5.25%; 6-month excess return 6.45%."
2023-02-08,T,1,0.0,0.6510524531135556,miss,random_forest,target_5d_updown,"Technical state is constructive, with price above the 50-day and 200-day averages. MACD remains on the bearish side. Volatility is elevated at roughly 30.0%.",No recent matched news was found for this ticker/date.,Relative strength versus the benchmark looked mixed. 1-month excess return -5.27%; 3-month excess return -3.72%; 6-month excess return 6.07%.,"Model view: the setup leaned cautious. Confidence was around 65%. Technical state is constructive, with price above the 50-day and 200-day averages. MACD remains on the bearish side. Volatility is elevated at roughly 30.0%. No recent matched news was found for this ticker/date. Relative strength versus the benchmark looked mixed. 1-month excess return -5.27%; 3-month excess return -3.72%; 6-month excess return 6.07%."
2023-02-09,T,1,0.0,0.5886600770560999,miss,random_forest,target_5d_updown,"Technical state is mixed, with price not fully aligned across the major moving averages. MACD remains on the bearish side. Volatility is elevated at roughly 30.2%.",No recent matched news was found for this ticker/date.,Relative strength versus the benchmark looked mixed. 1-month excess return -6.81%; 3-month excess return -4.42%; 6-month excess return 8.43%.,"Model view: the setup leaned cautious. Confidence was around 59%. Technical state is mixed, with price not fully aligned across the major moving averages. MACD remains on the bearish side. Volatility is elevated at roughly 30.2%. No recent matched news was found for this ticker/date. Relative strength versus the benchmark looked mixed. 1-month excess return -6.81%; 3-month excess return -4.42%; 6-month excess return 8.43%."
2023-02-10,T,1,0.0,0.6274358152994658,miss,random_forest,target_5d_updown,"Technical state is mixed, with price not fully aligned across the major moving averages. MACD remains on the bearish side. Volatility is elevated at roughly 30.3%.",No recent matched news was found for this ticker/date.,Relative strength versus the benchmark looked mixed. 1-month excess return -4.94%; 3-month excess return -5.30%; 6-month excess return 8.57%.,"Model view: the setup leaned cautious. Confidence was around 63%. Technical state is mixed, with price not fully aligned across the major moving averages. MACD remains on the bearish side. Volatility is elevated at roughly 30.3%. No recent matched news was found for this ticker/date. Relative strength versus the benchmark looked mixed. 1-month excess return -4.94%; 3-month excess return -5.30%; 6-month excess return 8.57%."
2023-02-13,T,0,0.0,0.6820636551022946,hit,random_forest,target_5d_updown,"Technical state is constructive, with price above the 50-day and 200-day averages. MACD remains on the bearish side. Volatility is elevated at roughly 30.4%.",No recent matched news was found for this ticker/date.,Relative strength versus the benchmark looked mixed. 1-month excess return -4.76%; 3-month excess return -2.36%; 6-month excess return 8.81%.,"Model view: the setup leaned cautious. Confidence was around 68%. Technical state is constructive, with price above the 50-day and 200-day averages. MACD remains on the bearish side. Volatility is elevated at roughly 30.4%. No recent matched news was found for this ticker/date. Relative strength versus the benchmark looked mixed. 1-month excess return -4.76%; 3-month excess return -2.36%; 6-month excess return 8.81%."
2023-02-14,T,1,0.0,0.7306445182006464,miss,random_forest,target_5d_updown,"Technical state is constructive, with price above the 50-day and 200-day averages. MACD remains on the bearish side. Volatility is elevated at roughly 30.2%.",No recent matched news was found for this ticker/date.,Relative strength versus the benchmark looked mixed. 1-month excess return -5.59%; 3-month excess return -3.04%; 6-month excess return 7.97%.,"Model view: the setup leaned cautious. Confidence was around 73%. Technical state is constructive, with price above the 50-day and 200-day averages. MACD remains on the bearish side. Volatility is elevated at roughly 30.2%. No recent matched news was found for this ticker/date. Relative strength versus the benchmark looked mixed. 1-month excess return -5.59%; 3-month excess return -3.04%; 6-month excess return 7.97%."
2023-02-15,T,1,0.0,0.7451648323287623,miss,random_forest,target_5d_updown,"Technical state is constructive, with price above the 50-day and 200-day averages. MACD remains on the bearish side.",No recent matched news was found for this ticker/date.,Relative strength versus the benchmark looked mixed. 1-month excess return -4.46%; 3-month excess return -3.76%; 6-month excess return 7.35%.,"Model view: the setup leaned cautious. Confidence was around 75%. Technical state is constructive, with price above the 50-day and 200-day averages. MACD remains on the bearish side. No recent matched news was found for this ticker/date. Relative strength versus the benchmark looked mixed. 1-month excess return -4.46%; 3-month excess return -3.76%; 6-month excess return 7.35%."
2023-02-16,T,0,0.0,0.7696863027315137,hit,random_forest,target_5d_updown,"Technical state is constructive, with price above the 50-day and 200-day averages. MACD remains on the bearish side.",No recent matched news was found for this ticker/date.,Relative strength versus the benchmark looked mixed. 1-month excess return -3.04%; 3-month excess return -1.19%; 6-month excess return 8.93%.,"Model view: the setup leaned cautious. Confidence was around 77%. Technical state is constructive, with price above the 50-day and 200-day averages. MACD remains on the bearish side. No recent matched news was found for this ticker/date. Relative strength versus the benchmark looked mixed. 1-month excess return -3.04%; 3-month excess return -1.19%; 6-month excess return 8.93%."
2023-02-17,T,0,0.0,0.739519893151867,hit,random_forest,target_5d_updown,"Technical state is constructive, with price above the 50-day and 200-day averages. RSI is in a steady zone near 51.5. MACD remains on the bearish side.",No recent matched news was found for this ticker/date.,Relative strength versus the benchmark looked mixed. 1-month excess return -2.14%; 3-month excess return -0.27%; 6-month excess return 10.39%.,"Model view: the setup leaned cautious. Confidence was around 74%. Technical state is constructive, with price above the 50-day and 200-day averages. RSI is in a steady zone near 51.5. MACD remains on the bearish side. No recent matched news was found for this ticker/date. Relative strength versus the benchmark looked mixed. 1-month excess return -2.14%; 3-month excess return -0.27%; 6-month excess return 10.39%."
2023-02-21,T,0,0.0,0.7042260334099937,hit,random_forest,target_5d_updown,"Technical state is constructive, with price above the 50-day and 200-day averages. MACD remains on the bearish side.",No recent matched news was found for this ticker/date.,Relative strength versus the benchmark looked favorable. 1-month excess return -0.95%; 3-month excess return 0.16%; 6-month excess return 9.73%.,"Model view: the setup leaned cautious. Confidence was around 70%. Technical state is constructive, with price above the 50-day and 200-day averages. MACD remains on the bearish side. No recent matched news was found for this ticker/date. Relative strength versus the benchmark looked favorable. 1-month excess return -0.95%; 3-month excess return 0.16%; 6-month excess return 9.73%."
2023-02-22,T,0,0.0,0.7008231579280547,hit,random_forest,target_5d_updown,"Technical state is constructive, with price above the 50-day and 200-day averages. RSI is in a steady zone near 50.5. MACD remains on the bearish side.",No recent matched news was found for this ticker/date.,Relative strength versus the benchmark looked favorable. 1-month excess return 1.96%; 3-month excess return 1.52%; 6-month excess return 10.48%.,"Model view: the setup leaned cautious. Confidence was around 70%. Technical state is constructive, with price above the 50-day and 200-day averages. RSI is in a steady zone near 50.5. MACD remains on the bearish side. No recent matched news was found for this ticker/date. Relative strength versus the benchmark looked favorable. 1-month excess return 1.96%; 3-month excess return 1.52%; 6-month excess return 10.48%."
2023-02-23,T,0,0.0,0.7521518754370946,hit,random_forest,target_5d_updown,"Technical state is constructive, with price above the 50-day and 200-day averages. MACD remains on the bearish side.",No recent matched news was found for this ticker/date.,Relative strength versus the benchmark looked favorable. 1-month excess return 0.88%; 3-month excess return 1.20%; 6-month excess return 10.01%.,"Model view: the setup leaned cautious. Confidence was around 75%. Technical state is constructive, with price above the 50-day and 200-day averages. MACD remains on the bearish side. No recent matched news was found for this ticker/date. Relative strength versus the benchmark looked favorable. 1-month excess return 0.88%; 3-month excess return 1.20%; 6-month excess return 10.01%."
2023-02-24,T,0,0.0,0.751876731685046,hit,random_forest,target_5d_updown,"Technical state is constructive, with price above the 50-day and 200-day averages. MACD remains on the bearish side.",No recent matched news was found for this ticker/date.,Relative strength versus the benchmark looked favorable. 1-month excess return -4.79%; 3-month excess return 2.16%; 6-month excess return 11.03%.,"Model view: the setup leaned cautious. Confidence was around 75%. Technical state is constructive, with price above the 50-day and 200-day averages. MACD remains on the bearish side. No recent matched news was found for this ticker/date. Relative strength versus the benchmark looked favorable. 1-month excess return -4.79%; 3-month excess return 2.16%; 6-month excess return 11.03%."
2023-02-27,T,0,0.0,0.7302368392745586,hit,random_forest,target_5d_updown,"Technical state is mixed, with price not fully aligned across the major moving averages. MACD remains on the bearish side.",No recent matched news was found for this ticker/date.,Relative strength versus the benchmark looked favorable. 1-month excess return -3.15%; 3-month excess return 0.86%; 6-month excess return 10.44%.,"Model view: the setup leaned cautious. Confidence was around 73%. Technical state is mixed, with price not fully aligned across the major moving averages. MACD remains on the bearish side. No recent matched news was found for this ticker/date. Relative strength versus the benchmark looked favorable. 1-month excess return -3.15%; 3-month excess return 0.86%; 6-month excess return 10.44%."
2023-02-28,T,0,0.0,0.7048210084801206,hit,random_forest,target_5d_updown,"Technical state is mixed, with price not fully aligned across the major moving averages. MACD remains on the bearish side.",No recent matched news was found for this ticker/date.,Relative strength versus the benchmark looked favorable. 1-month excess return -2.86%; 3-month excess return 0.44%; 6-month excess return 7.96%.,"Model view: the setup leaned cautious. Confidence was around 70%. Technical state is mixed, with price not fully aligned across the major moving averages. MACD remains on the bearish side. No recent matched news was found for this ticker/date. Relative strength versus the benchmark looked favorable. 1-month excess return -2.86%; 3-month excess return 0.44%; 6-month excess return 7.96%."
2023-03-01,T,0,0.0,0.6497863090303891,hit,random_forest,target_5d_updown,"Technical state is soft, with price below the 50-day and 200-day averages. RSI is weak near 37.6. MACD remains on the bearish side. Volatility is relatively contained at roughly 14.8%.",No recent matched news was found for this ticker/date.,Relative strength versus the benchmark looked mixed. 1-month excess return -5.97%; 3-month excess return -0.53%; 6-month excess return 6.91%.,"Model view: the setup leaned cautious. Confidence was around 65%. Technical state is soft, with price below the 50-day and 200-day averages. RSI is weak near 37.6. MACD remains on the bearish side. Volatility is relatively contained at roughly 14.8%. No recent matched news was found for this ticker/date. Relative strength versus the benchmark looked mixed. 1-month excess return -5.97%; 3-month excess return -0.53%; 6-month excess return 6.91%."
2023-03-02,T,0,0.0,0.7328769027503473,hit,random_forest,target_5d_updown,"Technical state is soft, with price below the 50-day and 200-day averages. RSI is weak near 37.6. MACD remains on the bearish side. Volatility is relatively contained at roughly 14.8%.",No recent matched news was found for this ticker/date.,Relative strength versus the benchmark looked mixed. 1-month excess return -6.27%; 3-month excess return -2.44%; 6-month excess return 4.86%.,"Model view: the setup leaned cautious. Confidence was around 73%. Technical state is soft, with price below the 50-day and 200-day averages. RSI is weak near 37.6. MACD remains on the bearish side. Volatility is relatively contained at roughly 14.8%. No recent matched news was found for this ticker/date. Relative strength versus the benchmark looked mixed. 1-month excess return -6.27%; 3-month excess return -2.44%; 6-month excess return 4.86%."
2023-03-03,T,0,0.0,0.7543240237235187,hit,random_forest,target_5d_updown,"Technical state is mixed, with price not fully aligned across the major moving averages. MACD remains on the bearish side.",No recent matched news was found for this ticker/date.,Relative strength versus the benchmark looked mixed. 1-month excess return -5.13%; 3-month excess return -1.58%; 6-month excess return 5.00%.,"Model view: the setup leaned cautious. Confidence was around 75%. Technical state is mixed, with price not fully aligned across the major moving averages. MACD remains on the bearish side. No recent matched news was found for this ticker/date. Relative strength versus the benchmark looked mixed. 1-month excess return -5.13%; 3-month excess return -1.58%; 6-month excess return 5.00%."
2023-03-06,T,0,0.0,0.7484438518932192,hit,random_forest,target_5d_updown,"Technical state is mixed, with price not fully aligned across the major moving averages. MACD remains on the bearish side. Volatility is relatively contained at roughly 13.4%.",No recent matched news was found for this ticker/date.,Relative strength versus the benchmark looked mixed. 1-month excess return -4.52%; 3-month excess return -1.44%; 6-month excess return 5.21%.,"Model view: the setup leaned cautious. Confidence was around 75%. Technical state is mixed, with price not fully aligned across the major moving averages. MACD remains on the bearish side. Volatility is relatively contained at roughly 13.4%. No recent matched news was found for this ticker/date. Relative strength versus the benchmark looked mixed. 1-month excess return -4.52%; 3-month excess return -1.44%; 6-month excess return 5.21%."
2023-03-07,T,0,0.0,0.7494841151082788,hit,random_forest,target_5d_updown,"Technical state is mixed, with price not fully aligned across the major moving averages. RSI is weak near 39.7. MACD remains on the bearish side. Volatility is relatively contained at roughly 12.8%.",No recent matched news was found for this ticker/date.,Relative strength versus the benchmark looked favorable. 1-month excess return -2.25%; 3-month excess return 0.51%; 6-month excess return 7.31%.,"Model view: the setup leaned cautious. Confidence was around 75%. Technical state is mixed, with price not fully aligned across the major moving averages. RSI is weak near 39.7. MACD remains on the bearish side. Volatility is relatively contained at roughly 12.8%. No recent matched news was found for this ticker/date. Relative strength versus the benchmark looked favorable. 1-month excess return -2.25%; 3-month excess return 0.51%; 6-month excess return 7.31%."
2023-03-08,T,0,0.0,0.7645261321253627,hit,random_forest,target_5d_updown,"Technical state is soft, with price below the 50-day and 200-day averages. RSI is weak near 37.8. MACD remains on the bearish side. Volatility is relatively contained at roughly 11.7%.",No recent matched news was found for this ticker/date.,Relative strength versus the benchmark looked mixed. 1-month excess return -2.27%; 3-month excess return -0.53%; 6-month excess return 8.80%.,"Model view: the setup leaned cautious. Confidence was around 76%. Technical state is soft, with price below the 50-day and 200-day averages. RSI is weak near 37.8. MACD remains on the bearish side. Volatility is relatively contained at roughly 11.7%. No recent matched news was found for this ticker/date. Relative strength versus the benchmark looked mixed. 1-month excess return -2.27%; 3-month excess return -0.53%; 6-month excess return 8.80%."
2023-03-09,T,1,0.0,0.6979808649352447,miss,random_forest,target_5d_updown,"Technical state is soft, with price below the 50-day and 200-day averages. RSI is weak near 32.9. MACD remains on the bearish side. Volatility is relatively contained at roughly 12.7%.",No recent matched news was found for this ticker/date.,Relative strength versus the benchmark looked favorable. 1-month excess return 0.85%; 3-month excess return -3.83%; 6-month excess return 10.19%.,"Model view: the setup leaned cautious. Confidence was around 70%. Technical state is soft, with price below the 50-day and 200-day averages. RSI is weak near 32.9. MACD remains on the bearish side. Volatility is relatively contained at roughly 12.7%. No recent matched news was found for this ticker/date. Relative strength versus the benchmark looked favorable. 1-month excess return 0.85%; 3-month excess return -3.83%; 6-month excess return 10.19%."
2023-03-10,T,0,0.0,0.7339172377357928,hit,random_forest,target_5d_updown,"Technical state is soft, with price below the 50-day and 200-day averages. RSI is weak near 36.3. MACD remains on the bearish side. Volatility is relatively contained at roughly 12.7%.",No recent matched news was found for this ticker/date.,Relative strength versus the benchmark looked favorable. 1-month excess return 2.20%; 3-month excess return -2.67%; 6-month excess return 13.54%.,"Model view: the setup leaned cautious. Confidence was around 73%. Technical state is soft, with price below the 50-day and 200-day averages. RSI is weak near 36.3. MACD remains on the bearish side. Volatility is relatively contained at roughly 12.7%. No recent matched news was found for this ticker/date. Relative strength versus the benchmark looked favorable. 1-month excess return 2.20%; 3-month excess return -2.67%; 6-month excess return 13.54%."
2023-03-13,T,1,0.0,0.6921646116416466,miss,random_forest,target_5d_updown,"Technical state is soft, with price below the 50-day and 200-day averages. RSI is weak near 34.1. MACD remains on the bearish side. Volatility is relatively contained at roughly 12.6%.",No recent matched news was found for this ticker/date.,Relative strength versus the benchmark looked favorable. 1-month excess return 1.82%; 3-month excess return -1.52%; 6-month excess return 12.72%.,"Model view: the setup leaned cautious. Confidence was around 69%. Technical state is soft, with price below the 50-day and 200-day averages. RSI is weak near 34.1. MACD remains on the bearish side. Volatility is relatively contained at roughly 12.6%. No recent matched news was found for this ticker/date. Relative strength versus the benchmark looked favorable. 1-month excess return 1.82%; 3-month excess return -1.52%; 6-month excess return 12.72%."
2023-03-14,T,1,0.0,0.7347928483268191,miss,random_forest,target_5d_updown,"Technical state is soft, with price below the 50-day and 200-day averages. RSI is weak near 38.4. MACD remains on the bearish side. Volatility is relatively contained at roughly 12.3%.",No recent matched news was found for this ticker/date.,Relative strength versus the benchmark looked favorable. 1-month excess return 0.71%; 3-month excess return -2.97%; 6-month excess return 10.84%.,"Model view: the setup leaned cautious. Confidence was around 73%. Technical state is soft, with price below the 50-day and 200-day averages. RSI is weak near 38.4. MACD remains on the bearish side. Volatility is relatively contained at roughly 12.3%. No recent matched news was found for this ticker/date. Relative strength versus the benchmark looked favorable. 1-month excess return 0.71%; 3-month excess return -2.97%; 6-month excess return 10.84%."
2023-03-15,T,1,0.0,0.7339429016270624,miss,random_forest,target_5d_updown,"Technical state is soft, with price below the 50-day and 200-day averages. RSI is weak near 36.0. MACD remains on the bearish side. Volatility is relatively contained at roughly 12.3%.",No recent matched news was found for this ticker/date.,Relative strength versus the benchmark looked favorable. 1-month excess return 0.76%; 3-month excess return -2.69%; 6-month excess return 9.80%.,"Model view: the setup leaned cautious. Confidence was around 73%. Technical state is soft, with price below the 50-day and 200-day averages. RSI is weak near 36.0. MACD remains on the bearish side. Volatility is relatively contained at roughly 12.3%. No recent matched news was found for this ticker/date. Relative strength versus the benchmark looked favorable. 1-month excess return 0.76%; 3-month excess return -2.69%; 6-month excess return 9.80%."
2023-03-16,T,1,0.0,0.7877974373458345,miss,random_forest,target_5d_updown,"Technical state is soft, with price below the 50-day and 200-day averages. RSI is weak near 38.5. MACD remains on the bearish side. Volatility is relatively contained at roughly 12.3%.",No recent matched news was found for this ticker/date.,Relative strength versus the benchmark looked favorable. 1-month excess return 0.08%; 3-month excess return -2.32%; 6-month excess return 9.35%.,"Model view: the setup leaned cautious. Confidence was around 79%. Technical state is soft, with price below the 50-day and 200-day averages. RSI is weak near 38.5. MACD remains on the bearish side. Volatility is relatively contained at roughly 12.3%. No recent matched news was found for this ticker/date. Relative strength versus the benchmark looked favorable. 1-month excess return 0.08%; 3-month excess return -2.32%; 6-month excess return 9.35%."
2023-03-17,T,1,0.0,0.7073677720168392,miss,random_forest,target_5d_updown,"Technical state is soft, with price below the 50-day and 200-day averages. RSI is weak near 33.9. MACD remains on the bearish side. Volatility is relatively contained at roughly 12.9%.",No recent matched news was found for this ticker/date.,Relative strength versus the benchmark looked mixed. 1-month excess return -0.40%; 3-month excess return -2.09%; 6-month excess return 7.84%.,"Model view: the setup leaned cautious. Confidence was around 71%. Technical state is soft, with price below the 50-day and 200-day averages. RSI is weak near 33.9. MACD remains on the bearish side. Volatility is relatively contained at roughly 12.9%. No recent matched news was found for this ticker/date. Relative strength versus the benchmark looked mixed. 1-month excess return -0.40%; 3-month excess return -2.09%; 6-month excess return 7.84%."
2023-03-20,T,1,0.0,0.8280755664569425,miss,random_forest,target_5d_updown,"Technical state is soft, with price below the 50-day and 200-day averages. MACD remains on the bearish side. Volatility is relatively contained at roughly 14.7%.",No recent matched news was found for this ticker/date.,Relative strength versus the benchmark looked mixed. 1-month excess return -0.78%; 3-month excess return -1.29%; 6-month excess return 8.41%.,"Model view: the setup leaned cautious. Confidence was around 83%. Technical state is soft, with price below the 50-day and 200-day averages. MACD remains on the bearish side. Volatility is relatively contained at roughly 14.7%. No recent matched news was found for this ticker/date. Relative strength versus the benchmark looked mixed. 1-month excess return -0.78%; 3-month excess return -1.29%; 6-month excess return 8.41%."
2023-03-21,T,1,0.0,0.7972981840783349,miss,random_forest,target_5d_updown,"Technical state is soft, with price below the 50-day and 200-day averages. MACD remains on the bullish side. Volatility is relatively contained at roughly 14.3%.",No recent matched news was found for this ticker/date.,Relative strength versus the benchmark looked mixed. 1-month excess return -2.94%; 3-month excess return -3.69%; 6-month excess return 8.03%.,"Model view: the setup leaned cautious. Confidence was around 80%. Technical state is soft, with price below the 50-day and 200-day averages. MACD remains on the bullish side. Volatility is relatively contained at roughly 14.3%. No recent matched news was found for this ticker/date. Relative strength versus the benchmark looked mixed. 1-month excess return -2.94%; 3-month excess return -3.69%; 6-month excess return 8.03%."
2023-03-22,T,1,0.0,0.7420204736028347,miss,random_forest,target_5d_updown,"Technical state is soft, with price below the 50-day and 200-day averages. MACD remains on the bullish side. Volatility is relatively contained at roughly 13.9%.",No recent matched news was found for this ticker/date.,Relative strength versus the benchmark looked mixed. 1-month excess return -2.90%; 3-month excess return -0.16%; 6-month excess return 9.01%.,"Model view: the setup leaned cautious. Confidence was around 74%. Technical state is soft, with price below the 50-day and 200-day averages. MACD remains on the bullish side. Volatility is relatively contained at roughly 13.9%. No recent matched news was found for this ticker/date. Relative strength versus the benchmark looked mixed. 1-month excess return -2.90%; 3-month excess return -0.16%; 6-month excess return 9.01%."
2023-03-23,T,1,0.0,0.789618489322597,miss,random_forest,target_5d_updown,"Technical state is soft, with price below the 50-day and 200-day averages. MACD remains on the bullish side. Volatility is relatively contained at roughly 14.1%.",No recent matched news was found for this ticker/date.,Relative strength versus the benchmark looked mixed. 1-month excess return -3.74%; 3-month excess return -1.55%; 6-month excess return 9.49%.,"Model view: the setup leaned cautious. Confidence was around 79%. Technical state is soft, with price below the 50-day and 200-day averages. MACD remains on the bullish side. Volatility is relatively contained at roughly 14.1%. No recent matched news was found for this ticker/date. Relative strength versus the benchmark looked mixed. 1-month excess return -3.74%; 3-month excess return -1.55%; 6-month excess return 9.49%."
2023-03-24,T,1,0.0,0.7714319145338471,miss,random_forest,target_5d_updown,"Technical state is mixed, with price not fully aligned across the major moving averages. MACD remains on the bullish side. Volatility is relatively contained at roughly 14.5%.",No recent matched news was found for this ticker/date.,Relative strength versus the benchmark looked favorable. 1-month excess return -2.57%; 3-month excess return 0.09%; 6-month excess return 9.33%.,"Model view: the setup leaned cautious. Confidence was around 77%. Technical state is mixed, with price not fully aligned across the major moving averages. MACD remains on the bullish side. Volatility is relatively contained at roughly 14.5%. No recent matched news was found for this ticker/date. Relative strength versus the benchmark looked favorable. 1-month excess return -2.57%; 3-month excess return 0.09%; 6-month excess return 9.33%."
2023-03-27,T,1,0.0,0.7379137240440744,miss,random_forest,target_5d_updown,"Technical state is mixed, with price not fully aligned across the major moving averages. RSI is in a steady zone near 54.0. MACD remains on the bullish side.",No recent matched news was found for this ticker/date.,Relative strength versus the benchmark looked mixed. 1-month excess return -1.90%; 3-month excess return -0.79%; 6-month excess return 10.64%.,"Model view: the setup leaned cautious. Confidence was around 74%. Technical state is mixed, with price not fully aligned across the major moving averages. RSI is in a steady zone near 54.0. MACD remains on the bullish side. No recent matched news was found for this ticker/date. Relative strength versus the benchmark looked mixed. 1-month excess return -1.90%; 3-month excess return -0.79%; 6-month excess return 10.64%."
2023-03-28,T,1,0.0,0.7525442102393621,miss,random_forest,target_5d_updown,"Technical state is mixed, with price not fully aligned across the major moving averages. RSI is in a steady zone near 50.4. MACD remains on the bullish side.",No recent matched news was found for this ticker/date.,Relative strength versus the benchmark looked mixed. 1-month excess return -1.09%; 3-month excess return -1.07%; 6-month excess return 11.38%.,"Model view: the setup leaned cautious. Confidence was around 75%. Technical state is mixed, with price not fully aligned across the major moving averages. RSI is in a steady zone near 50.4. MACD remains on the bullish side. No recent matched news was found for this ticker/date. Relative strength versus the benchmark looked mixed. 1-month excess return -1.09%; 3-month excess return -1.07%; 6-month excess return 11.38%."
2023-03-29,T,1,0.0,0.7246806006638168,miss,random_forest,target_5d_updown,"Technical state is mixed, with price not fully aligned across the major moving averages. RSI is in a steady zone near 56.3. MACD remains on the bullish side.",No recent matched news was found for this ticker/date.,Relative strength versus the benchmark looked mixed. 1-month excess return -0.78%; 3-month excess return -2.27%; 6-month excess return 10.86%.,"Model view: the setup leaned cautious. Confidence was around 72%. Technical state is mixed, with price not fully aligned across the major moving averages. RSI is in a steady zone near 56.3. MACD remains on the bullish side. No recent matched news was found for this ticker/date. Relative strength versus the benchmark looked mixed. 1-month excess return -0.78%; 3-month excess return -2.27%; 6-month excess return 10.86%."
2023-03-30,T,1,0.0,0.7143362956043303,miss,random_forest,target_5d_updown,"Technical state is constructive, with price above the 50-day and 200-day averages. RSI is in a steady zone near 57.8. MACD remains on the bullish side.",No recent matched news was found for this ticker/date.,Relative strength versus the benchmark looked favorable. 1-month excess return 0.02%; 3-month excess return -2.42%; 6-month excess return 11.60%.,"Model view: the setup leaned cautious. Confidence was around 71%. Technical state is constructive, with price above the 50-day and 200-day averages. RSI is in a steady zone near 57.8. MACD remains on the bullish side. No recent matched news was found for this ticker/date. Relative strength versus the benchmark looked favorable. 1-month excess return 0.02%; 3-month excess return -2.42%; 6-month excess return 11.60%."
2023-03-31,T,1,0.0,0.729383509657877,miss,random_forest,target_5d_updown,"Technical state is constructive, with price above the 50-day and 200-day averages. RSI is in a steady zone near 61.0. MACD remains on the bullish side.",No recent matched news was found for this ticker/date.,Relative strength versus the benchmark looked favorable. 1-month excess return 0.27%; 3-month excess return -2.41%; 6-month excess return 11.15%.,"Model view: the setup leaned cautious. Confidence was around 73%. Technical state is constructive, with price above the 50-day and 200-day averages. RSI is in a steady zone near 61.0. MACD remains on the bullish side. No recent matched news was found for this ticker/date. Relative strength versus the benchmark looked favorable. 1-month excess return 0.27%; 3-month excess return -2.41%; 6-month excess return 11.15%."
2023-04-03,T,1,0.0,0.7234603300702497,miss,random_forest,target_5d_updown,"Technical state is constructive, with price above the 50-day and 200-day averages. RSI is in a steady zone near 63.4. MACD remains on the bullish side.",No recent matched news was found for this ticker/date.,Relative strength versus the benchmark looked favorable. 1-month excess return 1.39%; 3-month excess return -2.14%; 6-month excess return 11.40%.,"Model view: the setup leaned cautious. Confidence was around 72%. Technical state is constructive, with price above the 50-day and 200-day averages. RSI is in a steady zone near 63.4. MACD remains on the bullish side. No recent matched news was found for this ticker/date. Relative strength versus the benchmark looked favorable. 1-month excess return 1.39%; 3-month excess return -2.14%; 6-month excess return 11.40%."
2023-04-04,T,1,0.0,0.68955265114942,miss,random_forest,target_5d_updown,"Technical state is constructive, with price above the 50-day and 200-day averages. MACD remains on the bullish side.",No recent matched news was found for this ticker/date.,Relative strength versus the benchmark looked favorable. 1-month excess return 3.64%; 3-month excess return -2.47%; 6-month excess return 12.11%.,"Model view: the setup leaned cautious. Confidence was around 69%. Technical state is constructive, with price above the 50-day and 200-day averages. MACD remains on the bullish side. No recent matched news was found for this ticker/date. Relative strength versus the benchmark looked favorable. 1-month excess return 3.64%; 3-month excess return -2.47%; 6-month excess return 12.11%."
2023-04-05,T,1,0.0,0.6472225190964024,miss,random_forest,target_5d_updown,"Technical state is constructive, with price above the 50-day and 200-day averages. RSI is elevated near 70.5, so chasing strength may add risk. MACD remains on the bullish side.",No recent matched news was found for this ticker/date.,Relative strength versus the benchmark looked favorable. 1-month excess return 3.92%; 3-month excess return -2.38%; 6-month excess return 15.69%.,"Model view: the setup leaned cautious. Confidence was around 65%. Technical state is constructive, with price above the 50-day and 200-day averages. RSI is elevated near 70.5, so chasing strength may add risk. MACD remains on the bullish side. No recent matched news was found for this ticker/date. Relative strength versus the benchmark looked favorable. 1-month excess return 3.92%; 3-month excess return -2.38%; 6-month excess return 15.69%."
2023-04-06,T,1,0.0,0.7170067473822256,miss,random_forest,target_5d_updown,"Technical state is constructive, with price above the 50-day and 200-day averages. RSI is in a steady zone near 64.0. MACD remains on the bullish side.",No recent matched news was found for this ticker/date.,Relative strength versus the benchmark looked favorable. 1-month excess return 3.02%; 3-month excess return -5.54%; 6-month excess return 14.89%.,"Model view: the setup leaned cautious. Confidence was around 72%. Technical state is constructive, with price above the 50-day and 200-day averages. RSI is in a steady zone near 64.0. MACD remains on the bullish side. No recent matched news was found for this ticker/date. Relative strength versus the benchmark looked favorable. 1-month excess return 3.02%; 3-month excess return -5.54%; 6-month excess return 14.89%."
2023-04-10,T,1,0.0,0.7508732497011447,miss,random_forest,target_5d_updown,"Technical state is constructive, with price above the 50-day and 200-day averages. RSI is in a steady zone near 61.8. MACD remains on the bullish side.",No recent matched news was found for this ticker/date.,Relative strength versus the benchmark looked favorable. 1-month excess return 2.23%; 3-month excess return -5.34%; 6-month excess return 18.00%.,"Model view: the setup leaned cautious. Confidence was around 75%. Technical state is constructive, with price above the 50-day and 200-day averages. RSI is in a steady zone near 61.8. MACD remains on the bullish side. No recent matched news was found for this ticker/date. Relative strength versus the benchmark looked favorable. 1-month excess return 2.23%; 3-month excess return -5.34%; 6-month excess return 18.00%."
2023-04-11,T,1,0.0,0.7546390766075608,miss,random_forest,target_5d_updown,"Technical state is constructive, with price above the 50-day and 200-day averages. RSI is in a steady zone near 63.8. MACD remains on the bullish side.",No recent matched news was found for this ticker/date.,Relative strength versus the benchmark looked favorable. 1-month excess return 0.71%; 3-month excess return -2.22%; 6-month excess return 18.87%.,"Model view: the setup leaned cautious. Confidence was around 75%. Technical state is constructive, with price above the 50-day and 200-day averages. RSI is in a steady zone near 63.8. MACD remains on the bullish side. No recent matched news was found for this ticker/date. Relative strength versus the benchmark looked favorable. 1-month excess return 0.71%; 3-month excess return -2.22%; 6-month excess return 18.87%."
2023-04-12,T,0,0.0,0.7545103806216471,hit,random_forest,target_5d_updown,"Technical state is constructive, with price above the 50-day and 200-day averages. MACD remains on the bullish side.",No recent matched news was found for this ticker/date.,Relative strength versus the benchmark looked favorable. 1-month excess return 2.15%; 3-month excess return -2.93%; 6-month excess return 19.36%.,"Model view: the setup leaned cautious. Confidence was around 75%. Technical state is constructive, with price above the 50-day and 200-day averages. MACD remains on the bullish side. No recent matched news was found for this ticker/date. Relative strength versus the benchmark looked favorable. 1-month excess return 2.15%; 3-month excess return -2.93%; 6-month excess return 19.36%."
2023-04-13,T,0,0.0,0.7586707599278674,hit,random_forest,target_5d_updown,"Technical state is constructive, with price above the 50-day and 200-day averages. MACD remains on the bullish side. Volatility is relatively contained at roughly 14.7%.",No recent matched news was found for this ticker/date.,Relative strength versus the benchmark looked favorable. 1-month excess return 2.74%; 3-month excess return -1.66%; 6-month excess return 19.22%.,"Model view: the setup leaned cautious. Confidence was around 76%. Technical state is constructive, with price above the 50-day and 200-day averages. MACD remains on the bullish side. Volatility is relatively contained at roughly 14.7%. No recent matched news was found for this ticker/date. Relative strength versus the benchmark looked favorable. 1-month excess return 2.74%; 3-month excess return -1.66%; 6-month excess return 19.22%."
2023-04-14,T,0,0.0,0.7482126923334005,hit,random_forest,target_5d_updown,"Technical state is constructive, with price above the 50-day and 200-day averages. MACD remains on the bullish side. Volatility is relatively contained at roughly 14.9%.",No recent matched news was found for this ticker/date.,Relative strength versus the benchmark looked favorable. 1-month excess return 2.91%; 3-month excess return -1.21%; 6-month excess return 20.55%.,"Model view: the setup leaned cautious. Confidence was around 75%. Technical state is constructive, with price above the 50-day and 200-day averages. MACD remains on the bullish side. Volatility is relatively contained at roughly 14.9%. No recent matched news was found for this ticker/date. Relative strength versus the benchmark looked favorable. 1-month excess return 2.91%; 3-month excess return -1.21%; 6-month excess return 20.55%."
2023-04-17,T,0,0.0,0.7397837054750528,hit,random_forest,target_5d_updown,"Technical state is constructive, with price above the 50-day and 200-day averages. RSI is in a steady zone near 62.6. MACD remains on the bullish side. Volatility is relatively contained at roughly 13.9%.",No recent matched news was found for this ticker/date.,Relative strength versus the benchmark looked favorable. 1-month excess return 3.10%; 3-month excess return -2.61%; 6-month excess return 17.78%.,"Model view: the setup leaned cautious. Confidence was around 74%. Technical state is constructive, with price above the 50-day and 200-day averages. RSI is in a steady zone near 62.6. MACD remains on the bullish side. Volatility is relatively contained at roughly 13.9%. No recent matched news was found for this ticker/date. Relative strength versus the benchmark looked favorable. 1-month excess return 3.10%; 3-month excess return -2.61%; 6-month excess return 17.78%."
2023-04-18,T,0,0.0,0.7441828069144758,hit,random_forest,target_5d_updown,"Technical state is constructive, with price above the 50-day and 200-day averages. RSI is in a steady zone near 63.2. MACD remains on the bullish side. Volatility is relatively contained at roughly 12.6%.",No recent matched news was found for this ticker/date.,Relative strength versus the benchmark looked favorable. 1-month excess return 3.58%; 3-month excess return -1.53%; 6-month excess return 16.43%.,"Model view: the setup leaned cautious. Confidence was around 74%. Technical state is constructive, with price above the 50-day and 200-day averages. RSI is in a steady zone near 63.2. MACD remains on the bullish side. Volatility is relatively contained at roughly 12.6%. No recent matched news was found for this ticker/date. Relative strength versus the benchmark looked favorable. 1-month excess return 3.58%; 3-month excess return -1.53%; 6-month excess return 16.43%."
2023-04-19,T,0,0.0,0.7486916096393326,hit,random_forest,target_5d_updown,"Technical state is constructive, with price above the 50-day and 200-day averages. RSI is in a steady zone near 59.4. MACD remains on the bullish side. Volatility is relatively contained at roughly 13.1%.",No recent matched news was found for this ticker/date.,Relative strength versus the benchmark looked favorable. 1-month excess return 1.76%; 3-month excess return -2.20%; 6-month excess return 15.76%.,"Model view: the setup leaned cautious. Confidence was around 75%. Technical state is constructive, with price above the 50-day and 200-day averages. RSI is in a steady zone near 59.4. MACD remains on the bullish side. Volatility is relatively contained at roughly 13.1%. No recent matched news was found for this ticker/date. Relative strength versus the benchmark looked favorable. 1-month excess return 1.76%; 3-month excess return -2.20%; 6-month excess return 15.76%."
2023-04-20,T,0,0.0,0.516261309655713,hit,random_forest,target_5d_updown,"Technical state is soft, with price below the 50-day and 200-day averages. RSI is weak near 28.1. MACD remains on the bearish side. Volatility is elevated at roughly 40.2%.",No recent matched news was found for this ticker/date.,Relative strength versus the benchmark looked weak. 1-month excess return -7.65%; 3-month excess return -12.76%; 6-month excess return 2.17%.,"Model view: the setup leaned cautious. Confidence was around 52%. Technical state is soft, with price below the 50-day and 200-day averages. RSI is weak near 28.1. MACD remains on the bearish side. Volatility is elevated at roughly 40.2%. No recent matched news was found for this ticker/date. Relative strength versus the benchmark looked weak. 1-month excess return -7.65%; 3-month excess return -12.76%; 6-month excess return 2.17%."
2023-04-21,T,0,0.0,0.5637188132656269,hit,random_forest,target_5d_updown,"Technical state is soft, with price below the 50-day and 200-day averages. RSI is weak near 37.9. MACD remains on the bearish side. Volatility is elevated at roughly 42.0%.",No recent matched news was found for this ticker/date.,Relative strength versus the benchmark looked mixed. 1-month excess return -5.57%; 3-month excess return -9.34%; 6-month excess return 5.44%.,"Model view: the setup leaned cautious. Confidence was around 56%. Technical state is soft, with price below the 50-day and 200-day averages. RSI is weak near 37.9. MACD remains on the bearish side. Volatility is elevated at roughly 42.0%. No recent matched news was found for this ticker/date. Relative strength versus the benchmark looked mixed. 1-month excess return -5.57%; 3-month excess return -9.34%; 6-month excess return 5.44%."
2023-04-24,T,0,0.0,0.5390858349384506,hit,random_forest,target_5d_updown,"Technical state is soft, with price below the 50-day and 200-day averages. RSI is weak near 32.2. MACD remains on the bearish side. Volatility is elevated at roughly 43.9%.",No recent matched news was found for this ticker/date.,Relative strength versus the benchmark looked weak. 1-month excess return -9.57%; 3-month excess return -11.19%; 6-month excess return -8.16%.,"Model view: the setup leaned cautious. Confidence was around 54%. Technical state is soft, with price below the 50-day and 200-day averages. RSI is weak near 32.2. MACD remains on the bearish side. Volatility is elevated at roughly 43.9%. No recent matched news was found for this ticker/date. Relative strength versus the benchmark looked weak. 1-month excess return -9.57%; 3-month excess return -11.19%; 6-month excess return -8.16%."
2023-04-25,T,0,1.0,0.5237515180662935,miss,random_forest,target_5d_updown,"Technical state is soft, with price below the 50-day and 200-day averages. RSI is weak near 32.0. MACD remains on the bearish side. Volatility is elevated at roughly 43.4%.",No recent matched news was found for this ticker/date.,Relative strength versus the benchmark looked weak. 1-month excess return -8.53%; 3-month excess return -10.07%; 6-month excess return -6.09%.,"Model view: the setup leaned constructive. Confidence was around 52%. Technical state is soft, with price below the 50-day and 200-day averages. RSI is weak near 32.0. MACD remains on the bearish side. Volatility is elevated at roughly 43.4%. No recent matched news was found for this ticker/date. Relative strength versus the benchmark looked weak. 1-month excess return -8.53%; 3-month excess return -10.07%; 6-month excess return -6.09%."
2023-04-26,T,0,1.0,0.597035985736211,miss,random_forest,target_5d_updown,"Technical state is soft, with price below the 50-day and 200-day averages. RSI is weak near 29.7. MACD remains on the bearish side. Volatility is elevated at roughly 43.7%.",No recent matched news was found for this ticker/date.,Relative strength versus the benchmark looked weak. 1-month excess return -10.85%; 3-month excess return -16.74%; 6-month excess return -8.48%.,"Model view: the setup leaned constructive. Confidence was around 60%. Technical state is soft, with price below the 50-day and 200-day averages. RSI is weak near 29.7. MACD remains on the bearish side. Volatility is elevated at roughly 43.7%. No recent matched news was found for this ticker/date. Relative strength versus the benchmark looked weak. 1-month excess return -10.85%; 3-month excess return -16.74%; 6-month excess return -8.48%."
2023-04-27,T,0,0.0,0.671431098131156,hit,random_forest,target_5d_updown,"Technical state is soft, with price below the 50-day and 200-day averages. RSI is weak near 36.3. MACD remains on the bearish side. Volatility is elevated at roughly 44.3%.",No recent matched news was found for this ticker/date.,Relative strength versus the benchmark looked weak. 1-month excess return -10.14%; 3-month excess return -13.83%; 6-month excess return -7.54%.,"Model view: the setup leaned cautious. Confidence was around 67%. Technical state is soft, with price below the 50-day and 200-day averages. RSI is weak near 36.3. MACD remains on the bearish side. Volatility is elevated at roughly 44.3%. No recent matched news was found for this ticker/date. Relative strength versus the benchmark looked weak. 1-month excess return -10.14%; 3-month excess return -13.83%; 6-month excess return -7.54%."
2023-04-28,T,0,0.0,0.6483990734454315,hit,random_forest,target_5d_updown,"Technical state is soft, with price below the 50-day and 200-day averages. RSI is weak near 37.2. MACD remains on the bearish side. Volatility is elevated at roughly 44.3%.",No recent matched news was found for this ticker/date.,Relative strength versus the benchmark looked weak. 1-month excess return -10.62%; 3-month excess return -13.89%; 6-month excess return -11.40%.,"Model view: the setup leaned cautious. Confidence was around 65%. Technical state is soft, with price below the 50-day and 200-day averages. RSI is weak near 37.2. MACD remains on the bearish side. Volatility is elevated at roughly 44.3%. No recent matched news was found for this ticker/date. Relative strength versus the benchmark looked weak. 1-month excess return -10.62%; 3-month excess return -13.89%; 6-month excess return -11.40%."
2023-05-01,T,0,0.0,0.6730410239484952,hit,random_forest,target_5d_updown,"Technical state is soft, with price below the 50-day and 200-day averages. RSI is weak near 35.6. MACD remains on the bearish side. Volatility is elevated at roughly 44.1%.",No recent matched news was found for this ticker/date.,Relative strength versus the benchmark looked weak. 1-month excess return -11.22%; 3-month excess return -16.88%; 6-month excess return -12.26%.,"Model view: the setup leaned cautious. Confidence was around 67%. Technical state is soft, with price below the 50-day and 200-day averages. RSI is weak near 35.6. MACD remains on the bearish side. Volatility is elevated at roughly 44.1%. No recent matched news was found for this ticker/date. Relative strength versus the benchmark looked weak. 1-month excess return -11.22%; 3-month excess return -16.88%; 6-month excess return -12.26%."
2023-05-02,T,0,0.0,0.5023759179978421,hit,random_forest,target_5d_updown,"Technical state is soft, with price below the 50-day and 200-day averages. RSI is weak near 31.9. MACD remains on the bearish side. Volatility is elevated at roughly 44.4%.",No recent matched news was found for this ticker/date.,Relative strength versus the benchmark looked weak. 1-month excess return -11.71%; 3-month excess return -17.29%; 6-month excess return -13.26%.,"Model view: the setup leaned cautious. Confidence was around 50%. Technical state is soft, with price below the 50-day and 200-day averages. RSI is weak near 31.9. MACD remains on the bearish side. Volatility is elevated at roughly 44.4%. No recent matched news was found for this ticker/date. Relative strength versus the benchmark looked weak. 1-month excess return -11.71%; 3-month excess return -17.29%; 6-month excess return -13.26%."
2023-05-03,T,0,0.0,0.6168428160404935,hit,random_forest,target_5d_updown,"Technical state is soft, with price below the 50-day and 200-day averages. RSI is weak near 32.3. MACD remains on the bearish side. Volatility is elevated at roughly 44.0%.",No recent matched news was found for this ticker/date.,Relative strength versus the benchmark looked weak. 1-month excess return -11.15%; 3-month excess return -14.61%; 6-month excess return -11.87%.,"Model view: the setup leaned cautious. Confidence was around 62%. Technical state is soft, with price below the 50-day and 200-day averages. RSI is weak near 32.3. MACD remains on the bearish side. Volatility is elevated at roughly 44.0%. No recent matched news was found for this ticker/date. Relative strength versus the benchmark looked weak. 1-month excess return -11.15%; 3-month excess return -14.61%; 6-month excess return -11.87%."
2023-05-04,T,1,0.0,0.5101945482449621,miss,random_forest,target_5d_updown,"Technical state is soft, with price below the 50-day and 200-day averages. RSI is weak near 30.7. MACD remains on the bearish side. Volatility is elevated at roughly 43.4%.",No recent matched news was found for this ticker/date.,Relative strength versus the benchmark looked weak. 1-month excess return -13.02%; 3-month excess return -13.80%; 6-month excess return -13.11%.,"Model view: the setup leaned cautious. Confidence was around 51%. Technical state is soft, with price below the 50-day and 200-day averages. RSI is weak near 30.7. MACD remains on the bearish side. Volatility is elevated at roughly 43.4%. No recent matched news was found for this ticker/date. Relative strength versus the benchmark looked weak. 1-month excess return -13.02%; 3-month excess return -13.80%; 6-month excess return -13.11%."
2023-05-05,T,0,0.0,0.5581831054018466,hit,random_forest,target_5d_updown,"Technical state is soft, with price below the 50-day and 200-day averages. RSI is weak near 34.8. MACD remains on the bearish side. Volatility is elevated at roughly 44.0%.",No recent matched news was found for this ticker/date.,Relative strength versus the benchmark looked weak. 1-month excess return -15.02%; 3-month excess return -13.65%; 6-month excess return -17.06%.,"Model view: the setup leaned cautious. Confidence was around 56%. Technical state is soft, with price below the 50-day and 200-day averages. RSI is weak near 34.8. MACD remains on the bearish side. Volatility is elevated at roughly 44.0%. No recent matched news was found for this ticker/date. Relative strength versus the benchmark looked weak. 1-month excess return -15.02%; 3-month excess return -13.65%; 6-month excess return -17.06%."
2023-05-08,T,0,0.0,0.5713107171503944,hit,random_forest,target_5d_updown,"Technical state is soft, with price below the 50-day and 200-day averages. RSI is weak near 34.7. MACD remains on the bearish side. Volatility is elevated at roughly 44.0%.",No recent matched news was found for this ticker/date.,Relative strength versus the benchmark looked weak. 1-month excess return -13.73%; 3-month excess return -13.23%; 6-month excess return -17.03%.,"Model view: the setup leaned cautious. Confidence was around 57%. Technical state is soft, with price below the 50-day and 200-day averages. RSI is weak near 34.7. MACD remains on the bearish side. Volatility is elevated at roughly 44.0%. No recent matched news was found for this ticker/date. Relative strength versus the benchmark looked weak. 1-month excess return -13.73%; 3-month excess return -13.23%; 6-month excess return -17.03%."
2023-05-09,T,0,0.0,0.5894077879178959,hit,random_forest,target_5d_updown,"Technical state is soft, with price below the 50-day and 200-day averages. RSI is weak near 33.7. MACD remains on the bearish side. Volatility is elevated at roughly 43.8%.",No recent matched news was found for this ticker/date.,Relative strength versus the benchmark looked weak. 1-month excess return -13.34%; 3-month excess return -10.54%; 6-month excess return -16.27%.,"Model view: the setup leaned cautious. Confidence was around 59%. Technical state is soft, with price below the 50-day and 200-day averages. RSI is weak near 33.7. MACD remains on the bearish side. Volatility is elevated at roughly 43.8%. No recent matched news was found for this ticker/date. Relative strength versus the benchmark looked weak. 1-month excess return -13.34%; 3-month excess return -10.54%; 6-month excess return -16.27%."
2023-05-10,T,0,0.0,0.5514212750475537,hit,random_forest,target_5d_updown,"Technical state is soft, with price below the 50-day and 200-day averages. RSI is weak near 34.1. MACD remains on the bearish side. Volatility is elevated at roughly 43.7%.",No recent matched news was found for this ticker/date.,Relative strength versus the benchmark looked weak. 1-month excess return -14.20%; 3-month excess return -11.55%; 6-month excess return -15.80%.,"Model view: the setup leaned cautious. Confidence was around 55%. Technical state is soft, with price below the 50-day and 200-day averages. RSI is weak near 34.1. MACD remains on the bearish side. Volatility is elevated at roughly 43.7%. No recent matched news was found for this ticker/date. Relative strength versus the benchmark looked weak. 1-month excess return -14.20%; 3-month excess return -11.55%; 6-month excess return -15.80%."
2023-05-11,T,0,0.0,0.5481180795797931,hit,random_forest,target_5d_updown,"Technical state is soft, with price below the 50-day and 200-day averages. RSI is weak near 33.2. MACD remains on the bearish side. Volatility is elevated at roughly 43.3%.",No recent matched news was found for this ticker/date.,Relative strength versus the benchmark looked weak. 1-month excess return -15.21%; 3-month excess return -11.81%; 6-month excess return -16.54%.,"Model view: the setup leaned cautious. Confidence was around 55%. Technical state is soft, with price below the 50-day and 200-day averages. RSI is weak near 33.2. MACD remains on the bearish side. Volatility is elevated at roughly 43.3%. No recent matched news was found for this ticker/date. Relative strength versus the benchmark looked weak. 1-month excess return -15.21%; 3-month excess return -11.81%; 6-month excess return -16.54%."
2023-05-12,T,0,0.0,0.5601614995567658,hit,random_forest,target_5d_updown,"Technical state is soft, with price below the 50-day and 200-day averages. RSI is weak near 34.9. MACD remains on the bearish side. Volatility is elevated at roughly 43.4%.",No recent matched news was found for this ticker/date.,Relative strength versus the benchmark looked weak. 1-month excess return -14.25%; 3-month excess return -11.53%; 6-month excess return -17.31%.,"Model view: the setup leaned cautious. Confidence was around 56%. Technical state is soft, with price below the 50-day and 200-day averages. RSI is weak near 34.9. MACD remains on the bearish side. Volatility is elevated at roughly 43.4%. No recent matched news was found for this ticker/date. Relative strength versus the benchmark looked weak. 1-month excess return -14.25%; 3-month excess return -11.53%; 6-month excess return -17.31%."
2023-05-15,T,0,0.0,0.5522490977146932,hit,random_forest,target_5d_updown,"Technical state is soft, with price below the 50-day and 200-day averages. RSI is weak near 33.8. MACD remains on the bearish side. Volatility is elevated at roughly 43.5%.",No recent matched news was found for this ticker/date.,Relative strength versus the benchmark looked weak. 1-month excess return -15.08%; 3-month excess return -12.02%; 6-month excess return -14.66%.,"Model view: the setup leaned cautious. Confidence was around 55%. Technical state is soft, with price below the 50-day and 200-day averages. RSI is weak near 33.8. MACD remains on the bearish side. Volatility is elevated at roughly 43.5%. No recent matched news was found for this ticker/date. Relative strength versus the benchmark looked weak. 1-month excess return -15.08%; 3-month excess return -12.02%; 6-month excess return -14.66%."
2023-05-16,T,0,0.0,0.5097973598790349,hit,random_forest,target_5d_updown,"Technical state is soft, with price below the 50-day and 200-day averages. RSI is weak near 29.0. MACD remains on the bearish side. Volatility is elevated at roughly 43.7%.",No recent matched news was found for this ticker/date.,Relative strength versus the benchmark looked weak. 1-month excess return -15.60%; 3-month excess return -13.09%; 6-month excess return -16.18%.,"Model view: the setup leaned cautious. Confidence was around 51%. Technical state is soft, with price below the 50-day and 200-day averages. RSI is weak near 29.0. MACD remains on the bearish side. Volatility is elevated at roughly 43.7%. No recent matched news was found for this ticker/date. Relative strength versus the benchmark looked weak. 1-month excess return -15.60%; 3-month excess return -13.09%; 6-month excess return -16.18%."
2023-05-17,T,0,0.0,0.5191231837870455,hit,random_forest,target_5d_updown,"Technical state is soft, with price below the 50-day and 200-day averages. RSI is weak near 32.2. MACD remains on the bearish side. Volatility is elevated at roughly 44.1%.",No recent matched news was found for this ticker/date.,Relative strength versus the benchmark looked weak. 1-month excess return -16.18%; 3-month excess return -13.71%; 6-month excess return -17.61%.,"Model view: the setup leaned cautious. Confidence was around 52%. Technical state is soft, with price below the 50-day and 200-day averages. RSI is weak near 32.2. MACD remains on the bearish side. Volatility is elevated at roughly 44.1%. No recent matched news was found for this ticker/date. Relative strength versus the benchmark looked weak. 1-month excess return -16.18%; 3-month excess return -13.71%; 6-month excess return -17.61%."
2023-05-18,T,0,0.0,0.6147278496458166,hit,random_forest,target_5d_updown,"Technical state is soft, with price below the 50-day and 200-day averages. RSI is weak near 30.9. MACD remains on the bearish side.",No recent matched news was found for this ticker/date.,Relative strength versus the benchmark looked weak. 1-month excess return -17.21%; 3-month excess return -16.73%; 6-month excess return -18.16%.,"Model view: the setup leaned cautious. Confidence was around 61%. Technical state is soft, with price below the 50-day and 200-day averages. RSI is weak near 30.9. MACD remains on the bearish side. No recent matched news was found for this ticker/date. Relative strength versus the benchmark looked weak. 1-month excess return -17.21%; 3-month excess return -16.73%; 6-month excess return -18.16%."
2023-05-19,T,0,0.0,0.5748316140471226,hit,random_forest,target_5d_updown,"Technical state is soft, with price below the 50-day and 200-day averages. RSI is weak near 28.3. MACD remains on the bearish side.",No recent matched news was found for this ticker/date.,Relative strength versus the benchmark looked weak. 1-month excess return -9.23%; 3-month excess return -18.87%; 6-month excess return -19.65%.,"Model view: the setup leaned cautious. Confidence was around 57%. Technical state is soft, with price below the 50-day and 200-day averages. RSI is weak near 28.3. MACD remains on the bearish side. No recent matched news was found for this ticker/date. Relative strength versus the benchmark looked weak. 1-month excess return -9.23%; 3-month excess return -18.87%; 6-month excess return -19.65%."
2023-05-22,T,0,0.0,0.5937885746666945,hit,random_forest,target_5d_updown,"Technical state is soft, with price below the 50-day and 200-day averages. RSI is weak near 30.1. MACD remains on the bearish side.",No recent matched news was found for this ticker/date.,Relative strength versus the benchmark looked weak. 1-month excess return -11.73%; 3-month excess return -19.64%; 6-month excess return -19.74%.,"Model view: the setup leaned cautious. Confidence was around 59%. Technical state is soft, with price below the 50-day and 200-day averages. RSI is weak near 30.1. MACD remains on the bearish side. No recent matched news was found for this ticker/date. Relative strength versus the benchmark looked weak. 1-month excess return -11.73%; 3-month excess return -19.64%; 6-month excess return -19.74%."
2023-05-23,T,0,0.0,0.598039860672081,hit,random_forest,target_5d_updown,"Technical state is soft, with price below the 50-day and 200-day averages. RSI is weak near 27.1. MACD remains on the bearish side.",No recent matched news was found for this ticker/date.,Relative strength versus the benchmark looked weak. 1-month excess return -8.52%; 3-month excess return -20.79%; 6-month excess return -19.66%.,"Model view: the setup leaned cautious. Confidence was around 60%. Technical state is soft, with price below the 50-day and 200-day averages. RSI is weak near 27.1. MACD remains on the bearish side. No recent matched news was found for this ticker/date. Relative strength versus the benchmark looked weak. 1-month excess return -8.52%; 3-month excess return -20.79%; 6-month excess return -19.66%."
2023-05-24,T,0,0.0,0.5705847502719231,hit,random_forest,target_5d_updown,"Technical state is soft, with price below the 50-day and 200-day averages. RSI is weak near 25.6. MACD remains on the bearish side.",No recent matched news was found for this ticker/date.,Relative strength versus the benchmark looked weak. 1-month excess return -10.12%; 3-month excess return -20.14%; 6-month excess return -19.45%.,"Model view: the setup leaned cautious. Confidence was around 57%. Technical state is soft, with price below the 50-day and 200-day averages. RSI is weak near 25.6. MACD remains on the bearish side. No recent matched news was found for this ticker/date. Relative strength versus the benchmark looked weak. 1-month excess return -10.12%; 3-month excess return -20.14%; 6-month excess return -19.45%."
2023-05-25,T,1,1.0,0.5921211304853076,hit,random_forest,target_5d_updown,"Technical state is soft, with price below the 50-day and 200-day averages. RSI is weak near 19.4. MACD remains on the bearish side.",No recent matched news was found for this ticker/date.,Relative strength versus the benchmark looked weak. 1-month excess return -14.47%; 3-month excess return -25.84%; 6-month excess return -23.90%.,"Model view: the setup leaned constructive. Confidence was around 59%. Technical state is soft, with price below the 50-day and 200-day averages. RSI is weak near 19.4. MACD remains on the bearish side. No recent matched news was found for this ticker/date. Relative strength versus the benchmark looked weak. 1-month excess return -14.47%; 3-month excess return -25.84%; 6-month excess return -23.90%."
2023-05-26,T,0,0.0,0.5125128235462355,hit,random_forest,target_5d_updown,"Technical state is soft, with price below the 50-day and 200-day averages. RSI is weak near 27.6. MACD remains on the bearish side.",No recent matched news was found for this ticker/date.,Relative strength versus the benchmark looked weak. 1-month excess return -13.85%; 3-month excess return -24.13%; 6-month excess return -23.14%.,"Model view: the setup leaned cautious. Confidence was around 51%. Technical state is soft, with price below the 50-day and 200-day averages. RSI is weak near 27.6. MACD remains on the bearish side. No recent matched news was found for this ticker/date. Relative strength versus the benchmark looked weak. 1-month excess return -13.85%; 3-month excess return -24.13%; 6-month excess return -23.14%."
2023-05-30,T,1,0.0,0.5026079433828328,miss,random_forest,target_5d_updown,"Technical state is soft, with price below the 50-day and 200-day averages. RSI is weak near 30.7. MACD remains on the bearish side.",No recent matched news was found for this ticker/date.,Relative strength versus the benchmark looked weak. 1-month excess return -12.52%; 3-month excess return -23.30%; 6-month excess return -22.58%.,"Model view: the setup leaned cautious. Confidence was around 50%. Technical state is soft, with price below the 50-day and 200-day averages. RSI is weak near 30.7. MACD remains on the bearish side. No recent matched news was found for this ticker/date. Relative strength versus the benchmark looked weak. 1-month excess return -12.52%; 3-month excess return -23.30%; 6-month excess return -22.58%."
2023-05-31,T,1,0.0,0.5112771554349069,miss,random_forest,target_5d_updown,"Technical state is soft, with price below the 50-day and 200-day averages. RSI is weak near 32.7. MACD remains on the bearish side.",No recent matched news was found for this ticker/date.,Relative strength versus the benchmark looked weak. 1-month excess return -10.66%; 3-month excess return -21.52%; 6-month excess return -21.90%.,"Model view: the setup leaned cautious. Confidence was around 51%. Technical state is soft, with price below the 50-day and 200-day averages. RSI is weak near 32.7. MACD remains on the bearish side. No recent matched news was found for this ticker/date. Relative strength versus the benchmark looked weak. 1-month excess return -10.66%; 3-month excess return -21.52%; 6-month excess return -21.90%."
2023-06-01,T,1,0.0,0.5500654904724339,miss,random_forest,target_5d_updown,"Technical state is soft, with price below the 50-day and 200-day averages. RSI is weak near 34.4. MACD remains on the bearish side.",No recent matched news was found for this ticker/date.,Relative strength versus the benchmark looked weak. 1-month excess return -10.05%; 3-month excess return -21.31%; 6-month excess return -23.51%.,"Model view: the setup leaned cautious. Confidence was around 55%. Technical state is soft, with price below the 50-day and 200-day averages. RSI is weak near 34.4. MACD remains on the bearish side. No recent matched news was found for this ticker/date. Relative strength versus the benchmark looked weak. 1-month excess return -10.05%; 3-month excess return -21.31%; 6-month excess return -23.51%."
2023-06-02,T,1,1.0,0.5822562103271792,hit,random_forest,target_5d_updown,"Technical state is soft, with price below the 50-day and 200-day averages. RSI is weak near 28.4. MACD remains on the bearish side.",No recent matched news was found for this ticker/date.,Relative strength versus the benchmark looked weak. 1-month excess return -15.90%; 3-month excess return -25.06%; 6-month excess return -26.12%.,"Model view: the setup leaned constructive. Confidence was around 58%. Technical state is soft, with price below the 50-day and 200-day averages. RSI is weak near 28.4. MACD remains on the bearish side. No recent matched news was found for this ticker/date. Relative strength versus the benchmark looked weak. 1-month excess return -15.90%; 3-month excess return -25.06%; 6-month excess return -26.12%."
2023-06-05,T,1,1.0,0.5504996018755848,hit,random_forest,target_5d_updown,"Technical state is soft, with price below the 50-day and 200-day averages. RSI is weak near 32.2. MACD remains on the bearish side.",No recent matched news was found for this ticker/date.,Relative strength versus the benchmark looked weak. 1-month excess return -14.46%; 3-month excess return -23.59%; 6-month excess return -24.60%.,"Model view: the setup leaned constructive. Confidence was around 55%. Technical state is soft, with price below the 50-day and 200-day averages. RSI is weak near 32.2. MACD remains on the bearish side. No recent matched news was found for this ticker/date. Relative strength versus the benchmark looked weak. 1-month excess return -14.46%; 3-month excess return -23.59%; 6-month excess return -24.60%."
2023-06-06,T,1,1.0,0.5442785505978383,hit,random_forest,target_5d_updown,"Technical state is soft, with price below the 50-day and 200-day averages. RSI is weak near 37.8. MACD remains on the bullish side.",No recent matched news was found for this ticker/date.,Relative strength versus the benchmark looked weak. 1-month excess return -12.31%; 3-month excess return -23.72%; 6-month excess return -22.78%.,"Model view: the setup leaned constructive. Confidence was around 54%. Technical state is soft, with price below the 50-day and 200-day averages. RSI is weak near 37.8. MACD remains on the bullish side. No recent matched news was found for this ticker/date. Relative strength versus the benchmark looked weak. 1-month excess return -12.31%; 3-month excess return -23.72%; 6-month excess return -22.78%."
2023-06-07,T,0,0.0,0.5078003509653286,hit,random_forest,target_5d_updown,"Technical state is soft, with price below the 50-day and 200-day averages. MACD remains on the bullish side. Volatility is elevated at roughly 30.7%.",No recent matched news was found for this ticker/date.,Relative strength versus the benchmark looked weak. 1-month excess return -9.34%; 3-month excess return -20.44%; 6-month excess return -20.85%.,"Model view: the setup leaned cautious. Confidence was around 51%. Technical state is soft, with price below the 50-day and 200-day averages. MACD remains on the bullish side. Volatility is elevated at roughly 30.7%. No recent matched news was found for this ticker/date. Relative strength versus the benchmark looked weak. 1-month excess return -9.34%; 3-month excess return -20.44%; 6-month excess return -20.85%."
2023-06-08,T,0,0.0,0.508697387189745,hit,random_forest,target_5d_updown,"Technical state is soft, with price below the 50-day and 200-day averages. MACD remains on the bullish side. Volatility is elevated at roughly 30.7%.",No recent matched news was found for this ticker/date.,Relative strength versus the benchmark looked weak. 1-month excess return -10.04%; 3-month excess return -21.88%; 6-month excess return -25.10%.,"Model view: the setup leaned cautious. Confidence was around 51%. Technical state is soft, with price below the 50-day and 200-day averages. MACD remains on the bullish side. Volatility is elevated at roughly 30.7%. No recent matched news was found for this ticker/date. Relative strength versus the benchmark looked weak. 1-month excess return -10.04%; 3-month excess return -21.88%; 6-month excess return -25.10%."
2023-06-09,T,1,1.0,0.5380700075752742,hit,random_forest,target_5d_updown,"Technical state is soft, with price below the 50-day and 200-day averages. MACD remains on the bullish side. Volatility is elevated at roughly 30.7%.",No recent matched news was found for this ticker/date.,Relative strength versus the benchmark looked weak. 1-month excess return -10.57%; 3-month excess return -24.83%; 6-month excess return -26.68%.,"Model view: the setup leaned constructive. Confidence was around 54%. Technical state is soft, with price below the 50-day and 200-day averages. MACD remains on the bullish side. Volatility is elevated at roughly 30.7%. No recent matched news was found for this ticker/date. Relative strength versus the benchmark looked weak. 1-month excess return -10.57%; 3-month excess return -24.83%; 6-month excess return -26.68%."
2023-06-12,T,0,1.0,0.5338366781125164,miss,random_forest,target_5d_updown,"Technical state is soft, with price below the 50-day and 200-day averages. MACD remains on the bullish side. Volatility is elevated at roughly 30.6%.",No recent matched news was found for this ticker/date.,Relative strength versus the benchmark looked weak. 1-month excess return -11.35%; 3-month excess return -25.54%; 6-month excess return -26.15%.,"Model view: the setup leaned constructive. Confidence was around 53%. Technical state is soft, with price below the 50-day and 200-day averages. MACD remains on the bullish side. Volatility is elevated at roughly 30.6%. No recent matched news was found for this ticker/date. Relative strength versus the benchmark looked weak. 1-month excess return -11.35%; 3-month excess return -25.54%; 6-month excess return -26.15%."
2023-06-13,T,0,1.0,0.5433959770715756,miss,random_forest,target_5d_updown,"Technical state is soft, with price below the 50-day and 200-day averages. MACD remains on the bullish side. Volatility is elevated at roughly 30.6%.",No recent matched news was found for this ticker/date.,Relative strength versus the benchmark looked weak. 1-month excess return -13.22%; 3-month excess return -25.69%; 6-month excess return -28.13%.,"Model view: the setup leaned constructive. Confidence was around 54%. Technical state is soft, with price below the 50-day and 200-day averages. MACD remains on the bullish side. Volatility is elevated at roughly 30.6%. No recent matched news was found for this ticker/date. Relative strength versus the benchmark looked weak. 1-month excess return -13.22%; 3-month excess return -25.69%; 6-month excess return -28.13%."
2023-06-14,T,0,1.0,0.5266716859178314,miss,random_forest,target_5d_updown,"Technical state is soft, with price below the 50-day and 200-day averages. MACD remains on the bullish side.",No recent matched news was found for this ticker/date.,Relative strength versus the benchmark looked weak. 1-month excess return -12.38%; 3-month excess return -25.75%; 6-month excess return -27.45%.,"Model view: the setup leaned constructive. Confidence was around 53%. Technical state is soft, with price below the 50-day and 200-day averages. MACD remains on the bullish side. No recent matched news was found for this ticker/date. Relative strength versus the benchmark looked weak. 1-month excess return -12.38%; 3-month excess return -25.75%; 6-month excess return -27.45%."
2023-06-15,T,0,1.0,0.5189794643119842,miss,random_forest,target_5d_updown,"Technical state is soft, with price below the 50-day and 200-day averages. MACD remains on the bullish side.",No recent matched news was found for this ticker/date.,Relative strength versus the benchmark looked weak. 1-month excess return -10.93%; 3-month excess return -24.62%; 6-month excess return -26.28%.,"Model view: the setup leaned constructive. Confidence was around 52%. Technical state is soft, with price below the 50-day and 200-day averages. MACD remains on the bullish side. No recent matched news was found for this ticker/date. Relative strength versus the benchmark looked weak. 1-month excess return -10.93%; 3-month excess return -24.62%; 6-month excess return -26.28%."
2023-06-16,T,0,1.0,0.5744226742400078,miss,random_forest,target_5d_updown,"Technical state is soft, with price below the 50-day and 200-day averages. MACD remains on the bullish side.",No recent matched news was found for this ticker/date.,Relative strength versus the benchmark looked weak. 1-month excess return -9.84%; 3-month excess return -24.02%; 6-month excess return -25.40%.,"Model view: the setup leaned constructive. Confidence was around 57%. Technical state is soft, with price below the 50-day and 200-day averages. MACD remains on the bullish side. No recent matched news was found for this ticker/date. Relative strength versus the benchmark looked weak. 1-month excess return -9.84%; 3-month excess return -24.02%; 6-month excess return -25.40%."
2023-06-20,T,1,1.0,0.5814473802381979,hit,random_forest,target_5d_updown,"Technical state is soft, with price below the 50-day and 200-day averages. MACD remains on the bullish side.",No recent matched news was found for this ticker/date.,Relative strength versus the benchmark looked weak. 1-month excess return -9.38%; 3-month excess return -25.74%; 6-month excess return -27.20%.,"Model view: the setup leaned constructive. Confidence was around 58%. Technical state is soft, with price below the 50-day and 200-day averages. MACD remains on the bullish side. No recent matched news was found for this ticker/date. Relative strength versus the benchmark looked weak. 1-month excess return -9.38%; 3-month excess return -25.74%; 6-month excess return -27.20%."
2023-06-21,T,1,1.0,0.5765526889880159,hit,random_forest,target_5d_updown,"Technical state is soft, with price below the 50-day and 200-day averages. RSI is weak near 38.9. MACD remains on the bullish side. Volatility is elevated at roughly 30.1%.",No recent matched news was found for this ticker/date.,Relative strength versus the benchmark looked weak. 1-month excess return -8.61%; 3-month excess return -24.85%; 6-month excess return -28.95%.,"Model view: the setup leaned constructive. Confidence was around 58%. Technical state is soft, with price below the 50-day and 200-day averages. RSI is weak near 38.9. MACD remains on the bullish side. Volatility is elevated at roughly 30.1%. No recent matched news was found for this ticker/date. Relative strength versus the benchmark looked weak. 1-month excess return -8.61%; 3-month excess return -24.85%; 6-month excess return -28.95%."
2023-06-22,T,1,1.0,0.5543008785236387,hit,random_forest,target_5d_updown,"Technical state is soft, with price below the 50-day and 200-day averages. RSI is weak near 38.4. MACD remains on the bullish side.",No recent matched news was found for this ticker/date.,Relative strength versus the benchmark looked weak. 1-month excess return -9.52%; 3-month excess return -26.57%; 6-month excess return -27.54%.,"Model view: the setup leaned constructive. Confidence was around 55%. Technical state is soft, with price below the 50-day and 200-day averages. RSI is weak near 38.4. MACD remains on the bullish side. No recent matched news was found for this ticker/date. Relative strength versus the benchmark looked weak. 1-month excess return -9.52%; 3-month excess return -26.57%; 6-month excess return -27.54%."
2023-06-23,T,1,1.0,0.5662294169172578,hit,random_forest,target_5d_updown,"Technical state is soft, with price below the 50-day and 200-day averages. RSI is weak near 36.3. MACD remains on the bullish side.",No recent matched news was found for this ticker/date.,Relative strength versus the benchmark looked weak. 1-month excess return -9.07%; 3-month excess return -26.50%; 6-month excess return -28.78%.,"Model view: the setup leaned constructive. Confidence was around 57%. Technical state is soft, with price below the 50-day and 200-day averages. RSI is weak near 36.3. MACD remains on the bullish side. No recent matched news was found for this ticker/date. Relative strength versus the benchmark looked weak. 1-month excess return -9.07%; 3-month excess return -26.50%; 6-month excess return -28.78%."
2023-06-26,T,1,1.0,0.5538265529992994,hit,random_forest,target_5d_updown,"Technical state is soft, with price below the 50-day and 200-day averages. MACD remains on the bullish side.",No recent matched news was found for this ticker/date.,Relative strength versus the benchmark looked weak. 1-month excess return -7.39%; 3-month excess return -25.47%; 6-month excess return -26.02%.,"Model view: the setup leaned constructive. Confidence was around 55%. Technical state is soft, with price below the 50-day and 200-day averages. MACD remains on the bullish side. No recent matched news was found for this ticker/date. Relative strength versus the benchmark looked weak. 1-month excess return -7.39%; 3-month excess return -25.47%; 6-month excess return -26.02%."
2023-06-27,T,1,1.0,0.5664285654627091,hit,random_forest,target_5d_updown,"Technical state is soft, with price below the 50-day and 200-day averages. MACD remains on the bullish side.",No recent matched news was found for this ticker/date.,Relative strength versus the benchmark looked weak. 1-month excess return -1.08%; 3-month excess return -26.55%; 6-month excess return -28.29%.,"Model view: the setup leaned constructive. Confidence was around 57%. Technical state is soft, with price below the 50-day and 200-day averages. MACD remains on the bullish side. No recent matched news was found for this ticker/date. Relative strength versus the benchmark looked weak. 1-month excess return -1.08%; 3-month excess return -26.55%; 6-month excess return -28.29%."
2023-06-28,T,1,1.0,0.5414385418472248,hit,random_forest,target_5d_updown,"Technical state is soft, with price below the 50-day and 200-day averages. MACD remains on the bullish side.",No recent matched news was found for this ticker/date.,Relative strength versus the benchmark looked weak. 1-month excess return -2.52%; 3-month excess return -26.44%; 6-month excess return -28.22%.,"Model view: the setup leaned constructive. Confidence was around 54%. Technical state is soft, with price below the 50-day and 200-day averages. MACD remains on the bullish side. No recent matched news was found for this ticker/date. Relative strength versus the benchmark looked weak. 1-month excess return -2.52%; 3-month excess return -26.44%; 6-month excess return -28.22%."
2023-06-29,T,0,1.0,0.5482476578583371,miss,random_forest,target_5d_updown,"Technical state is soft, with price below the 50-day and 200-day averages. MACD remains on the bullish side.",No recent matched news was found for this ticker/date.,Relative strength versus the benchmark looked weak. 1-month excess return -2.11%; 3-month excess return -25.07%; 6-month excess return -28.28%.,"Model view: the setup leaned constructive. Confidence was around 55%. Technical state is soft, with price below the 50-day and 200-day averages. MACD remains on the bullish side. No recent matched news was found for this ticker/date. Relative strength versus the benchmark looked weak. 1-month excess return -2.11%; 3-month excess return -25.07%; 6-month excess return -28.28%."
2023-06-30,T,0,1.0,0.5610206211848255,miss,random_forest,target_5d_updown,"Technical state is soft, with price below the 50-day and 200-day averages. MACD remains on the bullish side.",No recent matched news was found for this ticker/date.,Relative strength versus the benchmark looked weak. 1-month excess return -4.69%; 3-month excess return -26.22%; 6-month excess return -30.11%.,"Model view: the setup leaned constructive. Confidence was around 56%. Technical state is soft, with price below the 50-day and 200-day averages. MACD remains on the bullish side. No recent matched news was found for this ticker/date. Relative strength versus the benchmark looked weak. 1-month excess return -4.69%; 3-month excess return -26.22%; 6-month excess return -30.11%."
2023-07-03,T,0,1.0,0.550202660501127,miss,random_forest,target_5d_updown,"Technical state is soft, with price below the 50-day and 200-day averages. RSI is in a steady zone near 52.7. MACD remains on the bullish side.",No recent matched news was found for this ticker/date.,Relative strength versus the benchmark looked weak. 1-month excess return -3.33%; 3-month excess return -24.77%; 6-month excess return -28.45%.,"Model view: the setup leaned constructive. Confidence was around 55%. Technical state is soft, with price below the 50-day and 200-day averages. RSI is in a steady zone near 52.7. MACD remains on the bullish side. No recent matched news was found for this ticker/date. Relative strength versus the benchmark looked weak. 1-month excess return -3.33%; 3-month excess return -24.77%; 6-month excess return -28.45%."
2023-07-05,T,0,1.0,0.5355701719959832,miss,random_forest,target_5d_updown,"Technical state is soft, with price below the 50-day and 200-day averages. RSI is in a steady zone near 51.5. MACD remains on the bullish side.",No recent matched news was found for this ticker/date.,Relative strength versus the benchmark looked weak. 1-month excess return 2.12%; 3-month excess return -24.96%; 6-month excess return -28.60%.,"Model view: the setup leaned constructive. Confidence was around 54%. Technical state is soft, with price below the 50-day and 200-day averages. RSI is in a steady zone near 51.5. MACD remains on the bullish side. No recent matched news was found for this ticker/date. Relative strength versus the benchmark looked weak. 1-month excess return 2.12%; 3-month excess return -24.96%; 6-month excess return -28.60%."
2023-07-06,T,0,1.0,0.5015538954279403,miss,random_forest,target_5d_updown,"Technical state is soft, with price below the 50-day and 200-day averages. MACD remains on the bullish side.",No recent matched news was found for this ticker/date.,Relative strength versus the benchmark looked weak. 1-month excess return 0.23%; 3-month excess return -26.76%; 6-month excess return -30.70%.,"Model view: the setup leaned constructive. Confidence was around 50%. Technical state is soft, with price below the 50-day and 200-day averages. MACD remains on the bullish side. No recent matched news was found for this ticker/date. Relative strength versus the benchmark looked weak. 1-month excess return 0.23%; 3-month excess return -26.76%; 6-month excess return -30.70%."
2023-07-07,T,0,1.0,0.52844380856383,miss,random_forest,target_5d_updown,"Technical state is soft, with price below the 50-day and 200-day averages. MACD remains on the bullish side.",No recent matched news was found for this ticker/date.,Relative strength versus the benchmark looked weak. 1-month excess return -2.82%; 3-month excess return -29.05%; 6-month excess return -32.73%.,"Model view: the setup leaned constructive. Confidence was around 53%. Technical state is soft, with price below the 50-day and 200-day averages. MACD remains on the bullish side. No recent matched news was found for this ticker/date. Relative strength versus the benchmark looked weak. 1-month excess return -2.82%; 3-month excess return -29.05%; 6-month excess return -32.73%."
2023-07-10,T,0,1.0,0.5513430324036548,miss,random_forest,target_5d_updown,"Technical state is soft, with price below the 50-day and 200-day averages. RSI is weak near 35.8. MACD remains on the bullish side.",No recent matched news was found for this ticker/date.,Relative strength versus the benchmark looked weak. 1-month excess return -8.20%; 3-month excess return -29.74%; 6-month excess return -36.37%.,"Model view: the setup leaned constructive. Confidence was around 55%. Technical state is soft, with price below the 50-day and 200-day averages. RSI is weak near 35.8. MACD remains on the bullish side. No recent matched news was found for this ticker/date. Relative strength versus the benchmark looked weak. 1-month excess return -8.20%; 3-month excess return -29.74%; 6-month excess return -36.37%."
2023-07-11,T,0,1.0,0.5747317598992823,miss,random_forest,target_5d_updown,"Technical state is soft, with price below the 50-day and 200-day averages. RSI is weak near 35.2. MACD remains on the bearish side.",No recent matched news was found for this ticker/date.,Relative strength versus the benchmark looked weak. 1-month excess return -8.32%; 3-month excess return -30.20%; 6-month excess return -36.03%.,"Model view: the setup leaned constructive. Confidence was around 57%. Technical state is soft, with price below the 50-day and 200-day averages. RSI is weak near 35.2. MACD remains on the bearish side. No recent matched news was found for this ticker/date. Relative strength versus the benchmark looked weak. 1-month excess return -8.32%; 3-month excess return -30.20%; 6-month excess return -36.03%."
2023-07-12,T,0,1.0,0.5816182948842857,miss,random_forest,target_5d_updown,"Technical state is soft, with price below the 50-day and 200-day averages. RSI is weak near 33.5. MACD remains on the bearish side.",No recent matched news was found for this ticker/date.,Relative strength versus the benchmark looked weak. 1-month excess return -8.93%; 3-month excess return -32.07%; 6-month excess return -35.58%.,"Model view: the setup leaned constructive. Confidence was around 58%. Technical state is soft, with price below the 50-day and 200-day averages. RSI is weak near 33.5. MACD remains on the bearish side. No recent matched news was found for this ticker/date. Relative strength versus the benchmark looked weak. 1-month excess return -8.93%; 3-month excess return -32.07%; 6-month excess return -35.58%."
2023-07-13,T,0,1.0,0.5881913607413173,miss,random_forest,target_5d_updown,"Technical state is soft, with price below the 50-day and 200-day averages. RSI is weak near 33.5. MACD remains on the bearish side.",No recent matched news was found for this ticker/date.,Relative strength versus the benchmark looked weak. 1-month excess return -8.71%; 3-month excess return -33.71%; 6-month excess return -37.45%.,"Model view: the setup leaned constructive. Confidence was around 59%. Technical state is soft, with price below the 50-day and 200-day averages. RSI is weak near 33.5. MACD remains on the bearish side. No recent matched news was found for this ticker/date. Relative strength versus the benchmark looked weak. 1-month excess return -8.71%; 3-month excess return -33.71%; 6-month excess return -37.45%."
2023-07-14,T,1,1.0,0.6544174472646236,hit,random_forest,target_5d_updown,"Technical state is soft, with price below the 50-day and 200-day averages. RSI is weak near 25.4. MACD remains on the bearish side.",No recent matched news was found for this ticker/date.,Relative strength versus the benchmark looked weak. 1-month excess return -11.20%; 3-month excess return -36.04%; 6-month excess return -38.87%.,"Model view: the setup leaned constructive. Confidence was around 65%. Technical state is soft, with price below the 50-day and 200-day averages. RSI is weak near 25.4. MACD remains on the bearish side. No recent matched news was found for this ticker/date. Relative strength versus the benchmark looked weak. 1-month excess return -11.20%; 3-month excess return -36.04%; 6-month excess return -38.87%."
2023-07-17,T,1,1.0,0.7238986640349971,hit,random_forest,target_5d_updown,"Technical state is soft, with price below the 50-day and 200-day averages. RSI is weak near 18.1. MACD remains on the bearish side. Volatility is elevated at roughly 30.2%.",No recent matched news was found for this ticker/date.,Relative strength versus the benchmark looked weak. 1-month excess return -17.72%; 3-month excess return -41.41%; 6-month excess return -43.83%.,"Model view: the setup leaned constructive. Confidence was around 72%. Technical state is soft, with price below the 50-day and 200-day averages. RSI is weak near 18.1. MACD remains on the bearish side. Volatility is elevated at roughly 30.2%. No recent matched news was found for this ticker/date. Relative strength versus the benchmark looked weak. 1-month excess return -17.72%; 3-month excess return -41.41%; 6-month excess return -43.83%."
2023-07-18,T,1,1.0,0.7737573747102436,hit,random_forest,target_5d_updown,"Technical state is soft, with price below the 50-day and 200-day averages. RSI is weak near 17.7. MACD remains on the bearish side.",No recent matched news was found for this ticker/date.,Relative strength versus the benchmark looked weak. 1-month excess return -18.70%; 3-month excess return -41.78%; 6-month excess return -45.16%.,"Model view: the setup leaned constructive. Confidence was around 77%. Technical state is soft, with price below the 50-day and 200-day averages. RSI is weak near 17.7. MACD remains on the bearish side. No recent matched news was found for this ticker/date. Relative strength versus the benchmark looked weak. 1-month excess return -18.70%; 3-month excess return -41.78%; 6-month excess return -45.16%."
2023-07-19,T,1,1.0,0.7422692255632647,hit,random_forest,target_5d_updown,"Technical state is soft, with price below the 50-day and 200-day averages. MACD remains on the bearish side. Volatility is elevated at roughly 44.4%.",No recent matched news was found for this ticker/date.,Relative strength versus the benchmark looked weak. 1-month excess return -12.36%; 3-month excess return -36.30%; 6-month excess return -38.90%.,"Model view: the setup leaned constructive. Confidence was around 74%. Technical state is soft, with price below the 50-day and 200-day averages. MACD remains on the bearish side. Volatility is elevated at roughly 44.4%. No recent matched news was found for this ticker/date. Relative strength versus the benchmark looked weak. 1-month excess return -12.36%; 3-month excess return -36.30%; 6-month excess return -38.90%."
2023-07-20,T,0,1.0,0.7423820282141176,miss,random_forest,target_5d_updown,"Technical state is soft, with price below the 50-day and 200-day averages. MACD remains on the bearish side. Volatility is elevated at roughly 44.4%.",No recent matched news was found for this ticker/date.,Relative strength versus the benchmark looked weak. 1-month excess return -10.11%; 3-month excess return -34.78%; 6-month excess return -38.43%.,"Model view: the setup leaned constructive. Confidence was around 74%. Technical state is soft, with price below the 50-day and 200-day averages. MACD remains on the bearish side. Volatility is elevated at roughly 44.4%. No recent matched news was found for this ticker/date. Relative strength versus the benchmark looked weak. 1-month excess return -10.11%; 3-month excess return -34.78%; 6-month excess return -38.43%."
2023-07-21,T,0,1.0,0.7405979371959277,miss,random_forest,target_5d_updown,"Technical state is soft, with price below the 50-day and 200-day averages. MACD remains on the bearish side. Volatility is elevated at roughly 44.6%.",No recent matched news was found for this ticker/date.,Relative strength versus the benchmark looked weak. 1-month excess return -9.03%; 3-month excess return -26.21%; 6-month excess return -38.43%.,"Model view: the setup leaned constructive. Confidence was around 74%. Technical state is soft, with price below the 50-day and 200-day averages. MACD remains on the bearish side. Volatility is elevated at roughly 44.6%. No recent matched news was found for this ticker/date. Relative strength versus the benchmark looked weak. 1-month excess return -9.03%; 3-month excess return -26.21%; 6-month excess return -38.43%."
2023-07-24,T,0,1.0,0.7112639631970435,miss,random_forest,target_5d_updown,"Technical state is soft, with price below the 50-day and 200-day averages. MACD remains on the bearish side. Volatility is elevated at roughly 44.8%.",No recent matched news was found for this ticker/date.,Relative strength versus the benchmark looked weak. 1-month excess return -7.69%; 3-month excess return -28.18%; 6-month excess return -37.00%.,"Model view: the setup leaned constructive. Confidence was around 71%. Technical state is soft, with price below the 50-day and 200-day averages. MACD remains on the bearish side. Volatility is elevated at roughly 44.8%. No recent matched news was found for this ticker/date. Relative strength versus the benchmark looked weak. 1-month excess return -7.69%; 3-month excess return -28.18%; 6-month excess return -37.00%."
2023-07-25,T,0,1.0,0.6980513770145106,miss,random_forest,target_5d_updown,"Technical state is soft, with price below the 50-day and 200-day averages. MACD remains on the bullish side. Volatility is elevated at roughly 44.7%.",No recent matched news was found for this ticker/date.,Relative strength versus the benchmark looked weak. 1-month excess return -8.95%; 3-month excess return -25.99%; 6-month excess return -36.21%.,"Model view: the setup leaned constructive. Confidence was around 70%. Technical state is soft, with price below the 50-day and 200-day averages. MACD remains on the bullish side. Volatility is elevated at roughly 44.7%. No recent matched news was found for this ticker/date. Relative strength versus the benchmark looked weak. 1-month excess return -8.95%; 3-month excess return -25.99%; 6-month excess return -36.21%."
2023-07-26,T,0,1.0,0.7154782879660684,miss,random_forest,target_5d_updown,"Technical state is soft, with price below the 50-day and 200-day averages. MACD remains on the bullish side. Volatility is elevated at roughly 44.4%.",No recent matched news was found for this ticker/date.,Relative strength versus the benchmark looked weak. 1-month excess return -9.94%; 3-month excess return -27.17%; 6-month excess return -36.13%.,"Model view: the setup leaned constructive. Confidence was around 72%. Technical state is soft, with price below the 50-day and 200-day averages. MACD remains on the bullish side. Volatility is elevated at roughly 44.4%. No recent matched news was found for this ticker/date. Relative strength versus the benchmark looked weak. 1-month excess return -9.94%; 3-month excess return -27.17%; 6-month excess return -36.13%."
2023-07-27,T,0,1.0,0.7767475592692358,miss,random_forest,target_5d_updown,"Technical state is soft, with price below the 50-day and 200-day averages. MACD remains on the bullish side. Volatility is elevated at roughly 45.1%.",No recent matched news was found for this ticker/date.,Relative strength versus the benchmark looked weak. 1-month excess return -11.74%; 3-month excess return -27.59%; 6-month excess return -41.97%.,"Model view: the setup leaned constructive. Confidence was around 78%. Technical state is soft, with price below the 50-day and 200-day averages. MACD remains on the bullish side. Volatility is elevated at roughly 45.1%. No recent matched news was found for this ticker/date. Relative strength versus the benchmark looked weak. 1-month excess return -11.74%; 3-month excess return -27.59%; 6-month excess return -41.97%."
2023-07-28,T,0,1.0,0.7928662236532545,miss,random_forest,target_5d_updown,"Technical state is soft, with price below the 50-day and 200-day averages. RSI is weak near 39.9. MACD remains on the bullish side. Volatility is elevated at roughly 44.7%.",No recent matched news was found for this ticker/date.,Relative strength versus the benchmark looked weak. 1-month excess return -12.73%; 3-month excess return -28.78%; 6-month excess return -40.68%.,"Model view: the setup leaned constructive. Confidence was around 79%. Technical state is soft, with price below the 50-day and 200-day averages. RSI is weak near 39.9. MACD remains on the bullish side. Volatility is elevated at roughly 44.7%. No recent matched news was found for this ticker/date. Relative strength versus the benchmark looked weak. 1-month excess return -12.73%; 3-month excess return -28.78%; 6-month excess return -40.68%."
2023-07-31,T,0,1.0,0.7967564814516401,miss,random_forest,target_5d_updown,"Technical state is soft, with price below the 50-day and 200-day averages. MACD remains on the bullish side. Volatility is elevated at roughly 44.8%.",No recent matched news was found for this ticker/date.,Relative strength versus the benchmark looked weak. 1-month excess return -13.65%; 3-month excess return -27.94%; 6-month excess return -40.04%.,"Model view: the setup leaned constructive. Confidence was around 80%. Technical state is soft, with price below the 50-day and 200-day averages. MACD remains on the bullish side. Volatility is elevated at roughly 44.8%. No recent matched news was found for this ticker/date. Relative strength versus the benchmark looked weak. 1-month excess return -13.65%; 3-month excess return -27.94%; 6-month excess return -40.04%."
2023-08-01,T,0,1.0,0.8052520000862067,miss,random_forest,target_5d_updown,"Technical state is soft, with price below the 50-day and 200-day averages. RSI is weak near 38.4. MACD remains on the bullish side. Volatility is elevated at roughly 44.6%.",No recent matched news was found for this ticker/date.,Relative strength versus the benchmark looked weak. 1-month excess return -13.32%; 3-month excess return -28.13%; 6-month excess return -42.96%.,"Model view: the setup leaned constructive. Confidence was around 81%. Technical state is soft, with price below the 50-day and 200-day averages. RSI is weak near 38.4. MACD remains on the bullish side. Volatility is elevated at roughly 44.6%. No recent matched news was found for this ticker/date. Relative strength versus the benchmark looked weak. 1-month excess return -13.32%; 3-month excess return -28.13%; 6-month excess return -42.96%."
2023-08-02,T,0,1.0,0.7955255365767013,miss,random_forest,target_5d_updown,"Technical state is soft, with price below the 50-day and 200-day averages. RSI is weak near 39.4. MACD remains on the bullish side. Volatility is elevated at roughly 44.7%.",No recent matched news was found for this ticker/date.,Relative strength versus the benchmark looked weak. 1-month excess return -12.33%; 3-month excess return -25.49%; 6-month excess return -40.30%.,"Model view: the setup leaned constructive. Confidence was around 80%. Technical state is soft, with price below the 50-day and 200-day averages. RSI is weak near 39.4. MACD remains on the bullish side. Volatility is elevated at roughly 44.7%. No recent matched news was found for this ticker/date. Relative strength versus the benchmark looked weak. 1-month excess return -12.33%; 3-month excess return -25.49%; 6-month excess return -40.30%."
2023-08-03,T,1,1.0,0.8075168926010993,hit,random_forest,target_5d_updown,"Technical state is soft, with price below the 50-day and 200-day averages. RSI is weak near 36.0. MACD remains on the bearish side. Volatility is elevated at roughly 44.9%.",No recent matched news was found for this ticker/date.,Relative strength versus the benchmark looked weak. 1-month excess return -13.61%; 3-month excess return -27.56%; 6-month excess return -39.41%.,"Model view: the setup leaned constructive. Confidence was around 81%. Technical state is soft, with price below the 50-day and 200-day averages. RSI is weak near 36.0. MACD remains on the bearish side. Volatility is elevated at roughly 44.9%. No recent matched news was found for this ticker/date. Relative strength versus the benchmark looked weak. 1-month excess return -13.61%; 3-month excess return -27.56%; 6-month excess return -39.41%."
2023-08-04,T,1,1.0,0.8061366501583568,hit,random_forest,target_5d_updown,"Technical state is soft, with price below the 50-day and 200-day averages. RSI is weak near 34.9. MACD remains on the bearish side. Volatility is elevated at roughly 44.7%.",No recent matched news was found for this ticker/date.,Relative strength versus the benchmark looked weak. 1-month excess return -13.41%; 3-month excess return -27.48%; 6-month excess return -38.13%.,"Model view: the setup leaned constructive. Confidence was around 81%. Technical state is soft, with price below the 50-day and 200-day averages. RSI is weak near 34.9. MACD remains on the bearish side. Volatility is elevated at roughly 44.7%. No recent matched news was found for this ticker/date. Relative strength versus the benchmark looked weak. 1-month excess return -13.41%; 3-month excess return -27.48%; 6-month excess return -38.13%."
2023-08-07,T,1,1.0,0.7941837282949072,hit,random_forest,target_5d_updown,"Technical state is soft, with price below the 50-day and 200-day averages. RSI is weak near 35.1. MACD remains on the bearish side. Volatility is elevated at roughly 44.3%.",No recent matched news was found for this ticker/date.,Relative strength versus the benchmark looked weak. 1-month excess return -13.03%; 3-month excess return -27.48%; 6-month excess return -38.65%.,"Model view: the setup leaned constructive. Confidence was around 79%. Technical state is soft, with price below the 50-day and 200-day averages. RSI is weak near 35.1. MACD remains on the bearish side. Volatility is elevated at roughly 44.3%. No recent matched news was found for this ticker/date. Relative strength versus the benchmark looked weak. 1-month excess return -13.03%; 3-month excess return -27.48%; 6-month excess return -38.65%."
2023-08-08,T,0,1.0,0.7780218370995599,miss,random_forest,target_5d_updown,"Technical state is soft, with price below the 50-day and 200-day averages. RSI is weak near 39.3. MACD remains on the bearish side. Volatility is elevated at roughly 44.7%.",No recent matched news was found for this ticker/date.,Relative strength versus the benchmark looked weak. 1-month excess return -9.20%; 3-month excess return -25.90%; 6-month excess return -37.04%.,"Model view: the setup leaned constructive. Confidence was around 78%. Technical state is soft, with price below the 50-day and 200-day averages. RSI is weak near 39.3. MACD remains on the bearish side. Volatility is elevated at roughly 44.7%. No recent matched news was found for this ticker/date. Relative strength versus the benchmark looked weak. 1-month excess return -9.20%; 3-month excess return -25.90%; 6-month excess return -37.04%."
2023-08-09,T,0,1.0,0.7734478390005414,miss,random_forest,target_5d_updown,"Technical state is soft, with price below the 50-day and 200-day averages. MACD remains on the bullish side. Volatility is elevated at roughly 44.8%.",No recent matched news was found for this ticker/date.,Relative strength versus the benchmark looked weak. 1-month excess return -7.04%; 3-month excess return -24.64%; 6-month excess return -33.22%.,"Model view: the setup leaned constructive. Confidence was around 77%. Technical state is soft, with price below the 50-day and 200-day averages. MACD remains on the bullish side. Volatility is elevated at roughly 44.8%. No recent matched news was found for this ticker/date. Relative strength versus the benchmark looked weak. 1-month excess return -7.04%; 3-month excess return -24.64%; 6-month excess return -33.22%."
2023-08-10,T,0,1.0,0.7795889389213939,miss,random_forest,target_5d_updown,"Technical state is soft, with price below the 50-day and 200-day averages. RSI is weak near 39.7. MACD remains on the bullish side. Volatility is elevated at roughly 44.8%.",No recent matched news was found for this ticker/date.,Relative strength versus the benchmark looked weak. 1-month excess return -6.29%; 3-month excess return -24.91%; 6-month excess return -34.64%.,"Model view: the setup leaned constructive. Confidence was around 78%. Technical state is soft, with price below the 50-day and 200-day averages. RSI is weak near 39.7. MACD remains on the bullish side. Volatility is elevated at roughly 44.8%. No recent matched news was found for this ticker/date. Relative strength versus the benchmark looked weak. 1-month excess return -6.29%; 3-month excess return -24.91%; 6-month excess return -34.64%."
2023-08-11,T,0,1.0,0.7550550684229038,miss,random_forest,target_5d_updown,"Technical state is soft, with price below the 50-day and 200-day averages. MACD remains on the bullish side. Volatility is elevated at roughly 42.8%.",No recent matched news was found for this ticker/date.,Relative strength versus the benchmark looked weak. 1-month excess return -4.07%; 3-month excess return -23.39%; 6-month excess return -33.68%.,"Model view: the setup leaned constructive. Confidence was around 76%. Technical state is soft, with price below the 50-day and 200-day averages. MACD remains on the bullish side. Volatility is elevated at roughly 42.8%. No recent matched news was found for this ticker/date. Relative strength versus the benchmark looked weak. 1-month excess return -4.07%; 3-month excess return -23.39%; 6-month excess return -33.68%."
2023-08-14,T,0,1.0,0.7857859151391746,miss,random_forest,target_5d_updown,"Technical state is soft, with price below the 50-day and 200-day averages. MACD remains on the bullish side. Volatility is elevated at roughly 35.0%.",No recent matched news was found for this ticker/date.,Relative strength versus the benchmark looked weak. 1-month excess return -1.40%; 3-month excess return -25.14%; 6-month excess return -35.01%.,"Model view: the setup leaned constructive. Confidence was around 79%. Technical state is soft, with price below the 50-day and 200-day averages. MACD remains on the bullish side. Volatility is elevated at roughly 35.0%. No recent matched news was found for this ticker/date. Relative strength versus the benchmark looked weak. 1-month excess return -1.40%; 3-month excess return -25.14%; 6-month excess return -35.01%."
2023-08-15,T,1,1.0,0.7721255030305555,hit,random_forest,target_5d_updown,"Technical state is soft, with price below the 50-day and 200-day averages. MACD remains on the bullish side. Volatility is elevated at roughly 35.1%.",No recent matched news was found for this ticker/date.,Relative strength versus the benchmark looked weak. 1-month excess return 6.25%; 3-month excess return -23.84%; 6-month excess return -33.87%.,"Model view: the setup leaned constructive. Confidence was around 77%. Technical state is soft, with price below the 50-day and 200-day averages. MACD remains on the bullish side. Volatility is elevated at roughly 35.1%. No recent matched news was found for this ticker/date. Relative strength versus the benchmark looked weak. 1-month excess return 6.25%; 3-month excess return -23.84%; 6-month excess return -33.87%."
2023-08-16,T,1,1.0,0.685571813869391,hit,random_forest,target_5d_updown,"Technical state is soft, with price below the 50-day and 200-day averages. RSI is weak near 39.7. MACD remains on the bullish side.",No recent matched news was found for this ticker/date.,Relative strength versus the benchmark looked weak. 1-month excess return 8.03%; 3-month excess return -21.87%; 6-month excess return -32.91%.,"Model view: the setup leaned constructive. Confidence was around 69%. Technical state is soft, with price below the 50-day and 200-day averages. RSI is weak near 39.7. MACD remains on the bullish side. No recent matched news was found for this ticker/date. Relative strength versus the benchmark looked weak. 1-month excess return 8.03%; 3-month excess return -21.87%; 6-month excess return -32.91%."
2023-08-17,T,1,1.0,0.6579798399007747,hit,random_forest,target_5d_updown,"Technical state is soft, with price below the 50-day and 200-day averages. RSI is weak near 38.0. MACD remains on the bullish side.",No recent matched news was found for this ticker/date.,Relative strength versus the benchmark looked weak. 1-month excess return 0.22%; 3-month excess return -20.96%; 6-month excess return -32.54%.,"Model view: the setup leaned constructive. Confidence was around 66%. Technical state is soft, with price below the 50-day and 200-day averages. RSI is weak near 38.0. MACD remains on the bullish side. No recent matched news was found for this ticker/date. Relative strength versus the benchmark looked weak. 1-month excess return 0.22%; 3-month excess return -20.96%; 6-month excess return -32.54%."
2023-08-18,T,1,1.0,0.6891697753858701,hit,random_forest,target_5d_updown,"Technical state is soft, with price below the 50-day and 200-day averages. RSI is weak near 39.2. MACD remains on the bullish side.",No recent matched news was found for this ticker/date.,Relative strength versus the benchmark looked weak. 1-month excess return -0.69%; 3-month excess return -19.24%; 6-month excess return -33.95%.,"Model view: the setup leaned constructive. Confidence was around 69%. Technical state is soft, with price below the 50-day and 200-day averages. RSI is weak near 39.2. MACD remains on the bullish side. No recent matched news was found for this ticker/date. Relative strength versus the benchmark looked weak. 1-month excess return -0.69%; 3-month excess return -19.24%; 6-month excess return -33.95%."
2023-08-21,T,1,1.0,0.6732636897163792,hit,random_forest,target_5d_updown,"Technical state is soft, with price below the 50-day and 200-day averages. MACD remains on the bullish side.",No recent matched news was found for this ticker/date.,Relative strength versus the benchmark looked weak. 1-month excess return -1.62%; 3-month excess return -18.53%; 6-month excess return -35.36%.,"Model view: the setup leaned constructive. Confidence was around 67%. Technical state is soft, with price below the 50-day and 200-day averages. MACD remains on the bullish side. No recent matched news was found for this ticker/date. Relative strength versus the benchmark looked weak. 1-month excess return -1.62%; 3-month excess return -18.53%; 6-month excess return -35.36%."
2023-08-22,T,1,1.0,0.647644347399316,hit,random_forest,target_5d_updown,"Technical state is soft, with price below the 50-day and 200-day averages. MACD remains on the bullish side.",No recent matched news was found for this ticker/date.,Relative strength versus the benchmark looked weak. 1-month excess return -1.09%; 3-month excess return -17.58%; 6-month excess return -35.53%.,"Model view: the setup leaned constructive. Confidence was around 65%. Technical state is soft, with price below the 50-day and 200-day averages. MACD remains on the bullish side. No recent matched news was found for this ticker/date. Relative strength versus the benchmark looked weak. 1-month excess return -1.09%; 3-month excess return -17.58%; 6-month excess return -35.53%."
2023-08-23,T,1,1.0,0.6337201874201108,hit,random_forest,target_5d_updown,"Technical state is soft, with price below the 50-day and 200-day averages. MACD remains on the bullish side.",No recent matched news was found for this ticker/date.,Relative strength versus the benchmark looked weak. 1-month excess return -1.55%; 3-month excess return -19.01%; 6-month excess return -38.02%.,"Model view: the setup leaned constructive. Confidence was around 63%. Technical state is soft, with price below the 50-day and 200-day averages. MACD remains on the bullish side. No recent matched news was found for this ticker/date. Relative strength versus the benchmark looked weak. 1-month excess return -1.55%; 3-month excess return -19.01%; 6-month excess return -38.02%."
2023-08-24,T,1,1.0,0.6645530098430931,hit,random_forest,target_5d_updown,"Technical state is soft, with price below the 50-day and 200-day averages. MACD remains on the bullish side. Volatility is relatively contained at roughly 13.8%.",No recent matched news was found for this ticker/date.,Relative strength versus the benchmark looked weak. 1-month excess return -0.88%; 3-month excess return -17.62%; 6-month excess return -35.94%.,"Model view: the setup leaned constructive. Confidence was around 66%. Technical state is soft, with price below the 50-day and 200-day averages. MACD remains on the bullish side. Volatility is relatively contained at roughly 13.8%. No recent matched news was found for this ticker/date. Relative strength versus the benchmark looked weak. 1-month excess return -0.88%; 3-month excess return -17.62%; 6-month excess return -35.94%."
2023-08-25,T,1,1.0,0.6476233600539287,hit,random_forest,target_5d_updown,"Technical state is soft, with price below the 50-day and 200-day averages. MACD remains on the bullish side. Volatility is relatively contained at roughly 13.8%.",No recent matched news was found for this ticker/date.,Relative strength versus the benchmark looked weak. 1-month excess return 0.04%; 3-month excess return -12.98%; 6-month excess return -37.64%.,"Model view: the setup leaned constructive. Confidence was around 65%. Technical state is soft, with price below the 50-day and 200-day averages. MACD remains on the bullish side. Volatility is relatively contained at roughly 13.8%. No recent matched news was found for this ticker/date. Relative strength versus the benchmark looked weak. 1-month excess return 0.04%; 3-month excess return -12.98%; 6-month excess return -37.64%."
2023-08-28,T,1,1.0,0.6572533385698227,hit,random_forest,target_5d_updown,"Technical state is soft, with price below the 50-day and 200-day averages. MACD remains on the bullish side. Volatility is relatively contained at roughly 13.9%.",No recent matched news was found for this ticker/date.,Relative strength versus the benchmark looked weak. 1-month excess return 1.44%; 3-month excess return -13.76%; 6-month excess return -36.65%.,"Model view: the setup leaned constructive. Confidence was around 66%. Technical state is soft, with price below the 50-day and 200-day averages. MACD remains on the bullish side. Volatility is relatively contained at roughly 13.9%. No recent matched news was found for this ticker/date. Relative strength versus the benchmark looked weak. 1-month excess return 1.44%; 3-month excess return -13.76%; 6-month excess return -36.65%."
2023-08-29,T,0,1.0,0.6390833838601726,miss,random_forest,target_5d_updown,"Technical state is mixed, with price not fully aligned across the major moving averages. RSI is in a steady zone near 59.6. MACD remains on the bullish side.",No recent matched news was found for this ticker/date.,Relative strength versus the benchmark looked weak. 1-month excess return 3.63%; 3-month excess return -12.47%; 6-month excess return -35.22%.,"Model view: the setup leaned constructive. Confidence was around 64%. Technical state is mixed, with price not fully aligned across the major moving averages. RSI is in a steady zone near 59.6. MACD remains on the bullish side. No recent matched news was found for this ticker/date. Relative strength versus the benchmark looked weak. 1-month excess return 3.63%; 3-month excess return -12.47%; 6-month excess return -35.22%."
2023-08-30,T,0,1.0,0.6248133602883558,miss,random_forest,target_5d_updown,"Technical state is soft, with price below the 50-day and 200-day averages. RSI is in a steady zone near 58.5. MACD remains on the bullish side.",No recent matched news was found for this ticker/date.,Relative strength versus the benchmark looked weak. 1-month excess return 4.20%; 3-month excess return -14.29%; 6-month excess return -35.28%.,"Model view: the setup leaned constructive. Confidence was around 62%. Technical state is soft, with price below the 50-day and 200-day averages. RSI is in a steady zone near 58.5. MACD remains on the bullish side. No recent matched news was found for this ticker/date. Relative strength versus the benchmark looked weak. 1-month excess return 4.20%; 3-month excess return -14.29%; 6-month excess return -35.28%."
2023-08-31,T,0,1.0,0.635951944198561,miss,random_forest,target_5d_updown,"Technical state is mixed, with price not fully aligned across the major moving averages. RSI is in a steady zone near 59.7. MACD remains on the bullish side.",No recent matched news was found for this ticker/date.,Relative strength versus the benchmark looked weak. 1-month excess return 3.00%; 3-month excess return -13.23%; 6-month excess return -33.97%.,"Model view: the setup leaned constructive. Confidence was around 64%. Technical state is mixed, with price not fully aligned across the major moving averages. RSI is in a steady zone near 59.7. MACD remains on the bullish side. No recent matched news was found for this ticker/date. Relative strength versus the benchmark looked weak. 1-month excess return 3.00%; 3-month excess return -13.23%; 6-month excess return -33.97%."
2023-09-01,T,0,1.0,0.65981754687637,miss,random_forest,target_5d_updown,"Technical state is soft, with price below the 50-day and 200-day averages. RSI is in a steady zone near 55.4. MACD remains on the bullish side.",No recent matched news was found for this ticker/date.,Relative strength versus the benchmark looked weak. 1-month excess return 3.41%; 3-month excess return -9.14%; 6-month excess return -33.81%.,"Model view: the setup leaned constructive. Confidence was around 66%. Technical state is soft, with price below the 50-day and 200-day averages. RSI is in a steady zone near 55.4. MACD remains on the bullish side. No recent matched news was found for this ticker/date. Relative strength versus the benchmark looked weak. 1-month excess return 3.41%; 3-month excess return -9.14%; 6-month excess return -33.81%."
2023-09-05,T,0,1.0,0.6761072418505772,miss,random_forest,target_5d_updown,"Technical state is soft, with price below the 50-day and 200-day averages. RSI is in a steady zone near 50.7. MACD remains on the bullish side.",No recent matched news was found for this ticker/date.,Relative strength versus the benchmark looked weak. 1-month excess return 2.81%; 3-month excess return -11.11%; 6-month excess return -33.93%.,"Model view: the setup leaned constructive. Confidence was around 68%. Technical state is soft, with price below the 50-day and 200-day averages. RSI is in a steady zone near 50.7. MACD remains on the bullish side. No recent matched news was found for this ticker/date. Relative strength versus the benchmark looked weak. 1-month excess return 2.81%; 3-month excess return -11.11%; 6-month excess return -33.93%."
2023-09-06,T,1,1.0,0.6647168587282039,hit,random_forest,target_5d_updown,"Technical state is soft, with price below the 50-day and 200-day averages. RSI is in a steady zone near 53.9. MACD remains on the bullish side.",No recent matched news was found for this ticker/date.,Relative strength versus the benchmark looked weak. 1-month excess return 5.26%; 3-month excess return -11.02%; 6-month excess return -33.96%.,"Model view: the setup leaned constructive. Confidence was around 66%. Technical state is soft, with price below the 50-day and 200-day averages. RSI is in a steady zone near 53.9. MACD remains on the bullish side. No recent matched news was found for this ticker/date. Relative strength versus the benchmark looked weak. 1-month excess return 5.26%; 3-month excess return -11.02%; 6-month excess return -33.96%."
2023-09-07,T,1,1.0,0.6647908924427004,hit,random_forest,target_5d_updown,"Technical state is soft, with price below the 50-day and 200-day averages. RSI is in a steady zone near 53.9. MACD remains on the bullish side.",No recent matched news was found for this ticker/date.,Relative strength versus the benchmark looked weak. 1-month excess return 3.87%; 3-month excess return -13.54%; 6-month excess return -33.03%.,"Model view: the setup leaned constructive. Confidence was around 66%. Technical state is soft, with price below the 50-day and 200-day averages. RSI is in a steady zone near 53.9. MACD remains on the bullish side. No recent matched news was found for this ticker/date. Relative strength versus the benchmark looked weak. 1-month excess return 3.87%; 3-month excess return -13.54%; 6-month excess return -33.03%."
2023-09-08,T,1,1.0,0.6235234796093482,hit,random_forest,target_5d_updown,"Technical state is soft, with price below the 50-day and 200-day averages. MACD remains on the bullish side.",No recent matched news was found for this ticker/date.,Relative strength versus the benchmark looked weak. 1-month excess return 0.95%; 3-month excess return -14.20%; 6-month excess return -35.17%.,"Model view: the setup leaned constructive. Confidence was around 62%. Technical state is soft, with price below the 50-day and 200-day averages. MACD remains on the bullish side. No recent matched news was found for this ticker/date. Relative strength versus the benchmark looked weak. 1-month excess return 0.95%; 3-month excess return -14.20%; 6-month excess return -35.17%."
2023-09-11,T,1,1.0,0.6647929457376642,hit,random_forest,target_5d_updown,"Technical state is soft, with price below the 50-day and 200-day averages. RSI is in a steady zone near 51.3. MACD remains on the bullish side.",No recent matched news was found for this ticker/date.,Relative strength versus the benchmark looked weak. 1-month excess return 1.91%; 3-month excess return -13.28%; 6-month excess return -37.40%.,"Model view: the setup leaned constructive. Confidence was around 66%. Technical state is soft, with price below the 50-day and 200-day averages. RSI is in a steady zone near 51.3. MACD remains on the bullish side. No recent matched news was found for this ticker/date. Relative strength versus the benchmark looked weak. 1-month excess return 1.91%; 3-month excess return -13.28%; 6-month excess return -37.40%."
2023-09-12,T,1,1.0,0.6536006943365312,hit,random_forest,target_5d_updown,"Technical state is soft, with price below the 50-day and 200-day averages. MACD remains on the bullish side.",No recent matched news was found for this ticker/date.,Relative strength versus the benchmark looked weak. 1-month excess return 0.51%; 3-month excess return -12.04%; 6-month excess return -36.74%.,"Model view: the setup leaned constructive. Confidence was around 65%. Technical state is soft, with price below the 50-day and 200-day averages. MACD remains on the bullish side. No recent matched news was found for this ticker/date. Relative strength versus the benchmark looked weak. 1-month excess return 0.51%; 3-month excess return -12.04%; 6-month excess return -36.74%."
2023-09-13,T,1,1.0,0.6692645045327137,hit,random_forest,target_5d_updown,"Technical state is mixed, with price not fully aligned across the major moving averages. RSI is in a steady zone near 54.0. MACD remains on the bullish side.",No recent matched news was found for this ticker/date.,Relative strength versus the benchmark looked weak. 1-month excess return 2.86%; 3-month excess return -9.84%; 6-month excess return -34.71%.,"Model view: the setup leaned constructive. Confidence was around 67%. Technical state is mixed, with price not fully aligned across the major moving averages. RSI is in a steady zone near 54.0. MACD remains on the bullish side. No recent matched news was found for this ticker/date. Relative strength versus the benchmark looked weak. 1-month excess return 2.86%; 3-month excess return -9.84%; 6-month excess return -34.71%."
2023-09-14,T,1,1.0,0.6727553436270906,hit,random_forest,target_5d_updown,"Technical state is mixed, with price not fully aligned across the major moving averages. RSI is in a steady zone near 63.4. MACD remains on the bullish side.",No recent matched news was found for this ticker/date.,Relative strength versus the benchmark looked weak. 1-month excess return 4.81%; 3-month excess return -7.99%; 6-month excess return -33.45%.,"Model view: the setup leaned constructive. Confidence was around 67%. Technical state is mixed, with price not fully aligned across the major moving averages. RSI is in a steady zone near 63.4. MACD remains on the bullish side. No recent matched news was found for this ticker/date. Relative strength versus the benchmark looked weak. 1-month excess return 4.81%; 3-month excess return -7.99%; 6-month excess return -33.45%."
2023-09-15,T,0,1.0,0.6608930532294098,miss,random_forest,target_5d_updown,"Technical state is mixed, with price not fully aligned across the major moving averages. MACD remains on the bullish side.",No recent matched news was found for this ticker/date.,Relative strength versus the benchmark looked weak. 1-month excess return 6.84%; 3-month excess return -5.48%; 6-month excess return -29.52%.,"Model view: the setup leaned constructive. Confidence was around 66%. Technical state is mixed, with price not fully aligned across the major moving averages. MACD remains on the bullish side. No recent matched news was found for this ticker/date. Relative strength versus the benchmark looked weak. 1-month excess return 6.84%; 3-month excess return -5.48%; 6-month excess return -29.52%."
2023-09-18,T,0,1.0,0.6653410427127784,miss,random_forest,target_5d_updown,"Technical state is mixed, with price not fully aligned across the major moving averages. RSI is in a steady zone near 61.9. MACD remains on the bullish side.",No recent matched news was found for this ticker/date.,Relative strength versus the benchmark looked weak. 1-month excess return 5.60%; 3-month excess return -7.01%; 6-month excess return -30.47%.,"Model view: the setup leaned constructive. Confidence was around 67%. Technical state is mixed, with price not fully aligned across the major moving averages. RSI is in a steady zone near 61.9. MACD remains on the bullish side. No recent matched news was found for this ticker/date. Relative strength versus the benchmark looked weak. 1-month excess return 5.60%; 3-month excess return -7.01%; 6-month excess return -30.47%."
2023-09-19,T,0,1.0,0.6709675127860737,miss,random_forest,target_5d_updown,"Technical state is mixed, with price not fully aligned across the major moving averages. RSI is in a steady zone near 64.1. MACD remains on the bullish side.",No recent matched news was found for this ticker/date.,Relative strength versus the benchmark looked weak. 1-month excess return 6.44%; 3-month excess return -4.85%; 6-month excess return -30.20%.,"Model view: the setup leaned constructive. Confidence was around 67%. Technical state is mixed, with price not fully aligned across the major moving averages. RSI is in a steady zone near 64.1. MACD remains on the bullish side. No recent matched news was found for this ticker/date. Relative strength versus the benchmark looked weak. 1-month excess return 6.44%; 3-month excess return -4.85%; 6-month excess return -30.20%."
2023-09-20,T,0,1.0,0.6697743439235536,miss,random_forest,target_5d_updown,"Technical state is mixed, with price not fully aligned across the major moving averages. MACD remains on the bullish side.",No recent matched news was found for this ticker/date.,Relative strength versus the benchmark looked weak. 1-month excess return 10.08%; 3-month excess return -1.23%; 6-month excess return -26.10%.,"Model view: the setup leaned constructive. Confidence was around 67%. Technical state is mixed, with price not fully aligned across the major moving averages. MACD remains on the bullish side. No recent matched news was found for this ticker/date. Relative strength versus the benchmark looked weak. 1-month excess return 10.08%; 3-month excess return -1.23%; 6-month excess return -26.10%."
2023-09-21,T,0,1.0,0.6150689085219377,miss,random_forest,target_5d_updown,"Technical state is mixed, with price not fully aligned across the major moving averages. RSI is in a steady zone near 62.4. MACD remains on the bullish side.",No recent matched news was found for this ticker/date.,Relative strength versus the benchmark looked weak. 1-month excess return 8.53%; 3-month excess return -0.56%; 6-month excess return -26.74%.,"Model view: the setup leaned constructive. Confidence was around 62%. Technical state is mixed, with price not fully aligned across the major moving averages. RSI is in a steady zone near 62.4. MACD remains on the bullish side. No recent matched news was found for this ticker/date. Relative strength versus the benchmark looked weak. 1-month excess return 8.53%; 3-month excess return -0.56%; 6-month excess return -26.74%."
2023-09-22,T,0,1.0,0.6134728722726335,miss,random_forest,target_5d_updown,"Technical state is mixed, with price not fully aligned across the major moving averages. RSI is in a steady zone near 57.5. MACD remains on the bullish side.",No recent matched news was found for this ticker/date.,Relative strength versus the benchmark looked weak. 1-month excess return 9.23%; 3-month excess return -1.47%; 6-month excess return -27.56%.,"Model view: the setup leaned constructive. Confidence was around 61%. Technical state is mixed, with price not fully aligned across the major moving averages. RSI is in a steady zone near 57.5. MACD remains on the bullish side. No recent matched news was found for this ticker/date. Relative strength versus the benchmark looked weak. 1-month excess return 9.23%; 3-month excess return -1.47%; 6-month excess return -27.56%."
2023-09-25,T,0,1.0,0.6504177246194235,miss,random_forest,target_5d_updown,"Technical state is mixed, with price not fully aligned across the major moving averages. RSI is in a steady zone near 56.0. MACD remains on the bullish side.",No recent matched news was found for this ticker/date.,Relative strength versus the benchmark looked weak. 1-month excess return 7.16%; 3-month excess return -3.81%; 6-month excess return -28.72%.,"Model view: the setup leaned constructive. Confidence was around 65%. Technical state is mixed, with price not fully aligned across the major moving averages. RSI is in a steady zone near 56.0. MACD remains on the bullish side. No recent matched news was found for this ticker/date. Relative strength versus the benchmark looked weak. 1-month excess return 7.16%; 3-month excess return -3.81%; 6-month excess return -28.72%."
2023-09-26,T,0,1.0,0.6354395960726928,miss,random_forest,target_5d_updown,"Technical state is mixed, with price not fully aligned across the major moving averages. RSI is in a steady zone near 54.9. MACD remains on the bullish side.",No recent matched news was found for this ticker/date.,Relative strength versus the benchmark looked weak. 1-month excess return 9.28%; 3-month excess return -2.79%; 6-month excess return -28.26%.,"Model view: the setup leaned constructive. Confidence was around 64%. Technical state is mixed, with price not fully aligned across the major moving averages. RSI is in a steady zone near 54.9. MACD remains on the bullish side. No recent matched news was found for this ticker/date. Relative strength versus the benchmark looked weak. 1-month excess return 9.28%; 3-month excess return -2.79%; 6-month excess return -28.26%."
2023-09-27,T,0,1.0,0.6103351838014855,miss,random_forest,target_5d_updown,"Technical state is mixed, with price not fully aligned across the major moving averages. RSI is in a steady zone near 51.1. MACD remains on the bullish side.",No recent matched news was found for this ticker/date.,Relative strength versus the benchmark looked weak. 1-month excess return 8.09%; 3-month excess return -3.36%; 6-month excess return -28.63%.,"Model view: the setup leaned constructive. Confidence was around 61%. Technical state is mixed, with price not fully aligned across the major moving averages. RSI is in a steady zone near 51.1. MACD remains on the bullish side. No recent matched news was found for this ticker/date. Relative strength versus the benchmark looked weak. 1-month excess return 8.09%; 3-month excess return -3.36%; 6-month excess return -28.63%."
2023-09-28,T,0,1.0,0.6001822471955637,miss,random_forest,target_5d_updown,"Technical state is mixed, with price not fully aligned across the major moving averages. RSI is in a steady zone near 54.3. MACD remains on the bearish side.",No recent matched news was found for this ticker/date.,Relative strength versus the benchmark looked weak. 1-month excess return 6.23%; 3-month excess return -3.87%; 6-month excess return -27.77%.,"Model view: the setup leaned constructive. Confidence was around 60%. Technical state is mixed, with price not fully aligned across the major moving averages. RSI is in a steady zone near 54.3. MACD remains on the bearish side. No recent matched news was found for this ticker/date. Relative strength versus the benchmark looked weak. 1-month excess return 6.23%; 3-month excess return -3.87%; 6-month excess return -27.77%."
2023-09-29,T,0,1.0,0.6180511755194338,miss,random_forest,target_5d_updown,"Technical state is mixed, with price not fully aligned across the major moving averages. RSI is in a steady zone near 54.5. MACD remains on the bearish side.",No recent matched news was found for this ticker/date.,Relative strength versus the benchmark looked weak. 1-month excess return 7.20%; 3-month excess return -2.25%; 6-month excess return -27.16%.,"Model view: the setup leaned constructive. Confidence was around 62%. Technical state is mixed, with price not fully aligned across the major moving averages. RSI is in a steady zone near 54.5. MACD remains on the bearish side. No recent matched news was found for this ticker/date. Relative strength versus the benchmark looked weak. 1-month excess return 7.20%; 3-month excess return -2.25%; 6-month excess return -27.16%."
2023-10-02,T,1,1.0,0.6384599958222426,hit,random_forest,target_5d_updown,"Technical state is mixed, with price not fully aligned across the major moving averages. MACD remains on the bearish side.",No recent matched news was found for this ticker/date.,Relative strength versus the benchmark looked weak. 1-month excess return 4.30%; 3-month excess return -5.22%; 6-month excess return -28.21%.,"Model view: the setup leaned constructive. Confidence was around 64%. Technical state is mixed, with price not fully aligned across the major moving averages. MACD remains on the bearish side. No recent matched news was found for this ticker/date. Relative strength versus the benchmark looked weak. 1-month excess return 4.30%; 3-month excess return -5.22%; 6-month excess return -28.21%."
2023-10-03,T,1,1.0,0.7022093720662681,hit,random_forest,target_5d_updown,"Technical state is mixed, with price not fully aligned across the major moving averages. MACD remains on the bearish side.",No recent matched news was found for this ticker/date.,Relative strength versus the benchmark looked weak. 1-month excess return 7.48%; 3-month excess return -3.17%; 6-month excess return -26.38%.,"Model view: the setup leaned constructive. Confidence was around 70%. Technical state is mixed, with price not fully aligned across the major moving averages. MACD remains on the bearish side. No recent matched news was found for this ticker/date. Relative strength versus the benchmark looked weak. 1-month excess return 7.48%; 3-month excess return -3.17%; 6-month excess return -26.38%."
2023-10-04,T,1,1.0,0.6515418466219274,hit,random_forest,target_5d_updown,"Technical state is mixed, with price not fully aligned across the major moving averages. MACD remains on the bearish side.",No recent matched news was found for this ticker/date.,Relative strength versus the benchmark looked weak. 1-month excess return 6.66%; 3-month excess return -4.32%; 6-month excess return -29.35%.,"Model view: the setup leaned constructive. Confidence was around 65%. Technical state is mixed, with price not fully aligned across the major moving averages. MACD remains on the bearish side. No recent matched news was found for this ticker/date. Relative strength versus the benchmark looked weak. 1-month excess return 6.66%; 3-month excess return -4.32%; 6-month excess return -29.35%."
2023-10-05,T,0,1.0,0.6476652758042928,miss,random_forest,target_5d_updown,"Technical state is mixed, with price not fully aligned across the major moving averages. RSI is in a steady zone near 50.2. MACD remains on the bearish side.",No recent matched news was found for this ticker/date.,Relative strength versus the benchmark looked weak. 1-month excess return 6.42%; 3-month excess return -1.78%; 6-month excess return -29.51%.,"Model view: the setup leaned constructive. Confidence was around 65%. Technical state is mixed, with price not fully aligned across the major moving averages. RSI is in a steady zone near 50.2. MACD remains on the bearish side. No recent matched news was found for this ticker/date. Relative strength versus the benchmark looked weak. 1-month excess return 6.42%; 3-month excess return -1.78%; 6-month excess return -29.51%."
2023-10-06,T,0,1.0,0.6136121321874151,miss,random_forest,target_5d_updown,"Technical state is soft, with price below the 50-day and 200-day averages. MACD remains on the bearish side.",No recent matched news was found for this ticker/date.,Relative strength versus the benchmark looked weak. 1-month excess return 2.40%; 3-month excess return -3.04%; 6-month excess return -31.41%.,"Model view: the setup leaned constructive. Confidence was around 61%. Technical state is soft, with price below the 50-day and 200-day averages. MACD remains on the bearish side. No recent matched news was found for this ticker/date. Relative strength versus the benchmark looked weak. 1-month excess return 2.40%; 3-month excess return -3.04%; 6-month excess return -31.41%."
2023-10-09,T,0,1.0,0.6306568986979738,miss,random_forest,target_5d_updown,"Technical state is mixed, with price not fully aligned across the major moving averages. MACD remains on the bearish side.",No recent matched news was found for this ticker/date.,Relative strength versus the benchmark looked weak. 1-month excess return 5.27%; 3-month excess return -0.98%; 6-month excess return -30.27%.,"Model view: the setup leaned constructive. Confidence was around 63%. Technical state is mixed, with price not fully aligned across the major moving averages. MACD remains on the bearish side. No recent matched news was found for this ticker/date. Relative strength versus the benchmark looked weak. 1-month excess return 5.27%; 3-month excess return -0.98%; 6-month excess return -30.27%."
2023-10-10,T,0,1.0,0.6115572339485036,miss,random_forest,target_5d_updown,"Technical state is mixed, with price not fully aligned across the major moving averages. RSI is in a steady zone near 53.3. MACD remains on the bearish side.",No recent matched news was found for this ticker/date.,Relative strength versus the benchmark looked mixed. 1-month excess return 6.15%; 3-month excess return 1.51%; 6-month excess return -30.09%.,"Model view: the setup leaned constructive. Confidence was around 61%. Technical state is mixed, with price not fully aligned across the major moving averages. RSI is in a steady zone near 53.3. MACD remains on the bearish side. No recent matched news was found for this ticker/date. Relative strength versus the benchmark looked mixed. 1-month excess return 6.15%; 3-month excess return 1.51%; 6-month excess return -30.09%."
2023-10-11,T,0,1.0,0.6092239476287097,miss,random_forest,target_5d_updown,"Technical state is mixed, with price not fully aligned across the major moving averages. MACD remains on the bearish side.",No recent matched news was found for this ticker/date.,Relative strength versus the benchmark looked mixed. 1-month excess return 4.33%; 3-month excess return 0.63%; 6-month excess return -32.23%.,"Model view: the setup leaned constructive. Confidence was around 61%. Technical state is mixed, with price not fully aligned across the major moving averages. MACD remains on the bearish side. No recent matched news was found for this ticker/date. Relative strength versus the benchmark looked mixed. 1-month excess return 4.33%; 3-month excess return 0.63%; 6-month excess return -32.23%."
2023-10-12,T,1,1.0,0.6249528559359573,hit,random_forest,target_5d_updown,"Technical state is soft, with price below the 50-day and 200-day averages. MACD remains on the bearish side.",No recent matched news was found for this ticker/date.,Relative strength versus the benchmark looked mixed. 1-month excess return 1.72%; 3-month excess return 3.11%; 6-month excess return -32.54%.,"Model view: the setup leaned constructive. Confidence was around 62%. Technical state is soft, with price below the 50-day and 200-day averages. MACD remains on the bearish side. No recent matched news was found for this ticker/date. Relative strength versus the benchmark looked mixed. 1-month excess return 1.72%; 3-month excess return 3.11%; 6-month excess return -32.54%."
2023-10-13,T,1,1.0,0.6411196424171773,hit,random_forest,target_5d_updown,"Technical state is soft, with price below the 50-day and 200-day averages. MACD remains on the bearish side.",No recent matched news was found for this ticker/date.,Relative strength versus the benchmark looked weak. 1-month excess return -0.42%; 3-month excess return 10.43%; 6-month excess return -32.55%.,"Model view: the setup leaned constructive. Confidence was around 64%. Technical state is soft, with price below the 50-day and 200-day averages. MACD remains on the bearish side. No recent matched news was found for this ticker/date. Relative strength versus the benchmark looked weak. 1-month excess return -0.42%; 3-month excess return 10.43%; 6-month excess return -32.55%."
2023-10-16,T,1,1.0,0.6348763180214084,hit,random_forest,target_5d_updown,"Technical state is soft, with price below the 50-day and 200-day averages. MACD remains on the bearish side.",No recent matched news was found for this ticker/date.,Relative strength versus the benchmark looked weak. 1-month excess return -3.39%; 3-month excess return 11.16%; 6-month excess return -32.52%.,"Model view: the setup leaned constructive. Confidence was around 63%. Technical state is soft, with price below the 50-day and 200-day averages. MACD remains on the bearish side. No recent matched news was found for this ticker/date. Relative strength versus the benchmark looked weak. 1-month excess return -3.39%; 3-month excess return 11.16%; 6-month excess return -32.52%."
2023-10-17,T,1,1.0,0.6669249964736166,hit,random_forest,target_5d_updown,"Technical state is soft, with price below the 50-day and 200-day averages. MACD remains on the bearish side.",No recent matched news was found for this ticker/date.,Relative strength versus the benchmark looked weak. 1-month excess return -1.28%; 3-month excess return 4.16%; 6-month excess return -31.70%.,"Model view: the setup leaned constructive. Confidence was around 67%. Technical state is soft, with price below the 50-day and 200-day averages. MACD remains on the bearish side. No recent matched news was found for this ticker/date. Relative strength versus the benchmark looked weak. 1-month excess return -1.28%; 3-month excess return 4.16%; 6-month excess return -31.70%."
2023-10-18,T,1,1.0,0.6577271259666542,hit,random_forest,target_5d_updown,"Technical state is soft, with price below the 50-day and 200-day averages. MACD remains on the bearish side.",No recent matched news was found for this ticker/date.,Relative strength versus the benchmark looked weak. 1-month excess return -2.63%; 3-month excess return 2.57%; 6-month excess return -31.17%.,"Model view: the setup leaned constructive. Confidence was around 66%. Technical state is soft, with price below the 50-day and 200-day averages. MACD remains on the bearish side. No recent matched news was found for this ticker/date. Relative strength versus the benchmark looked weak. 1-month excess return -2.63%; 3-month excess return 2.57%; 6-month excess return -31.17%."
2023-10-19,T,0,0.0,0.5017777581489802,hit,random_forest,target_5d_updown,"Technical state is mixed, with price not fully aligned across the major moving averages. RSI is in a steady zone near 58.7. MACD remains on the bearish side. Volatility is elevated at roughly 32.4%.",No recent matched news was found for this ticker/date.,Relative strength versus the benchmark looked mixed. 1-month excess return 1.27%; 3-month excess return 9.09%; 6-month excess return -17.11%.,"Model view: the setup leaned cautious. Confidence was around 50%. Technical state is mixed, with price not fully aligned across the major moving averages. RSI is in a steady zone near 58.7. MACD remains on the bearish side. Volatility is elevated at roughly 32.4%. No recent matched news was found for this ticker/date. Relative strength versus the benchmark looked mixed. 1-month excess return 1.27%; 3-month excess return 9.09%; 6-month excess return -17.11%."
2023-10-20,T,0,1.0,0.5302381189361645,miss,random_forest,target_5d_updown,"Technical state is mixed, with price not fully aligned across the major moving averages. RSI is in a steady zone near 60.3. MACD remains on the bullish side. Volatility is elevated at roughly 32.2%.",No recent matched news was found for this ticker/date.,Relative strength versus the benchmark looked mixed. 1-month excess return 3.20%; 3-month excess return 10.15%; 6-month excess return -17.81%.,"Model view: the setup leaned constructive. Confidence was around 53%. Technical state is mixed, with price not fully aligned across the major moving averages. RSI is in a steady zone near 60.3. MACD remains on the bullish side. Volatility is elevated at roughly 32.2%. No recent matched news was found for this ticker/date. Relative strength versus the benchmark looked mixed. 1-month excess return 3.20%; 3-month excess return 10.15%; 6-month excess return -17.81%."
2023-10-23,T,1,1.0,0.5583141911547924,hit,random_forest,target_5d_updown,"Technical state is mixed, with price not fully aligned across the major moving averages. RSI is in a steady zone near 52.6. MACD remains on the bullish side. Volatility is elevated at roughly 33.8%.",No recent matched news was found for this ticker/date.,Relative strength versus the benchmark looked mixed. 1-month excess return 1.56%; 3-month excess return 8.72%; 6-month excess return -16.62%.,"Model view: the setup leaned constructive. Confidence was around 56%. Technical state is mixed, with price not fully aligned across the major moving averages. RSI is in a steady zone near 52.6. MACD remains on the bullish side. Volatility is elevated at roughly 33.8%. No recent matched news was found for this ticker/date. Relative strength versus the benchmark looked mixed. 1-month excess return 1.56%; 3-month excess return 8.72%; 6-month excess return -16.62%."
2023-10-24,T,0,1.0,0.5161308469273389,miss,random_forest,target_5d_updown,"Technical state is mixed, with price not fully aligned across the major moving averages. RSI is in a steady zone near 60.0. MACD remains on the bullish side. Volatility is elevated at roughly 36.4%.",No recent matched news was found for this ticker/date.,Relative strength versus the benchmark looked mixed. 1-month excess return 5.48%; 3-month excess return 11.33%; 6-month excess return -15.62%.,"Model view: the setup leaned constructive. Confidence was around 52%. Technical state is mixed, with price not fully aligned across the major moving averages. RSI is in a steady zone near 60.0. MACD remains on the bullish side. Volatility is elevated at roughly 36.4%. No recent matched news was found for this ticker/date. Relative strength versus the benchmark looked mixed. 1-month excess return 5.48%; 3-month excess return 11.33%; 6-month excess return -15.62%."
2023-10-25,T,1,1.0,0.5647740089315377,hit,random_forest,target_5d_updown,"Technical state is mixed, with price not fully aligned across the major moving averages. RSI is in a steady zone near 54.6. MACD remains on the bullish side. Volatility is elevated at roughly 37.2%.",No recent matched news was found for this ticker/date.,Relative strength versus the benchmark looked mixed. 1-month excess return 3.44%; 3-month excess return 12.41%; 6-month excess return -14.99%.,"Model view: the setup leaned constructive. Confidence was around 56%. Technical state is mixed, with price not fully aligned across the major moving averages. RSI is in a steady zone near 54.6. MACD remains on the bullish side. Volatility is elevated at roughly 37.2%. No recent matched news was found for this ticker/date. Relative strength versus the benchmark looked mixed. 1-month excess return 3.44%; 3-month excess return 12.41%; 6-month excess return -14.99%."
2023-10-26,T,1,1.0,0.5568011391328735,hit,random_forest,target_5d_updown,"Technical state is mixed, with price not fully aligned across the major moving averages. RSI is in a steady zone near 53.6. MACD remains on the bullish side. Volatility is elevated at roughly 37.1%.",No recent matched news was found for this ticker/date.,Relative strength versus the benchmark looked mixed. 1-month excess return 5.21%; 3-month excess return 14.37%; 6-month excess return -14.19%.,"Model view: the setup leaned constructive. Confidence was around 56%. Technical state is mixed, with price not fully aligned across the major moving averages. RSI is in a steady zone near 53.6. MACD remains on the bullish side. Volatility is elevated at roughly 37.1%. No recent matched news was found for this ticker/date. Relative strength versus the benchmark looked mixed. 1-month excess return 5.21%; 3-month excess return 14.37%; 6-month excess return -14.19%."
2023-10-27,T,1,1.0,0.6035303497266085,hit,random_forest,target_5d_updown,"Technical state is mixed, with price not fully aligned across the major moving averages. MACD remains on the bullish side. Volatility is elevated at roughly 37.8%.",No recent matched news was found for this ticker/date.,Relative strength versus the benchmark looked mixed. 1-month excess return 2.88%; 3-month excess return 12.37%; 6-month excess return -14.89%.,"Model view: the setup leaned constructive. Confidence was around 60%. Technical state is mixed, with price not fully aligned across the major moving averages. MACD remains on the bullish side. Volatility is elevated at roughly 37.8%. No recent matched news was found for this ticker/date. Relative strength versus the benchmark looked mixed. 1-month excess return 2.88%; 3-month excess return 12.37%; 6-month excess return -14.89%."
2023-10-30,T,1,1.0,0.5786156581810429,hit,random_forest,target_5d_updown,"Technical state is mixed, with price not fully aligned across the major moving averages. RSI is in a steady zone near 55.0. MACD remains on the bullish side. Volatility is elevated at roughly 38.3%.",No recent matched news was found for this ticker/date.,Relative strength versus the benchmark looked mixed. 1-month excess return 4.36%; 3-month excess return 15.66%; 6-month excess return -12.82%.,"Model view: the setup leaned constructive. Confidence was around 58%. Technical state is mixed, with price not fully aligned across the major moving averages. RSI is in a steady zone near 55.0. MACD remains on the bullish side. Volatility is elevated at roughly 38.3%. No recent matched news was found for this ticker/date. Relative strength versus the benchmark looked mixed. 1-month excess return 4.36%; 3-month excess return 15.66%; 6-month excess return -12.82%."
2023-10-31,T,1,1.0,0.524934910085519,hit,random_forest,target_5d_updown,"Technical state is mixed, with price not fully aligned across the major moving averages. RSI is in a steady zone near 56.7. MACD remains on the bullish side. Volatility is elevated at roughly 38.3%.",No recent matched news was found for this ticker/date.,Relative strength versus the benchmark looked mixed. 1-month excess return 7.14%; 3-month excess return 14.43%; 6-month excess return -11.55%.,"Model view: the setup leaned constructive. Confidence was around 52%. Technical state is mixed, with price not fully aligned across the major moving averages. RSI is in a steady zone near 56.7. MACD remains on the bullish side. Volatility is elevated at roughly 38.3%. No recent matched news was found for this ticker/date. Relative strength versus the benchmark looked mixed. 1-month excess return 7.14%; 3-month excess return 14.43%; 6-month excess return -11.55%."
2023-11-01,T,1,1.0,0.5404451538057579,hit,random_forest,target_5d_updown,"Technical state is mixed, with price not fully aligned across the major moving averages. RSI is in a steady zone near 58.9. MACD remains on the bullish side. Volatility is elevated at roughly 38.2%.",No recent matched news was found for this ticker/date.,Relative strength versus the benchmark looked mixed. 1-month excess return 5.15%; 3-month excess return 16.39%; 6-month excess return -12.44%.,"Model view: the setup leaned constructive. Confidence was around 54%. Technical state is mixed, with price not fully aligned across the major moving averages. RSI is in a steady zone near 58.9. MACD remains on the bullish side. Volatility is elevated at roughly 38.2%. No recent matched news was found for this ticker/date. Relative strength versus the benchmark looked mixed. 1-month excess return 5.15%; 3-month excess return 16.39%; 6-month excess return -12.44%."
2023-11-02,T,0,0.0,0.5916047659094634,hit,random_forest,target_5d_updown,"Technical state is mixed, with price not fully aligned across the major moving averages. RSI is in a steady zone near 60.7. MACD remains on the bullish side. Volatility is elevated at roughly 38.1%.",No recent matched news was found for this ticker/date.,Relative strength versus the benchmark looked mixed. 1-month excess return 5.95%; 3-month excess return 15.91%; 6-month excess return -13.33%.,"Model view: the setup leaned cautious. Confidence was around 59%. Technical state is mixed, with price not fully aligned across the major moving averages. RSI is in a steady zone near 60.7. MACD remains on the bullish side. Volatility is elevated at roughly 38.1%. No recent matched news was found for this ticker/date. Relative strength versus the benchmark looked mixed. 1-month excess return 5.95%; 3-month excess return 15.91%; 6-month excess return -13.33%."
2023-11-03,T,0,0.0,0.6078858197099244,hit,random_forest,target_5d_updown,"Technical state is mixed, with price not fully aligned across the major moving averages. RSI is in a steady zone near 62.4. MACD remains on the bullish side. Volatility is elevated at roughly 36.6%.",No recent matched news was found for this ticker/date.,Relative strength versus the benchmark looked mixed. 1-month excess return 4.64%; 3-month excess return 16.88%; 6-month excess return -12.70%.,"Model view: the setup leaned cautious. Confidence was around 61%. Technical state is mixed, with price not fully aligned across the major moving averages. RSI is in a steady zone near 62.4. MACD remains on the bullish side. Volatility is elevated at roughly 36.6%. No recent matched news was found for this ticker/date. Relative strength versus the benchmark looked mixed. 1-month excess return 4.64%; 3-month excess return 16.88%; 6-month excess return -12.70%."
2023-11-06,T,0,0.0,0.6298625726324896,hit,random_forest,target_5d_updown,"Technical state is mixed, with price not fully aligned across the major moving averages. RSI is in a steady zone near 59.9. MACD remains on the bullish side. Volatility is elevated at roughly 36.5%.",No recent matched news was found for this ticker/date.,Relative strength versus the benchmark looked mixed. 1-month excess return 7.56%; 3-month excess return 14.00%; 6-month excess return -13.55%.,"Model view: the setup leaned cautious. Confidence was around 63%. Technical state is mixed, with price not fully aligned across the major moving averages. RSI is in a steady zone near 59.9. MACD remains on the bullish side. Volatility is elevated at roughly 36.5%. No recent matched news was found for this ticker/date. Relative strength versus the benchmark looked mixed. 1-month excess return 7.56%; 3-month excess return 14.00%; 6-month excess return -13.55%."
2023-11-07,T,0,0.0,0.6595887869853757,hit,random_forest,target_5d_updown,"Technical state is mixed, with price not fully aligned across the major moving averages. RSI is in a steady zone near 61.1. MACD remains on the bullish side. Volatility is elevated at roughly 36.2%.",No recent matched news was found for this ticker/date.,Relative strength versus the benchmark looked mixed. 1-month excess return 6.49%; 3-month excess return 13.01%; 6-month excess return -13.24%.,"Model view: the setup leaned cautious. Confidence was around 66%. Technical state is mixed, with price not fully aligned across the major moving averages. RSI is in a steady zone near 61.1. MACD remains on the bullish side. Volatility is elevated at roughly 36.2%. No recent matched news was found for this ticker/date. Relative strength versus the benchmark looked mixed. 1-month excess return 6.49%; 3-month excess return 13.01%; 6-month excess return -13.24%."
2023-11-08,T,1,0.0,0.6402919787687219,miss,random_forest,target_5d_updown,"Technical state is mixed, with price not fully aligned across the major moving averages. RSI is in a steady zone near 57.3. MACD remains on the bullish side. Volatility is elevated at roughly 36.2%.",No recent matched news was found for this ticker/date.,Relative strength versus the benchmark looked mixed. 1-month excess return 4.00%; 3-month excess return 12.43%; 6-month excess return -14.09%.,"Model view: the setup leaned cautious. Confidence was around 64%. Technical state is mixed, with price not fully aligned across the major moving averages. RSI is in a steady zone near 57.3. MACD remains on the bullish side. Volatility is elevated at roughly 36.2%. No recent matched news was found for this ticker/date. Relative strength versus the benchmark looked mixed. 1-month excess return 4.00%; 3-month excess return 12.43%; 6-month excess return -14.09%."
2023-11-09,T,1,0.0,0.6192655841568612,miss,random_forest,target_5d_updown,"Technical state is mixed, with price not fully aligned across the major moving averages. RSI is in a steady zone near 56.9. MACD remains on the bullish side. Volatility is elevated at roughly 35.0%.",No recent matched news was found for this ticker/date.,Relative strength versus the benchmark looked mixed. 1-month excess return 6.39%; 3-month excess return 11.40%; 6-month excess return -13.12%.,"Model view: the setup leaned cautious. Confidence was around 62%. Technical state is mixed, with price not fully aligned across the major moving averages. RSI is in a steady zone near 56.9. MACD remains on the bullish side. Volatility is elevated at roughly 35.0%. No recent matched news was found for this ticker/date. Relative strength versus the benchmark looked mixed. 1-month excess return 6.39%; 3-month excess return 11.40%; 6-month excess return -13.12%."
2023-11-10,T,1,0.0,0.6185122585767335,miss,random_forest,target_5d_updown,"Technical state is mixed, with price not fully aligned across the major moving averages. RSI is in a steady zone near 57.1. MACD remains on the bullish side. Volatility is elevated at roughly 34.8%.",No recent matched news was found for this ticker/date.,Relative strength versus the benchmark looked mixed. 1-month excess return 6.64%; 3-month excess return 11.34%; 6-month excess return -15.23%.,"Model view: the setup leaned cautious. Confidence was around 62%. Technical state is mixed, with price not fully aligned across the major moving averages. RSI is in a steady zone near 57.1. MACD remains on the bullish side. Volatility is elevated at roughly 34.8%. No recent matched news was found for this ticker/date. Relative strength versus the benchmark looked mixed. 1-month excess return 6.64%; 3-month excess return 11.34%; 6-month excess return -15.23%."
2023-11-13,T,1,0.0,0.6103634438767521,miss,random_forest,target_5d_updown,"Technical state is mixed, with price not fully aligned across the major moving averages. RSI is in a steady zone near 55.8. MACD remains on the bullish side. Volatility is elevated at roughly 35.0%.",No recent matched news was found for this ticker/date.,Relative strength versus the benchmark looked mixed. 1-month excess return 6.47%; 3-month excess return 10.81%; 6-month excess return -14.67%.,"Model view: the setup leaned cautious. Confidence was around 61%. Technical state is mixed, with price not fully aligned across the major moving averages. RSI is in a steady zone near 55.8. MACD remains on the bullish side. Volatility is elevated at roughly 35.0%. No recent matched news was found for this ticker/date. Relative strength versus the benchmark looked mixed. 1-month excess return 6.47%; 3-month excess return 10.81%; 6-month excess return -14.67%."
2023-11-14,T,1,0.0,0.6264038649198508,miss,random_forest,target_5d_updown,"Technical state is mixed, with price not fully aligned across the major moving averages. RSI is in a steady zone near 56.7. MACD remains on the bullish side. Volatility is elevated at roughly 34.8%.",No recent matched news was found for this ticker/date.,Relative strength versus the benchmark looked mixed. 1-month excess return 5.56%; 3-month excess return 8.81%; 6-month excess return -14.80%.,"Model view: the setup leaned cautious. Confidence was around 63%. Technical state is mixed, with price not fully aligned across the major moving averages. RSI is in a steady zone near 56.7. MACD remains on the bullish side. Volatility is elevated at roughly 34.8%. No recent matched news was found for this ticker/date. Relative strength versus the benchmark looked mixed. 1-month excess return 5.56%; 3-month excess return 8.81%; 6-month excess return -14.80%."
2023-11-15,T,1,0.0,0.6372462084791009,miss,random_forest,target_5d_updown,"Technical state is mixed, with price not fully aligned across the major moving averages. RSI is in a steady zone near 59.0. MACD remains on the bullish side. Volatility is elevated at roughly 33.9%.",No recent matched news was found for this ticker/date.,Relative strength versus the benchmark looked mixed. 1-month excess return 4.96%; 3-month excess return 9.40%; 6-month excess return -13.70%.,"Model view: the setup leaned cautious. Confidence was around 64%. Technical state is mixed, with price not fully aligned across the major moving averages. RSI is in a steady zone near 59.0. MACD remains on the bullish side. Volatility is elevated at roughly 33.9%. No recent matched news was found for this ticker/date. Relative strength versus the benchmark looked mixed. 1-month excess return 4.96%; 3-month excess return 9.40%; 6-month excess return -13.70%."
2023-11-16,T,1,0.0,0.6655297463499258,miss,random_forest,target_5d_updown,"Technical state is mixed, with price not fully aligned across the major moving averages. RSI is in a steady zone near 61.1. MACD remains on the bullish side.",No recent matched news was found for this ticker/date.,Relative strength versus the benchmark looked mixed. 1-month excess return 6.22%; 3-month excess return 9.88%; 6-month excess return -11.45%.,"Model view: the setup leaned cautious. Confidence was around 67%. Technical state is mixed, with price not fully aligned across the major moving averages. RSI is in a steady zone near 61.1. MACD remains on the bullish side. No recent matched news was found for this ticker/date. Relative strength versus the benchmark looked mixed. 1-month excess return 6.22%; 3-month excess return 9.88%; 6-month excess return -11.45%."
2023-11-17,T,1,0.0,0.6769598516423716,miss,random_forest,target_5d_updown,"Technical state is mixed, with price not fully aligned across the major moving averages. RSI is in a steady zone near 61.5. MACD remains on the bullish side.",No recent matched news was found for this ticker/date.,Relative strength versus the benchmark looked weak. 1-month excess return -1.53%; 3-month excess return 10.15%; 6-month excess return -10.25%.,"Model view: the setup leaned cautious. Confidence was around 68%. Technical state is mixed, with price not fully aligned across the major moving averages. RSI is in a steady zone near 61.5. MACD remains on the bullish side. No recent matched news was found for this ticker/date. Relative strength versus the benchmark looked weak. 1-month excess return -1.53%; 3-month excess return 10.15%; 6-month excess return -10.25%."
2023-11-20,T,1,0.0,0.6846199722669318,miss,random_forest,target_5d_updown,"Technical state is mixed, with price not fully aligned across the major moving averages. RSI is in a steady zone near 64.9. MACD remains on the bullish side.",No recent matched news was found for this ticker/date.,Relative strength versus the benchmark looked weak. 1-month excess return -3.18%; 3-month excess return 9.22%; 6-month excess return -10.19%.,"Model view: the setup leaned cautious. Confidence was around 68%. Technical state is mixed, with price not fully aligned across the major moving averages. RSI is in a steady zone near 64.9. MACD remains on the bullish side. No recent matched news was found for this ticker/date. Relative strength versus the benchmark looked weak. 1-month excess return -3.18%; 3-month excess return 9.22%; 6-month excess return -10.19%."
2023-11-21,T,1,0.0,0.65299777939432,miss,random_forest,target_5d_updown,"Technical state is mixed, with price not fully aligned across the major moving averages. MACD remains on the bullish side.",No recent matched news was found for this ticker/date.,Relative strength versus the benchmark looked mixed. 1-month excess return 0.52%; 3-month excess return 12.03%; 6-month excess return -8.87%.,"Model view: the setup leaned cautious. Confidence was around 65%. Technical state is mixed, with price not fully aligned across the major moving averages. MACD remains on the bullish side. No recent matched news was found for this ticker/date. Relative strength versus the benchmark looked mixed. 1-month excess return 0.52%; 3-month excess return 12.03%; 6-month excess return -8.87%."
2023-11-22,T,1,0.0,0.6494848143114118,miss,random_forest,target_5d_updown,"Technical state is mixed, with price not fully aligned across the major moving averages. MACD remains on the bullish side.",No recent matched news was found for this ticker/date.,Relative strength versus the benchmark looked weak. 1-month excess return -3.31%; 3-month excess return 10.14%; 6-month excess return -9.35%.,"Model view: the setup leaned cautious. Confidence was around 65%. Technical state is mixed, with price not fully aligned across the major moving averages. MACD remains on the bullish side. No recent matched news was found for this ticker/date. Relative strength versus the benchmark looked weak. 1-month excess return -3.31%; 3-month excess return 10.14%; 6-month excess return -9.35%."
2023-11-24,T,1,0.0,0.6314016018357183,miss,random_forest,target_5d_updown,"Technical state is mixed, with price not fully aligned across the major moving averages. MACD remains on the bullish side.",No recent matched news was found for this ticker/date.,Relative strength versus the benchmark looked weak. 1-month excess return -2.32%; 3-month excess return 11.38%; 6-month excess return -2.83%.,"Model view: the setup leaned cautious. Confidence was around 63%. Technical state is mixed, with price not fully aligned across the major moving averages. MACD remains on the bullish side. No recent matched news was found for this ticker/date. Relative strength versus the benchmark looked weak. 1-month excess return -2.32%; 3-month excess return 11.38%; 6-month excess return -2.83%."
2023-11-27,T,1,0.0,0.630224035002977,miss,random_forest,target_5d_updown,"Technical state is mixed, with price not fully aligned across the major moving averages. MACD remains on the bullish side. Volatility is relatively contained at roughly 14.0%.",No recent matched news was found for this ticker/date.,Relative strength versus the benchmark looked weak. 1-month excess return -2.99%; 3-month excess return 11.43%; 6-month excess return -3.65%.,"Model view: the setup leaned cautious. Confidence was around 63%. Technical state is mixed, with price not fully aligned across the major moving averages. MACD remains on the bullish side. Volatility is relatively contained at roughly 14.0%. No recent matched news was found for this ticker/date. Relative strength versus the benchmark looked weak. 1-month excess return -2.99%; 3-month excess return 11.43%; 6-month excess return -3.65%."
2023-11-28,T,1,0.0,0.6423461091075994,miss,random_forest,target_5d_updown,"Technical state is mixed, with price not fully aligned across the major moving averages. MACD remains on the bullish side. Volatility is relatively contained at roughly 10.5%.",No recent matched news was found for this ticker/date.,Relative strength versus the benchmark looked weak. 1-month excess return -1.62%; 3-month excess return 8.24%; 6-month excess return -4.85%.,"Model view: the setup leaned cautious. Confidence was around 64%. Technical state is mixed, with price not fully aligned across the major moving averages. MACD remains on the bullish side. Volatility is relatively contained at roughly 10.5%. No recent matched news was found for this ticker/date. Relative strength versus the benchmark looked weak. 1-month excess return -1.62%; 3-month excess return 8.24%; 6-month excess return -4.85%."
2023-11-29,T,1,0.0,0.6434610872674349,miss,random_forest,target_5d_updown,"Technical state is constructive, with price above the 50-day and 200-day averages. MACD remains on the bullish side. Volatility is relatively contained at roughly 10.4%.",No recent matched news was found for this ticker/date.,Relative strength versus the benchmark looked weak. 1-month excess return -2.59%; 3-month excess return 9.83%; 6-month excess return -5.20%.,"Model view: the setup leaned cautious. Confidence was around 64%. Technical state is constructive, with price above the 50-day and 200-day averages. MACD remains on the bullish side. Volatility is relatively contained at roughly 10.4%. No recent matched news was found for this ticker/date. Relative strength versus the benchmark looked weak. 1-month excess return -2.59%; 3-month excess return 9.83%; 6-month excess return -5.20%."
2023-11-30,T,1,0.0,0.6353668267052884,miss,random_forest,target_5d_updown,"Technical state is constructive, with price above the 50-day and 200-day averages. RSI is elevated near 72.5, so chasing strength may add risk. MACD remains on the bullish side. Volatility is relatively contained at roughly 11.0%.",No recent matched news was found for this ticker/date.,Relative strength versus the benchmark looked weak. 1-month excess return -1.57%; 3-month excess return 10.69%; 6-month excess return -3.41%.,"Model view: the setup leaned cautious. Confidence was around 64%. Technical state is constructive, with price above the 50-day and 200-day averages. RSI is elevated near 72.5, so chasing strength may add risk. MACD remains on the bullish side. Volatility is relatively contained at roughly 11.0%. No recent matched news was found for this ticker/date. Relative strength versus the benchmark looked weak. 1-month excess return -1.57%; 3-month excess return 10.69%; 6-month excess return -3.41%."
2023-12-01,T,1,0.0,0.6073862704717271,miss,random_forest,target_5d_updown,"Technical state is constructive, with price above the 50-day and 200-day averages. RSI is elevated near 75.2, so chasing strength may add risk. MACD remains on the bullish side. Volatility is relatively contained at roughly 11.2%.",No recent matched news was found for this ticker/date.,Relative strength versus the benchmark looked mixed. 1-month excess return -1.04%; 3-month excess return 12.68%; 6-month excess return 2.92%.,"Model view: the setup leaned cautious. Confidence was around 61%. Technical state is constructive, with price above the 50-day and 200-day averages. RSI is elevated near 75.2, so chasing strength may add risk. MACD remains on the bullish side. Volatility is relatively contained at roughly 11.2%. No recent matched news was found for this ticker/date. Relative strength versus the benchmark looked mixed. 1-month excess return -1.04%; 3-month excess return 12.68%; 6-month excess return 2.92%."
2023-12-04,T,0,0.0,0.5960777509463984,hit,random_forest,target_5d_updown,"Technical state is constructive, with price above the 50-day and 200-day averages. RSI is elevated near 71.2, so chasing strength may add risk. MACD remains on the bullish side. Volatility is relatively contained at roughly 11.4%.",No recent matched news was found for this ticker/date.,Relative strength versus the benchmark looked mixed. 1-month excess return -0.14%; 3-month excess return 13.40%; 6-month excess return 1.31%.,"Model view: the setup leaned cautious. Confidence was around 60%. Technical state is constructive, with price above the 50-day and 200-day averages. RSI is elevated near 71.2, so chasing strength may add risk. MACD remains on the bullish side. Volatility is relatively contained at roughly 11.4%. No recent matched news was found for this ticker/date. Relative strength versus the benchmark looked mixed. 1-month excess return -0.14%; 3-month excess return 13.40%; 6-month excess return 1.31%."
2023-12-05,T,0,0.0,0.5760780076938259,hit,random_forest,target_5d_updown,"Technical state is constructive, with price above the 50-day and 200-day averages. RSI is elevated near 78.2, so chasing strength may add risk. MACD remains on the bullish side.",No recent matched news was found for this ticker/date.,Relative strength versus the benchmark looked favorable. 1-month excess return 3.39%; 3-month excess return 15.53%; 6-month excess return 3.20%.,"Model view: the setup leaned cautious. Confidence was around 58%. Technical state is constructive, with price above the 50-day and 200-day averages. RSI is elevated near 78.2, so chasing strength may add risk. MACD remains on the bullish side. No recent matched news was found for this ticker/date. Relative strength versus the benchmark looked favorable. 1-month excess return 3.39%; 3-month excess return 15.53%; 6-month excess return 3.20%."
2023-12-06,T,0,0.0,0.6088071352152494,hit,random_forest,target_5d_updown,"Technical state is constructive, with price above the 50-day and 200-day averages. MACD remains on the bullish side.",No recent matched news was found for this ticker/date.,Relative strength versus the benchmark looked mixed. 1-month excess return 3.15%; 3-month excess return 13.74%; 6-month excess return -1.37%.,"Model view: the setup leaned cautious. Confidence was around 61%. Technical state is constructive, with price above the 50-day and 200-day averages. MACD remains on the bullish side. No recent matched news was found for this ticker/date. Relative strength versus the benchmark looked mixed. 1-month excess return 3.15%; 3-month excess return 13.74%; 6-month excess return -1.37%."
2023-12-07,T,0,0.0,0.6246492239957842,hit,random_forest,target_5d_updown,"Technical state is constructive, with price above the 50-day and 200-day averages. RSI is elevated near 71.1, so chasing strength may add risk. MACD remains on the bullish side.",No recent matched news was found for this ticker/date.,Relative strength versus the benchmark looked mixed. 1-month excess return 2.96%; 3-month excess return 15.81%; 6-month excess return -0.44%.,"Model view: the setup leaned cautious. Confidence was around 62%. Technical state is constructive, with price above the 50-day and 200-day averages. RSI is elevated near 71.1, so chasing strength may add risk. MACD remains on the bullish side. No recent matched news was found for this ticker/date. Relative strength versus the benchmark looked mixed. 1-month excess return 2.96%; 3-month excess return 15.81%; 6-month excess return -0.44%."
2023-12-08,T,0,0.0,0.622595930832337,hit,random_forest,target_5d_updown,"Technical state is constructive, with price above the 50-day and 200-day averages. MACD remains on the bullish side.",No recent matched news was found for this ticker/date.,Relative strength versus the benchmark looked mixed. 1-month excess return 2.82%; 3-month excess return 13.90%; 6-month excess return -0.98%.,"Model view: the setup leaned cautious. Confidence was around 62%. Technical state is constructive, with price above the 50-day and 200-day averages. MACD remains on the bullish side. No recent matched news was found for this ticker/date. Relative strength versus the benchmark looked mixed. 1-month excess return 2.82%; 3-month excess return 13.90%; 6-month excess return -0.98%."
2023-12-11,T,0,0.0,0.6426754311097944,hit,random_forest,target_5d_updown,"Technical state is constructive, with price above the 50-day and 200-day averages. RSI is in a steady zone near 58.1. MACD remains on the bullish side.",No recent matched news was found for this ticker/date.,Relative strength versus the benchmark looked weak. 1-month excess return -0.17%; 3-month excess return 11.35%; 6-month excess return -2.17%.,"Model view: the setup leaned cautious. Confidence was around 64%. Technical state is constructive, with price above the 50-day and 200-day averages. RSI is in a steady zone near 58.1. MACD remains on the bullish side. No recent matched news was found for this ticker/date. Relative strength versus the benchmark looked weak. 1-month excess return -0.17%; 3-month excess return 11.35%; 6-month excess return -2.17%."
2023-12-12,T,1,0.0,0.6456268325048541,miss,random_forest,target_5d_updown,"Technical state is constructive, with price above the 50-day and 200-day averages. RSI is in a steady zone near 53.3. MACD remains on the bearish side.",No recent matched news was found for this ticker/date.,Relative strength versus the benchmark looked weak. 1-month excess return -0.46%; 3-month excess return 8.27%; 6-month excess return -2.60%.,"Model view: the setup leaned cautious. Confidence was around 65%. Technical state is constructive, with price above the 50-day and 200-day averages. RSI is in a steady zone near 53.3. MACD remains on the bearish side. No recent matched news was found for this ticker/date. Relative strength versus the benchmark looked weak. 1-month excess return -0.46%; 3-month excess return 8.27%; 6-month excess return -2.60%."
2023-12-13,T,0,0.0,0.6589124410494789,hit,random_forest,target_5d_updown,"Technical state is constructive, with price above the 50-day and 200-day averages. RSI is in a steady zone near 54.1. MACD remains on the bearish side.",No recent matched news was found for this ticker/date.,Relative strength versus the benchmark looked weak. 1-month excess return -1.35%; 3-month excess return 4.74%; 6-month excess return -3.84%.,"Model view: the setup leaned cautious. Confidence was around 66%. Technical state is constructive, with price above the 50-day and 200-day averages. RSI is in a steady zone near 54.1. MACD remains on the bearish side. No recent matched news was found for this ticker/date. Relative strength versus the benchmark looked weak. 1-month excess return -1.35%; 3-month excess return 4.74%; 6-month excess return -3.84%."
2023-12-14,T,0,0.0,0.6584908416340752,hit,random_forest,target_5d_updown,"Technical state is constructive, with price above the 50-day and 200-day averages. RSI is in a steady zone near 57.9. MACD remains on the bearish side.",No recent matched news was found for this ticker/date.,Relative strength versus the benchmark looked mixed. 1-month excess return 1.30%; 3-month excess return 3.20%; 6-month excess return -2.77%.,"Model view: the setup leaned cautious. Confidence was around 66%. Technical state is constructive, with price above the 50-day and 200-day averages. RSI is in a steady zone near 57.9. MACD remains on the bearish side. No recent matched news was found for this ticker/date. Relative strength versus the benchmark looked mixed. 1-month excess return 1.30%; 3-month excess return 3.20%; 6-month excess return -2.77%."
2023-12-15,T,1,0.0,0.6570242727863307,miss,random_forest,target_5d_updown,"Technical state is constructive, with price above the 50-day and 200-day averages. RSI is in a steady zone near 54.7. MACD remains on the bearish side.",No recent matched news was found for this ticker/date.,Relative strength versus the benchmark looked weak. 1-month excess return -0.01%; 3-month excess return 3.64%; 6-month excess return -4.01%.,"Model view: the setup leaned cautious. Confidence was around 66%. Technical state is constructive, with price above the 50-day and 200-day averages. RSI is in a steady zone near 54.7. MACD remains on the bearish side. No recent matched news was found for this ticker/date. Relative strength versus the benchmark looked weak. 1-month excess return -0.01%; 3-month excess return 3.64%; 6-month excess return -4.01%."
2023-12-18,T,1,0.0,0.636227382463524,miss,random_forest,target_5d_updown,"Technical state is constructive, with price above the 50-day and 200-day averages. RSI is in a steady zone near 53.3. MACD remains on the bearish side.",No recent matched news was found for this ticker/date.,Relative strength versus the benchmark looked weak. 1-month excess return -1.63%; 3-month excess return 1.56%; 6-month excess return -3.66%.,"Model view: the setup leaned cautious. Confidence was around 64%. Technical state is constructive, with price above the 50-day and 200-day averages. RSI is in a steady zone near 53.3. MACD remains on the bearish side. No recent matched news was found for this ticker/date. Relative strength versus the benchmark looked weak. 1-month excess return -1.63%; 3-month excess return 1.56%; 6-month excess return -3.66%."
2023-12-19,T,0,0.0,0.6234121934255955,hit,random_forest,target_5d_updown,"Technical state is constructive, with price above the 50-day and 200-day averages. RSI is in a steady zone near 56.4. MACD remains on the bearish side.",No recent matched news was found for this ticker/date.,Relative strength versus the benchmark looked weak. 1-month excess return -1.30%; 3-month excess return -1.50%; 6-month excess return -2.82%.,"Model view: the setup leaned cautious. Confidence was around 62%. Technical state is constructive, with price above the 50-day and 200-day averages. RSI is in a steady zone near 56.4. MACD remains on the bearish side. No recent matched news was found for this ticker/date. Relative strength versus the benchmark looked weak. 1-month excess return -1.30%; 3-month excess return -1.50%; 6-month excess return -2.82%."
2023-12-20,T,1,0.0,0.5928813661513965,miss,random_forest,target_5d_updown,"Technical state is constructive, with price above the 50-day and 200-day averages. RSI is in a steady zone near 51.3. MACD remains on the bearish side.",No recent matched news was found for this ticker/date.,Relative strength versus the benchmark looked weak. 1-month excess return -1.17%; 3-month excess return -0.97%; 6-month excess return -1.56%.,"Model view: the setup leaned cautious. Confidence was around 59%. Technical state is constructive, with price above the 50-day and 200-day averages. RSI is in a steady zone near 51.3. MACD remains on the bearish side. No recent matched news was found for this ticker/date. Relative strength versus the benchmark looked weak. 1-month excess return -1.17%; 3-month excess return -0.97%; 6-month excess return -1.56%."
2023-12-21,T,1,0.0,0.595514208095232,miss,random_forest,target_5d_updown,"Technical state is constructive, with price above the 50-day and 200-day averages. RSI is in a steady zone near 53.2. MACD remains on the bearish side.",No recent matched news was found for this ticker/date.,Relative strength versus the benchmark looked weak. 1-month excess return -2.46%; 3-month excess return -0.34%; 6-month excess return -1.94%.,"Model view: the setup leaned cautious. Confidence was around 60%. Technical state is constructive, with price above the 50-day and 200-day averages. RSI is in a steady zone near 53.2. MACD remains on the bearish side. No recent matched news was found for this ticker/date. Relative strength versus the benchmark looked weak. 1-month excess return -2.46%; 3-month excess return -0.34%; 6-month excess return -1.94%."
2023-12-22,T,1,0.0,0.6010848814578721,miss,random_forest,target_5d_updown,"Technical state is constructive, with price above the 50-day and 200-day averages. RSI is in a steady zone near 54.5. MACD remains on the bearish side.",No recent matched news was found for this ticker/date.,Relative strength versus the benchmark looked weak. 1-month excess return -1.75%; 3-month excess return 0.69%; 6-month excess return -3.49%.,"Model view: the setup leaned cautious. Confidence was around 60%. Technical state is constructive, with price above the 50-day and 200-day averages. RSI is in a steady zone near 54.5. MACD remains on the bearish side. No recent matched news was found for this ticker/date. Relative strength versus the benchmark looked weak. 1-month excess return -1.75%; 3-month excess return 0.69%; 6-month excess return -3.49%."
2023-12-26,T,1,0.0,0.5990682194841501,miss,random_forest,target_5d_updown,"Technical state is constructive, with price above the 50-day and 200-day averages. RSI is in a steady zone near 55.0. MACD remains on the bearish side.",No recent matched news was found for this ticker/date.,Relative strength versus the benchmark looked weak. 1-month excess return -2.26%; 3-month excess return -0.97%; 6-month excess return -4.02%.,"Model view: the setup leaned cautious. Confidence was around 60%. Technical state is constructive, with price above the 50-day and 200-day averages. RSI is in a steady zone near 55.0. MACD remains on the bearish side. No recent matched news was found for this ticker/date. Relative strength versus the benchmark looked weak. 1-month excess return -2.26%; 3-month excess return -0.97%; 6-month excess return -4.02%."
2023-12-27,T,1,0.0,0.6080174926106143,miss,random_forest,target_5d_updown,"Technical state is constructive, with price above the 50-day and 200-day averages. RSI is in a steady zone near 55.2. MACD remains on the bearish side.",No recent matched news was found for this ticker/date.,Relative strength versus the benchmark looked weak. 1-month excess return -2.57%; 3-month excess return 0.03%; 6-month excess return -3.71%.,"Model view: the setup leaned cautious. Confidence was around 61%. Technical state is constructive, with price above the 50-day and 200-day averages. RSI is in a steady zone near 55.2. MACD remains on the bearish side. No recent matched news was found for this ticker/date. Relative strength versus the benchmark looked weak. 1-month excess return -2.57%; 3-month excess return 0.03%; 6-month excess return -3.71%."
2023-12-28,T,1,0.0,0.6038062256534316,miss,random_forest,target_5d_updown,"Technical state is constructive, with price above the 50-day and 200-day averages. RSI is in a steady zone near 59.0. MACD remains on the bearish side.",No recent matched news was found for this ticker/date.,Relative strength versus the benchmark looked weak. 1-month excess return -1.30%; 3-month excess return 0.26%; 6-month excess return -4.05%.,"Model view: the setup leaned cautious. Confidence was around 60%. Technical state is constructive, with price above the 50-day and 200-day averages. RSI is in a steady zone near 59.0. MACD remains on the bearish side. No recent matched news was found for this ticker/date. Relative strength versus the benchmark looked weak. 1-month excess return -1.30%; 3-month excess return 0.26%; 6-month excess return -4.05%."
2023-12-29,T,1,0.0,0.5930371666767988,miss,random_forest,target_5d_updown,"Technical state is constructive, with price above the 50-day and 200-day averages. RSI is in a steady zone near 59.9. MACD remains on the bearish side.",No recent matched news was found for this ticker/date.,Relative strength versus the benchmark looked weak. 1-month excess return -1.61%; 3-month excess return 0.49%; 6-month excess return -2.04%.,"Model view: the setup leaned cautious. Confidence was around 59%. Technical state is constructive, with price above the 50-day and 200-day averages. RSI is in a steady zone near 59.9. MACD remains on the bearish side. No recent matched news was found for this ticker/date. Relative strength versus the benchmark looked weak. 1-month excess return -1.61%; 3-month excess return 0.49%; 6-month excess return -2.04%."
2024-01-02,T,0,0.0,0.5807367137439926,hit,random_forest,target_5d_updown,"Technical state is constructive, with price above the 50-day and 200-day averages. MACD remains on the bullish side.",No recent matched news was found for this ticker/date.,Relative strength versus the benchmark looked favorable. 1-month excess return 0.62%; 3-month excess return 7.06%; 6-month excess return 0.65%.,"Model view: the setup leaned cautious. Confidence was around 58%. Technical state is constructive, with price above the 50-day and 200-day averages. MACD remains on the bullish side. No recent matched news was found for this ticker/date. Relative strength versus the benchmark looked favorable. 1-month excess return 0.62%; 3-month excess return 7.06%; 6-month excess return 0.65%."
2024-01-03,T,0,0.0,0.5734131292987592,hit,random_forest,target_5d_updown,"Technical state is constructive, with price above the 50-day and 200-day averages. MACD remains on the bullish side.",No recent matched news was found for this ticker/date.,Relative strength versus the benchmark looked favorable. 1-month excess return 0.69%; 3-month excess return 5.37%; 6-month excess return 1.41%.,"Model view: the setup leaned cautious. Confidence was around 57%. Technical state is constructive, with price above the 50-day and 200-day averages. MACD remains on the bullish side. No recent matched news was found for this ticker/date. Relative strength versus the benchmark looked favorable. 1-month excess return 0.69%; 3-month excess return 5.37%; 6-month excess return 1.41%."
2024-01-04,T,0,0.0,0.5841683774481234,hit,random_forest,target_5d_updown,"Technical state is constructive, with price above the 50-day and 200-day averages. MACD remains on the bullish side.",No recent matched news was found for this ticker/date.,Relative strength versus the benchmark looked favorable. 1-month excess return 0.63%; 3-month excess return 7.02%; 6-month excess return 1.73%.,"Model view: the setup leaned cautious. Confidence was around 58%. Technical state is constructive, with price above the 50-day and 200-day averages. MACD remains on the bullish side. No recent matched news was found for this ticker/date. Relative strength versus the benchmark looked favorable. 1-month excess return 0.63%; 3-month excess return 7.02%; 6-month excess return 1.73%."
2024-01-05,T,0,0.0,0.5882646296444002,hit,random_forest,target_5d_updown,"Technical state is constructive, with price above the 50-day and 200-day averages. RSI is elevated near 70.5, so chasing strength may add risk. MACD remains on the bullish side.",No recent matched news was found for this ticker/date.,Relative strength versus the benchmark looked mixed. 1-month excess return -1.02%; 3-month excess return 7.53%; 6-month excess return 5.19%.,"Model view: the setup leaned cautious. Confidence was around 59%. Technical state is constructive, with price above the 50-day and 200-day averages. RSI is elevated near 70.5, so chasing strength may add risk. MACD remains on the bullish side. No recent matched news was found for this ticker/date. Relative strength versus the benchmark looked mixed. 1-month excess return -1.02%; 3-month excess return 7.53%; 6-month excess return 5.19%."
2024-01-08,T,0,0.0,0.5933979707692081,hit,random_forest,target_5d_updown,"Technical state is constructive, with price above the 50-day and 200-day averages. MACD remains on the bullish side.",No recent matched news was found for this ticker/date.,Relative strength versus the benchmark looked mixed. 1-month excess return -2.13%; 3-month excess return 9.33%; 6-month excess return 5.46%.,"Model view: the setup leaned cautious. Confidence was around 59%. Technical state is constructive, with price above the 50-day and 200-day averages. MACD remains on the bullish side. No recent matched news was found for this ticker/date. Relative strength versus the benchmark looked mixed. 1-month excess return -2.13%; 3-month excess return 9.33%; 6-month excess return 5.46%."
2024-01-09,T,0,0.0,0.61040753465622,hit,random_forest,target_5d_updown,"Technical state is constructive, with price above the 50-day and 200-day averages. RSI is in a steady zone near 55.1. MACD remains on the bullish side.",No recent matched news was found for this ticker/date.,Relative strength versus the benchmark looked mixed. 1-month excess return -4.13%; 3-month excess return 5.53%; 6-month excess return 4.28%.,"Model view: the setup leaned cautious. Confidence was around 61%. Technical state is constructive, with price above the 50-day and 200-day averages. RSI is in a steady zone near 55.1. MACD remains on the bullish side. No recent matched news was found for this ticker/date. Relative strength versus the benchmark looked mixed. 1-month excess return -4.13%; 3-month excess return 5.53%; 6-month excess return 4.28%."
2024-01-10,T,0,0.0,0.6094963879732164,hit,random_forest,target_5d_updown,"Technical state is constructive, with price above the 50-day and 200-day averages. RSI is in a steady zone near 53.2. MACD remains on the bearish side.",No recent matched news was found for this ticker/date.,Relative strength versus the benchmark looked mixed. 1-month excess return -3.85%; 3-month excess return 3.07%; 6-month excess return 4.70%.,"Model view: the setup leaned cautious. Confidence was around 61%. Technical state is constructive, with price above the 50-day and 200-day averages. RSI is in a steady zone near 53.2. MACD remains on the bearish side. No recent matched news was found for this ticker/date. Relative strength versus the benchmark looked mixed. 1-month excess return -3.85%; 3-month excess return 3.07%; 6-month excess return 4.70%."
2024-01-11,T,1,0.0,0.5984182750472066,miss,random_forest,target_5d_updown,"Technical state is mixed, with price not fully aligned across the major moving averages. MACD remains on the bearish side.",No recent matched news was found for this ticker/date.,Relative strength versus the benchmark looked mixed. 1-month excess return -5.46%; 3-month excess return 0.69%; 6-month excess return 1.36%.,"Model view: the setup leaned cautious. Confidence was around 60%. Technical state is mixed, with price not fully aligned across the major moving averages. MACD remains on the bearish side. No recent matched news was found for this ticker/date. Relative strength versus the benchmark looked mixed. 1-month excess return -5.46%; 3-month excess return 0.69%; 6-month excess return 1.36%."
2024-01-12,T,1,0.0,0.5892860783535692,miss,random_forest,target_5d_updown,"Technical state is constructive, with price above the 50-day and 200-day averages. MACD remains on the bearish side.",No recent matched news was found for this ticker/date.,Relative strength versus the benchmark looked mixed. 1-month excess return -2.23%; 3-month excess return 4.14%; 6-month excess return 7.55%.,"Model view: the setup leaned cautious. Confidence was around 59%. Technical state is constructive, with price above the 50-day and 200-day averages. MACD remains on the bearish side. No recent matched news was found for this ticker/date. Relative strength versus the benchmark looked mixed. 1-month excess return -2.23%; 3-month excess return 4.14%; 6-month excess return 7.55%."
2024-01-16,T,1,0.0,0.5817825823021918,miss,random_forest,target_5d_updown,"Technical state is constructive, with price above the 50-day and 200-day averages. MACD remains on the bearish side.",No recent matched news was found for this ticker/date.,Relative strength versus the benchmark looked mixed. 1-month excess return -0.99%; 3-month excess return 4.37%; 6-month excess return 16.13%.,"Model view: the setup leaned cautious. Confidence was around 58%. Technical state is constructive, with price above the 50-day and 200-day averages. MACD remains on the bearish side. No recent matched news was found for this ticker/date. Relative strength versus the benchmark looked mixed. 1-month excess return -0.99%; 3-month excess return 4.37%; 6-month excess return 16.13%."
2024-01-17,T,1,0.0,0.578270891983722,miss,random_forest,target_5d_updown,"Technical state is mixed, with price not fully aligned across the major moving averages. MACD remains on the bearish side.",No recent matched news was found for this ticker/date.,Relative strength versus the benchmark looked mixed. 1-month excess return -1.52%; 3-month excess return 5.52%; 6-month excess return 18.00%.,"Model view: the setup leaned cautious. Confidence was around 58%. Technical state is mixed, with price not fully aligned across the major moving averages. MACD remains on the bearish side. No recent matched news was found for this ticker/date. Relative strength versus the benchmark looked mixed. 1-month excess return -1.52%; 3-month excess return 5.52%; 6-month excess return 18.00%."
2024-01-18,T,1,0.0,0.5901044378268421,miss,random_forest,target_5d_updown,"Technical state is mixed, with price not fully aligned across the major moving averages. MACD remains on the bearish side.",No recent matched news was found for this ticker/date.,Relative strength versus the benchmark looked mixed. 1-month excess return -1.84%; 3-month excess return 3.16%; 6-month excess return 7.70%.,"Model view: the setup leaned cautious. Confidence was around 59%. Technical state is mixed, with price not fully aligned across the major moving averages. MACD remains on the bearish side. No recent matched news was found for this ticker/date. Relative strength versus the benchmark looked mixed. 1-month excess return -1.84%; 3-month excess return 3.16%; 6-month excess return 7.70%."
2024-01-19,T,1,0.0,0.5945942880014659,miss,random_forest,target_5d_updown,"Technical state is constructive, with price above the 50-day and 200-day averages. RSI is in a steady zone near 50.8. MACD remains on the bearish side.",No recent matched news was found for this ticker/date.,Relative strength versus the benchmark looked mixed. 1-month excess return -0.50%; 3-month excess return 4.25%; 6-month excess return 7.03%.,"Model view: the setup leaned cautious. Confidence was around 59%. Technical state is constructive, with price above the 50-day and 200-day averages. RSI is in a steady zone near 50.8. MACD remains on the bearish side. No recent matched news was found for this ticker/date. Relative strength versus the benchmark looked mixed. 1-month excess return -0.50%; 3-month excess return 4.25%; 6-month excess return 7.03%."
2024-01-22,T,1,0.0,0.5902406421886123,miss,random_forest,target_5d_updown,"Technical state is constructive, with price above the 50-day and 200-day averages. RSI is in a steady zone near 53.5. MACD remains on the bearish side.",No recent matched news was found for this ticker/date.,Relative strength versus the benchmark looked weak. 1-month excess return -0.25%; 3-month excess return -3.29%; 6-month excess return 6.91%.,"Model view: the setup leaned cautious. Confidence was around 59%. Technical state is constructive, with price above the 50-day and 200-day averages. RSI is in a steady zone near 53.5. MACD remains on the bearish side. No recent matched news was found for this ticker/date. Relative strength versus the benchmark looked weak. 1-month excess return -0.25%; 3-month excess return -3.29%; 6-month excess return 6.91%."
2024-01-23,T,1,0.0,0.5721868458337714,miss,random_forest,target_5d_updown,"Technical state is constructive, with price above the 50-day and 200-day averages. RSI is in a steady zone near 60.5. MACD remains on the bearish side.",No recent matched news was found for this ticker/date.,Relative strength versus the benchmark looked mixed. 1-month excess return 1.21%; 3-month excess return -3.38%; 6-month excess return 8.20%.,"Model view: the setup leaned cautious. Confidence was around 57%. Technical state is constructive, with price above the 50-day and 200-day averages. RSI is in a steady zone near 60.5. MACD remains on the bearish side. No recent matched news was found for this ticker/date. Relative strength versus the benchmark looked mixed. 1-month excess return 1.21%; 3-month excess return -3.38%; 6-month excess return 8.20%."
2024-01-24,T,1,0.0,0.568493486749679,miss,random_forest,target_5d_updown,"Technical state is constructive, with price above the 50-day and 200-day averages. MACD remains on the bearish side.",No recent matched news was found for this ticker/date.,Relative strength versus the benchmark looked weak. 1-month excess return -1.54%; 3-month excess return -3.88%; 6-month excess return 6.15%.,"Model view: the setup leaned cautious. Confidence was around 57%. Technical state is constructive, with price above the 50-day and 200-day averages. MACD remains on the bearish side. No recent matched news was found for this ticker/date. Relative strength versus the benchmark looked weak. 1-month excess return -1.54%; 3-month excess return -3.88%; 6-month excess return 6.15%."
2024-01-25,T,1,0.0,0.5643992478050506,miss,random_forest,target_5d_updown,"Technical state is constructive, with price above the 50-day and 200-day averages. RSI is in a steady zone near 57.7. MACD remains on the bullish side.",No recent matched news was found for this ticker/date.,Relative strength versus the benchmark looked mixed. 1-month excess return 0.77%; 3-month excess return -4.61%; 6-month excess return 8.25%.,"Model view: the setup leaned cautious. Confidence was around 56%. Technical state is constructive, with price above the 50-day and 200-day averages. RSI is in a steady zone near 57.7. MACD remains on the bullish side. No recent matched news was found for this ticker/date. Relative strength versus the benchmark looked mixed. 1-month excess return 0.77%; 3-month excess return -4.61%; 6-month excess return 8.25%."
2024-01-26,T,1,0.0,0.5479012785050942,miss,random_forest,target_5d_updown,"Technical state is constructive, with price above the 50-day and 200-day averages. RSI is in a steady zone near 59.2. MACD remains on the bullish side.",No recent matched news was found for this ticker/date.,Relative strength versus the benchmark looked mixed. 1-month excess return 1.80%; 3-month excess return -2.99%; 6-month excess return 11.36%.,"Model view: the setup leaned cautious. Confidence was around 55%. Technical state is constructive, with price above the 50-day and 200-day averages. RSI is in a steady zone near 59.2. MACD remains on the bullish side. No recent matched news was found for this ticker/date. Relative strength versus the benchmark looked mixed. 1-month excess return 1.80%; 3-month excess return -2.99%; 6-month excess return 11.36%."
2024-01-29,T,1,0.0,0.5417032812593235,miss,random_forest,target_5d_updown,"Technical state is constructive, with price above the 50-day and 200-day averages. RSI is in a steady zone near 58.4. MACD remains on the bullish side.",No recent matched news was found for this ticker/date.,Relative strength versus the benchmark looked mixed. 1-month excess return 0.94%; 3-month excess return -5.04%; 6-month excess return 11.85%.,"Model view: the setup leaned cautious. Confidence was around 54%. Technical state is constructive, with price above the 50-day and 200-day averages. RSI is in a steady zone near 58.4. MACD remains on the bullish side. No recent matched news was found for this ticker/date. Relative strength versus the benchmark looked mixed. 1-month excess return 0.94%; 3-month excess return -5.04%; 6-month excess return 11.85%."
2024-01-30,T,1,0.0,0.5227961120017155,miss,random_forest,target_5d_updown,"Technical state is constructive, with price above the 50-day and 200-day averages. RSI is in a steady zone near 62.3. MACD remains on the bullish side.",No recent matched news was found for this ticker/date.,Relative strength versus the benchmark looked mixed. 1-month excess return 1.71%; 3-month excess return -1.29%; 6-month excess return 13.48%.,"Model view: the setup leaned cautious. Confidence was around 52%. Technical state is constructive, with price above the 50-day and 200-day averages. RSI is in a steady zone near 62.3. MACD remains on the bullish side. No recent matched news was found for this ticker/date. Relative strength versus the benchmark looked mixed. 1-month excess return 1.71%; 3-month excess return -1.29%; 6-month excess return 13.48%."
2024-01-31,T,0,0.0,0.5404689861288847,hit,random_forest,target_5d_updown,"Technical state is constructive, with price above the 50-day and 200-day averages. RSI is in a steady zone near 64.4. MACD remains on the bullish side.",No recent matched news was found for this ticker/date.,Relative strength versus the benchmark looked mixed. 1-month excess return 3.82%; 3-month excess return -0.30%; 6-month excess return 17.88%.,"Model view: the setup leaned cautious. Confidence was around 54%. Technical state is constructive, with price above the 50-day and 200-day averages. RSI is in a steady zone near 64.4. MACD remains on the bullish side. No recent matched news was found for this ticker/date. Relative strength versus the benchmark looked mixed. 1-month excess return 3.82%; 3-month excess return -0.30%; 6-month excess return 17.88%."
2024-02-01,T,0,0.0,0.5149717308360386,hit,random_forest,target_5d_updown,"Technical state is constructive, with price above the 50-day and 200-day averages. MACD remains on the bullish side.",No recent matched news was found for this ticker/date.,Relative strength versus the benchmark looked favorable. 1-month excess return 0.97%; 3-month excess return 0.10%; 6-month excess return 16.99%.,"Model view: the setup leaned cautious. Confidence was around 51%. Technical state is constructive, with price above the 50-day and 200-day averages. MACD remains on the bullish side. No recent matched news was found for this ticker/date. Relative strength versus the benchmark looked favorable. 1-month excess return 0.97%; 3-month excess return 0.10%; 6-month excess return 16.99%."
2024-02-02,T,0,0.0,0.5402729447081588,hit,random_forest,target_5d_updown,"Technical state is constructive, with price above the 50-day and 200-day averages. RSI is in a steady zone near 63.8. MACD remains on the bullish side.",No recent matched news was found for this ticker/date.,Relative strength versus the benchmark looked weak. 1-month excess return -1.97%; 3-month excess return -2.52%; 6-month excess return 16.39%.,"Model view: the setup leaned cautious. Confidence was around 54%. Technical state is constructive, with price above the 50-day and 200-day averages. RSI is in a steady zone near 63.8. MACD remains on the bullish side. No recent matched news was found for this ticker/date. Relative strength versus the benchmark looked weak. 1-month excess return -1.97%; 3-month excess return -2.52%; 6-month excess return 16.39%."
2024-02-05,T,0,0.0,0.538160535441707,hit,random_forest,target_5d_updown,"Technical state is constructive, with price above the 50-day and 200-day averages. RSI is in a steady zone near 61.6. MACD remains on the bullish side.",No recent matched news was found for this ticker/date.,Relative strength versus the benchmark looked weak. 1-month excess return -2.02%; 3-month excess return -1.65%; 6-month excess return 16.35%.,"Model view: the setup leaned cautious. Confidence was around 54%. Technical state is constructive, with price above the 50-day and 200-day averages. RSI is in a steady zone near 61.6. MACD remains on the bullish side. No recent matched news was found for this ticker/date. Relative strength versus the benchmark looked weak. 1-month excess return -2.02%; 3-month excess return -1.65%; 6-month excess return 16.35%."
2024-02-06,T,0,0.0,0.5519887436632316,hit,random_forest,target_5d_updown,"Technical state is constructive, with price above the 50-day and 200-day averages. RSI is in a steady zone near 59.0. MACD remains on the bullish side.",No recent matched news was found for this ticker/date.,Relative strength versus the benchmark looked weak. 1-month excess return -4.79%; 3-month excess return -2.77%; 6-month excess return 16.05%.,"Model view: the setup leaned cautious. Confidence was around 55%. Technical state is constructive, with price above the 50-day and 200-day averages. RSI is in a steady zone near 59.0. MACD remains on the bullish side. No recent matched news was found for this ticker/date. Relative strength versus the benchmark looked weak. 1-month excess return -4.79%; 3-month excess return -2.77%; 6-month excess return 16.05%."
2024-02-07,T,0,0.0,0.5425655547887426,hit,random_forest,target_5d_updown,"Technical state is constructive, with price above the 50-day and 200-day averages. RSI is in a steady zone near 53.3. MACD remains on the bullish side.",No recent matched news was found for this ticker/date.,Relative strength versus the benchmark looked weak. 1-month excess return -4.90%; 3-month excess return -4.35%; 6-month excess return 11.19%.,"Model view: the setup leaned cautious. Confidence was around 54%. Technical state is constructive, with price above the 50-day and 200-day averages. RSI is in a steady zone near 53.3. MACD remains on the bullish side. No recent matched news was found for this ticker/date. Relative strength versus the benchmark looked weak. 1-month excess return -4.90%; 3-month excess return -4.35%; 6-month excess return 11.19%."
2024-02-08,T,1,0.0,0.5602008735588587,miss,random_forest,target_5d_updown,"Technical state is mixed, with price not fully aligned across the major moving averages. MACD remains on the bearish side.",No recent matched news was found for this ticker/date.,Relative strength versus the benchmark looked weak. 1-month excess return -6.05%; 3-month excess return -7.95%; 6-month excess return 6.02%.,"Model view: the setup leaned cautious. Confidence was around 56%. Technical state is mixed, with price not fully aligned across the major moving averages. MACD remains on the bearish side. No recent matched news was found for this ticker/date. Relative strength versus the benchmark looked weak. 1-month excess return -6.05%; 3-month excess return -7.95%; 6-month excess return 6.02%."
2024-02-09,T,1,0.0,0.5808290366693091,miss,random_forest,target_5d_updown,"Technical state is mixed, with price not fully aligned across the major moving averages. MACD remains on the bearish side.",No recent matched news was found for this ticker/date.,Relative strength versus the benchmark looked weak. 1-month excess return -5.37%; 3-month excess return -7.08%; 6-month excess return 6.43%.,"Model view: the setup leaned cautious. Confidence was around 58%. Technical state is mixed, with price not fully aligned across the major moving averages. MACD remains on the bearish side. No recent matched news was found for this ticker/date. Relative strength versus the benchmark looked weak. 1-month excess return -5.37%; 3-month excess return -7.08%; 6-month excess return 6.43%."
2024-02-12,T,0,0.0,0.5720114162327031,hit,random_forest,target_5d_updown,"Technical state is constructive, with price above the 50-day and 200-day averages. MACD remains on the bearish side.",No recent matched news was found for this ticker/date.,Relative strength versus the benchmark looked weak. 1-month excess return -0.31%; 3-month excess return -6.61%; 6-month excess return 5.97%.,"Model view: the setup leaned cautious. Confidence was around 57%. Technical state is constructive, with price above the 50-day and 200-day averages. MACD remains on the bearish side. No recent matched news was found for this ticker/date. Relative strength versus the benchmark looked weak. 1-month excess return -0.31%; 3-month excess return -6.61%; 6-month excess return 5.97%."
2024-02-13,T,1,0.0,0.55085799127727,miss,random_forest,target_5d_updown,"Technical state is mixed, with price not fully aligned across the major moving averages. MACD remains on the bearish side.",No recent matched news was found for this ticker/date.,Relative strength versus the benchmark looked weak. 1-month excess return -1.10%; 3-month excess return -4.07%; 6-month excess return 8.25%.,"Model view: the setup leaned cautious. Confidence was around 55%. Technical state is mixed, with price not fully aligned across the major moving averages. MACD remains on the bearish side. No recent matched news was found for this ticker/date. Relative strength versus the benchmark looked weak. 1-month excess return -1.10%; 3-month excess return -4.07%; 6-month excess return 8.25%."
2024-02-14,T,0,0.0,0.5730982858256302,hit,random_forest,target_5d_updown,"Technical state is mixed, with price not fully aligned across the major moving averages. MACD remains on the bearish side.",No recent matched news was found for this ticker/date.,Relative strength versus the benchmark looked weak. 1-month excess return -2.13%; 3-month excess return -4.78%; 6-month excess return 6.99%.,"Model view: the setup leaned cautious. Confidence was around 57%. Technical state is mixed, with price not fully aligned across the major moving averages. MACD remains on the bearish side. No recent matched news was found for this ticker/date. Relative strength versus the benchmark looked weak. 1-month excess return -2.13%; 3-month excess return -4.78%; 6-month excess return 6.99%."
2024-02-15,T,0,0.0,0.5720150435921803,hit,random_forest,target_5d_updown,"Technical state is constructive, with price above the 50-day and 200-day averages. RSI is in a steady zone near 50.3. MACD remains on the bearish side.",No recent matched news was found for this ticker/date.,Relative strength versus the benchmark looked weak. 1-month excess return -2.15%; 3-month excess return -2.59%; 6-month excess return 7.00%.,"Model view: the setup leaned cautious. Confidence was around 57%. Technical state is constructive, with price above the 50-day and 200-day averages. RSI is in a steady zone near 50.3. MACD remains on the bearish side. No recent matched news was found for this ticker/date. Relative strength versus the benchmark looked weak. 1-month excess return -2.15%; 3-month excess return -2.59%; 6-month excess return 7.00%."
2024-02-16,T,0,0.0,0.5691390539393796,hit,random_forest,target_5d_updown,"Technical state is constructive, with price above the 50-day and 200-day averages. MACD remains on the bearish side.",No recent matched news was found for this ticker/date.,Relative strength versus the benchmark looked weak. 1-month excess return -1.34%; 3-month excess return -3.44%; 6-month excess return 6.58%.,"Model view: the setup leaned cautious. Confidence was around 57%. Technical state is constructive, with price above the 50-day and 200-day averages. MACD remains on the bearish side. No recent matched news was found for this ticker/date. Relative strength versus the benchmark looked weak. 1-month excess return -1.34%; 3-month excess return -3.44%; 6-month excess return 6.58%."
2024-02-20,T,0,0.0,0.5674092860793086,hit,random_forest,target_5d_updown,"Technical state is mixed, with price not fully aligned across the major moving averages. MACD remains on the bearish side.",No recent matched news was found for this ticker/date.,Relative strength versus the benchmark looked weak. 1-month excess return -1.54%; 3-month excess return -3.86%; 6-month excess return 6.54%.,"Model view: the setup leaned cautious. Confidence was around 57%. Technical state is mixed, with price not fully aligned across the major moving averages. MACD remains on the bearish side. No recent matched news was found for this ticker/date. Relative strength versus the benchmark looked weak. 1-month excess return -1.54%; 3-month excess return -3.86%; 6-month excess return 6.54%."
2024-02-21,T,0,0.0,0.5680586635681786,hit,random_forest,target_5d_updown,"Technical state is constructive, with price above the 50-day and 200-day averages. MACD remains on the bearish side.",No recent matched news was found for this ticker/date.,Relative strength versus the benchmark looked weak. 1-month excess return -1.66%; 3-month excess return -3.38%; 6-month excess return 7.38%.,"Model view: the setup leaned cautious. Confidence was around 57%. Technical state is constructive, with price above the 50-day and 200-day averages. MACD remains on the bearish side. No recent matched news was found for this ticker/date. Relative strength versus the benchmark looked weak. 1-month excess return -1.66%; 3-month excess return -3.38%; 6-month excess return 7.38%."
2024-02-22,T,1,0.0,0.5837902214002151,miss,random_forest,target_5d_updown,"Technical state is mixed, with price not fully aligned across the major moving averages. MACD remains on the bearish side.",No recent matched news was found for this ticker/date.,Relative strength versus the benchmark looked weak. 1-month excess return -8.19%; 3-month excess return -8.73%; 6-month excess return 0.45%.,"Model view: the setup leaned cautious. Confidence was around 58%. Technical state is mixed, with price not fully aligned across the major moving averages. MACD remains on the bearish side. No recent matched news was found for this ticker/date. Relative strength versus the benchmark looked weak. 1-month excess return -8.19%; 3-month excess return -8.73%; 6-month excess return 0.45%."
2024-02-23,T,1,0.0,0.5997769457040756,miss,random_forest,target_5d_updown,"Technical state is mixed, with price not fully aligned across the major moving averages. MACD remains on the bearish side.",No recent matched news was found for this ticker/date.,Relative strength versus the benchmark looked weak. 1-month excess return -3.94%; 3-month excess return -8.35%; 6-month excess return 3.94%.,"Model view: the setup leaned cautious. Confidence was around 60%. Technical state is mixed, with price not fully aligned across the major moving averages. MACD remains on the bearish side. No recent matched news was found for this ticker/date. Relative strength versus the benchmark looked weak. 1-month excess return -3.94%; 3-month excess return -8.35%; 6-month excess return 3.94%."
2024-02-26,T,1,0.0,0.6186025079419473,miss,random_forest,target_5d_updown,"Technical state is mixed, with price not fully aligned across the major moving averages. MACD remains on the bearish side.",No recent matched news was found for this ticker/date.,Relative strength versus the benchmark looked weak. 1-month excess return -7.07%; 3-month excess return -8.56%; 6-month excess return 1.49%.,"Model view: the setup leaned cautious. Confidence was around 62%. Technical state is mixed, with price not fully aligned across the major moving averages. MACD remains on the bearish side. No recent matched news was found for this ticker/date. Relative strength versus the benchmark looked weak. 1-month excess return -7.07%; 3-month excess return -8.56%; 6-month excess return 1.49%."
2024-02-27,T,1,0.0,0.6222117520376327,miss,random_forest,target_5d_updown,"Technical state is mixed, with price not fully aligned across the major moving averages. MACD remains on the bearish side.",No recent matched news was found for this ticker/date.,Relative strength versus the benchmark looked weak. 1-month excess return -6.61%; 3-month excess return -7.54%; 6-month excess return 4.00%.,"Model view: the setup leaned cautious. Confidence was around 62%. Technical state is mixed, with price not fully aligned across the major moving averages. MACD remains on the bearish side. No recent matched news was found for this ticker/date. Relative strength versus the benchmark looked weak. 1-month excess return -6.61%; 3-month excess return -7.54%; 6-month excess return 4.00%."
2024-02-28,T,1,0.0,0.5812910467822374,miss,random_forest,target_5d_updown,"Technical state is constructive, with price above the 50-day and 200-day averages. MACD remains on the bearish side.",No recent matched news was found for this ticker/date.,Relative strength versus the benchmark looked weak. 1-month excess return -4.72%; 3-month excess return -6.76%; 6-month excess return 5.01%.,"Model view: the setup leaned cautious. Confidence was around 58%. Technical state is constructive, with price above the 50-day and 200-day averages. MACD remains on the bearish side. No recent matched news was found for this ticker/date. Relative strength versus the benchmark looked weak. 1-month excess return -4.72%; 3-month excess return -6.76%; 6-month excess return 5.01%."
2024-02-29,T,1,0.0,0.6258670909170474,miss,random_forest,target_5d_updown,"Technical state is mixed, with price not fully aligned across the major moving averages. MACD remains on the bearish side.",No recent matched news was found for this ticker/date.,Relative strength versus the benchmark looked weak. 1-month excess return -6.92%; 3-month excess return -7.06%; 6-month excess return 1.47%.,"Model view: the setup leaned cautious. Confidence was around 63%. Technical state is mixed, with price not fully aligned across the major moving averages. MACD remains on the bearish side. No recent matched news was found for this ticker/date. Relative strength versus the benchmark looked weak. 1-month excess return -6.92%; 3-month excess return -7.06%; 6-month excess return 1.47%."
2024-03-01,T,1,0.0,0.629498117265821,miss,random_forest,target_5d_updown,"Technical state is constructive, with price above the 50-day and 200-day averages. RSI is in a steady zone near 50.4. MACD remains on the bearish side.",No recent matched news was found for this ticker/date.,Relative strength versus the benchmark looked weak. 1-month excess return -10.23%; 3-month excess return -8.67%; 6-month excess return 1.50%.,"Model view: the setup leaned cautious. Confidence was around 63%. Technical state is constructive, with price above the 50-day and 200-day averages. RSI is in a steady zone near 50.4. MACD remains on the bearish side. No recent matched news was found for this ticker/date. Relative strength versus the benchmark looked weak. 1-month excess return -10.23%; 3-month excess return -8.67%; 6-month excess return 1.50%."
2024-03-04,T,1,0.0,0.6708245237535071,miss,random_forest,target_5d_updown,"Technical state is mixed, with price not fully aligned across the major moving averages. MACD remains on the bearish side.",No recent matched news was found for this ticker/date.,Relative strength versus the benchmark looked weak. 1-month excess return -11.59%; 3-month excess return -10.88%; 6-month excess return -0.19%.,"Model view: the setup leaned cautious. Confidence was around 67%. Technical state is mixed, with price not fully aligned across the major moving averages. MACD remains on the bearish side. No recent matched news was found for this ticker/date. Relative strength versus the benchmark looked weak. 1-month excess return -11.59%; 3-month excess return -10.88%; 6-month excess return -0.19%."
2024-03-05,T,1,0.0,0.5985693163500883,miss,random_forest,target_5d_updown,"Technical state is constructive, with price above the 50-day and 200-day averages. RSI is in a steady zone near 54.3. MACD remains on the bullish side.",No recent matched news was found for this ticker/date.,Relative strength versus the benchmark looked weak. 1-month excess return -6.31%; 3-month excess return -8.05%; 6-month excess return 4.80%.,"Model view: the setup leaned cautious. Confidence was around 60%. Technical state is constructive, with price above the 50-day and 200-day averages. RSI is in a steady zone near 54.3. MACD remains on the bullish side. No recent matched news was found for this ticker/date. Relative strength versus the benchmark looked weak. 1-month excess return -6.31%; 3-month excess return -8.05%; 6-month excess return 4.80%."
2024-03-06,T,1,0.0,0.5963895620109952,miss,random_forest,target_5d_updown,"Technical state is constructive, with price above the 50-day and 200-day averages. RSI is in a steady zone near 54.5. MACD remains on the bullish side.",No recent matched news was found for this ticker/date.,Relative strength versus the benchmark looked weak. 1-month excess return -6.64%; 3-month excess return -8.52%; 6-month excess return 5.15%.,"Model view: the setup leaned cautious. Confidence was around 60%. Technical state is constructive, with price above the 50-day and 200-day averages. RSI is in a steady zone near 54.5. MACD remains on the bullish side. No recent matched news was found for this ticker/date. Relative strength versus the benchmark looked weak. 1-month excess return -6.64%; 3-month excess return -8.52%; 6-month excess return 5.15%."
2024-03-07,T,0,0.0,0.6074259977532231,hit,random_forest,target_5d_updown,"Technical state is constructive, with price above the 50-day and 200-day averages. RSI is in a steady zone near 51.5. MACD remains on the bullish side.",No recent matched news was found for this ticker/date.,Relative strength versus the benchmark looked weak. 1-month excess return -7.42%; 3-month excess return -13.77%; 6-month excess return 1.29%.,"Model view: the setup leaned cautious. Confidence was around 61%. Technical state is constructive, with price above the 50-day and 200-day averages. RSI is in a steady zone near 51.5. MACD remains on the bullish side. No recent matched news was found for this ticker/date. Relative strength versus the benchmark looked weak. 1-month excess return -7.42%; 3-month excess return -13.77%; 6-month excess return 1.29%."
2024-03-08,T,0,0.0,0.5723456783864527,hit,random_forest,target_5d_updown,"Technical state is constructive, with price above the 50-day and 200-day averages. RSI is in a steady zone near 54.6. MACD remains on the bullish side.",No recent matched news was found for this ticker/date.,Relative strength versus the benchmark looked weak. 1-month excess return -3.51%; 3-month excess return -11.04%; 6-month excess return 2.67%.,"Model view: the setup leaned cautious. Confidence was around 57%. Technical state is constructive, with price above the 50-day and 200-day averages. RSI is in a steady zone near 54.6. MACD remains on the bullish side. No recent matched news was found for this ticker/date. Relative strength versus the benchmark looked weak. 1-month excess return -3.51%; 3-month excess return -11.04%; 6-month excess return 2.67%."
2024-03-11,T,0,0.0,0.5566870488741104,hit,random_forest,target_5d_updown,"Technical state is constructive, with price above the 50-day and 200-day averages. RSI is in a steady zone near 57.1. MACD remains on the bullish side.",No recent matched news was found for this ticker/date.,Relative strength versus the benchmark looked mixed. 1-month excess return 0.43%; 3-month excess return -10.20%; 6-month excess return 5.54%.,"Model view: the setup leaned cautious. Confidence was around 56%. Technical state is constructive, with price above the 50-day and 200-day averages. RSI is in a steady zone near 57.1. MACD remains on the bullish side. No recent matched news was found for this ticker/date. Relative strength versus the benchmark looked mixed. 1-month excess return 0.43%; 3-month excess return -10.20%; 6-month excess return 5.54%."
2024-03-12,T,0,0.0,0.5783923309580692,hit,random_forest,target_5d_updown,"Technical state is constructive, with price above the 50-day and 200-day averages. RSI is in a steady zone near 53.9. MACD remains on the bullish side.",No recent matched news was found for this ticker/date.,Relative strength versus the benchmark looked weak. 1-month excess return -0.98%; 3-month excess return -10.67%; 6-month excess return 3.18%.,"Model view: the setup leaned cautious. Confidence was around 58%. Technical state is constructive, with price above the 50-day and 200-day averages. RSI is in a steady zone near 53.9. MACD remains on the bullish side. No recent matched news was found for this ticker/date. Relative strength versus the benchmark looked weak. 1-month excess return -0.98%; 3-month excess return -10.67%; 6-month excess return 3.18%."
2024-03-13,T,1,0.0,0.584942710632769,miss,random_forest,target_5d_updown,"Technical state is constructive, with price above the 50-day and 200-day averages. RSI is in a steady zone near 53.6. MACD remains on the bullish side.",No recent matched news was found for this ticker/date.,Relative strength versus the benchmark looked weak. 1-month excess return -2.01%; 3-month excess return -8.29%; 6-month excess return 3.16%.,"Model view: the setup leaned cautious. Confidence was around 58%. Technical state is constructive, with price above the 50-day and 200-day averages. RSI is in a steady zone near 53.6. MACD remains on the bullish side. No recent matched news was found for this ticker/date. Relative strength versus the benchmark looked weak. 1-month excess return -2.01%; 3-month excess return -8.29%; 6-month excess return 3.16%."
2024-03-14,T,1,0.0,0.5867153113141858,miss,random_forest,target_5d_updown,"Technical state is mixed, with price not fully aligned across the major moving averages. MACD remains on the bullish side.",No recent matched news was found for this ticker/date.,Relative strength versus the benchmark looked weak. 1-month excess return -3.60%; 3-month excess return -7.27%; 6-month excess return 1.01%.,"Model view: the setup leaned cautious. Confidence was around 59%. Technical state is mixed, with price not fully aligned across the major moving averages. MACD remains on the bullish side. No recent matched news was found for this ticker/date. Relative strength versus the benchmark looked weak. 1-month excess return -3.60%; 3-month excess return -7.27%; 6-month excess return 1.01%."
2024-03-15,T,0,0.0,0.5333842408097268,hit,random_forest,target_5d_updown,"Technical state is constructive, with price above the 50-day and 200-day averages. RSI is in a steady zone near 50.1. MACD remains on the bullish side.",No recent matched news was found for this ticker/date.,Relative strength versus the benchmark looked weak. 1-month excess return -1.73%; 3-month excess return -5.03%; 6-month excess return -0.34%.,"Model view: the setup leaned cautious. Confidence was around 53%. Technical state is constructive, with price above the 50-day and 200-day averages. RSI is in a steady zone near 50.1. MACD remains on the bullish side. No recent matched news was found for this ticker/date. Relative strength versus the benchmark looked weak. 1-month excess return -1.73%; 3-month excess return -5.03%; 6-month excess return -0.34%."
2024-03-18,T,0,0.0,0.5603973595067767,hit,random_forest,target_5d_updown,"Technical state is constructive, with price above the 50-day and 200-day averages. RSI is in a steady zone near 56.0. MACD remains on the bullish side.",No recent matched news was found for this ticker/date.,Relative strength versus the benchmark looked weak. 1-month excess return -1.28%; 3-month excess return -5.13%; 6-month excess return -2.12%.,"Model view: the setup leaned cautious. Confidence was around 56%. Technical state is constructive, with price above the 50-day and 200-day averages. RSI is in a steady zone near 56.0. MACD remains on the bullish side. No recent matched news was found for this ticker/date. Relative strength versus the benchmark looked weak. 1-month excess return -1.28%; 3-month excess return -5.13%; 6-month excess return -2.12%."
2024-03-19,T,1,0.0,0.5796135178452543,miss,random_forest,target_5d_updown,"Technical state is constructive, with price above the 50-day and 200-day averages. RSI is in a steady zone near 52.5. MACD remains on the bullish side.",No recent matched news was found for this ticker/date.,Relative strength versus the benchmark looked weak. 1-month excess return -2.43%; 3-month excess return -5.88%; 6-month excess return -2.45%.,"Model view: the setup leaned cautious. Confidence was around 58%. Technical state is constructive, with price above the 50-day and 200-day averages. RSI is in a steady zone near 52.5. MACD remains on the bullish side. No recent matched news was found for this ticker/date. Relative strength versus the benchmark looked weak. 1-month excess return -2.43%; 3-month excess return -5.88%; 6-month excess return -2.45%."
2024-03-20,T,1,0.0,0.5790493920038244,miss,random_forest,target_5d_updown,"Technical state is constructive, with price above the 50-day and 200-day averages. RSI is in a steady zone near 53.5. MACD remains on the bullish side.",No recent matched news was found for this ticker/date.,Relative strength versus the benchmark looked weak. 1-month excess return -3.32%; 3-month excess return -5.59%; 6-month excess return -4.33%.,"Model view: the setup leaned cautious. Confidence was around 58%. Technical state is constructive, with price above the 50-day and 200-day averages. RSI is in a steady zone near 53.5. MACD remains on the bullish side. No recent matched news was found for this ticker/date. Relative strength versus the benchmark looked weak. 1-month excess return -3.32%; 3-month excess return -5.59%; 6-month excess return -4.33%."
2024-03-21,T,1,0.0,0.5834414981684433,miss,random_forest,target_5d_updown,"Technical state is constructive, with price above the 50-day and 200-day averages. RSI is in a steady zone near 52.1. MACD remains on the bullish side.",No recent matched news was found for this ticker/date.,Relative strength versus the benchmark looked weak. 1-month excess return -4.39%; 3-month excess return -6.54%; 6-month excess return -8.63%.,"Model view: the setup leaned cautious. Confidence was around 58%. Technical state is constructive, with price above the 50-day and 200-day averages. RSI is in a steady zone near 52.1. MACD remains on the bullish side. No recent matched news was found for this ticker/date. Relative strength versus the benchmark looked weak. 1-month excess return -4.39%; 3-month excess return -6.54%; 6-month excess return -8.63%."
2024-03-22,T,1,0.0,0.5839090480304003,miss,random_forest,target_5d_updown,"Technical state is mixed, with price not fully aligned across the major moving averages. MACD remains on the bearish side.",No recent matched news was found for this ticker/date.,Relative strength versus the benchmark looked weak. 1-month excess return -0.35%; 3-month excess return -7.88%; 6-month excess return -9.51%.,"Model view: the setup leaned cautious. Confidence was around 58%. Technical state is mixed, with price not fully aligned across the major moving averages. MACD remains on the bearish side. No recent matched news was found for this ticker/date. Relative strength versus the benchmark looked weak. 1-month excess return -0.35%; 3-month excess return -7.88%; 6-month excess return -9.51%."
2024-03-25,T,1,0.0,0.5601902803084976,miss,random_forest,target_5d_updown,"Technical state is constructive, with price above the 50-day and 200-day averages. RSI is in a steady zone near 51.0. MACD remains on the bearish side. Volatility is relatively contained at roughly 14.7%.",No recent matched news was found for this ticker/date.,Relative strength versus the benchmark looked weak. 1-month excess return -0.49%; 3-month excess return -6.23%; 6-month excess return -7.17%.,"Model view: the setup leaned cautious. Confidence was around 56%. Technical state is constructive, with price above the 50-day and 200-day averages. RSI is in a steady zone near 51.0. MACD remains on the bearish side. Volatility is relatively contained at roughly 14.7%. No recent matched news was found for this ticker/date. Relative strength versus the benchmark looked weak. 1-month excess return -0.49%; 3-month excess return -6.23%; 6-month excess return -7.17%."
2024-03-26,T,1,0.0,0.557162531033949,miss,random_forest,target_5d_updown,"Technical state is constructive, with price above the 50-day and 200-day averages. RSI is in a steady zone near 52.6. MACD remains on the bearish side. Volatility is relatively contained at roughly 14.0%.",No recent matched news was found for this ticker/date.,Relative strength versus the benchmark looked weak. 1-month excess return 1.01%; 3-month excess return -5.68%; 6-month excess return -5.49%.,"Model view: the setup leaned cautious. Confidence was around 56%. Technical state is constructive, with price above the 50-day and 200-day averages. RSI is in a steady zone near 52.6. MACD remains on the bearish side. Volatility is relatively contained at roughly 14.0%. No recent matched news was found for this ticker/date. Relative strength versus the benchmark looked weak. 1-month excess return 1.01%; 3-month excess return -5.68%; 6-month excess return -5.49%."
2024-03-27,T,1,0.0,0.5594815894437587,miss,random_forest,target_5d_updown,"Technical state is constructive, with price above the 50-day and 200-day averages. RSI is in a steady zone near 60.9. MACD remains on the bullish side.",No recent matched news was found for this ticker/date.,Relative strength versus the benchmark looked weak. 1-month excess return 1.10%; 3-month excess return -4.07%; 6-month excess return -5.56%.,"Model view: the setup leaned cautious. Confidence was around 56%. Technical state is constructive, with price above the 50-day and 200-day averages. RSI is in a steady zone near 60.9. MACD remains on the bullish side. No recent matched news was found for this ticker/date. Relative strength versus the benchmark looked weak. 1-month excess return 1.10%; 3-month excess return -4.07%; 6-month excess return -5.56%."
2024-03-28,T,0,0.0,0.5629127045882695,hit,random_forest,target_5d_updown,"Technical state is constructive, with price above the 50-day and 200-day averages. RSI is in a steady zone near 61.9. MACD remains on the bullish side.",No recent matched news was found for this ticker/date.,Relative strength versus the benchmark looked weak. 1-month excess return 0.44%; 3-month excess return -3.62%; 6-month excess return -4.00%.,"Model view: the setup leaned cautious. Confidence was around 56%. Technical state is constructive, with price above the 50-day and 200-day averages. RSI is in a steady zone near 61.9. MACD remains on the bullish side. No recent matched news was found for this ticker/date. Relative strength versus the benchmark looked weak. 1-month excess return 0.44%; 3-month excess return -3.62%; 6-month excess return -4.00%."
2024-04-01,T,0,0.0,0.5665001010089304,hit,random_forest,target_5d_updown,"Technical state is constructive, with price above the 50-day and 200-day averages. RSI is in a steady zone near 58.7. MACD remains on the bullish side.",No recent matched news was found for this ticker/date.,Relative strength versus the benchmark looked weak. 1-month excess return 0.55%; 3-month excess return -5.07%; 6-month excess return -5.37%.,"Model view: the setup leaned cautious. Confidence was around 57%. Technical state is constructive, with price above the 50-day and 200-day averages. RSI is in a steady zone near 58.7. MACD remains on the bullish side. No recent matched news was found for this ticker/date. Relative strength versus the benchmark looked weak. 1-month excess return 0.55%; 3-month excess return -5.07%; 6-month excess return -5.37%."
2024-04-02,T,0,0.0,0.5765173787917436,hit,random_forest,target_5d_updown,"Technical state is constructive, with price above the 50-day and 200-day averages. RSI is in a steady zone near 59.2. MACD remains on the bullish side.",No recent matched news was found for this ticker/date.,Relative strength versus the benchmark looked weak. 1-month excess return 2.01%; 3-month excess return -4.78%; 6-month excess return -4.80%.,"Model view: the setup leaned cautious. Confidence was around 58%. Technical state is constructive, with price above the 50-day and 200-day averages. RSI is in a steady zone near 59.2. MACD remains on the bullish side. No recent matched news was found for this ticker/date. Relative strength versus the benchmark looked weak. 1-month excess return 2.01%; 3-month excess return -4.78%; 6-month excess return -4.80%."
2024-04-03,T,0,0.0,0.562886320685655,hit,random_forest,target_5d_updown,"Technical state is constructive, with price above the 50-day and 200-day averages. RSI is in a steady zone near 61.2. MACD remains on the bullish side. Volatility is relatively contained at roughly 13.3%.",No recent matched news was found for this ticker/date.,Relative strength versus the benchmark looked weak. 1-month excess return 3.44%; 3-month excess return -7.90%; 6-month excess return -1.53%.,"Model view: the setup leaned cautious. Confidence was around 56%. Technical state is constructive, with price above the 50-day and 200-day averages. RSI is in a steady zone near 61.2. MACD remains on the bullish side. Volatility is relatively contained at roughly 13.3%. No recent matched news was found for this ticker/date. Relative strength versus the benchmark looked weak. 1-month excess return 3.44%; 3-month excess return -7.90%; 6-month excess return -1.53%."
2024-04-04,T,0,0.0,0.5655607188843185,hit,random_forest,target_5d_updown,"Technical state is constructive, with price above the 50-day and 200-day averages. RSI is in a steady zone near 59.8. MACD remains on the bullish side. Volatility is relatively contained at roughly 13.4%.",No recent matched news was found for this ticker/date.,Relative strength versus the benchmark looked weak. 1-month excess return 1.19%; 3-month excess return -7.47%; 6-month excess return -2.83%.,"Model view: the setup leaned cautious. Confidence was around 57%. Technical state is constructive, with price above the 50-day and 200-day averages. RSI is in a steady zone near 59.8. MACD remains on the bullish side. Volatility is relatively contained at roughly 13.4%. No recent matched news was found for this ticker/date. Relative strength versus the benchmark looked weak. 1-month excess return 1.19%; 3-month excess return -7.47%; 6-month excess return -2.83%."
2024-04-05,T,0,0.0,0.5718342768356665,hit,random_forest,target_5d_updown,"Technical state is constructive, with price above the 50-day and 200-day averages. RSI is in a steady zone near 54.6. MACD remains on the bullish side. Volatility is relatively contained at roughly 13.5%.",No recent matched news was found for this ticker/date.,Relative strength versus the benchmark looked weak. 1-month excess return -0.28%; 3-month excess return -9.38%; 6-month excess return -3.19%.,"Model view: the setup leaned cautious. Confidence was around 57%. Technical state is constructive, with price above the 50-day and 200-day averages. RSI is in a steady zone near 54.6. MACD remains on the bullish side. Volatility is relatively contained at roughly 13.5%. No recent matched news was found for this ticker/date. Relative strength versus the benchmark looked weak. 1-month excess return -0.28%; 3-month excess return -9.38%; 6-month excess return -3.19%."
2024-04-08,T,0,0.0,0.60159875481903,hit,random_forest,target_5d_updown,"Technical state is constructive, with price above the 50-day and 200-day averages. MACD remains on the bullish side. Volatility is relatively contained at roughly 13.7%.",No recent matched news was found for this ticker/date.,Relative strength versus the benchmark looked weak. 1-month excess return 0.45%; 3-month excess return -12.12%; 6-month excess return -5.94%.,"Model view: the setup leaned cautious. Confidence was around 60%. Technical state is constructive, with price above the 50-day and 200-day averages. MACD remains on the bullish side. Volatility is relatively contained at roughly 13.7%. No recent matched news was found for this ticker/date. Relative strength versus the benchmark looked weak. 1-month excess return 0.45%; 3-month excess return -12.12%; 6-month excess return -5.94%."
2024-04-09,T,0,0.0,0.6023286892271547,hit,random_forest,target_5d_updown,"Technical state is mixed, with price not fully aligned across the major moving averages. MACD remains on the bearish side.",No recent matched news was found for this ticker/date.,Relative strength versus the benchmark looked weak. 1-month excess return -3.21%; 3-month excess return -11.86%; 6-month excess return -4.01%.,"Model view: the setup leaned cautious. Confidence was around 60%. Technical state is mixed, with price not fully aligned across the major moving averages. MACD remains on the bearish side. No recent matched news was found for this ticker/date. Relative strength versus the benchmark looked weak. 1-month excess return -3.21%; 3-month excess return -11.86%; 6-month excess return -4.01%."
2024-04-10,T,0,0.0,0.6181634377014867,hit,random_forest,target_5d_updown,"Technical state is mixed, with price not fully aligned across the major moving averages. RSI is weak near 37.4. MACD remains on the bearish side.",No recent matched news was found for this ticker/date.,Relative strength versus the benchmark looked weak. 1-month excess return -4.03%; 3-month excess return -9.94%; 6-month excess return -5.42%.,"Model view: the setup leaned cautious. Confidence was around 62%. Technical state is mixed, with price not fully aligned across the major moving averages. RSI is weak near 37.4. MACD remains on the bearish side. No recent matched news was found for this ticker/date. Relative strength versus the benchmark looked weak. 1-month excess return -4.03%; 3-month excess return -9.94%; 6-month excess return -5.42%."
2024-04-11,T,0,0.0,0.6400685710451332,hit,random_forest,target_5d_updown,"Technical state is mixed, with price not fully aligned across the major moving averages. RSI is weak near 32.2. MACD remains on the bearish side.",No recent matched news was found for this ticker/date.,Relative strength versus the benchmark looked weak. 1-month excess return -4.75%; 3-month excess return -11.37%; 6-month excess return -9.48%.,"Model view: the setup leaned cautious. Confidence was around 64%. Technical state is mixed, with price not fully aligned across the major moving averages. RSI is weak near 32.2. MACD remains on the bearish side. No recent matched news was found for this ticker/date. Relative strength versus the benchmark looked weak. 1-month excess return -4.75%; 3-month excess return -11.37%; 6-month excess return -9.48%."
2024-04-12,T,1,0.0,0.6284790985183141,miss,random_forest,target_5d_updown,"Technical state is mixed, with price not fully aligned across the major moving averages. RSI is weak near 30.5. MACD remains on the bearish side.",No recent matched news was found for this ticker/date.,Relative strength versus the benchmark looked weak. 1-month excess return -4.12%; 3-month excess return -6.77%; 6-month excess return -6.69%.,"Model view: the setup leaned cautious. Confidence was around 63%. Technical state is mixed, with price not fully aligned across the major moving averages. RSI is weak near 30.5. MACD remains on the bearish side. No recent matched news was found for this ticker/date. Relative strength versus the benchmark looked weak. 1-month excess return -4.12%; 3-month excess return -6.77%; 6-month excess return -6.69%."
2024-04-15,T,1,0.0,0.6326846684521498,miss,random_forest,target_5d_updown,"Technical state is mixed, with price not fully aligned across the major moving averages. RSI is weak near 29.5. MACD remains on the bearish side.",No recent matched news was found for this ticker/date.,Relative strength versus the benchmark looked weak. 1-month excess return -2.49%; 3-month excess return -7.31%; 6-month excess return -3.95%.,"Model view: the setup leaned cautious. Confidence was around 63%. Technical state is mixed, with price not fully aligned across the major moving averages. RSI is weak near 29.5. MACD remains on the bearish side. No recent matched news was found for this ticker/date. Relative strength versus the benchmark looked weak. 1-month excess return -2.49%; 3-month excess return -7.31%; 6-month excess return -3.95%."
2024-04-16,T,1,0.0,0.6432638463152612,miss,random_forest,target_5d_updown,"Technical state is mixed, with price not fully aligned across the major moving averages. RSI is weak near 27.3. MACD remains on the bearish side.",No recent matched news was found for this ticker/date.,Relative strength versus the benchmark looked weak. 1-month excess return -4.09%; 3-month excess return -8.15%; 6-month excess return -4.69%.,"Model view: the setup leaned cautious. Confidence was around 64%. Technical state is mixed, with price not fully aligned across the major moving averages. RSI is weak near 27.3. MACD remains on the bearish side. No recent matched news was found for this ticker/date. Relative strength versus the benchmark looked weak. 1-month excess return -4.09%; 3-month excess return -8.15%; 6-month excess return -4.69%."
2024-04-17,T,1,0.0,0.6341308128918438,miss,random_forest,target_5d_updown,"Technical state is mixed, with price not fully aligned across the major moving averages. RSI is weak near 28.5. MACD remains on the bearish side.",No recent matched news was found for this ticker/date.,Relative strength versus the benchmark looked weak. 1-month excess return -4.08%; 3-month excess return -7.74%; 6-month excess return -2.97%.,"Model view: the setup leaned cautious. Confidence was around 63%. Technical state is mixed, with price not fully aligned across the major moving averages. RSI is weak near 28.5. MACD remains on the bearish side. No recent matched news was found for this ticker/date. Relative strength versus the benchmark looked weak. 1-month excess return -4.08%; 3-month excess return -7.74%; 6-month excess return -2.97%."
2024-04-18,T,1,0.0,0.6134013018485023,miss,random_forest,target_5d_updown,"Technical state is mixed, with price not fully aligned across the major moving averages. RSI is weak near 35.9. MACD remains on the bearish side.",No recent matched news was found for this ticker/date.,Relative strength versus the benchmark looked weak. 1-month excess return -1.39%; 3-month excess return -5.22%; 6-month excess return -2.57%.,"Model view: the setup leaned cautious. Confidence was around 61%. Technical state is mixed, with price not fully aligned across the major moving averages. RSI is weak near 35.9. MACD remains on the bearish side. No recent matched news was found for this ticker/date. Relative strength versus the benchmark looked weak. 1-month excess return -1.39%; 3-month excess return -5.22%; 6-month excess return -2.57%."
2024-04-19,T,1,0.0,0.5806389517624541,miss,random_forest,target_5d_updown,"Technical state is mixed, with price not fully aligned across the major moving averages. MACD remains on the bearish side.",No recent matched news was found for this ticker/date.,Relative strength versus the benchmark looked mixed. 1-month excess return 1.07%; 3-month excess return -3.62%; 6-month excess return 0.14%.,"Model view: the setup leaned cautious. Confidence was around 58%. Technical state is mixed, with price not fully aligned across the major moving averages. MACD remains on the bearish side. No recent matched news was found for this ticker/date. Relative strength versus the benchmark looked mixed. 1-month excess return 1.07%; 3-month excess return -3.62%; 6-month excess return 0.14%."
2024-04-22,T,1,0.0,0.5902675471301554,miss,random_forest,target_5d_updown,"Technical state is mixed, with price not fully aligned across the major moving averages. RSI is weak near 37.6. MACD remains on the bearish side.",No recent matched news was found for this ticker/date.,Relative strength versus the benchmark looked weak. 1-month excess return -0.32%; 3-month excess return -6.24%; 6-month excess return -10.26%.,"Model view: the setup leaned cautious. Confidence was around 59%. Technical state is mixed, with price not fully aligned across the major moving averages. RSI is weak near 37.6. MACD remains on the bearish side. No recent matched news was found for this ticker/date. Relative strength versus the benchmark looked weak. 1-month excess return -0.32%; 3-month excess return -6.24%; 6-month excess return -10.26%."
2024-04-23,T,1,0.0,0.6073893038144371,miss,random_forest,target_5d_updown,"Technical state is mixed, with price not fully aligned across the major moving averages. MACD remains on the bearish side.",No recent matched news was found for this ticker/date.,Relative strength versus the benchmark looked weak. 1-month excess return 0.17%; 3-month excess return -8.33%; 6-month excess return -12.83%.,"Model view: the setup leaned cautious. Confidence was around 61%. Technical state is mixed, with price not fully aligned across the major moving averages. MACD remains on the bearish side. No recent matched news was found for this ticker/date. Relative strength versus the benchmark looked weak. 1-month excess return 0.17%; 3-month excess return -8.33%; 6-month excess return -12.83%."
2024-04-24,T,1,0.0,0.5297619096890551,miss,random_forest,target_5d_updown,"Technical state is mixed, with price not fully aligned across the major moving averages. RSI is in a steady zone near 50.7. MACD remains on the bearish side.",No recent matched news was found for this ticker/date.,Relative strength versus the benchmark looked weak. 1-month excess return 1.00%; 3-month excess return -3.37%; 6-month excess return -7.80%.,"Model view: the setup leaned cautious. Confidence was around 53%. Technical state is mixed, with price not fully aligned across the major moving averages. RSI is in a steady zone near 50.7. MACD remains on the bearish side. No recent matched news was found for this ticker/date. Relative strength versus the benchmark looked weak. 1-month excess return 1.00%; 3-month excess return -3.37%; 6-month excess return -7.80%."
2024-04-25,T,1,0.0,0.5855291383428936,miss,random_forest,target_5d_updown,"Technical state is mixed, with price not fully aligned across the major moving averages. MACD remains on the bullish side.",No recent matched news was found for this ticker/date.,Relative strength versus the benchmark looked weak. 1-month excess return -0.55%; 3-month excess return -6.63%; 6-month excess return -12.09%.,"Model view: the setup leaned cautious. Confidence was around 59%. Technical state is mixed, with price not fully aligned across the major moving averages. MACD remains on the bullish side. No recent matched news was found for this ticker/date. Relative strength versus the benchmark looked weak. 1-month excess return -0.55%; 3-month excess return -6.63%; 6-month excess return -12.09%."
2024-04-26,T,1,0.0,0.583315270849395,miss,random_forest,target_5d_updown,"Technical state is mixed, with price not fully aligned across the major moving averages. MACD remains on the bullish side.",No recent matched news was found for this ticker/date.,Relative strength versus the benchmark looked weak. 1-month excess return -1.74%; 3-month excess return -7.36%; 6-month excess return -11.49%.,"Model view: the setup leaned cautious. Confidence was around 58%. Technical state is mixed, with price not fully aligned across the major moving averages. MACD remains on the bullish side. No recent matched news was found for this ticker/date. Relative strength versus the benchmark looked weak. 1-month excess return -1.74%; 3-month excess return -7.36%; 6-month excess return -11.49%."
2024-04-29,T,0,0.0,0.560505561609303,hit,random_forest,target_5d_updown,"Technical state is constructive, with price above the 50-day and 200-day averages. RSI is in a steady zone near 55.2. MACD remains on the bullish side.",No recent matched news was found for this ticker/date.,Relative strength versus the benchmark looked weak. 1-month excess return -0.83%; 3-month excess return -5.18%; 6-month excess return -11.14%.,"Model view: the setup leaned cautious. Confidence was around 56%. Technical state is constructive, with price above the 50-day and 200-day averages. RSI is in a steady zone near 55.2. MACD remains on the bullish side. No recent matched news was found for this ticker/date. Relative strength versus the benchmark looked weak. 1-month excess return -0.83%; 3-month excess return -5.18%; 6-month excess return -11.14%."
2024-04-30,T,1,0.0,0.5878158167363661,miss,random_forest,target_5d_updown,"Technical state is mixed, with price not fully aligned across the major moving averages. RSI is in a steady zone near 52.2. MACD remains on the bullish side.",No recent matched news was found for this ticker/date.,Relative strength versus the benchmark looked weak. 1-month excess return 0.40%; 3-month excess return -5.92%; 6-month excess return -8.32%.,"Model view: the setup leaned cautious. Confidence was around 59%. Technical state is mixed, with price not fully aligned across the major moving averages. RSI is in a steady zone near 52.2. MACD remains on the bullish side. No recent matched news was found for this ticker/date. Relative strength versus the benchmark looked weak. 1-month excess return 0.40%; 3-month excess return -5.92%; 6-month excess return -8.32%."
2024-05-01,T,1,0.0,0.5802529806523168,miss,random_forest,target_5d_updown,"Technical state is mixed, with price not fully aligned across the major moving averages. RSI is in a steady zone near 52.8. MACD remains on the bullish side.",No recent matched news was found for this ticker/date.,Relative strength versus the benchmark looked weak. 1-month excess return 0.14%; 3-month excess return -7.98%; 6-month excess return -9.57%.,"Model view: the setup leaned cautious. Confidence was around 58%. Technical state is mixed, with price not fully aligned across the major moving averages. RSI is in a steady zone near 52.8. MACD remains on the bullish side. No recent matched news was found for this ticker/date. Relative strength versus the benchmark looked weak. 1-month excess return 0.14%; 3-month excess return -7.98%; 6-month excess return -9.57%."
2024-05-02,T,1,0.0,0.5948051414125789,miss,random_forest,target_5d_updown,"Technical state is mixed, with price not fully aligned across the major moving averages. RSI is in a steady zone near 50.5. MACD remains on the bullish side.",No recent matched news was found for this ticker/date.,Relative strength versus the benchmark looked weak. 1-month excess return -1.73%; 3-month excess return -10.00%; 6-month excess return -11.62%.,"Model view: the setup leaned cautious. Confidence was around 59%. Technical state is mixed, with price not fully aligned across the major moving averages. RSI is in a steady zone near 50.5. MACD remains on the bullish side. No recent matched news was found for this ticker/date. Relative strength versus the benchmark looked weak. 1-month excess return -1.73%; 3-month excess return -10.00%; 6-month excess return -11.62%."
2024-05-03,T,1,0.0,0.6098144741002898,miss,random_forest,target_5d_updown,"Technical state is mixed, with price not fully aligned across the major moving averages. RSI is in a steady zone near 51.2. MACD remains on the bullish side.",No recent matched news was found for this ticker/date.,Relative strength versus the benchmark looked weak. 1-month excess return -3.78%; 3-month excess return -8.95%; 6-month excess return -12.85%.,"Model view: the setup leaned cautious. Confidence was around 61%. Technical state is mixed, with price not fully aligned across the major moving averages. RSI is in a steady zone near 51.2. MACD remains on the bullish side. No recent matched news was found for this ticker/date. Relative strength versus the benchmark looked weak. 1-month excess return -3.78%; 3-month excess return -8.95%; 6-month excess return -12.85%."
2024-05-06,T,1,0.0,0.5795430433044566,miss,random_forest,target_5d_updown,"Technical state is constructive, with price above the 50-day and 200-day averages. RSI is in a steady zone near 54.5. MACD remains on the bullish side.",No recent matched news was found for this ticker/date.,Relative strength versus the benchmark looked weak. 1-month excess return -2.10%; 3-month excess return -9.06%; 6-month excess return -11.94%.,"Model view: the setup leaned cautious. Confidence was around 58%. Technical state is constructive, with price above the 50-day and 200-day averages. RSI is in a steady zone near 54.5. MACD remains on the bullish side. No recent matched news was found for this ticker/date. Relative strength versus the benchmark looked weak. 1-month excess return -2.10%; 3-month excess return -9.06%; 6-month excess return -11.94%."
2024-05-07,T,1,0.0,0.5802018064023544,miss,random_forest,target_5d_updown,"Technical state is constructive, with price above the 50-day and 200-day averages. RSI is in a steady zone near 56.5. MACD remains on the bullish side.",No recent matched news was found for this ticker/date.,Relative strength versus the benchmark looked weak. 1-month excess return -0.72%; 3-month excess return -7.72%; 6-month excess return -11.46%.,"Model view: the setup leaned cautious. Confidence was around 58%. Technical state is constructive, with price above the 50-day and 200-day averages. RSI is in a steady zone near 56.5. MACD remains on the bullish side. No recent matched news was found for this ticker/date. Relative strength versus the benchmark looked weak. 1-month excess return -0.72%; 3-month excess return -7.72%; 6-month excess return -11.46%."
2024-05-08,T,1,0.0,0.579568350126927,miss,random_forest,target_5d_updown,"Technical state is constructive, with price above the 50-day and 200-day averages. RSI is in a steady zone near 57.2. MACD remains on the bullish side.",No recent matched news was found for this ticker/date.,Relative strength versus the benchmark looked weak. 1-month excess return 1.63%; 3-month excess return -5.13%; 6-month excess return -10.16%.,"Model view: the setup leaned cautious. Confidence was around 58%. Technical state is constructive, with price above the 50-day and 200-day averages. RSI is in a steady zone near 57.2. MACD remains on the bullish side. No recent matched news was found for this ticker/date. Relative strength versus the benchmark looked weak. 1-month excess return 1.63%; 3-month excess return -5.13%; 6-month excess return -10.16%."
2024-05-09,T,1,0.0,0.6033705729709675,miss,random_forest,target_5d_updown,"Technical state is constructive, with price above the 50-day and 200-day averages. RSI is in a steady zone near 58.8. MACD remains on the bullish side.",No recent matched news was found for this ticker/date.,Relative strength versus the benchmark looked weak. 1-month excess return 1.53%; 3-month excess return -2.24%; 6-month excess return -10.68%.,"Model view: the setup leaned cautious. Confidence was around 60%. Technical state is constructive, with price above the 50-day and 200-day averages. RSI is in a steady zone near 58.8. MACD remains on the bullish side. No recent matched news was found for this ticker/date. Relative strength versus the benchmark looked weak. 1-month excess return 1.53%; 3-month excess return -2.24%; 6-month excess return -10.68%."
2024-05-10,T,1,0.0,0.5945471401606156,miss,random_forest,target_5d_updown,"Technical state is constructive, with price above the 50-day and 200-day averages. RSI is in a steady zone near 58.5. MACD remains on the bullish side. Volatility is relatively contained at roughly 14.9%.",No recent matched news was found for this ticker/date.,Relative strength versus the benchmark looked weak. 1-month excess return 4.00%; 3-month excess return -1.96%; 6-month excess return -9.47%.,"Model view: the setup leaned cautious. Confidence was around 59%. Technical state is constructive, with price above the 50-day and 200-day averages. RSI is in a steady zone near 58.5. MACD remains on the bullish side. Volatility is relatively contained at roughly 14.9%. No recent matched news was found for this ticker/date. Relative strength versus the benchmark looked weak. 1-month excess return 4.00%; 3-month excess return -1.96%; 6-month excess return -9.47%."
2024-05-13,T,1,0.0,0.5764198791688319,miss,random_forest,target_5d_updown,"Technical state is constructive, with price above the 50-day and 200-day averages. RSI is in a steady zone near 60.7. MACD remains on the bullish side. Volatility is relatively contained at roughly 14.7%.",No recent matched news was found for this ticker/date.,Relative strength versus the benchmark looked weak. 1-month excess return 3.87%; 3-month excess return -2.57%; 6-month excess return -9.67%.,"Model view: the setup leaned cautious. Confidence was around 58%. Technical state is constructive, with price above the 50-day and 200-day averages. RSI is in a steady zone near 60.7. MACD remains on the bullish side. Volatility is relatively contained at roughly 14.7%. No recent matched news was found for this ticker/date. Relative strength versus the benchmark looked weak. 1-month excess return 3.87%; 3-month excess return -2.57%; 6-month excess return -9.67%."
2024-05-14,T,0,0.0,0.6034135267980829,hit,random_forest,target_5d_updown,"Technical state is constructive, with price above the 50-day and 200-day averages. RSI is in a steady zone near 61.6. MACD remains on the bullish side. Volatility is relatively contained at roughly 13.9%.",No recent matched news was found for this ticker/date.,Relative strength versus the benchmark looked weak. 1-month excess return 2.77%; 3-month excess return -3.60%; 6-month excess return -8.20%.,"Model view: the setup leaned cautious. Confidence was around 60%. Technical state is constructive, with price above the 50-day and 200-day averages. RSI is in a steady zone near 61.6. MACD remains on the bullish side. Volatility is relatively contained at roughly 13.9%. No recent matched news was found for this ticker/date. Relative strength versus the benchmark looked weak. 1-month excess return 2.77%; 3-month excess return -3.60%; 6-month excess return -8.20%."
2024-05-15,T,1,0.0,0.5982356743523947,miss,random_forest,target_5d_updown,"Technical state is constructive, with price above the 50-day and 200-day averages. RSI is in a steady zone near 62.4. MACD remains on the bullish side. Volatility is relatively contained at roughly 13.9%.",No recent matched news was found for this ticker/date.,Relative strength versus the benchmark looked weak. 1-month excess return 2.49%; 3-month excess return -3.76%; 6-month excess return -9.15%.,"Model view: the setup leaned cautious. Confidence was around 60%. Technical state is constructive, with price above the 50-day and 200-day averages. RSI is in a steady zone near 62.4. MACD remains on the bullish side. Volatility is relatively contained at roughly 13.9%. No recent matched news was found for this ticker/date. Relative strength versus the benchmark looked weak. 1-month excess return 2.49%; 3-month excess return -3.76%; 6-month excess return -9.15%."
2024-05-16,T,1,0.0,0.5890162489093052,miss,random_forest,target_5d_updown,"Technical state is constructive, with price above the 50-day and 200-day averages. RSI is in a steady zone near 61.1. MACD remains on the bullish side. Volatility is relatively contained at roughly 13.6%.",No recent matched news was found for this ticker/date.,Relative strength versus the benchmark looked weak. 1-month excess return 1.67%; 3-month excess return -4.10%; 6-month excess return -7.21%.,"Model view: the setup leaned cautious. Confidence was around 59%. Technical state is constructive, with price above the 50-day and 200-day averages. RSI is in a steady zone near 61.1. MACD remains on the bullish side. Volatility is relatively contained at roughly 13.6%. No recent matched news was found for this ticker/date. Relative strength versus the benchmark looked weak. 1-month excess return 1.67%; 3-month excess return -4.10%; 6-month excess return -7.21%."
2024-05-17,T,1,0.0,0.5749215638587091,miss,random_forest,target_5d_updown,"Technical state is constructive, with price above the 50-day and 200-day averages. RSI is in a steady zone near 63.8. MACD remains on the bullish side. Volatility is relatively contained at roughly 13.3%.",No recent matched news was found for this ticker/date.,Relative strength versus the benchmark looked weak. 1-month excess return 0.51%; 3-month excess return -3.49%; 6-month excess return -7.40%.,"Model view: the setup leaned cautious. Confidence was around 57%. Technical state is constructive, with price above the 50-day and 200-day averages. RSI is in a steady zone near 63.8. MACD remains on the bullish side. Volatility is relatively contained at roughly 13.3%. No recent matched news was found for this ticker/date. Relative strength versus the benchmark looked weak. 1-month excess return 0.51%; 3-month excess return -3.49%; 6-month excess return -7.40%."
2024-05-20,T,0,0.0,0.5753901221233094,hit,random_forest,target_5d_updown,"Technical state is constructive, with price above the 50-day and 200-day averages. MACD remains on the bullish side. Volatility is relatively contained at roughly 12.2%.",No recent matched news was found for this ticker/date.,Relative strength versus the benchmark looked weak. 1-month excess return -0.93%; 3-month excess return -3.11%; 6-month excess return -7.43%.,"Model view: the setup leaned cautious. Confidence was around 58%. Technical state is constructive, with price above the 50-day and 200-day averages. MACD remains on the bullish side. Volatility is relatively contained at roughly 12.2%. No recent matched news was found for this ticker/date. Relative strength versus the benchmark looked weak. 1-month excess return -0.93%; 3-month excess return -3.11%; 6-month excess return -7.43%."
2024-05-21,T,0,0.0,0.5491966998652363,hit,random_forest,target_5d_updown,"Technical state is constructive, with price above the 50-day and 200-day averages. RSI is in a steady zone near 56.4. MACD remains on the bullish side. Volatility is relatively contained at roughly 13.3%.",No recent matched news was found for this ticker/date.,Relative strength versus the benchmark looked weak. 1-month excess return -0.53%; 3-month excess return -5.31%; 6-month excess return -9.29%.,"Model view: the setup leaned cautious. Confidence was around 55%. Technical state is constructive, with price above the 50-day and 200-day averages. RSI is in a steady zone near 56.4. MACD remains on the bullish side. Volatility is relatively contained at roughly 13.3%. No recent matched news was found for this ticker/date. Relative strength versus the benchmark looked weak. 1-month excess return -0.53%; 3-month excess return -5.31%; 6-month excess return -9.29%."
2024-05-22,T,1,0.0,0.5563438870719307,miss,random_forest,target_5d_updown,"Technical state is constructive, with price above the 50-day and 200-day averages. RSI is in a steady zone near 62.2. MACD remains on the bullish side. Volatility is relatively contained at roughly 12.5%.",No recent matched news was found for this ticker/date.,Relative strength versus the benchmark looked mixed. 1-month excess return 1.28%; 3-month excess return 1.09%; 6-month excess return -7.98%.,"Model view: the setup leaned cautious. Confidence was around 56%. Technical state is constructive, with price above the 50-day and 200-day averages. RSI is in a steady zone near 62.2. MACD remains on the bullish side. Volatility is relatively contained at roughly 12.5%. No recent matched news was found for this ticker/date. Relative strength versus the benchmark looked mixed. 1-month excess return 1.28%; 3-month excess return 1.09%; 6-month excess return -7.98%."
2024-05-23,T,1,0.0,0.5533592788863042,miss,random_forest,target_5d_updown,"Technical state is constructive, with price above the 50-day and 200-day averages. RSI is in a steady zone near 61.1. MACD remains on the bullish side. Volatility is relatively contained at roughly 11.2%.",No recent matched news was found for this ticker/date.,Relative strength versus the benchmark looked weak. 1-month excess return -0.15%; 3-month excess return 0.42%; 6-month excess return -8.21%.,"Model view: the setup leaned cautious. Confidence was around 55%. Technical state is constructive, with price above the 50-day and 200-day averages. RSI is in a steady zone near 61.1. MACD remains on the bullish side. Volatility is relatively contained at roughly 11.2%. No recent matched news was found for this ticker/date. Relative strength versus the benchmark looked weak. 1-month excess return -0.15%; 3-month excess return 0.42%; 6-month excess return -8.21%."
2024-05-24,T,1,0.0,0.5663204653507565,miss,random_forest,target_5d_updown,"Technical state is constructive, with price above the 50-day and 200-day averages. RSI is in a steady zone near 61.8. MACD remains on the bullish side. Volatility is relatively contained at roughly 10.8%.",No recent matched news was found for this ticker/date.,Relative strength versus the benchmark looked mixed. 1-month excess return 0.33%; 3-month excess return 0.76%; 6-month excess return -8.18%.,"Model view: the setup leaned cautious. Confidence was around 57%. Technical state is constructive, with price above the 50-day and 200-day averages. RSI is in a steady zone near 61.8. MACD remains on the bullish side. Volatility is relatively contained at roughly 10.8%. No recent matched news was found for this ticker/date. Relative strength versus the benchmark looked mixed. 1-month excess return 0.33%; 3-month excess return 0.76%; 6-month excess return -8.18%."
2024-05-28,T,1,0.0,0.5660435302110399,miss,random_forest,target_5d_updown,"Technical state is constructive, with price above the 50-day and 200-day averages. RSI is in a steady zone near 53.3. MACD remains on the bullish side. Volatility is relatively contained at roughly 10.8%.",No recent matched news was found for this ticker/date.,Relative strength versus the benchmark looked weak. 1-month excess return -1.16%; 3-month excess return -1.93%; 6-month excess return -9.89%.,"Model view: the setup leaned cautious. Confidence was around 57%. Technical state is constructive, with price above the 50-day and 200-day averages. RSI is in a steady zone near 53.3. MACD remains on the bullish side. Volatility is relatively contained at roughly 10.8%. No recent matched news was found for this ticker/date. Relative strength versus the benchmark looked weak. 1-month excess return -1.16%; 3-month excess return -1.93%; 6-month excess return -9.89%."
2024-05-29,T,1,0.0,0.5841977090471042,miss,random_forest,target_5d_updown,"Technical state is constructive, with price above the 50-day and 200-day averages. MACD remains on the bearish side. Volatility is relatively contained at roughly 10.9%.",No recent matched news was found for this ticker/date.,Relative strength versus the benchmark looked weak. 1-month excess return -2.58%; 3-month excess return -3.03%; 6-month excess return -10.20%.,"Model view: the setup leaned cautious. Confidence was around 58%. Technical state is constructive, with price above the 50-day and 200-day averages. MACD remains on the bearish side. Volatility is relatively contained at roughly 10.9%. No recent matched news was found for this ticker/date. Relative strength versus the benchmark looked weak. 1-month excess return -2.58%; 3-month excess return -3.03%; 6-month excess return -10.20%."
2024-05-30,T,1,0.0,0.5884330214051965,miss,random_forest,target_5d_updown,"Technical state is constructive, with price above the 50-day and 200-day averages. RSI is in a steady zone near 61.0. MACD remains on the bullish side. Volatility is relatively contained at roughly 14.9%.",No recent matched news was found for this ticker/date.,Relative strength versus the benchmark looked mixed. 1-month excess return 0.20%; 3-month excess return 1.18%; 6-month excess return -6.02%.,"Model view: the setup leaned cautious. Confidence was around 59%. Technical state is constructive, with price above the 50-day and 200-day averages. RSI is in a steady zone near 61.0. MACD remains on the bullish side. Volatility is relatively contained at roughly 14.9%. No recent matched news was found for this ticker/date. Relative strength versus the benchmark looked mixed. 1-month excess return 0.20%; 3-month excess return 1.18%; 6-month excess return -6.02%."
2024-05-31,T,0,0.0,0.5852875234976451,hit,random_forest,target_5d_updown,"Technical state is constructive, with price above the 50-day and 200-day averages. RSI is elevated near 70.2, so chasing strength may add risk. MACD remains on the bullish side.",No recent matched news was found for this ticker/date.,Relative strength versus the benchmark looked mixed. 1-month excess return 2.32%; 3-month excess return 4.50%; 6-month excess return -4.22%.,"Model view: the setup leaned cautious. Confidence was around 59%. Technical state is constructive, with price above the 50-day and 200-day averages. RSI is elevated near 70.2, so chasing strength may add risk. MACD remains on the bullish side. No recent matched news was found for this ticker/date. Relative strength versus the benchmark looked mixed. 1-month excess return 2.32%; 3-month excess return 4.50%; 6-month excess return -4.22%."
2024-06-03,T,0,0.0,0.591581230461381,hit,random_forest,target_5d_updown,"Technical state is constructive, with price above the 50-day and 200-day averages. RSI is in a steady zone near 64.5. MACD remains on the bullish side.",No recent matched news was found for this ticker/date.,Relative strength versus the benchmark looked mixed. 1-month excess return 2.57%; 3-month excess return 4.17%; 6-month excess return -6.99%.,"Model view: the setup leaned cautious. Confidence was around 59%. Technical state is constructive, with price above the 50-day and 200-day averages. RSI is in a steady zone near 64.5. MACD remains on the bullish side. No recent matched news was found for this ticker/date. Relative strength versus the benchmark looked mixed. 1-month excess return 2.57%; 3-month excess return 4.17%; 6-month excess return -6.99%."
2024-06-04,T,0,0.0,0.5475001285450815,hit,random_forest,target_5d_updown,"Technical state is constructive, with price above the 50-day and 200-day averages. MACD remains on the bullish side.",No recent matched news was found for this ticker/date.,Relative strength versus the benchmark looked mixed. 1-month excess return 5.55%; 3-month excess return 2.67%; 6-month excess return -5.66%.,"Model view: the setup leaned cautious. Confidence was around 55%. Technical state is constructive, with price above the 50-day and 200-day averages. MACD remains on the bullish side. No recent matched news was found for this ticker/date. Relative strength versus the benchmark looked mixed. 1-month excess return 5.55%; 3-month excess return 2.67%; 6-month excess return -5.66%."
2024-06-05,T,0,0.0,0.5921785272895804,hit,random_forest,target_5d_updown,"Technical state is constructive, with price above the 50-day and 200-day averages. MACD remains on the bullish side.",No recent matched news was found for this ticker/date.,Relative strength versus the benchmark looked mixed. 1-month excess return 4.17%; 3-month excess return 1.63%; 6-month excess return -7.26%.,"Model view: the setup leaned cautious. Confidence was around 59%. Technical state is constructive, with price above the 50-day and 200-day averages. MACD remains on the bullish side. No recent matched news was found for this ticker/date. Relative strength versus the benchmark looked mixed. 1-month excess return 4.17%; 3-month excess return 1.63%; 6-month excess return -7.26%."
2024-06-06,T,0,0.0,0.5981936392384215,hit,random_forest,target_5d_updown,"Technical state is constructive, with price above the 50-day and 200-day averages. MACD remains on the bullish side.",No recent matched news was found for this ticker/date.,Relative strength versus the benchmark looked mixed. 1-month excess return 3.65%; 3-month excess return 3.37%; 6-month excess return -10.96%.,"Model view: the setup leaned cautious. Confidence was around 60%. Technical state is constructive, with price above the 50-day and 200-day averages. MACD remains on the bullish side. No recent matched news was found for this ticker/date. Relative strength versus the benchmark looked mixed. 1-month excess return 3.65%; 3-month excess return 3.37%; 6-month excess return -10.96%."
2024-06-07,T,0,0.0,0.586804914505925,hit,random_forest,target_5d_updown,"Technical state is constructive, with price above the 50-day and 200-day averages. RSI is in a steady zone near 62.0. MACD remains on the bullish side.",No recent matched news was found for this ticker/date.,Relative strength versus the benchmark looked mixed. 1-month excess return 2.55%; 3-month excess return 0.89%; 6-month excess return -10.61%.,"Model view: the setup leaned cautious. Confidence was around 59%. Technical state is constructive, with price above the 50-day and 200-day averages. RSI is in a steady zone near 62.0. MACD remains on the bullish side. No recent matched news was found for this ticker/date. Relative strength versus the benchmark looked mixed. 1-month excess return 2.55%; 3-month excess return 0.89%; 6-month excess return -10.61%."
2024-06-10,T,0,0.0,0.5666100954435462,hit,random_forest,target_5d_updown,"Technical state is constructive, with price above the 50-day and 200-day averages. RSI is in a steady zone near 56.0. MACD remains on the bullish side.",No recent matched news was found for this ticker/date.,Relative strength versus the benchmark looked weak. 1-month excess return 0.98%; 3-month excess return -1.71%; 6-month excess return -12.42%.,"Model view: the setup leaned cautious. Confidence was around 57%. Technical state is constructive, with price above the 50-day and 200-day averages. RSI is in a steady zone near 56.0. MACD remains on the bullish side. No recent matched news was found for this ticker/date. Relative strength versus the benchmark looked weak. 1-month excess return 0.98%; 3-month excess return -1.71%; 6-month excess return -12.42%."
2024-06-11,T,1,0.0,0.5743436782379895,miss,random_forest,target_5d_updown,"Technical state is constructive, with price above the 50-day and 200-day averages. RSI is in a steady zone near 56.0. MACD remains on the bullish side.",No recent matched news was found for this ticker/date.,Relative strength versus the benchmark looked weak. 1-month excess return 0.93%; 3-month excess return -0.06%; 6-month excess return -11.14%.,"Model view: the setup leaned cautious. Confidence was around 57%. Technical state is constructive, with price above the 50-day and 200-day averages. RSI is in a steady zone near 56.0. MACD remains on the bullish side. No recent matched news was found for this ticker/date. Relative strength versus the benchmark looked weak. 1-month excess return 0.93%; 3-month excess return -0.06%; 6-month excess return -11.14%."
2024-06-12,T,1,0.0,0.5652995079116137,miss,random_forest,target_5d_updown,"Technical state is constructive, with price above the 50-day and 200-day averages. RSI is in a steady zone near 50.2. MACD remains on the bearish side.",No recent matched news was found for this ticker/date.,Relative strength versus the benchmark looked weak. 1-month excess return -1.91%; 3-month excess return -2.48%; 6-month excess return -11.26%.,"Model view: the setup leaned cautious. Confidence was around 57%. Technical state is constructive, with price above the 50-day and 200-day averages. RSI is in a steady zone near 50.2. MACD remains on the bearish side. No recent matched news was found for this ticker/date. Relative strength versus the benchmark looked weak. 1-month excess return -1.91%; 3-month excess return -2.48%; 6-month excess return -11.26%."
2024-06-13,T,1,0.0,0.5544495220154464,miss,random_forest,target_5d_updown,"Technical state is constructive, with price above the 50-day and 200-day averages. RSI is in a steady zone near 51.5. MACD remains on the bearish side.",No recent matched news was found for this ticker/date.,Relative strength versus the benchmark looked weak. 1-month excess return -1.51%; 3-month excess return -1.47%; 6-month excess return -9.18%.,"Model view: the setup leaned cautious. Confidence was around 55%. Technical state is constructive, with price above the 50-day and 200-day averages. RSI is in a steady zone near 51.5. MACD remains on the bearish side. No recent matched news was found for this ticker/date. Relative strength versus the benchmark looked weak. 1-month excess return -1.51%; 3-month excess return -1.47%; 6-month excess return -9.18%."
2024-06-14,T,1,0.0,0.5686283213732426,miss,random_forest,target_5d_updown,"Technical state is constructive, with price above the 50-day and 200-day averages. RSI is in a steady zone near 50.7. MACD remains on the bearish side.",No recent matched news was found for this ticker/date.,Relative strength versus the benchmark looked weak. 1-month excess return -0.69%; 3-month excess return -2.70%; 6-month excess return -8.14%.,"Model view: the setup leaned cautious. Confidence was around 57%. Technical state is constructive, with price above the 50-day and 200-day averages. RSI is in a steady zone near 50.7. MACD remains on the bearish side. No recent matched news was found for this ticker/date. Relative strength versus the benchmark looked weak. 1-month excess return -0.69%; 3-month excess return -2.70%; 6-month excess return -8.14%."
2024-06-17,T,1,0.0,0.5770394880605462,miss,random_forest,target_5d_updown,"Technical state is constructive, with price above the 50-day and 200-day averages. RSI is in a steady zone near 51.5. MACD remains on the bearish side.",No recent matched news was found for this ticker/date.,Relative strength versus the benchmark looked weak. 1-month excess return -1.35%; 3-month excess return -4.20%; 6-month excess return -9.83%.,"Model view: the setup leaned cautious. Confidence was around 58%. Technical state is constructive, with price above the 50-day and 200-day averages. RSI is in a steady zone near 51.5. MACD remains on the bearish side. No recent matched news was found for this ticker/date. Relative strength versus the benchmark looked weak. 1-month excess return -1.35%; 3-month excess return -4.20%; 6-month excess return -9.83%."
2024-06-18,T,1,0.0,0.5574493094715431,miss,random_forest,target_5d_updown,"Technical state is constructive, with price above the 50-day and 200-day averages. RSI is in a steady zone near 59.6. MACD remains on the bearish side.",No recent matched news was found for this ticker/date.,Relative strength versus the benchmark looked weak. 1-month excess return 0.12%; 3-month excess return -0.91%; 6-month excess return -7.18%.,"Model view: the setup leaned cautious. Confidence was around 56%. Technical state is constructive, with price above the 50-day and 200-day averages. RSI is in a steady zone near 59.6. MACD remains on the bearish side. No recent matched news was found for this ticker/date. Relative strength versus the benchmark looked weak. 1-month excess return 0.12%; 3-month excess return -0.91%; 6-month excess return -7.18%."
2024-06-20,T,1,0.0,0.5495402117648626,miss,random_forest,target_5d_updown,"Technical state is constructive, with price above the 50-day and 200-day averages. RSI is in a steady zone near 60.8. MACD remains on the bearish side.",No recent matched news was found for this ticker/date.,Relative strength versus the benchmark looked mixed. 1-month excess return 0.14%; 3-month excess return 0.41%; 6-month excess return -5.44%.,"Model view: the setup leaned cautious. Confidence was around 55%. Technical state is constructive, with price above the 50-day and 200-day averages. RSI is in a steady zone near 60.8. MACD remains on the bearish side. No recent matched news was found for this ticker/date. Relative strength versus the benchmark looked mixed. 1-month excess return 0.14%; 3-month excess return 0.41%; 6-month excess return -5.44%."
2024-06-21,T,1,0.0,0.5617140898874735,miss,random_forest,target_5d_updown,"Technical state is constructive, with price above the 50-day and 200-day averages. MACD remains on the bullish side.",No recent matched news was found for this ticker/date.,Relative strength versus the benchmark looked mixed. 1-month excess return 3.82%; 3-month excess return 2.98%; 6-month excess return -3.74%.,"Model view: the setup leaned cautious. Confidence was around 56%. Technical state is constructive, with price above the 50-day and 200-day averages. MACD remains on the bullish side. No recent matched news was found for this ticker/date. Relative strength versus the benchmark looked mixed. 1-month excess return 3.82%; 3-month excess return 2.98%; 6-month excess return -3.74%."
2024-06-24,T,1,0.0,0.5603899284665704,miss,random_forest,target_5d_updown,"Technical state is constructive, with price above the 50-day and 200-day averages. MACD remains on the bullish side.",No recent matched news was found for this ticker/date.,Relative strength versus the benchmark looked mixed. 1-month excess return 3.83%; 3-month excess return 5.40%; 6-month excess return -2.64%.,"Model view: the setup leaned cautious. Confidence was around 56%. Technical state is constructive, with price above the 50-day and 200-day averages. MACD remains on the bullish side. No recent matched news was found for this ticker/date. Relative strength versus the benchmark looked mixed. 1-month excess return 3.83%; 3-month excess return 5.40%; 6-month excess return -2.64%."
2024-06-25,T,1,0.0,0.590088691343365,miss,random_forest,target_5d_updown,"Technical state is constructive, with price above the 50-day and 200-day averages. MACD remains on the bullish side.",No recent matched news was found for this ticker/date.,Relative strength versus the benchmark looked mixed. 1-month excess return 3.04%; 3-month excess return 4.03%; 6-month excess return -2.37%.,"Model view: the setup leaned cautious. Confidence was around 59%. Technical state is constructive, with price above the 50-day and 200-day averages. MACD remains on the bullish side. No recent matched news was found for this ticker/date. Relative strength versus the benchmark looked mixed. 1-month excess return 3.04%; 3-month excess return 4.03%; 6-month excess return -2.37%."
2024-06-26,T,0,0.0,0.6347786187233564,hit,random_forest,target_5d_updown,"Technical state is constructive, with price above the 50-day and 200-day averages. RSI is elevated near 70.9, so chasing strength may add risk. MACD remains on the bullish side.",No recent matched news was found for this ticker/date.,Relative strength versus the benchmark looked mixed. 1-month excess return 3.84%; 3-month excess return 3.64%; 6-month excess return -2.22%.,"Model view: the setup leaned cautious. Confidence was around 63%. Technical state is constructive, with price above the 50-day and 200-day averages. RSI is elevated near 70.9, so chasing strength may add risk. MACD remains on the bullish side. No recent matched news was found for this ticker/date. Relative strength versus the benchmark looked mixed. 1-month excess return 3.84%; 3-month excess return 3.64%; 6-month excess return -2.22%."
2024-06-27,T,1,0.0,0.6311224067744265,miss,random_forest,target_5d_updown,"Technical state is constructive, with price above the 50-day and 200-day averages. RSI is elevated near 70.5, so chasing strength may add risk. MACD remains on the bullish side.",No recent matched news was found for this ticker/date.,Relative strength versus the benchmark looked mixed. 1-month excess return 5.14%; 3-month excess return 2.03%; 6-month excess return -2.11%.,"Model view: the setup leaned cautious. Confidence was around 63%. Technical state is constructive, with price above the 50-day and 200-day averages. RSI is elevated near 70.5, so chasing strength may add risk. MACD remains on the bullish side. No recent matched news was found for this ticker/date. Relative strength versus the benchmark looked mixed. 1-month excess return 5.14%; 3-month excess return 2.03%; 6-month excess return -2.11%."
2024-06-28,T,0,0.0,0.6145278901038307,hit,random_forest,target_5d_updown,"Technical state is constructive, with price above the 50-day and 200-day averages. RSI is elevated near 75.3, so chasing strength may add risk. MACD remains on the bullish side.",No recent matched news was found for this ticker/date.,Relative strength versus the benchmark looked favorable. 1-month excess return 8.22%; 3-month excess return 4.54%; 6-month excess return 1.05%.,"Model view: the setup leaned cautious. Confidence was around 61%. Technical state is constructive, with price above the 50-day and 200-day averages. RSI is elevated near 75.3, so chasing strength may add risk. MACD remains on the bullish side. No recent matched news was found for this ticker/date. Relative strength versus the benchmark looked favorable. 1-month excess return 8.22%; 3-month excess return 4.54%; 6-month excess return 1.05%."
2024-07-01,T,0,0.0,0.5882349871296995,hit,random_forest,target_5d_updown,"Technical state is constructive, with price above the 50-day and 200-day averages. RSI is elevated near 70.8, so chasing strength may add risk. MACD remains on the bullish side.",No recent matched news was found for this ticker/date.,Relative strength versus the benchmark looked mixed. 1-month excess return 3.38%; 3-month excess return 4.04%; 6-month excess return -1.07%.,"Model view: the setup leaned cautious. Confidence was around 59%. Technical state is constructive, with price above the 50-day and 200-day averages. RSI is elevated near 70.8, so chasing strength may add risk. MACD remains on the bullish side. No recent matched news was found for this ticker/date. Relative strength versus the benchmark looked mixed. 1-month excess return 3.38%; 3-month excess return 4.04%; 6-month excess return -1.07%."
2024-07-02,T,0,0.0,0.5963618328136168,hit,random_forest,target_5d_updown,"Technical state is constructive, with price above the 50-day and 200-day averages. MACD remains on the bullish side.",No recent matched news was found for this ticker/date.,Relative strength versus the benchmark looked weak. 1-month excess return -0.82%; 3-month excess return 1.63%; 6-month excess return -3.35%.,"Model view: the setup leaned cautious. Confidence was around 60%. Technical state is constructive, with price above the 50-day and 200-day averages. MACD remains on the bullish side. No recent matched news was found for this ticker/date. Relative strength versus the benchmark looked weak. 1-month excess return -0.82%; 3-month excess return 1.63%; 6-month excess return -3.35%."
2024-07-03,T,1,0.0,0.5951970296531728,miss,random_forest,target_5d_updown,"Technical state is constructive, with price above the 50-day and 200-day averages. RSI is in a steady zone near 61.5. MACD remains on the bullish side.",No recent matched news was found for this ticker/date.,Relative strength versus the benchmark looked weak. 1-month excess return -0.74%; 3-month excess return -0.09%; 6-month excess return -8.48%.,"Model view: the setup leaned cautious. Confidence was around 60%. Technical state is constructive, with price above the 50-day and 200-day averages. RSI is in a steady zone near 61.5. MACD remains on the bullish side. No recent matched news was found for this ticker/date. Relative strength versus the benchmark looked weak. 1-month excess return -0.74%; 3-month excess return -0.09%; 6-month excess return -8.48%."
2024-07-05,T,1,0.0,0.589420084337733,miss,random_forest,target_5d_updown,"Technical state is constructive, with price above the 50-day and 200-day averages. RSI is in a steady zone near 63.1. MACD remains on the bullish side.",No recent matched news was found for this ticker/date.,Relative strength versus the benchmark looked weak. 1-month excess return -2.67%; 3-month excess return -1.31%; 6-month excess return -9.41%.,"Model view: the setup leaned cautious. Confidence was around 59%. Technical state is constructive, with price above the 50-day and 200-day averages. RSI is in a steady zone near 63.1. MACD remains on the bullish side. No recent matched news was found for this ticker/date. Relative strength versus the benchmark looked weak. 1-month excess return -2.67%; 3-month excess return -1.31%; 6-month excess return -9.41%."
2024-07-08,T,0,0.0,0.6037234013368868,hit,random_forest,target_5d_updown,"Technical state is constructive, with price above the 50-day and 200-day averages. RSI is in a steady zone near 63.8. MACD remains on the bullish side.",No recent matched news was found for this ticker/date.,Relative strength versus the benchmark looked weak. 1-month excess return -1.03%; 3-month excess return 0.88%; 6-month excess return -9.16%.,"Model view: the setup leaned cautious. Confidence was around 60%. Technical state is constructive, with price above the 50-day and 200-day averages. RSI is in a steady zone near 63.8. MACD remains on the bullish side. No recent matched news was found for this ticker/date. Relative strength versus the benchmark looked weak. 1-month excess return -1.03%; 3-month excess return 0.88%; 6-month excess return -9.16%."
2024-07-09,T,1,0.0,0.5975842108661626,miss,random_forest,target_5d_updown,"Technical state is constructive, with price above the 50-day and 200-day averages. RSI is in a steady zone near 63.5. MACD remains on the bearish side.",No recent matched news was found for this ticker/date.,Relative strength versus the benchmark looked weak. 1-month excess return -1.11%; 3-month excess return 1.81%; 6-month excess return -11.20%.,"Model view: the setup leaned cautious. Confidence was around 60%. Technical state is constructive, with price above the 50-day and 200-day averages. RSI is in a steady zone near 63.5. MACD remains on the bearish side. No recent matched news was found for this ticker/date. Relative strength versus the benchmark looked weak. 1-month excess return -1.11%; 3-month excess return 1.81%; 6-month excess return -11.20%."
2024-07-10,T,1,0.0,0.572234831709666,miss,random_forest,target_5d_updown,"Technical state is constructive, with price above the 50-day and 200-day averages. RSI is in a steady zone near 61.4. MACD remains on the bearish side. Volatility is relatively contained at roughly 14.6%.",No recent matched news was found for this ticker/date.,Relative strength versus the benchmark looked weak. 1-month excess return -1.56%; 3-month excess return 2.81%; 6-month excess return -10.07%.,"Model view: the setup leaned cautious. Confidence was around 57%. Technical state is constructive, with price above the 50-day and 200-day averages. RSI is in a steady zone near 61.4. MACD remains on the bearish side. Volatility is relatively contained at roughly 14.6%. No recent matched news was found for this ticker/date. Relative strength versus the benchmark looked weak. 1-month excess return -1.56%; 3-month excess return 2.81%; 6-month excess return -10.07%."
2024-07-11,T,1,0.0,0.5523740682158094,miss,random_forest,target_5d_updown,"Technical state is constructive, with price above the 50-day and 200-day averages. RSI is in a steady zone near 64.0. MACD remains on the bearish side. Volatility is relatively contained at roughly 14.6%.",No recent matched news was found for this ticker/date.,Relative strength versus the benchmark looked mixed. 1-month excess return 1.74%; 3-month excess return 4.54%; 6-month excess return -6.27%.,"Model view: the setup leaned cautious. Confidence was around 55%. Technical state is constructive, with price above the 50-day and 200-day averages. RSI is in a steady zone near 64.0. MACD remains on the bearish side. Volatility is relatively contained at roughly 14.6%. No recent matched news was found for this ticker/date. Relative strength versus the benchmark looked mixed. 1-month excess return 1.74%; 3-month excess return 4.54%; 6-month excess return -6.27%."
2024-07-12,T,1,0.0,0.5631932008725457,miss,random_forest,target_5d_updown,"Technical state is constructive, with price above the 50-day and 200-day averages. RSI is in a steady zone near 62.1. MACD remains on the bearish side. Volatility is relatively contained at roughly 13.4%.",No recent matched news was found for this ticker/date.,Relative strength versus the benchmark looked mixed. 1-month excess return 1.06%; 3-month excess return 6.47%; 6-month excess return -5.99%.,"Model view: the setup leaned cautious. Confidence was around 56%. Technical state is constructive, with price above the 50-day and 200-day averages. RSI is in a steady zone near 62.1. MACD remains on the bearish side. Volatility is relatively contained at roughly 13.4%. No recent matched news was found for this ticker/date. Relative strength versus the benchmark looked mixed. 1-month excess return 1.06%; 3-month excess return 6.47%; 6-month excess return -5.99%."
2024-07-15,T,0,0.0,0.5443183247324203,hit,random_forest,target_5d_updown,"Technical state is constructive, with price above the 50-day and 200-day averages. RSI is in a steady zone near 54.3. MACD remains on the bearish side. Volatility is relatively contained at roughly 14.5%.",No recent matched news was found for this ticker/date.,Relative strength versus the benchmark looked mixed. 1-month excess return 1.80%; 3-month excess return 4.01%; 6-month excess return -3.41%.,"Model view: the setup leaned cautious. Confidence was around 54%. Technical state is constructive, with price above the 50-day and 200-day averages. RSI is in a steady zone near 54.3. MACD remains on the bearish side. Volatility is relatively contained at roughly 14.5%. No recent matched news was found for this ticker/date. Relative strength versus the benchmark looked mixed. 1-month excess return 1.80%; 3-month excess return 4.01%; 6-month excess return -3.41%."
2024-07-16,T,0,0.0,0.5792034194829768,hit,random_forest,target_5d_updown,"Technical state is constructive, with price above the 50-day and 200-day averages. RSI is in a steady zone near 60.6. MACD remains on the bearish side.",No recent matched news was found for this ticker/date.,Relative strength versus the benchmark looked favorable. 1-month excess return 2.57%; 3-month excess return 4.12%; 6-month excess return -4.12%.,"Model view: the setup leaned cautious. Confidence was around 58%. Technical state is constructive, with price above the 50-day and 200-day averages. RSI is in a steady zone near 60.6. MACD remains on the bearish side. No recent matched news was found for this ticker/date. Relative strength versus the benchmark looked favorable. 1-month excess return 2.57%; 3-month excess return 4.12%; 6-month excess return -4.12%."
2024-07-17,T,0,0.0,0.5588764301306888,hit,random_forest,target_5d_updown,"Technical state is constructive, with price above the 50-day and 200-day averages. MACD remains on the bearish side.",No recent matched news was found for this ticker/date.,Relative strength versus the benchmark looked favorable. 1-month excess return 6.05%; 3-month excess return 8.49%; 6-month excess return -0.70%.,"Model view: the setup leaned cautious. Confidence was around 56%. Technical state is constructive, with price above the 50-day and 200-day averages. MACD remains on the bearish side. No recent matched news was found for this ticker/date. Relative strength versus the benchmark looked favorable. 1-month excess return 6.05%; 3-month excess return 8.49%; 6-month excess return -0.70%."
2024-07-18,T,1,0.0,0.5696382078858573,miss,random_forest,target_5d_updown,"Technical state is constructive, with price above the 50-day and 200-day averages. MACD remains on the bearish side. Volatility is relatively contained at roughly 14.3%.",No recent matched news was found for this ticker/date.,Relative strength versus the benchmark looked favorable. 1-month excess return 7.38%; 3-month excess return 8.37%; 6-month excess return -0.32%.,"Model view: the setup leaned cautious. Confidence was around 57%. Technical state is constructive, with price above the 50-day and 200-day averages. MACD remains on the bearish side. Volatility is relatively contained at roughly 14.3%. No recent matched news was found for this ticker/date. Relative strength versus the benchmark looked favorable. 1-month excess return 7.38%; 3-month excess return 8.37%; 6-month excess return -0.32%."
2024-07-19,T,0,0.0,0.5686099349917275,hit,random_forest,target_5d_updown,"Technical state is constructive, with price above the 50-day and 200-day averages. RSI is in a steady zone near 64.9. MACD remains on the bearish side. Volatility is relatively contained at roughly 14.4%.",No recent matched news was found for this ticker/date.,Relative strength versus the benchmark looked favorable. 1-month excess return 5.87%; 3-month excess return 7.15%; 6-month excess return 1.37%.,"Model view: the setup leaned cautious. Confidence was around 57%. Technical state is constructive, with price above the 50-day and 200-day averages. RSI is in a steady zone near 64.9. MACD remains on the bearish side. Volatility is relatively contained at roughly 14.4%. No recent matched news was found for this ticker/date. Relative strength versus the benchmark looked favorable. 1-month excess return 5.87%; 3-month excess return 7.15%; 6-month excess return 1.37%."
2024-07-22,T,1,0.0,0.5597301518139457,miss,random_forest,target_5d_updown,"Technical state is constructive, with price above the 50-day and 200-day averages. MACD remains on the bearish side.",No recent matched news was found for this ticker/date.,Relative strength versus the benchmark looked favorable. 1-month excess return 1.06%; 3-month excess return 0.34%; 6-month excess return -3.72%.,"Model view: the setup leaned cautious. Confidence was around 56%. Technical state is constructive, with price above the 50-day and 200-day averages. MACD remains on the bearish side. No recent matched news was found for this ticker/date. Relative strength versus the benchmark looked favorable. 1-month excess return 1.06%; 3-month excess return 0.34%; 6-month excess return -3.72%."
2024-07-23,T,1,0.0,0.548278842908182,miss,random_forest,target_5d_updown,"Technical state is constructive, with price above the 50-day and 200-day averages. MACD remains on the bearish side.",No recent matched news was found for this ticker/date.,Relative strength versus the benchmark looked mixed. 1-month excess return -2.46%; 3-month excess return 0.78%; 6-month excess return -6.16%.,"Model view: the setup leaned cautious. Confidence was around 55%. Technical state is constructive, with price above the 50-day and 200-day averages. MACD remains on the bearish side. No recent matched news was found for this ticker/date. Relative strength versus the benchmark looked mixed. 1-month excess return -2.46%; 3-month excess return 0.78%; 6-month excess return -6.16%."
2024-07-24,T,1,0.0,0.5544726857907141,miss,random_forest,target_5d_updown,"Technical state is constructive, with price above the 50-day and 200-day averages. RSI is in a steady zone near 59.1. MACD remains on the bearish side.",No recent matched news was found for this ticker/date.,Relative strength versus the benchmark looked favorable. 1-month excess return 3.36%; 3-month excess return 9.14%; 6-month excess return -0.13%.,"Model view: the setup leaned cautious. Confidence was around 55%. Technical state is constructive, with price above the 50-day and 200-day averages. RSI is in a steady zone near 59.1. MACD remains on the bearish side. No recent matched news was found for this ticker/date. Relative strength versus the benchmark looked favorable. 1-month excess return 3.36%; 3-month excess return 9.14%; 6-month excess return -0.13%."
2024-07-25,T,1,0.0,0.5595226190832329,miss,random_forest,target_5d_updown,"Technical state is constructive, with price above the 50-day and 200-day averages. RSI is in a steady zone near 59.5. MACD remains on the bearish side.",No recent matched news was found for this ticker/date.,Relative strength versus the benchmark looked favorable. 1-month excess return 4.21%; 3-month excess return 7.64%; 6-month excess return 4.11%.,"Model view: the setup leaned cautious. Confidence was around 56%. Technical state is constructive, with price above the 50-day and 200-day averages. RSI is in a steady zone near 59.5. MACD remains on the bearish side. No recent matched news was found for this ticker/date. Relative strength versus the benchmark looked favorable. 1-month excess return 4.21%; 3-month excess return 7.64%; 6-month excess return 4.11%."
2024-07-26,T,1,0.0,0.5643142763363678,miss,random_forest,target_5d_updown,"Technical state is constructive, with price above the 50-day and 200-day averages. RSI is in a steady zone near 55.9. MACD remains on the bearish side.",No recent matched news was found for this ticker/date.,Relative strength versus the benchmark looked favorable. 1-month excess return 1.88%; 3-month excess return 6.50%; 6-month excess return -0.90%.,"Model view: the setup leaned cautious. Confidence was around 56%. Technical state is constructive, with price above the 50-day and 200-day averages. RSI is in a steady zone near 55.9. MACD remains on the bearish side. No recent matched news was found for this ticker/date. Relative strength versus the benchmark looked favorable. 1-month excess return 1.88%; 3-month excess return 6.50%; 6-month excess return -0.90%."
2024-07-29,T,1,0.0,0.542622054383386,miss,random_forest,target_5d_updown,"Technical state is constructive, with price above the 50-day and 200-day averages. RSI is in a steady zone near 53.8. MACD remains on the bearish side.",No recent matched news was found for this ticker/date.,Relative strength versus the benchmark looked favorable. 1-month excess return 1.43%; 3-month excess return 5.67%; 6-month excess return -2.39%.,"Model view: the setup leaned cautious. Confidence was around 54%. Technical state is constructive, with price above the 50-day and 200-day averages. RSI is in a steady zone near 53.8. MACD remains on the bearish side. No recent matched news was found for this ticker/date. Relative strength versus the benchmark looked favorable. 1-month excess return 1.43%; 3-month excess return 5.67%; 6-month excess return -2.39%."
2024-07-30,T,1,0.0,0.5500098978613166,miss,random_forest,target_5d_updown,"Technical state is constructive, with price above the 50-day and 200-day averages. RSI is in a steady zone near 55.1. MACD remains on the bearish side.",No recent matched news was found for this ticker/date.,Relative strength versus the benchmark looked mixed. 1-month excess return -0.27%; 3-month excess return 5.28%; 6-month excess return -0.29%.,"Model view: the setup leaned cautious. Confidence was around 55%. Technical state is constructive, with price above the 50-day and 200-day averages. RSI is in a steady zone near 55.1. MACD remains on the bearish side. No recent matched news was found for this ticker/date. Relative strength versus the benchmark looked mixed. 1-month excess return -0.27%; 3-month excess return 5.28%; 6-month excess return -0.29%."
2024-07-31,T,0,0.0,0.573320294043999,hit,random_forest,target_5d_updown,"Technical state is constructive, with price above the 50-day and 200-day averages. RSI is in a steady zone near 59.4. MACD remains on the bearish side.",No recent matched news was found for this ticker/date.,Relative strength versus the benchmark looked favorable. 1-month excess return 0.49%; 3-month excess return 4.33%; 6-month excess return -2.33%.,"Model view: the setup leaned cautious. Confidence was around 57%. Technical state is constructive, with price above the 50-day and 200-day averages. RSI is in a steady zone near 59.4. MACD remains on the bearish side. No recent matched news was found for this ticker/date. Relative strength versus the benchmark looked favorable. 1-month excess return 0.49%; 3-month excess return 4.33%; 6-month excess return -2.33%."
2024-08-01,T,0,0.0,0.5900506137863484,hit,random_forest,target_5d_updown,"Technical state is constructive, with price above the 50-day and 200-day averages. RSI is in a steady zone near 62.5. MACD remains on the bullish side.",No recent matched news was found for this ticker/date.,Relative strength versus the benchmark looked favorable. 1-month excess return 4.54%; 3-month excess return 6.57%; 6-month excess return -2.38%.,"Model view: the setup leaned cautious. Confidence was around 59%. Technical state is constructive, with price above the 50-day and 200-day averages. RSI is in a steady zone near 62.5. MACD remains on the bullish side. No recent matched news was found for this ticker/date. Relative strength versus the benchmark looked favorable. 1-month excess return 4.54%; 3-month excess return 6.57%; 6-month excess return -2.38%."
2024-08-02,T,1,0.0,0.5801499473175092,miss,random_forest,target_5d_updown,"Technical state is constructive, with price above the 50-day and 200-day averages. RSI is in a steady zone near 60.2. MACD remains on the bullish side.",No recent matched news was found for this ticker/date.,Relative strength versus the benchmark looked favorable. 1-month excess return 7.03%; 3-month excess return 9.63%; 6-month excess return -1.58%.,"Model view: the setup leaned cautious. Confidence was around 58%. Technical state is constructive, with price above the 50-day and 200-day averages. RSI is in a steady zone near 60.2. MACD remains on the bullish side. No recent matched news was found for this ticker/date. Relative strength versus the benchmark looked favorable. 1-month excess return 7.03%; 3-month excess return 9.63%; 6-month excess return -1.58%."
2024-08-05,T,1,0.0,0.5254369655978168,miss,random_forest,target_5d_updown,"Technical state is constructive, with price above the 50-day and 200-day averages. RSI is in a steady zone near 51.1. MACD remains on the bearish side.",No recent matched news was found for this ticker/date.,Relative strength versus the benchmark looked favorable. 1-month excess return 7.54%; 3-month excess return 11.11%; 6-month excess return 1.45%.,"Model view: the setup leaned cautious. Confidence was around 53%. Technical state is constructive, with price above the 50-day and 200-day averages. RSI is in a steady zone near 51.1. MACD remains on the bearish side. No recent matched news was found for this ticker/date. Relative strength versus the benchmark looked favorable. 1-month excess return 7.54%; 3-month excess return 11.11%; 6-month excess return 1.45%."
2024-08-06,T,1,0.0,0.6005473538884137,miss,random_forest,target_5d_updown,"Technical state is constructive, with price above the 50-day and 200-day averages. RSI is in a steady zone near 55.5. MACD remains on the bearish side.",No recent matched news was found for this ticker/date.,Relative strength versus the benchmark looked favorable. 1-month excess return 7.98%; 3-month excess return 11.85%; 6-month excess return 2.20%.,"Model view: the setup leaned cautious. Confidence was around 60%. Technical state is constructive, with price above the 50-day and 200-day averages. RSI is in a steady zone near 55.5. MACD remains on the bearish side. No recent matched news was found for this ticker/date. Relative strength versus the benchmark looked favorable. 1-month excess return 7.98%; 3-month excess return 11.85%; 6-month excess return 2.20%."
2024-08-07,T,1,0.0,0.5957820032269219,miss,random_forest,target_5d_updown,"Technical state is constructive, with price above the 50-day and 200-day averages. RSI is in a steady zone near 56.4. MACD remains on the bearish side.",No recent matched news was found for this ticker/date.,Relative strength versus the benchmark looked favorable. 1-month excess return 9.10%; 3-month excess return 12.45%; 6-month excess return 4.34%.,"Model view: the setup leaned cautious. Confidence was around 60%. Technical state is constructive, with price above the 50-day and 200-day averages. RSI is in a steady zone near 56.4. MACD remains on the bearish side. No recent matched news was found for this ticker/date. Relative strength versus the benchmark looked favorable. 1-month excess return 9.10%; 3-month excess return 12.45%; 6-month excess return 4.34%."
2024-08-08,T,0,0.0,0.6407616618045867,hit,random_forest,target_5d_updown,"Technical state is constructive, with price above the 50-day and 200-day averages. RSI is in a steady zone near 58.7. MACD remains on the bullish side.",No recent matched news was found for this ticker/date.,Relative strength versus the benchmark looked favorable. 1-month excess return 8.97%; 3-month excess return 10.79%; 6-month excess return 5.40%.,"Model view: the setup leaned cautious. Confidence was around 64%. Technical state is constructive, with price above the 50-day and 200-day averages. RSI is in a steady zone near 58.7. MACD remains on the bullish side. No recent matched news was found for this ticker/date. Relative strength versus the benchmark looked favorable. 1-month excess return 8.97%; 3-month excess return 10.79%; 6-month excess return 5.40%."
2024-08-09,T,0,0.0,0.662744765505591,hit,random_forest,target_5d_updown,"Technical state is constructive, with price above the 50-day and 200-day averages. RSI is in a steady zone near 60.0. MACD remains on the bullish side.",No recent matched news was found for this ticker/date.,Relative strength versus the benchmark looked favorable. 1-month excess return 7.56%; 3-month excess return 11.01%; 6-month excess return 8.94%.,"Model view: the setup leaned cautious. Confidence was around 66%. Technical state is constructive, with price above the 50-day and 200-day averages. RSI is in a steady zone near 60.0. MACD remains on the bullish side. No recent matched news was found for this ticker/date. Relative strength versus the benchmark looked favorable. 1-month excess return 7.56%; 3-month excess return 11.01%; 6-month excess return 8.94%."
2024-08-12,T,1,0.0,0.6702647860498818,miss,random_forest,target_5d_updown,"Technical state is constructive, with price above the 50-day and 200-day averages. RSI is in a steady zone near 58.7. MACD remains on the bullish side.",No recent matched news was found for this ticker/date.,Relative strength versus the benchmark looked favorable. 1-month excess return 8.05%; 3-month excess return 10.80%; 6-month excess return 9.00%.,"Model view: the setup leaned cautious. Confidence was around 67%. Technical state is constructive, with price above the 50-day and 200-day averages. RSI is in a steady zone near 58.7. MACD remains on the bullish side. No recent matched news was found for this ticker/date. Relative strength versus the benchmark looked favorable. 1-month excess return 8.05%; 3-month excess return 10.80%; 6-month excess return 9.00%."
2024-08-13,T,0,0.0,0.709972043581152,hit,random_forest,target_5d_updown,"Technical state is constructive, with price above the 50-day and 200-day averages. RSI is in a steady zone near 60.1. MACD remains on the bullish side.",No recent matched news was found for this ticker/date.,Relative strength versus the benchmark looked favorable. 1-month excess return 8.53%; 3-month excess return 9.03%; 6-month excess return 6.49%.,"Model view: the setup leaned cautious. Confidence was around 71%. Technical state is constructive, with price above the 50-day and 200-day averages. RSI is in a steady zone near 60.1. MACD remains on the bullish side. No recent matched news was found for this ticker/date. Relative strength versus the benchmark looked favorable. 1-month excess return 8.53%; 3-month excess return 9.03%; 6-month excess return 6.49%."
2024-08-14,T,0,0.0,0.686181874163367,hit,random_forest,target_5d_updown,"Technical state is constructive, with price above the 50-day and 200-day averages. RSI is in a steady zone near 61.9. MACD remains on the bullish side.",No recent matched news was found for this ticker/date.,Relative strength versus the benchmark looked favorable. 1-month excess return 7.84%; 3-month excess return 9.57%; 6-month excess return 6.06%.,"Model view: the setup leaned cautious. Confidence was around 69%. Technical state is constructive, with price above the 50-day and 200-day averages. RSI is in a steady zone near 61.9. MACD remains on the bullish side. No recent matched news was found for this ticker/date. Relative strength versus the benchmark looked favorable. 1-month excess return 7.84%; 3-month excess return 9.57%; 6-month excess return 6.06%."
2024-08-15,T,1,0.0,0.6247618764747098,miss,random_forest,target_5d_updown,"Technical state is constructive, with price above the 50-day and 200-day averages. RSI is in a steady zone near 50.1. MACD remains on the bearish side.",No recent matched news was found for this ticker/date.,Relative strength versus the benchmark looked favorable. 1-month excess return 0.30%; 3-month excess return 5.74%; 6-month excess return 1.96%.,"Model view: the setup leaned cautious. Confidence was around 62%. Technical state is constructive, with price above the 50-day and 200-day averages. RSI is in a steady zone near 50.1. MACD remains on the bearish side. No recent matched news was found for this ticker/date. Relative strength versus the benchmark looked favorable. 1-month excess return 0.30%; 3-month excess return 5.74%; 6-month excess return 1.96%."
2024-08-16,T,1,0.0,0.6387403045802595,miss,random_forest,target_5d_updown,"Technical state is constructive, with price above the 50-day and 200-day averages. RSI is in a steady zone near 54.4. MACD remains on the bearish side.",No recent matched news was found for this ticker/date.,Relative strength versus the benchmark looked favorable. 1-month excess return 0.69%; 3-month excess return 6.96%; 6-month excess return 2.75%.,"Model view: the setup leaned cautious. Confidence was around 64%. Technical state is constructive, with price above the 50-day and 200-day averages. RSI is in a steady zone near 54.4. MACD remains on the bearish side. No recent matched news was found for this ticker/date. Relative strength versus the benchmark looked favorable. 1-month excess return 0.69%; 3-month excess return 6.96%; 6-month excess return 2.75%."
2024-08-19,T,1,0.0,0.6943649588878094,miss,random_forest,target_5d_updown,"Technical state is constructive, with price above the 50-day and 200-day averages. RSI is in a steady zone near 56.9. MACD remains on the bearish side.",No recent matched news was found for this ticker/date.,Relative strength versus the benchmark looked favorable. 1-month excess return -0.01%; 3-month excess return 6.33%; 6-month excess return 2.80%.,"Model view: the setup leaned cautious. Confidence was around 69%. Technical state is constructive, with price above the 50-day and 200-day averages. RSI is in a steady zone near 56.9. MACD remains on the bearish side. No recent matched news was found for this ticker/date. Relative strength versus the benchmark looked favorable. 1-month excess return -0.01%; 3-month excess return 6.33%; 6-month excess return 2.80%."
2024-08-20,T,1,0.0,0.6943458200251336,miss,random_forest,target_5d_updown,"Technical state is constructive, with price above the 50-day and 200-day averages. RSI is in a steady zone near 56.9. MACD remains on the bearish side.",No recent matched news was found for this ticker/date.,Relative strength versus the benchmark looked favorable. 1-month excess return 4.34%; 3-month excess return 5.84%; 6-month excess return 2.77%.,"Model view: the setup leaned cautious. Confidence was around 69%. Technical state is constructive, with price above the 50-day and 200-day averages. RSI is in a steady zone near 56.9. MACD remains on the bearish side. No recent matched news was found for this ticker/date. Relative strength versus the benchmark looked favorable. 1-month excess return 4.34%; 3-month excess return 5.84%; 6-month excess return 2.77%."
2024-08-21,T,1,0.0,0.6810977299955799,miss,random_forest,target_5d_updown,"Technical state is constructive, with price above the 50-day and 200-day averages. RSI is in a steady zone near 57.7. MACD remains on the bearish side.",No recent matched news was found for this ticker/date.,Relative strength versus the benchmark looked favorable. 1-month excess return 6.05%; 3-month excess return 7.65%; 6-month excess return 2.18%.,"Model view: the setup leaned cautious. Confidence was around 68%. Technical state is constructive, with price above the 50-day and 200-day averages. RSI is in a steady zone near 57.7. MACD remains on the bearish side. No recent matched news was found for this ticker/date. Relative strength versus the benchmark looked favorable. 1-month excess return 6.05%; 3-month excess return 7.65%; 6-month excess return 2.18%."
2024-08-22,T,1,0.0,0.6827678469612083,miss,random_forest,target_5d_updown,"Technical state is constructive, with price above the 50-day and 200-day averages. RSI is in a steady zone near 57.0. MACD remains on the bearish side.",No recent matched news was found for this ticker/date.,Relative strength versus the benchmark looked favorable. 1-month excess return -0.96%; 3-month excess return 6.54%; 6-month excess return 8.05%.,"Model view: the setup leaned cautious. Confidence was around 68%. Technical state is constructive, with price above the 50-day and 200-day averages. RSI is in a steady zone near 57.0. MACD remains on the bearish side. No recent matched news was found for this ticker/date. Relative strength versus the benchmark looked favorable. 1-month excess return -0.96%; 3-month excess return 6.54%; 6-month excess return 8.05%."
2024-08-23,T,1,0.0,0.6729292042637822,miss,random_forest,target_5d_updown,"Technical state is constructive, with price above the 50-day and 200-day averages. RSI is in a steady zone near 61.0. MACD remains on the bullish side.",No recent matched news was found for this ticker/date.,Relative strength versus the benchmark looked favorable. 1-month excess return -1.61%; 3-month excess return 6.06%; 6-month excess return 6.75%.,"Model view: the setup leaned cautious. Confidence was around 67%. Technical state is constructive, with price above the 50-day and 200-day averages. RSI is in a steady zone near 61.0. MACD remains on the bullish side. No recent matched news was found for this ticker/date. Relative strength versus the benchmark looked favorable. 1-month excess return -1.61%; 3-month excess return 6.06%; 6-month excess return 6.75%."
2024-08-26,T,1,0.0,0.6894524865240388,miss,random_forest,target_5d_updown,"Technical state is constructive, with price above the 50-day and 200-day averages. RSI is in a steady zone near 61.5. MACD remains on the bullish side.",No recent matched news was found for this ticker/date.,Relative strength versus the benchmark looked favorable. 1-month excess return 0.94%; 3-month excess return 7.03%; 6-month excess return 8.22%.,"Model view: the setup leaned cautious. Confidence was around 69%. Technical state is constructive, with price above the 50-day and 200-day averages. RSI is in a steady zone near 61.5. MACD remains on the bullish side. No recent matched news was found for this ticker/date. Relative strength versus the benchmark looked favorable. 1-month excess return 0.94%; 3-month excess return 7.03%; 6-month excess return 8.22%."
2024-08-27,T,1,0.0,0.6806429176102838,miss,random_forest,target_5d_updown,"Technical state is constructive, with price above the 50-day and 200-day averages. RSI is in a steady zone near 58.4. MACD remains on the bullish side.",No recent matched news was found for this ticker/date.,Relative strength versus the benchmark looked favorable. 1-month excess return 0.90%; 3-month excess return 7.84%; 6-month excess return 5.99%.,"Model view: the setup leaned cautious. Confidence was around 68%. Technical state is constructive, with price above the 50-day and 200-day averages. RSI is in a steady zone near 58.4. MACD remains on the bullish side. No recent matched news was found for this ticker/date. Relative strength versus the benchmark looked favorable. 1-month excess return 0.90%; 3-month excess return 7.84%; 6-month excess return 5.99%."
2024-08-28,T,1,0.0,0.672183625659629,miss,random_forest,target_5d_updown,"Technical state is constructive, with price above the 50-day and 200-day averages. RSI is in a steady zone near 61.6. MACD remains on the bullish side.",No recent matched news was found for this ticker/date.,Relative strength versus the benchmark looked favorable. 1-month excess return 1.40%; 3-month excess return 9.68%; 6-month excess return 6.56%.,"Model view: the setup leaned cautious. Confidence was around 67%. Technical state is constructive, with price above the 50-day and 200-day averages. RSI is in a steady zone near 61.6. MACD remains on the bullish side. No recent matched news was found for this ticker/date. Relative strength versus the benchmark looked favorable. 1-month excess return 1.40%; 3-month excess return 9.68%; 6-month excess return 6.56%."
2024-08-29,T,1,0.0,0.6900776539668915,miss,random_forest,target_5d_updown,"Technical state is constructive, with price above the 50-day and 200-day averages. RSI is in a steady zone near 59.8. MACD remains on the bullish side.",No recent matched news was found for this ticker/date.,Relative strength versus the benchmark looked favorable. 1-month excess return 1.21%; 3-month excess return 5.32%; 6-month excess return 6.80%.,"Model view: the setup leaned cautious. Confidence was around 69%. Technical state is constructive, with price above the 50-day and 200-day averages. RSI is in a steady zone near 59.8. MACD remains on the bullish side. No recent matched news was found for this ticker/date. Relative strength versus the benchmark looked favorable. 1-month excess return 1.21%; 3-month excess return 5.32%; 6-month excess return 6.80%."
2024-08-30,T,1,0.0,0.6881733504344393,miss,random_forest,target_5d_updown,"Technical state is constructive, with price above the 50-day and 200-day averages. RSI is in a steady zone near 62.5. MACD remains on the bullish side.",No recent matched news was found for this ticker/date.,Relative strength versus the benchmark looked favorable. 1-month excess return -1.60%; 3-month excess return 2.32%; 6-month excess return 7.31%.,"Model view: the setup leaned cautious. Confidence was around 69%. Technical state is constructive, with price above the 50-day and 200-day averages. RSI is in a steady zone near 62.5. MACD remains on the bullish side. No recent matched news was found for this ticker/date. Relative strength versus the benchmark looked favorable. 1-month excess return -1.60%; 3-month excess return 2.32%; 6-month excess return 7.31%."
2024-09-03,T,1,0.0,0.6786246248162692,miss,random_forest,target_5d_updown,"Technical state is constructive, with price above the 50-day and 200-day averages. RSI is elevated near 70.5, so chasing strength may add risk. MACD remains on the bullish side.",No recent matched news was found for this ticker/date.,Relative strength versus the benchmark looked favorable. 1-month excess return 1.87%; 3-month excess return 8.82%; 6-month excess return 13.82%.,"Model view: the setup leaned cautious. Confidence was around 68%. Technical state is constructive, with price above the 50-day and 200-day averages. RSI is elevated near 70.5, so chasing strength may add risk. MACD remains on the bullish side. No recent matched news was found for this ticker/date. Relative strength versus the benchmark looked favorable. 1-month excess return 1.87%; 3-month excess return 8.82%; 6-month excess return 13.82%."
2024-09-04,T,1,0.0,0.7256681861432301,miss,random_forest,target_5d_updown,"Technical state is constructive, with price above the 50-day and 200-day averages. RSI is elevated near 72.2, so chasing strength may add risk. MACD remains on the bullish side.",No recent matched news was found for this ticker/date.,Relative strength versus the benchmark looked favorable. 1-month excess return 2.23%; 3-month excess return 7.87%; 6-month excess return 11.19%.,"Model view: the setup leaned cautious. Confidence was around 73%. Technical state is constructive, with price above the 50-day and 200-day averages. RSI is elevated near 72.2, so chasing strength may add risk. MACD remains on the bullish side. No recent matched news was found for this ticker/date. Relative strength versus the benchmark looked favorable. 1-month excess return 2.23%; 3-month excess return 7.87%; 6-month excess return 11.19%."
2024-09-05,T,1,0.0,0.7387995013696758,miss,random_forest,target_5d_updown,"Technical state is constructive, with price above the 50-day and 200-day averages. RSI is elevated near 73.2, so chasing strength may add risk. MACD remains on the bullish side.",No recent matched news was found for this ticker/date.,Relative strength versus the benchmark looked favorable. 1-month excess return 2.38%; 3-month excess return 10.10%; 6-month excess return 12.42%.,"Model view: the setup leaned cautious. Confidence was around 74%. Technical state is constructive, with price above the 50-day and 200-day averages. RSI is elevated near 73.2, so chasing strength may add risk. MACD remains on the bullish side. No recent matched news was found for this ticker/date. Relative strength versus the benchmark looked favorable. 1-month excess return 2.38%; 3-month excess return 10.10%; 6-month excess return 12.42%."
2024-09-06,T,1,0.0,0.7133952941355248,miss,random_forest,target_5d_updown,"Technical state is constructive, with price above the 50-day and 200-day averages. RSI is elevated near 76.6, so chasing strength may add risk. MACD remains on the bullish side.",No recent matched news was found for this ticker/date.,Relative strength versus the benchmark looked favorable. 1-month excess return 4.73%; 3-month excess return 13.66%; 6-month excess return 18.05%.,"Model view: the setup leaned cautious. Confidence was around 71%. Technical state is constructive, with price above the 50-day and 200-day averages. RSI is elevated near 76.6, so chasing strength may add risk. MACD remains on the bullish side. No recent matched news was found for this ticker/date. Relative strength versus the benchmark looked favorable. 1-month excess return 4.73%; 3-month excess return 13.66%; 6-month excess return 18.05%."
2024-09-09,T,1,0.0,0.6940004549252212,miss,random_forest,target_5d_updown,"Technical state is constructive, with price above the 50-day and 200-day averages. RSI is elevated near 81.0, so chasing strength may add risk. MACD remains on the bullish side.",No recent matched news was found for this ticker/date.,Relative strength versus the benchmark looked favorable. 1-month excess return 7.85%; 3-month excess return 16.46%; 6-month excess return 18.23%.,"Model view: the setup leaned cautious. Confidence was around 69%. Technical state is constructive, with price above the 50-day and 200-day averages. RSI is elevated near 81.0, so chasing strength may add risk. MACD remains on the bullish side. No recent matched news was found for this ticker/date. Relative strength versus the benchmark looked favorable. 1-month excess return 7.85%; 3-month excess return 16.46%; 6-month excess return 18.23%."
2024-09-10,T,1,0.0,0.6999293127018258,miss,random_forest,target_5d_updown,"Technical state is constructive, with price above the 50-day and 200-day averages. RSI is elevated near 82.4, so chasing strength may add risk. MACD remains on the bullish side.",No recent matched news was found for this ticker/date.,Relative strength versus the benchmark looked favorable. 1-month excess return 8.43%; 3-month excess return 19.14%; 6-month excess return 17.98%.,"Model view: the setup leaned cautious. Confidence was around 70%. Technical state is constructive, with price above the 50-day and 200-day averages. RSI is elevated near 82.4, so chasing strength may add risk. MACD remains on the bullish side. No recent matched news was found for this ticker/date. Relative strength versus the benchmark looked favorable. 1-month excess return 8.43%; 3-month excess return 19.14%; 6-month excess return 17.98%."
2024-09-11,T,1,0.0,0.7220119232506296,miss,random_forest,target_5d_updown,"Technical state is constructive, with price above the 50-day and 200-day averages. RSI is elevated near 75.0, so chasing strength may add risk. MACD remains on the bullish side.",No recent matched news was found for this ticker/date.,Relative strength versus the benchmark looked favorable. 1-month excess return 6.44%; 3-month excess return 16.87%; 6-month excess return 17.46%.,"Model view: the setup leaned cautious. Confidence was around 72%. Technical state is constructive, with price above the 50-day and 200-day averages. RSI is elevated near 75.0, so chasing strength may add risk. MACD remains on the bullish side. No recent matched news was found for this ticker/date. Relative strength versus the benchmark looked favorable. 1-month excess return 6.44%; 3-month excess return 16.87%; 6-month excess return 17.46%."
2024-09-12,T,0,0.0,0.7599458214982242,hit,random_forest,target_5d_updown,"Technical state is constructive, with price above the 50-day and 200-day averages. RSI is elevated near 76.2, so chasing strength may add risk. MACD remains on the bullish side.",No recent matched news was found for this ticker/date.,Relative strength versus the benchmark looked favorable. 1-month excess return 7.47%; 3-month excess return 19.35%; 6-month excess return 17.26%.,"Model view: the setup leaned cautious. Confidence was around 76%. Technical state is constructive, with price above the 50-day and 200-day averages. RSI is elevated near 76.2, so chasing strength may add risk. MACD remains on the bullish side. No recent matched news was found for this ticker/date. Relative strength versus the benchmark looked favorable. 1-month excess return 7.47%; 3-month excess return 19.35%; 6-month excess return 17.26%."
2024-09-13,T,0,0.0,0.7711010257370823,hit,random_forest,target_5d_updown,"Technical state is constructive, with price above the 50-day and 200-day averages. RSI is elevated near 76.7, so chasing strength may add risk. MACD remains on the bullish side. Volatility is relatively contained at roughly 14.9%.",No recent matched news was found for this ticker/date.,Relative strength versus the benchmark looked favorable. 1-month excess return 6.88%; 3-month excess return 18.86%; 6-month excess return 18.07%.,"Model view: the setup leaned cautious. Confidence was around 77%. Technical state is constructive, with price above the 50-day and 200-day averages. RSI is elevated near 76.7, so chasing strength may add risk. MACD remains on the bullish side. Volatility is relatively contained at roughly 14.9%. No recent matched news was found for this ticker/date. Relative strength versus the benchmark looked favorable. 1-month excess return 6.88%; 3-month excess return 18.86%; 6-month excess return 18.07%."
2024-09-16,T,0,0.0,0.7386381746867902,hit,random_forest,target_5d_updown,"Technical state is constructive, with price above the 50-day and 200-day averages. RSI is elevated near 81.4, so chasing strength may add risk. MACD remains on the bullish side.",No recent matched news was found for this ticker/date.,Relative strength versus the benchmark looked favorable. 1-month excess return 14.89%; 3-month excess return 22.57%; 6-month excess return 20.54%.,"Model view: the setup leaned cautious. Confidence was around 74%. Technical state is constructive, with price above the 50-day and 200-day averages. RSI is elevated near 81.4, so chasing strength may add risk. MACD remains on the bullish side. No recent matched news was found for this ticker/date. Relative strength versus the benchmark looked favorable. 1-month excess return 14.89%; 3-month excess return 22.57%; 6-month excess return 20.54%."
2024-09-17,T,0,0.0,0.7752151498680996,hit,random_forest,target_5d_updown,"Technical state is constructive, with price above the 50-day and 200-day averages. MACD remains on the bullish side.",No recent matched news was found for this ticker/date.,Relative strength versus the benchmark looked favorable. 1-month excess return 11.02%; 3-month excess return 20.35%; 6-month excess return 16.46%.,"Model view: the setup leaned cautious. Confidence was around 78%. Technical state is constructive, with price above the 50-day and 200-day averages. MACD remains on the bullish side. No recent matched news was found for this ticker/date. Relative strength versus the benchmark looked favorable. 1-month excess return 11.02%; 3-month excess return 20.35%; 6-month excess return 16.46%."
2024-09-18,T,0,0.0,0.8171915053316156,hit,random_forest,target_5d_updown,"Technical state is constructive, with price above the 50-day and 200-day averages. MACD remains on the bullish side.",No recent matched news was found for this ticker/date.,Relative strength versus the benchmark looked favorable. 1-month excess return 11.19%; 3-month excess return 18.08%; 6-month excess return 18.08%.,"Model view: the setup leaned cautious. Confidence was around 82%. Technical state is constructive, with price above the 50-day and 200-day averages. MACD remains on the bullish side. No recent matched news was found for this ticker/date. Relative strength versus the benchmark looked favorable. 1-month excess return 11.19%; 3-month excess return 18.08%; 6-month excess return 18.08%."
2024-09-19,T,1,0.0,0.7718127787911305,miss,random_forest,target_5d_updown,"Technical state is constructive, with price above the 50-day and 200-day averages. RSI is in a steady zone near 61.0. MACD remains on the bullish side.",No recent matched news was found for this ticker/date.,Relative strength versus the benchmark looked favorable. 1-month excess return 7.37%; 3-month excess return 13.57%; 6-month excess return 14.70%.,"Model view: the setup leaned cautious. Confidence was around 77%. Technical state is constructive, with price above the 50-day and 200-day averages. RSI is in a steady zone near 61.0. MACD remains on the bullish side. No recent matched news was found for this ticker/date. Relative strength versus the benchmark looked favorable. 1-month excess return 7.37%; 3-month excess return 13.57%; 6-month excess return 14.70%."
2024-09-20,T,1,0.0,0.807520612889537,miss,random_forest,target_5d_updown,"Technical state is constructive, with price above the 50-day and 200-day averages. RSI is in a steady zone near 63.1. MACD remains on the bullish side.",No recent matched news was found for this ticker/date.,Relative strength versus the benchmark looked favorable. 1-month excess return 8.57%; 3-month excess return 12.66%; 6-month excess return 16.69%.,"Model view: the setup leaned cautious. Confidence was around 81%. Technical state is constructive, with price above the 50-day and 200-day averages. RSI is in a steady zone near 63.1. MACD remains on the bullish side. No recent matched news was found for this ticker/date. Relative strength versus the benchmark looked favorable. 1-month excess return 8.57%; 3-month excess return 12.66%; 6-month excess return 16.69%."
2024-09-23,T,1,0.0,0.7830084808684389,miss,random_forest,target_5d_updown,"Technical state is constructive, with price above the 50-day and 200-day averages. RSI is in a steady zone near 62.1. MACD remains on the bearish side.",No recent matched news was found for this ticker/date.,Relative strength versus the benchmark looked favorable. 1-month excess return 7.40%; 3-month excess return 10.28%; 6-month excess return 16.96%.,"Model view: the setup leaned cautious. Confidence was around 78%. Technical state is constructive, with price above the 50-day and 200-day averages. RSI is in a steady zone near 62.1. MACD remains on the bearish side. No recent matched news was found for this ticker/date. Relative strength versus the benchmark looked favorable. 1-month excess return 7.40%; 3-month excess return 10.28%; 6-month excess return 16.96%."
2024-09-24,T,1,0.0,0.7913934177956152,miss,random_forest,target_5d_updown,"Technical state is constructive, with price above the 50-day and 200-day averages. RSI is in a steady zone near 63.4. MACD remains on the bearish side.",No recent matched news was found for this ticker/date.,Relative strength versus the benchmark looked favorable. 1-month excess return 7.49%; 3-month excess return 10.71%; 6-month excess return 15.91%.,"Model view: the setup leaned cautious. Confidence was around 79%. Technical state is constructive, with price above the 50-day and 200-day averages. RSI is in a steady zone near 63.4. MACD remains on the bearish side. No recent matched news was found for this ticker/date. Relative strength versus the benchmark looked favorable. 1-month excess return 7.49%; 3-month excess return 10.71%; 6-month excess return 15.91%."
2024-09-25,T,1,0.0,0.7920371365403237,miss,random_forest,target_5d_updown,"Technical state is constructive, with price above the 50-day and 200-day averages. RSI is in a steady zone near 62.7. MACD remains on the bearish side.",No recent matched news was found for this ticker/date.,Relative strength versus the benchmark looked favorable. 1-month excess return 7.13%; 3-month excess return 10.44%; 6-month excess return 15.21%.,"Model view: the setup leaned cautious. Confidence was around 79%. Technical state is constructive, with price above the 50-day and 200-day averages. RSI is in a steady zone near 62.7. MACD remains on the bearish side. No recent matched news was found for this ticker/date. Relative strength versus the benchmark looked favorable. 1-month excess return 7.13%; 3-month excess return 10.44%; 6-month excess return 15.21%."
2024-09-26,T,1,0.0,0.7985950448015491,miss,random_forest,target_5d_updown,"Technical state is constructive, with price above the 50-day and 200-day averages. RSI is in a steady zone near 63.9. MACD remains on the bearish side.",No recent matched news was found for this ticker/date.,Relative strength versus the benchmark looked favorable. 1-month excess return 7.93%; 3-month excess return 10.73%; 6-month excess return 13.60%.,"Model view: the setup leaned cautious. Confidence was around 80%. Technical state is constructive, with price above the 50-day and 200-day averages. RSI is in a steady zone near 63.9. MACD remains on the bearish side. No recent matched news was found for this ticker/date. Relative strength versus the benchmark looked favorable. 1-month excess return 7.93%; 3-month excess return 10.73%; 6-month excess return 13.60%."
2024-09-27,T,1,0.0,0.7722983034257453,miss,random_forest,target_5d_updown,"Technical state is constructive, with price above the 50-day and 200-day averages. MACD remains on the bearish side.",No recent matched news was found for this ticker/date.,Relative strength versus the benchmark looked favorable. 1-month excess return 8.11%; 3-month excess return 9.55%; 6-month excess return 15.14%.,"Model view: the setup leaned cautious. Confidence was around 77%. Technical state is constructive, with price above the 50-day and 200-day averages. MACD remains on the bearish side. No recent matched news was found for this ticker/date. Relative strength versus the benchmark looked favorable. 1-month excess return 8.11%; 3-month excess return 9.55%; 6-month excess return 15.14%."
2024-09-30,T,0,0.0,0.7648448192000571,hit,random_forest,target_5d_updown,"Technical state is constructive, with price above the 50-day and 200-day averages. MACD remains on the bearish side.",No recent matched news was found for this ticker/date.,Relative strength versus the benchmark looked favorable. 1-month excess return 8.52%; 3-month excess return 10.65%; 6-month excess return 15.80%.,"Model view: the setup leaned cautious. Confidence was around 76%. Technical state is constructive, with price above the 50-day and 200-day averages. MACD remains on the bearish side. No recent matched news was found for this ticker/date. Relative strength versus the benchmark looked favorable. 1-month excess return 8.52%; 3-month excess return 10.65%; 6-month excess return 15.80%."
2024-10-01,T,0,0.0,0.7917942765855983,hit,random_forest,target_5d_updown,"Technical state is constructive, with price above the 50-day and 200-day averages. RSI is elevated near 70.0, so chasing strength may add risk. MACD remains on the bearish side.",No recent matched news was found for this ticker/date.,Relative strength versus the benchmark looked favorable. 1-month excess return 10.30%; 3-month excess return 13.98%; 6-month excess return 16.71%.,"Model view: the setup leaned cautious. Confidence was around 79%. Technical state is constructive, with price above the 50-day and 200-day averages. RSI is elevated near 70.0, so chasing strength may add risk. MACD remains on the bearish side. No recent matched news was found for this ticker/date. Relative strength versus the benchmark looked favorable. 1-month excess return 10.30%; 3-month excess return 13.98%; 6-month excess return 16.71%."
2024-10-02,T,0,0.0,0.7782688946014983,hit,random_forest,target_5d_updown,"Technical state is constructive, with price above the 50-day and 200-day averages. RSI is elevated near 70.8, so chasing strength may add risk. MACD remains on the bearish side.",No recent matched news was found for this ticker/date.,Relative strength versus the benchmark looked favorable. 1-month excess return 5.61%; 3-month excess return 15.63%; 6-month excess return 16.48%.,"Model view: the setup leaned cautious. Confidence was around 78%. Technical state is constructive, with price above the 50-day and 200-day averages. RSI is elevated near 70.8, so chasing strength may add risk. MACD remains on the bearish side. No recent matched news was found for this ticker/date. Relative strength versus the benchmark looked favorable. 1-month excess return 5.61%; 3-month excess return 15.63%; 6-month excess return 16.48%."
2024-10-03,T,0,0.0,0.7860275420963007,hit,random_forest,target_5d_updown,"Technical state is constructive, with price above the 50-day and 200-day averages. MACD remains on the bearish side.",No recent matched news was found for this ticker/date.,Relative strength versus the benchmark looked favorable. 1-month excess return 4.13%; 3-month excess return 15.12%; 6-month excess return 14.82%.,"Model view: the setup leaned cautious. Confidence was around 79%. Technical state is constructive, with price above the 50-day and 200-day averages. MACD remains on the bearish side. No recent matched news was found for this ticker/date. Relative strength versus the benchmark looked favorable. 1-month excess return 4.13%; 3-month excess return 15.12%; 6-month excess return 14.82%."
2024-10-04,T,0,0.0,0.75898105550971,hit,random_forest,target_5d_updown,"Technical state is constructive, with price above the 50-day and 200-day averages. RSI is in a steady zone near 62.8. MACD remains on the bearish side.",No recent matched news was found for this ticker/date.,Relative strength versus the benchmark looked favorable. 1-month excess return 1.82%; 3-month excess return 13.28%; 6-month excess return 15.25%.,"Model view: the setup leaned cautious. Confidence was around 76%. Technical state is constructive, with price above the 50-day and 200-day averages. RSI is in a steady zone near 62.8. MACD remains on the bearish side. No recent matched news was found for this ticker/date. Relative strength versus the benchmark looked favorable. 1-month excess return 1.82%; 3-month excess return 13.28%; 6-month excess return 15.25%."
2024-10-07,T,0,0.0,0.7726877767571234,hit,random_forest,target_5d_updown,"Technical state is constructive, with price above the 50-day and 200-day averages. RSI is in a steady zone near 59.3. MACD remains on the bearish side.",No recent matched news was found for this ticker/date.,Relative strength versus the benchmark looked favorable. 1-month excess return -1.23%; 3-month excess return 13.69%; 6-month excess return 16.77%.,"Model view: the setup leaned cautious. Confidence was around 77%. Technical state is constructive, with price above the 50-day and 200-day averages. RSI is in a steady zone near 59.3. MACD remains on the bearish side. No recent matched news was found for this ticker/date. Relative strength versus the benchmark looked favorable. 1-month excess return -1.23%; 3-month excess return 13.69%; 6-month excess return 16.77%."
2024-10-08,T,0,0.0,0.7507398339518473,hit,random_forest,target_5d_updown,"Technical state is constructive, with price above the 50-day and 200-day averages. RSI is in a steady zone near 60.8. MACD remains on the bearish side.",No recent matched news was found for this ticker/date.,Relative strength versus the benchmark looked favorable. 1-month excess return -3.23%; 3-month excess return 14.51%; 6-month excess return 18.96%.,"Model view: the setup leaned cautious. Confidence was around 75%. Technical state is constructive, with price above the 50-day and 200-day averages. RSI is in a steady zone near 60.8. MACD remains on the bearish side. No recent matched news was found for this ticker/date. Relative strength versus the benchmark looked favorable. 1-month excess return -3.23%; 3-month excess return 14.51%; 6-month excess return 18.96%."
2024-10-09,T,0,0.0,0.7592146737967042,hit,random_forest,target_5d_updown,"Technical state is constructive, with price above the 50-day and 200-day averages. RSI is in a steady zone near 62.0. MACD remains on the bearish side.",No recent matched news was found for this ticker/date.,Relative strength versus the benchmark looked favorable. 1-month excess return -4.17%; 3-month excess return 12.55%; 6-month excess return 18.85%.,"Model view: the setup leaned cautious. Confidence was around 76%. Technical state is constructive, with price above the 50-day and 200-day averages. RSI is in a steady zone near 62.0. MACD remains on the bearish side. No recent matched news was found for this ticker/date. Relative strength versus the benchmark looked favorable. 1-month excess return -4.17%; 3-month excess return 12.55%; 6-month excess return 18.85%."
2024-10-10,T,1,0.0,0.6814073052239401,miss,random_forest,target_5d_updown,"Technical state is constructive, with price above the 50-day and 200-day averages. MACD remains on the bearish side.",No recent matched news was found for this ticker/date.,Relative strength versus the benchmark looked favorable. 1-month excess return -5.02%; 3-month excess return 9.90%; 6-month excess return 17.99%.,"Model view: the setup leaned cautious. Confidence was around 68%. Technical state is constructive, with price above the 50-day and 200-day averages. MACD remains on the bearish side. No recent matched news was found for this ticker/date. Relative strength versus the benchmark looked favorable. 1-month excess return -5.02%; 3-month excess return 9.90%; 6-month excess return 17.99%."
2024-10-11,T,1,0.0,0.7463560522592148,miss,random_forest,target_5d_updown,"Technical state is constructive, with price above the 50-day and 200-day averages. MACD remains on the bearish side.",No recent matched news was found for this ticker/date.,Relative strength versus the benchmark looked favorable. 1-month excess return -4.69%; 3-month excess return 11.80%; 6-month excess return 17.58%.,"Model view: the setup leaned cautious. Confidence was around 75%. Technical state is constructive, with price above the 50-day and 200-day averages. MACD remains on the bearish side. No recent matched news was found for this ticker/date. Relative strength versus the benchmark looked favorable. 1-month excess return -4.69%; 3-month excess return 11.80%; 6-month excess return 17.58%."
2024-10-14,T,1,0.0,0.6884666603909185,miss,random_forest,target_5d_updown,"Technical state is constructive, with price above the 50-day and 200-day averages. MACD remains on the bearish side.",No recent matched news was found for this ticker/date.,Relative strength versus the benchmark looked favorable. 1-month excess return -5.72%; 3-month excess return 9.31%; 6-month excess return 15.07%.,"Model view: the setup leaned cautious. Confidence was around 69%. Technical state is constructive, with price above the 50-day and 200-day averages. MACD remains on the bearish side. No recent matched news was found for this ticker/date. Relative strength versus the benchmark looked favorable. 1-month excess return -5.72%; 3-month excess return 9.31%; 6-month excess return 15.07%."
2024-10-15,T,0,0.0,0.6979525143843657,hit,random_forest,target_5d_updown,"Technical state is constructive, with price above the 50-day and 200-day averages. RSI is in a steady zone near 51.8. MACD remains on the bearish side.",No recent matched news was found for this ticker/date.,Relative strength versus the benchmark looked favorable. 1-month excess return -6.43%; 3-month excess return 8.12%; 6-month excess return 18.52%.,"Model view: the setup leaned cautious. Confidence was around 70%. Technical state is constructive, with price above the 50-day and 200-day averages. RSI is in a steady zone near 51.8. MACD remains on the bearish side. No recent matched news was found for this ticker/date. Relative strength versus the benchmark looked favorable. 1-month excess return -6.43%; 3-month excess return 8.12%; 6-month excess return 18.52%."
2024-10-16,T,1,0.0,0.7045963617736369,miss,random_forest,target_5d_updown,"Technical state is constructive, with price above the 50-day and 200-day averages. RSI is in a steady zone near 55.4. MACD remains on the bearish side.",No recent matched news was found for this ticker/date.,Relative strength versus the benchmark looked favorable. 1-month excess return -3.73%; 3-month excess return 8.00%; 6-month excess return 18.32%.,"Model view: the setup leaned cautious. Confidence was around 70%. Technical state is constructive, with price above the 50-day and 200-day averages. RSI is in a steady zone near 55.4. MACD remains on the bearish side. No recent matched news was found for this ticker/date. Relative strength versus the benchmark looked favorable. 1-month excess return -3.73%; 3-month excess return 8.00%; 6-month excess return 18.32%."
2024-10-17,T,1,0.0,0.6984152135262789,miss,random_forest,target_5d_updown,"Technical state is constructive, with price above the 50-day and 200-day averages. RSI is in a steady zone near 55.8. MACD remains on the bearish side.",No recent matched news was found for this ticker/date.,Relative strength versus the benchmark looked favorable. 1-month excess return -3.76%; 3-month excess return 7.56%; 6-month excess return 16.43%.,"Model view: the setup leaned cautious. Confidence was around 70%. Technical state is constructive, with price above the 50-day and 200-day averages. RSI is in a steady zone near 55.8. MACD remains on the bearish side. No recent matched news was found for this ticker/date. Relative strength versus the benchmark looked favorable. 1-month excess return -3.76%; 3-month excess return 7.56%; 6-month excess return 16.43%."
2024-10-18,T,0,0.0,0.6940191863503965,hit,random_forest,target_5d_updown,"Technical state is constructive, with price above the 50-day and 200-day averages. RSI is in a steady zone near 58.0. MACD remains on the bearish side.",No recent matched news was found for this ticker/date.,Relative strength versus the benchmark looked favorable. 1-month excess return -0.08%; 3-month excess return 12.38%; 6-month excess return 14.27%.,"Model view: the setup leaned cautious. Confidence was around 69%. Technical state is constructive, with price above the 50-day and 200-day averages. RSI is in a steady zone near 58.0. MACD remains on the bearish side. No recent matched news was found for this ticker/date. Relative strength versus the benchmark looked favorable. 1-month excess return -0.08%; 3-month excess return 12.38%; 6-month excess return 14.27%."
2024-10-21,T,1,0.0,0.6907059450120694,miss,random_forest,target_5d_updown,"Technical state is constructive, with price above the 50-day and 200-day averages. RSI is in a steady zone near 53.5. MACD remains on the bearish side.",No recent matched news was found for this ticker/date.,Relative strength versus the benchmark looked favorable. 1-month excess return -1.86%; 3-month excess return 13.52%; 6-month excess return 15.92%.,"Model view: the setup leaned cautious. Confidence was around 69%. Technical state is constructive, with price above the 50-day and 200-day averages. RSI is in a steady zone near 53.5. MACD remains on the bearish side. No recent matched news was found for this ticker/date. Relative strength versus the benchmark looked favorable. 1-month excess return -1.86%; 3-month excess return 13.52%; 6-month excess return 15.92%."
2024-10-22,T,1,0.0,0.6856689824466877,miss,random_forest,target_5d_updown,"Technical state is constructive, with price above the 50-day and 200-day averages. MACD remains on the bearish side.",No recent matched news was found for this ticker/date.,Relative strength versus the benchmark looked favorable. 1-month excess return -2.05%; 3-month excess return 4.40%; 6-month excess return 14.96%.,"Model view: the setup leaned cautious. Confidence was around 69%. Technical state is constructive, with price above the 50-day and 200-day averages. MACD remains on the bearish side. No recent matched news was found for this ticker/date. Relative strength versus the benchmark looked favorable. 1-month excess return -2.05%; 3-month excess return 4.40%; 6-month excess return 14.96%."
2024-10-23,T,0,0.0,0.640607923450636,hit,random_forest,target_5d_updown,"Technical state is constructive, with price above the 50-day and 200-day averages. MACD remains on the bearish side.",No recent matched news was found for this ticker/date.,Relative strength versus the benchmark looked favorable. 1-month excess return 3.30%; 3-month excess return 9.82%; 6-month excess return 19.41%.,"Model view: the setup leaned cautious. Confidence was around 64%. Technical state is constructive, with price above the 50-day and 200-day averages. MACD remains on the bearish side. No recent matched news was found for this ticker/date. Relative strength versus the benchmark looked favorable. 1-month excess return 3.30%; 3-month excess return 9.82%; 6-month excess return 19.41%."
2024-10-24,T,1,0.0,0.6715487543138815,miss,random_forest,target_5d_updown,"Technical state is constructive, with price above the 50-day and 200-day averages. RSI is in a steady zone near 59.5. MACD remains on the bullish side.",No recent matched news was found for this ticker/date.,Relative strength versus the benchmark looked favorable. 1-month excess return 1.66%; 3-month excess return 10.36%; 6-month excess return 18.79%.,"Model view: the setup leaned cautious. Confidence was around 67%. Technical state is constructive, with price above the 50-day and 200-day averages. RSI is in a steady zone near 59.5. MACD remains on the bullish side. No recent matched news was found for this ticker/date. Relative strength versus the benchmark looked favorable. 1-month excess return 1.66%; 3-month excess return 10.36%; 6-month excess return 18.79%."
2024-10-25,T,1,0.0,0.655773396959771,miss,random_forest,target_5d_updown,"Technical state is constructive, with price above the 50-day and 200-day averages. RSI is in a steady zone near 53.1. MACD remains on the bearish side.",No recent matched news was found for this ticker/date.,Relative strength versus the benchmark looked favorable. 1-month excess return -0.03%; 3-month excess return 9.20%; 6-month excess return 16.41%.,"Model view: the setup leaned cautious. Confidence was around 66%. Technical state is constructive, with price above the 50-day and 200-day averages. RSI is in a steady zone near 53.1. MACD remains on the bearish side. No recent matched news was found for this ticker/date. Relative strength versus the benchmark looked favorable. 1-month excess return -0.03%; 3-month excess return 9.20%; 6-month excess return 16.41%."
2024-10-28,T,0,0.0,0.7042197772373838,hit,random_forest,target_5d_updown,"Technical state is constructive, with price above the 50-day and 200-day averages. RSI is in a steady zone near 56.9. MACD remains on the bullish side.",No recent matched news was found for this ticker/date.,Relative strength versus the benchmark looked favorable. 1-month excess return -0.67%; 3-month excess return 9.30%; 6-month excess return 16.02%.,"Model view: the setup leaned cautious. Confidence was around 70%. Technical state is constructive, with price above the 50-day and 200-day averages. RSI is in a steady zone near 56.9. MACD remains on the bullish side. No recent matched news was found for this ticker/date. Relative strength versus the benchmark looked favorable. 1-month excess return -0.67%; 3-month excess return 9.30%; 6-month excess return 16.02%."
2024-10-29,T,0,0.0,0.7000461792058856,hit,random_forest,target_5d_updown,"Technical state is constructive, with price above the 50-day and 200-day averages. RSI is in a steady zone near 57.8. MACD remains on the bullish side.",No recent matched news was found for this ticker/date.,Relative strength versus the benchmark looked favorable. 1-month excess return -0.53%; 3-month excess return 9.52%; 6-month excess return 15.43%.,"Model view: the setup leaned cautious. Confidence was around 70%. Technical state is constructive, with price above the 50-day and 200-day averages. RSI is in a steady zone near 57.8. MACD remains on the bullish side. No recent matched news was found for this ticker/date. Relative strength versus the benchmark looked favorable. 1-month excess return -0.53%; 3-month excess return 9.52%; 6-month excess return 15.43%."
2024-10-30,T,1,0.0,0.6941839647204661,miss,random_forest,target_5d_updown,"Technical state is constructive, with price above the 50-day and 200-day averages. RSI is in a steady zone near 54.9. MACD remains on the bullish side.",No recent matched news was found for this ticker/date.,Relative strength versus the benchmark looked favorable. 1-month excess return -2.49%; 3-month excess return 6.26%; 6-month excess return 14.22%.,"Model view: the setup leaned cautious. Confidence was around 69%. Technical state is constructive, with price above the 50-day and 200-day averages. RSI is in a steady zone near 54.9. MACD remains on the bullish side. No recent matched news was found for this ticker/date. Relative strength versus the benchmark looked favorable. 1-month excess return -2.49%; 3-month excess return 6.26%; 6-month excess return 14.22%."
2024-10-31,T,0,0.0,0.6682953822301267,hit,random_forest,target_5d_updown,"Technical state is constructive, with price above the 50-day and 200-day averages. RSI is in a steady zone near 61.6. MACD remains on the bullish side.",No recent matched news was found for this ticker/date.,Relative strength versus the benchmark looked favorable. 1-month excess return 1.61%; 3-month excess return 9.68%; 6-month excess return 21.42%.,"Model view: the setup leaned cautious. Confidence was around 67%. Technical state is constructive, with price above the 50-day and 200-day averages. RSI is in a steady zone near 61.6. MACD remains on the bullish side. No recent matched news was found for this ticker/date. Relative strength versus the benchmark looked favorable. 1-month excess return 1.61%; 3-month excess return 9.68%; 6-month excess return 21.42%."
2024-11-01,T,1,0.0,0.6865008130999373,miss,random_forest,target_5d_updown,"Technical state is constructive, with price above the 50-day and 200-day averages. RSI is in a steady zone near 54.6. MACD remains on the bullish side.",No recent matched news was found for this ticker/date.,Relative strength versus the benchmark looked favorable. 1-month excess return -0.28%; 3-month excess return 6.51%; 6-month excess return 19.58%.,"Model view: the setup leaned cautious. Confidence was around 69%. Technical state is constructive, with price above the 50-day and 200-day averages. RSI is in a steady zone near 54.6. MACD remains on the bullish side. No recent matched news was found for this ticker/date. Relative strength versus the benchmark looked favorable. 1-month excess return -0.28%; 3-month excess return 6.51%; 6-month excess return 19.58%."
2024-11-04,T,1,0.0,0.6723228232846964,miss,random_forest,target_5d_updown,"Technical state is constructive, with price above the 50-day and 200-day averages. RSI is in a steady zone near 51.6. MACD remains on the bearish side.",No recent matched news was found for this ticker/date.,Relative strength versus the benchmark looked favorable. 1-month excess return 0.59%; 3-month excess return 5.09%; 6-month excess return 18.68%.,"Model view: the setup leaned cautious. Confidence was around 67%. Technical state is constructive, with price above the 50-day and 200-day averages. RSI is in a steady zone near 51.6. MACD remains on the bearish side. No recent matched news was found for this ticker/date. Relative strength versus the benchmark looked favorable. 1-month excess return 0.59%; 3-month excess return 5.09%; 6-month excess return 18.68%."
2024-11-05,T,1,0.0,0.7115865986343725,miss,random_forest,target_5d_updown,"Technical state is constructive, with price above the 50-day and 200-day averages. RSI is in a steady zone near 53.4. MACD remains on the bearish side.",No recent matched news was found for this ticker/date.,Relative strength versus the benchmark looked favorable. 1-month excess return -0.33%; 3-month excess return 3.32%; 6-month excess return 17.59%.,"Model view: the setup leaned cautious. Confidence was around 71%. Technical state is constructive, with price above the 50-day and 200-day averages. RSI is in a steady zone near 53.4. MACD remains on the bearish side. No recent matched news was found for this ticker/date. Relative strength versus the benchmark looked favorable. 1-month excess return -0.33%; 3-month excess return 3.32%; 6-month excess return 17.59%."
2024-11-06,T,0,0.0,0.7226854277034692,hit,random_forest,target_5d_updown,"Technical state is constructive, with price above the 50-day and 200-day averages. RSI is in a steady zone near 56.9. MACD remains on the bearish side.",No recent matched news was found for this ticker/date.,Relative strength versus the benchmark looked favorable. 1-month excess return -1.02%; 3-month excess return 3.66%; 6-month excess return 16.17%.,"Model view: the setup leaned cautious. Confidence was around 72%. Technical state is constructive, with price above the 50-day and 200-day averages. RSI is in a steady zone near 56.9. MACD remains on the bearish side. No recent matched news was found for this ticker/date. Relative strength versus the benchmark looked favorable. 1-month excess return -1.02%; 3-month excess return 3.66%; 6-month excess return 16.17%."
2024-11-07,T,1,0.0,0.7140366185394061,miss,random_forest,target_5d_updown,"Technical state is constructive, with price above the 50-day and 200-day averages. RSI is in a steady zone near 52.4. MACD remains on the bearish side.",No recent matched news was found for this ticker/date.,Relative strength versus the benchmark looked favorable. 1-month excess return -2.72%; 3-month excess return 1.30%; 6-month excess return 13.78%.,"Model view: the setup leaned cautious. Confidence was around 71%. Technical state is constructive, with price above the 50-day and 200-day averages. RSI is in a steady zone near 52.4. MACD remains on the bearish side. No recent matched news was found for this ticker/date. Relative strength versus the benchmark looked favorable. 1-month excess return -2.72%; 3-month excess return 1.30%; 6-month excess return 13.78%."
2024-11-08,T,1,0.0,0.7471903366480187,miss,random_forest,target_5d_updown,"Technical state is constructive, with price above the 50-day and 200-day averages. RSI is in a steady zone near 56.4. MACD remains on the bearish side.",No recent matched news was found for this ticker/date.,Relative strength versus the benchmark looked favorable. 1-month excess return 1.43%; 3-month excess return 2.76%; 6-month excess return 15.24%.,"Model view: the setup leaned cautious. Confidence was around 75%. Technical state is constructive, with price above the 50-day and 200-day averages. RSI is in a steady zone near 56.4. MACD remains on the bearish side. No recent matched news was found for this ticker/date. Relative strength versus the benchmark looked favorable. 1-month excess return 1.43%; 3-month excess return 2.76%; 6-month excess return 15.24%."
2024-11-11,T,1,0.0,0.7280873264628578,miss,random_forest,target_5d_updown,"Technical state is constructive, with price above the 50-day and 200-day averages. RSI is in a steady zone near 55.9. MACD remains on the bearish side.",No recent matched news was found for this ticker/date.,Relative strength versus the benchmark looked favorable. 1-month excess return 1.08%; 3-month excess return 3.82%; 6-month excess return 14.30%.,"Model view: the setup leaned cautious. Confidence was around 73%. Technical state is constructive, with price above the 50-day and 200-day averages. RSI is in a steady zone near 55.9. MACD remains on the bearish side. No recent matched news was found for this ticker/date. Relative strength versus the benchmark looked favorable. 1-month excess return 1.08%; 3-month excess return 3.82%; 6-month excess return 14.30%."
2024-11-12,T,1,0.0,0.7420250755513241,miss,random_forest,target_5d_updown,"Technical state is constructive, with price above the 50-day and 200-day averages. RSI is in a steady zone near 53.2. MACD remains on the bearish side.",No recent matched news was found for this ticker/date.,Relative strength versus the benchmark looked favorable. 1-month excess return 2.01%; 3-month excess return 3.04%; 6-month excess return 13.96%.,"Model view: the setup leaned cautious. Confidence was around 74%. Technical state is constructive, with price above the 50-day and 200-day averages. RSI is in a steady zone near 53.2. MACD remains on the bearish side. No recent matched news was found for this ticker/date. Relative strength versus the benchmark looked favorable. 1-month excess return 2.01%; 3-month excess return 3.04%; 6-month excess return 13.96%."
2024-11-13,T,1,0.0,0.7261631892087812,miss,random_forest,target_5d_updown,"Technical state is constructive, with price above the 50-day and 200-day averages. RSI is in a steady zone near 55.4. MACD remains on the bearish side.",No recent matched news was found for this ticker/date.,Relative strength versus the benchmark looked favorable. 1-month excess return 0.66%; 3-month excess return 8.82%; 6-month excess return 15.92%.,"Model view: the setup leaned cautious. Confidence was around 73%. Technical state is constructive, with price above the 50-day and 200-day averages. RSI is in a steady zone near 55.4. MACD remains on the bearish side. No recent matched news was found for this ticker/date. Relative strength versus the benchmark looked favorable. 1-month excess return 0.66%; 3-month excess return 8.82%; 6-month excess return 15.92%."
2024-11-14,T,1,0.0,0.7022193615010578,miss,random_forest,target_5d_updown,"Technical state is constructive, with price above the 50-day and 200-day averages. RSI is in a steady zone near 54.5. MACD remains on the bearish side.",No recent matched news was found for this ticker/date.,Relative strength versus the benchmark looked favorable. 1-month excess return 0.56%; 3-month excess return 7.96%; 6-month excess return 16.35%.,"Model view: the setup leaned cautious. Confidence was around 70%. Technical state is constructive, with price above the 50-day and 200-day averages. RSI is in a steady zone near 54.5. MACD remains on the bearish side. No recent matched news was found for this ticker/date. Relative strength versus the benchmark looked favorable. 1-month excess return 0.56%; 3-month excess return 7.96%; 6-month excess return 16.35%."
2024-11-15,T,1,0.0,0.6929276612107743,miss,random_forest,target_5d_updown,"Technical state is constructive, with price above the 50-day and 200-day averages. RSI is in a steady zone near 60.5. MACD remains on the bullish side.",No recent matched news was found for this ticker/date.,Relative strength versus the benchmark looked favorable. 1-month excess return 3.77%; 3-month excess return 11.67%; 6-month excess return 19.70%.,"Model view: the setup leaned cautious. Confidence was around 69%. Technical state is constructive, with price above the 50-day and 200-day averages. RSI is in a steady zone near 60.5. MACD remains on the bullish side. No recent matched news was found for this ticker/date. Relative strength versus the benchmark looked favorable. 1-month excess return 3.77%; 3-month excess return 11.67%; 6-month excess return 19.70%."
2024-11-18,T,1,0.0,0.7251201626547317,miss,random_forest,target_5d_updown,"Technical state is constructive, with price above the 50-day and 200-day averages. RSI is in a steady zone near 64.2. MACD remains on the bullish side.",No recent matched news was found for this ticker/date.,Relative strength versus the benchmark looked favorable. 1-month excess return 4.59%; 3-month excess return 12.66%; 6-month excess return 20.23%.,"Model view: the setup leaned cautious. Confidence was around 73%. Technical state is constructive, with price above the 50-day and 200-day averages. RSI is in a steady zone near 64.2. MACD remains on the bullish side. No recent matched news was found for this ticker/date. Relative strength versus the benchmark looked favorable. 1-month excess return 4.59%; 3-month excess return 12.66%; 6-month excess return 20.23%."
2024-11-19,T,1,0.0,0.7139744235870815,miss,random_forest,target_5d_updown,"Technical state is constructive, with price above the 50-day and 200-day averages. RSI is in a steady zone near 59.2. MACD remains on the bullish side.",No recent matched news was found for this ticker/date.,Relative strength versus the benchmark looked favorable. 1-month excess return 3.79%; 3-month excess return 11.01%; 6-month excess return 20.52%.,"Model view: the setup leaned cautious. Confidence was around 71%. Technical state is constructive, with price above the 50-day and 200-day averages. RSI is in a steady zone near 59.2. MACD remains on the bullish side. No recent matched news was found for this ticker/date. Relative strength versus the benchmark looked favorable. 1-month excess return 3.79%; 3-month excess return 11.01%; 6-month excess return 20.52%."
2024-11-20,T,1,0.0,0.748908903883426,miss,random_forest,target_5d_updown,"Technical state is constructive, with price above the 50-day and 200-day averages. RSI is in a steady zone near 60.5. MACD remains on the bullish side.",No recent matched news was found for this ticker/date.,Relative strength versus the benchmark looked favorable. 1-month excess return 4.93%; 3-month excess return 10.80%; 6-month excess return 18.99%.,"Model view: the setup leaned cautious. Confidence was around 75%. Technical state is constructive, with price above the 50-day and 200-day averages. RSI is in a steady zone near 60.5. MACD remains on the bullish side. No recent matched news was found for this ticker/date. Relative strength versus the benchmark looked favorable. 1-month excess return 4.93%; 3-month excess return 10.80%; 6-month excess return 18.99%."
2024-11-21,T,1,0.0,0.7331473709615139,miss,random_forest,target_5d_updown,"Technical state is constructive, with price above the 50-day and 200-day averages. RSI is in a steady zone near 62.4. MACD remains on the bullish side.",No recent matched news was found for this ticker/date.,Relative strength versus the benchmark looked favorable. 1-month excess return -0.53%; 3-month excess return 10.86%; 6-month excess return 18.67%.,"Model view: the setup leaned cautious. Confidence was around 73%. Technical state is constructive, with price above the 50-day and 200-day averages. RSI is in a steady zone near 62.4. MACD remains on the bullish side. No recent matched news was found for this ticker/date. Relative strength versus the benchmark looked favorable. 1-month excess return -0.53%; 3-month excess return 10.86%; 6-month excess return 18.67%."
2024-11-22,T,0,0.0,0.751644358842191,hit,random_forest,target_5d_updown,"Technical state is constructive, with price above the 50-day and 200-day averages. RSI is in a steady zone near 64.8. MACD remains on the bullish side.",No recent matched news was found for this ticker/date.,Relative strength versus the benchmark looked favorable. 1-month excess return 1.60%; 3-month excess return 11.08%; 6-month excess return 19.98%.,"Model view: the setup leaned cautious. Confidence was around 75%. Technical state is constructive, with price above the 50-day and 200-day averages. RSI is in a steady zone near 64.8. MACD remains on the bullish side. No recent matched news was found for this ticker/date. Relative strength versus the benchmark looked favorable. 1-month excess return 1.60%; 3-month excess return 11.08%; 6-month excess return 19.98%."
2024-11-25,T,1,0.0,0.7442069805174316,miss,random_forest,target_5d_updown,"Technical state is constructive, with price above the 50-day and 200-day averages. RSI is in a steady zone near 63.1. MACD remains on the bullish side.",No recent matched news was found for this ticker/date.,Relative strength versus the benchmark looked favorable. 1-month excess return 2.63%; 3-month excess return 11.13%; 6-month excess return 21.01%.,"Model view: the setup leaned cautious. Confidence was around 74%. Technical state is constructive, with price above the 50-day and 200-day averages. RSI is in a steady zone near 63.1. MACD remains on the bullish side. No recent matched news was found for this ticker/date. Relative strength versus the benchmark looked favorable. 1-month excess return 2.63%; 3-month excess return 11.13%; 6-month excess return 21.01%."
2024-11-26,T,1,0.0,0.7474037358588903,miss,random_forest,target_5d_updown,"Technical state is constructive, with price above the 50-day and 200-day averages. RSI is in a steady zone near 62.8. MACD remains on the bullish side.",No recent matched news was found for this ticker/date.,Relative strength versus the benchmark looked favorable. 1-month excess return 0.99%; 3-month excess return 8.86%; 6-month excess return 20.68%.,"Model view: the setup leaned cautious. Confidence was around 75%. Technical state is constructive, with price above the 50-day and 200-day averages. RSI is in a steady zone near 62.8. MACD remains on the bullish side. No recent matched news was found for this ticker/date. Relative strength versus the benchmark looked favorable. 1-month excess return 0.99%; 3-month excess return 8.86%; 6-month excess return 20.68%."
2024-11-27,T,1,0.0,0.7375299996552195,miss,random_forest,target_5d_updown,"Technical state is constructive, with price above the 50-day and 200-day averages. MACD remains on the bullish side.",No recent matched news was found for this ticker/date.,Relative strength versus the benchmark looked favorable. 1-month excess return 1.96%; 3-month excess return 10.49%; 6-month excess return 17.47%.,"Model view: the setup leaned cautious. Confidence was around 74%. Technical state is constructive, with price above the 50-day and 200-day averages. MACD remains on the bullish side. No recent matched news was found for this ticker/date. Relative strength versus the benchmark looked favorable. 1-month excess return 1.96%; 3-month excess return 10.49%; 6-month excess return 17.47%."
2024-11-29,T,1,0.0,0.7329143276271495,miss,random_forest,target_5d_updown,"Technical state is constructive, with price above the 50-day and 200-day averages. RSI is in a steady zone near 62.6. MACD remains on the bullish side.",No recent matched news was found for this ticker/date.,Relative strength versus the benchmark looked favorable. 1-month excess return 1.37%; 3-month excess return 9.55%; 6-month excess return 12.91%.,"Model view: the setup leaned cautious. Confidence was around 73%. Technical state is constructive, with price above the 50-day and 200-day averages. RSI is in a steady zone near 62.6. MACD remains on the bullish side. No recent matched news was found for this ticker/date. Relative strength versus the benchmark looked favorable. 1-month excess return 1.37%; 3-month excess return 9.55%; 6-month excess return 12.91%."
2024-12-02,T,1,0.0,0.704902611721158,miss,random_forest,target_5d_updown,"Technical state is constructive, with price above the 50-day and 200-day averages. RSI is in a steady zone near 52.7. MACD remains on the bullish side.",No recent matched news was found for this ticker/date.,Relative strength versus the benchmark looked favorable. 1-month excess return -5.48%; 3-month excess return 1.76%; 6-month excess return 11.64%.,"Model view: the setup leaned cautious. Confidence was around 70%. Technical state is constructive, with price above the 50-day and 200-day averages. RSI is in a steady zone near 52.7. MACD remains on the bullish side. No recent matched news was found for this ticker/date. Relative strength versus the benchmark looked favorable. 1-month excess return -5.48%; 3-month excess return 1.76%; 6-month excess return 11.64%."
2024-12-03,T,0,0.0,0.7107606042557544,hit,random_forest,target_5d_updown,"Technical state is constructive, with price above the 50-day and 200-day averages. MACD remains on the bullish side.",No recent matched news was found for this ticker/date.,Relative strength versus the benchmark looked favorable. 1-month excess return 1.57%; 3-month excess return 5.76%; 6-month excess return 15.09%.,"Model view: the setup leaned cautious. Confidence was around 71%. Technical state is constructive, with price above the 50-day and 200-day averages. MACD remains on the bullish side. No recent matched news was found for this ticker/date. Relative strength versus the benchmark looked favorable. 1-month excess return 1.57%; 3-month excess return 5.76%; 6-month excess return 15.09%."
2024-12-04,T,0,0.0,0.7342894383747124,hit,random_forest,target_5d_updown,"Technical state is constructive, with price above the 50-day and 200-day averages. RSI is in a steady zone near 62.1. MACD remains on the bullish side.",No recent matched news was found for this ticker/date.,Relative strength versus the benchmark looked favorable. 1-month excess return 0.69%; 3-month excess return 3.34%; 6-month excess return 14.93%.,"Model view: the setup leaned cautious. Confidence was around 73%. Technical state is constructive, with price above the 50-day and 200-day averages. RSI is in a steady zone near 62.1. MACD remains on the bullish side. No recent matched news was found for this ticker/date. Relative strength versus the benchmark looked favorable. 1-month excess return 0.69%; 3-month excess return 3.34%; 6-month excess return 14.93%."
2024-12-05,T,0,0.0,0.7502901072642777,hit,random_forest,target_5d_updown,"Technical state is constructive, with price above the 50-day and 200-day averages. MACD remains on the bullish side.",No recent matched news was found for this ticker/date.,Relative strength versus the benchmark looked favorable. 1-month excess return 2.86%; 3-month excess return 1.34%; 6-month excess return 16.88%.,"Model view: the setup leaned cautious. Confidence was around 75%. Technical state is constructive, with price above the 50-day and 200-day averages. MACD remains on the bullish side. No recent matched news was found for this ticker/date. Relative strength versus the benchmark looked favorable. 1-month excess return 2.86%; 3-month excess return 1.34%; 6-month excess return 16.88%."
2024-12-06,T,0,0.0,0.6963420233719253,hit,random_forest,target_5d_updown,"Technical state is constructive, with price above the 50-day and 200-day averages. MACD remains on the bullish side.",No recent matched news was found for this ticker/date.,Relative strength versus the benchmark looked favorable. 1-month excess return 4.13%; 3-month excess return -0.20%; 6-month excess return 18.07%.,"Model view: the setup leaned cautious. Confidence was around 70%. Technical state is constructive, with price above the 50-day and 200-day averages. MACD remains on the bullish side. No recent matched news was found for this ticker/date. Relative strength versus the benchmark looked favorable. 1-month excess return 4.13%; 3-month excess return -0.20%; 6-month excess return 18.07%."
2024-12-09,T,0,0.0,0.6735519799305638,hit,random_forest,target_5d_updown,"Technical state is constructive, with price above the 50-day and 200-day averages. RSI is in a steady zone near 56.8. MACD remains on the bullish side.",No recent matched news was found for this ticker/date.,Relative strength versus the benchmark looked favorable. 1-month excess return 4.50%; 3-month excess return -2.59%; 6-month excess return 17.96%.,"Model view: the setup leaned cautious. Confidence was around 67%. Technical state is constructive, with price above the 50-day and 200-day averages. RSI is in a steady zone near 56.8. MACD remains on the bullish side. No recent matched news was found for this ticker/date. Relative strength versus the benchmark looked favorable. 1-month excess return 4.50%; 3-month excess return -2.59%; 6-month excess return 17.96%."
2024-12-10,T,0,0.0,0.7171299528822054,hit,random_forest,target_5d_updown,"Technical state is constructive, with price above the 50-day and 200-day averages. RSI is in a steady zone near 58.4. MACD remains on the bullish side.",No recent matched news was found for this ticker/date.,Relative strength versus the benchmark looked favorable. 1-month excess return 4.44%; 3-month excess return 0.80%; 6-month excess return 19.32%.,"Model view: the setup leaned cautious. Confidence was around 72%. Technical state is constructive, with price above the 50-day and 200-day averages. RSI is in a steady zone near 58.4. MACD remains on the bullish side. No recent matched news was found for this ticker/date. Relative strength versus the benchmark looked favorable. 1-month excess return 4.44%; 3-month excess return 0.80%; 6-month excess return 19.32%."
2024-12-11,T,0,0.0,0.7182031159508013,hit,random_forest,target_5d_updown,"Technical state is constructive, with price above the 50-day and 200-day averages. RSI is in a steady zone near 57.9. MACD remains on the bearish side.",No recent matched news was found for this ticker/date.,Relative strength versus the benchmark looked favorable. 1-month excess return 3.77%; 3-month excess return 0.06%; 6-month excess return 21.10%.,"Model view: the setup leaned cautious. Confidence was around 72%. Technical state is constructive, with price above the 50-day and 200-day averages. RSI is in a steady zone near 57.9. MACD remains on the bearish side. No recent matched news was found for this ticker/date. Relative strength versus the benchmark looked favorable. 1-month excess return 3.77%; 3-month excess return 0.06%; 6-month excess return 21.10%."
2024-12-12,T,0,0.0,0.6924240006566577,hit,random_forest,target_5d_updown,"Technical state is constructive, with price above the 50-day and 200-day averages. RSI is in a steady zone near 55.8. MACD remains on the bearish side.",No recent matched news was found for this ticker/date.,Relative strength versus the benchmark looked favorable. 1-month excess return 4.21%; 3-month excess return 0.38%; 6-month excess return 20.75%.,"Model view: the setup leaned cautious. Confidence was around 69%. Technical state is constructive, with price above the 50-day and 200-day averages. RSI is in a steady zone near 55.8. MACD remains on the bearish side. No recent matched news was found for this ticker/date. Relative strength versus the benchmark looked favorable. 1-month excess return 4.21%; 3-month excess return 0.38%; 6-month excess return 20.75%."
2024-12-13,T,0,0.0,0.7172502356442031,hit,random_forest,target_5d_updown,"Technical state is constructive, with price above the 50-day and 200-day averages. RSI is in a steady zone near 59.4. MACD remains on the bearish side.",No recent matched news was found for this ticker/date.,Relative strength versus the benchmark looked favorable. 1-month excess return 4.77%; 3-month excess return -1.29%; 6-month excess return 22.61%.,"Model view: the setup leaned cautious. Confidence was around 72%. Technical state is constructive, with price above the 50-day and 200-day averages. RSI is in a steady zone near 59.4. MACD remains on the bearish side. No recent matched news was found for this ticker/date. Relative strength versus the benchmark looked favorable. 1-month excess return 4.77%; 3-month excess return -1.29%; 6-month excess return 22.61%."
2024-12-16,T,0,0.0,0.6535469190733475,hit,random_forest,target_5d_updown,"Technical state is constructive, with price above the 50-day and 200-day averages. MACD remains on the bearish side.",No recent matched news was found for this ticker/date.,Relative strength versus the benchmark looked favorable. 1-month excess return 0.41%; 3-month excess return -2.90%; 6-month excess return 18.35%.,"Model view: the setup leaned cautious. Confidence was around 65%. Technical state is constructive, with price above the 50-day and 200-day averages. MACD remains on the bearish side. No recent matched news was found for this ticker/date. Relative strength versus the benchmark looked favorable. 1-month excess return 0.41%; 3-month excess return -2.90%; 6-month excess return 18.35%."
2024-12-17,T,1,0.0,0.6839216042116446,miss,random_forest,target_5d_updown,"Technical state is constructive, with price above the 50-day and 200-day averages. MACD remains on the bearish side.",No recent matched news was found for this ticker/date.,Relative strength versus the benchmark looked mixed. 1-month excess return -2.49%; 3-month excess return -2.60%; 6-month excess return 16.33%.,"Model view: the setup leaned cautious. Confidence was around 68%. Technical state is constructive, with price above the 50-day and 200-day averages. MACD remains on the bearish side. No recent matched news was found for this ticker/date. Relative strength versus the benchmark looked mixed. 1-month excess return -2.49%; 3-month excess return -2.60%; 6-month excess return 16.33%."
2024-12-18,T,1,0.0,0.5604702312533127,miss,random_forest,target_5d_updown,"Technical state is mixed, with price not fully aligned across the major moving averages. MACD remains on the bearish side.",No recent matched news was found for this ticker/date.,Relative strength versus the benchmark looked favorable. 1-month excess return -1.92%; 3-month excess return 2.53%; 6-month excess return 16.92%.,"Model view: the setup leaned cautious. Confidence was around 56%. Technical state is mixed, with price not fully aligned across the major moving averages. MACD remains on the bearish side. No recent matched news was found for this ticker/date. Relative strength versus the benchmark looked favorable. 1-month excess return -1.92%; 3-month excess return 2.53%; 6-month excess return 16.92%."
2024-12-19,T,1,0.0,0.6371551812187863,miss,random_forest,target_5d_updown,"Technical state is constructive, with price above the 50-day and 200-day averages. MACD remains on the bearish side.",No recent matched news was found for this ticker/date.,Relative strength versus the benchmark looked favorable. 1-month excess return -0.01%; 3-month excess return 1.91%; 6-month excess return 15.26%.,"Model view: the setup leaned cautious. Confidence was around 64%. Technical state is constructive, with price above the 50-day and 200-day averages. MACD remains on the bearish side. No recent matched news was found for this ticker/date. Relative strength versus the benchmark looked favorable. 1-month excess return -0.01%; 3-month excess return 1.91%; 6-month excess return 15.26%."
2024-12-20,T,0,0.0,0.6370466632794244,hit,random_forest,target_5d_updown,"Technical state is constructive, with price above the 50-day and 200-day averages. MACD remains on the bearish side.",No recent matched news was found for this ticker/date.,Relative strength versus the benchmark looked favorable. 1-month excess return -0.74%; 3-month excess return 2.08%; 6-month excess return 13.07%.,"Model view: the setup leaned cautious. Confidence was around 64%. Technical state is constructive, with price above the 50-day and 200-day averages. MACD remains on the bearish side. No recent matched news was found for this ticker/date. Relative strength versus the benchmark looked favorable. 1-month excess return -0.74%; 3-month excess return 2.08%; 6-month excess return 13.07%."
2024-12-23,T,0,0.0,0.6454926576097076,hit,random_forest,target_5d_updown,"Technical state is constructive, with price above the 50-day and 200-day averages. MACD remains on the bearish side.",No recent matched news was found for this ticker/date.,Relative strength versus the benchmark looked favorable. 1-month excess return -0.89%; 3-month excess return 1.90%; 6-month excess return 13.31%.,"Model view: the setup leaned cautious. Confidence was around 65%. Technical state is constructive, with price above the 50-day and 200-day averages. MACD remains on the bearish side. No recent matched news was found for this ticker/date. Relative strength versus the benchmark looked favorable. 1-month excess return -0.89%; 3-month excess return 1.90%; 6-month excess return 13.31%."
2024-12-24,T,0,0.0,0.6574072338348779,hit,random_forest,target_5d_updown,"Technical state is constructive, with price above the 50-day and 200-day averages. RSI is in a steady zone near 50.3. MACD remains on the bearish side.",No recent matched news was found for this ticker/date.,Relative strength versus the benchmark looked favorable. 1-month excess return -1.97%; 3-month excess return 1.27%; 6-month excess return 12.45%.,"Model view: the setup leaned cautious. Confidence was around 66%. Technical state is constructive, with price above the 50-day and 200-day averages. RSI is in a steady zone near 50.3. MACD remains on the bearish side. No recent matched news was found for this ticker/date. Relative strength versus the benchmark looked favorable. 1-month excess return -1.97%; 3-month excess return 1.27%; 6-month excess return 12.45%."
2024-12-26,T,0,0.0,0.6853227889019391,hit,random_forest,target_5d_updown,"Technical state is constructive, with price above the 50-day and 200-day averages. RSI is in a steady zone near 50.5. MACD remains on the bearish side.",No recent matched news was found for this ticker/date.,Relative strength versus the benchmark looked favorable. 1-month excess return -1.26%; 3-month excess return 1.29%; 6-month excess return 12.74%.,"Model view: the setup leaned cautious. Confidence was around 69%. Technical state is constructive, with price above the 50-day and 200-day averages. RSI is in a steady zone near 50.5. MACD remains on the bearish side. No recent matched news was found for this ticker/date. Relative strength versus the benchmark looked favorable. 1-month excess return -1.26%; 3-month excess return 1.29%; 6-month excess return 12.74%."
2024-12-27,T,0,0.0,0.6573770853504379,hit,random_forest,target_5d_updown,"Technical state is constructive, with price above the 50-day and 200-day averages. MACD remains on the bearish side.",No recent matched news was found for this ticker/date.,Relative strength versus the benchmark looked favorable. 1-month excess return -0.05%; 3-month excess return 0.25%; 6-month excess return 10.24%.,"Model view: the setup leaned cautious. Confidence was around 66%. Technical state is constructive, with price above the 50-day and 200-day averages. MACD remains on the bearish side. No recent matched news was found for this ticker/date. Relative strength versus the benchmark looked favorable. 1-month excess return -0.05%; 3-month excess return 0.25%; 6-month excess return 10.24%."
2024-12-30,T,0,0.0,0.66979120580577,hit,random_forest,target_5d_updown,"Technical state is mixed, with price not fully aligned across the major moving averages. MACD remains on the bearish side.",No recent matched news was found for this ticker/date.,Relative strength versus the benchmark looked favorable. 1-month excess return -1.10%; 3-month excess return 0.25%; 6-month excess return 11.20%.,"Model view: the setup leaned cautious. Confidence was around 67%. Technical state is mixed, with price not fully aligned across the major moving averages. MACD remains on the bearish side. No recent matched news was found for this ticker/date. Relative strength versus the benchmark looked favorable. 1-month excess return -1.10%; 3-month excess return 0.25%; 6-month excess return 11.20%."
2024-12-31,T,0,0.0,0.6952171315157795,hit,random_forest,target_5d_updown,"Technical state is constructive, with price above the 50-day and 200-day averages. MACD remains on the bearish side.",No recent matched news was found for this ticker/date.,Relative strength versus the benchmark looked favorable. 1-month excess return 0.96%; 3-month excess return -0.18%; 6-month excess return 14.19%.,"Model view: the setup leaned cautious. Confidence was around 70%. Technical state is constructive, with price above the 50-day and 200-day averages. MACD remains on the bearish side. No recent matched news was found for this ticker/date. Relative strength versus the benchmark looked favorable. 1-month excess return 0.96%; 3-month excess return -0.18%; 6-month excess return 14.19%."
2025-01-02,T,0,0.0,0.6953300804105572,hit,random_forest,target_5d_updown,"Technical state is constructive, with price above the 50-day and 200-day averages. MACD remains on the bearish side.",No recent matched news was found for this ticker/date.,Relative strength versus the benchmark looked favorable. 1-month excess return 3.73%; 3-month excess return 0.09%; 6-month excess return 16.17%.,"Model view: the setup leaned cautious. Confidence was around 70%. Technical state is constructive, with price above the 50-day and 200-day averages. MACD remains on the bearish side. No recent matched news was found for this ticker/date. Relative strength versus the benchmark looked favorable. 1-month excess return 3.73%; 3-month excess return 0.09%; 6-month excess return 16.17%."
2025-01-03,T,0,0.0,0.647693663763233,hit,random_forest,target_5d_updown,"Technical state is mixed, with price not fully aligned across the major moving averages. MACD remains on the bearish side.",No recent matched news was found for this ticker/date.,Relative strength versus the benchmark looked mixed. 1-month excess return -2.57%; 3-month excess return -1.51%; 6-month excess return 14.00%.,"Model view: the setup leaned cautious. Confidence was around 65%. Technical state is mixed, with price not fully aligned across the major moving averages. MACD remains on the bearish side. No recent matched news was found for this ticker/date. Relative strength versus the benchmark looked mixed. 1-month excess return -2.57%; 3-month excess return -1.51%; 6-month excess return 14.00%."
2025-01-06,T,0,0.0,0.662672641665794,hit,random_forest,target_5d_updown,"Technical state is mixed, with price not fully aligned across the major moving averages. MACD remains on the bearish side.",No recent matched news was found for this ticker/date.,Relative strength versus the benchmark looked mixed. 1-month excess return -1.97%; 3-month excess return -0.82%; 6-month excess return 12.85%.,"Model view: the setup leaned cautious. Confidence was around 66%. Technical state is mixed, with price not fully aligned across the major moving averages. MACD remains on the bearish side. No recent matched news was found for this ticker/date. Relative strength versus the benchmark looked mixed. 1-month excess return -1.97%; 3-month excess return -0.82%; 6-month excess return 12.85%."
2025-01-07,T,0,0.0,0.5980317854569582,hit,random_forest,target_5d_updown,"Technical state is mixed, with price not fully aligned across the major moving averages. RSI is weak near 38.1. MACD remains on the bearish side.",No recent matched news was found for this ticker/date.,Relative strength versus the benchmark looked mixed. 1-month excess return -3.92%; 3-month excess return -1.81%; 6-month excess return 12.11%.,"Model view: the setup leaned cautious. Confidence was around 60%. Technical state is mixed, with price not fully aligned across the major moving averages. RSI is weak near 38.1. MACD remains on the bearish side. No recent matched news was found for this ticker/date. Relative strength versus the benchmark looked mixed. 1-month excess return -3.92%; 3-month excess return -1.81%; 6-month excess return 12.11%."
2025-01-08,T,0,0.0,0.6438840574083025,hit,random_forest,target_5d_updown,"Technical state is mixed, with price not fully aligned across the major moving averages. RSI is weak near 37.8. MACD remains on the bearish side.",No recent matched news was found for this ticker/date.,Relative strength versus the benchmark looked mixed. 1-month excess return -4.13%; 3-month excess return -1.44%; 6-month excess return 13.25%.,"Model view: the setup leaned cautious. Confidence was around 64%. Technical state is mixed, with price not fully aligned across the major moving averages. RSI is weak near 37.8. MACD remains on the bearish side. No recent matched news was found for this ticker/date. Relative strength versus the benchmark looked mixed. 1-month excess return -4.13%; 3-month excess return -1.44%; 6-month excess return 13.25%."
2025-01-10,T,1,0.0,0.5850754830150782,miss,random_forest,target_5d_updown,"Technical state is mixed, with price not fully aligned across the major moving averages. RSI is weak near 31.4. MACD remains on the bearish side.",No recent matched news was found for this ticker/date.,Relative strength versus the benchmark looked mixed. 1-month excess return -3.23%; 3-month excess return -1.74%; 6-month excess return 10.61%.,"Model view: the setup leaned cautious. Confidence was around 59%. Technical state is mixed, with price not fully aligned across the major moving averages. RSI is weak near 31.4. MACD remains on the bearish side. No recent matched news was found for this ticker/date. Relative strength versus the benchmark looked mixed. 1-month excess return -3.23%; 3-month excess return -1.74%; 6-month excess return 10.61%."
2025-01-13,T,1,0.0,0.56552892002128,miss,random_forest,target_5d_updown,"Technical state is mixed, with price not fully aligned across the major moving averages. RSI is weak near 30.0. MACD remains on the bearish side.",No recent matched news was found for this ticker/date.,Relative strength versus the benchmark looked favorable. 1-month excess return -4.73%; 3-month excess return 0.65%; 6-month excess return 10.73%.,"Model view: the setup leaned cautious. Confidence was around 57%. Technical state is mixed, with price not fully aligned across the major moving averages. RSI is weak near 30.0. MACD remains on the bearish side. No recent matched news was found for this ticker/date. Relative strength versus the benchmark looked favorable. 1-month excess return -4.73%; 3-month excess return 0.65%; 6-month excess return 10.73%."
2025-01-14,T,1,0.0,0.6024532088788738,miss,random_forest,target_5d_updown,"Technical state is mixed, with price not fully aligned across the major moving averages. RSI is weak near 35.9. MACD remains on the bearish side.",No recent matched news was found for this ticker/date.,Relative strength versus the benchmark looked favorable. 1-month excess return -2.99%; 3-month excess return 1.53%; 6-month excess return 13.62%.,"Model view: the setup leaned cautious. Confidence was around 60%. Technical state is mixed, with price not fully aligned across the major moving averages. RSI is weak near 35.9. MACD remains on the bearish side. No recent matched news was found for this ticker/date. Relative strength versus the benchmark looked favorable. 1-month excess return -2.99%; 3-month excess return 1.53%; 6-month excess return 13.62%."
2025-01-15,T,1,0.0,0.5819926365678361,miss,random_forest,target_5d_updown,"Technical state is mixed, with price not fully aligned across the major moving averages. RSI is weak near 38.4. MACD remains on the bearish side.",No recent matched news was found for this ticker/date.,Relative strength versus the benchmark looked favorable. 1-month excess return -4.30%; 3-month excess return 1.57%; 6-month excess return 11.22%.,"Model view: the setup leaned cautious. Confidence was around 58%. Technical state is mixed, with price not fully aligned across the major moving averages. RSI is weak near 38.4. MACD remains on the bearish side. No recent matched news was found for this ticker/date. Relative strength versus the benchmark looked favorable. 1-month excess return -4.30%; 3-month excess return 1.57%; 6-month excess return 11.22%."
2025-01-16,T,1,0.0,0.6229978631700996,miss,random_forest,target_5d_updown,"Technical state is mixed, with price not fully aligned across the major moving averages. MACD remains on the bearish side. Volatility is relatively contained at roughly 14.4%.",No recent matched news was found for this ticker/date.,Relative strength versus the benchmark looked favorable. 1-month excess return -4.77%; 3-month excess return 0.26%; 6-month excess return 8.59%.,"Model view: the setup leaned cautious. Confidence was around 62%. Technical state is mixed, with price not fully aligned across the major moving averages. MACD remains on the bearish side. Volatility is relatively contained at roughly 14.4%. No recent matched news was found for this ticker/date. Relative strength versus the benchmark looked favorable. 1-month excess return -4.77%; 3-month excess return 0.26%; 6-month excess return 8.59%."
2025-01-17,T,1,0.0,0.6804198727007567,miss,random_forest,target_5d_updown,"Technical state is mixed, with price not fully aligned across the major moving averages. MACD remains on the bearish side.",No recent matched news was found for this ticker/date.,Relative strength versus the benchmark looked favorable. 1-month excess return -0.91%; 3-month excess return 0.01%; 6-month excess return 8.22%.,"Model view: the setup leaned cautious. Confidence was around 68%. Technical state is mixed, with price not fully aligned across the major moving averages. MACD remains on the bearish side. No recent matched news was found for this ticker/date. Relative strength versus the benchmark looked favorable. 1-month excess return -0.91%; 3-month excess return 0.01%; 6-month excess return 8.22%."
2025-01-21,T,1,0.0,0.6876276561532975,miss,random_forest,target_5d_updown,"Technical state is mixed, with price not fully aligned across the major moving averages. RSI is in a steady zone near 50.6. MACD remains on the bearish side. Volatility is relatively contained at roughly 14.6%.",No recent matched news was found for this ticker/date.,Relative strength versus the benchmark looked mixed. 1-month excess return -1.31%; 3-month excess return -0.08%; 6-month excess return 7.73%.,"Model view: the setup leaned cautious. Confidence was around 69%. Technical state is mixed, with price not fully aligned across the major moving averages. RSI is in a steady zone near 50.6. MACD remains on the bearish side. Volatility is relatively contained at roughly 14.6%. No recent matched news was found for this ticker/date. Relative strength versus the benchmark looked mixed. 1-month excess return -1.31%; 3-month excess return -0.08%; 6-month excess return 7.73%."
2025-01-22,T,1,0.0,0.7027121088709377,miss,random_forest,target_5d_updown,"Technical state is mixed, with price not fully aligned across the major moving averages. MACD remains on the bullish side. Volatility is relatively contained at roughly 14.8%.",No recent matched news was found for this ticker/date.,Relative strength versus the benchmark looked mixed. 1-month excess return -4.14%; 3-month excess return -1.62%; 6-month excess return 10.94%.,"Model view: the setup leaned cautious. Confidence was around 70%. Technical state is mixed, with price not fully aligned across the major moving averages. MACD remains on the bullish side. Volatility is relatively contained at roughly 14.8%. No recent matched news was found for this ticker/date. Relative strength versus the benchmark looked mixed. 1-month excess return -4.14%; 3-month excess return -1.62%; 6-month excess return 10.94%."
2025-01-23,T,1,0.0,0.7484043327892417,miss,random_forest,target_5d_updown,"Technical state is mixed, with price not fully aligned across the major moving averages. RSI is in a steady zone near 51.5. MACD remains on the bullish side. Volatility is relatively contained at roughly 14.9%.",No recent matched news was found for this ticker/date.,Relative strength versus the benchmark looked mixed. 1-month excess return -4.21%; 3-month excess return -0.49%; 6-month excess return 13.55%.,"Model view: the setup leaned cautious. Confidence was around 75%. Technical state is mixed, with price not fully aligned across the major moving averages. RSI is in a steady zone near 51.5. MACD remains on the bullish side. Volatility is relatively contained at roughly 14.9%. No recent matched news was found for this ticker/date. Relative strength versus the benchmark looked mixed. 1-month excess return -4.21%; 3-month excess return -0.49%; 6-month excess return 13.55%."
2025-01-24,T,1,0.0,0.7327893497236895,miss,random_forest,target_5d_updown,"Technical state is mixed, with price not fully aligned across the major moving averages. RSI is in a steady zone near 54.8. MACD remains on the bullish side.",No recent matched news was found for this ticker/date.,Relative strength versus the benchmark looked favorable. 1-month excess return -2.69%; 3-month excess return 1.41%; 6-month excess return 6.17%.,"Model view: the setup leaned cautious. Confidence was around 73%. Technical state is mixed, with price not fully aligned across the major moving averages. RSI is in a steady zone near 54.8. MACD remains on the bullish side. No recent matched news was found for this ticker/date. Relative strength versus the benchmark looked favorable. 1-month excess return -2.69%; 3-month excess return 1.41%; 6-month excess return 6.17%."
2025-01-27,T,1,0.0,0.5791193729790719,miss,random_forest,target_5d_updown,"Technical state is constructive, with price above the 50-day and 200-day averages. RSI is elevated near 71.0, so chasing strength may add risk. MACD remains on the bullish side.",No recent matched news was found for this ticker/date.,Relative strength versus the benchmark looked favorable. 1-month excess return 4.95%; 3-month excess return 3.58%; 6-month excess return 14.39%.,"Model view: the setup leaned cautious. Confidence was around 58%. Technical state is constructive, with price above the 50-day and 200-day averages. RSI is elevated near 71.0, so chasing strength may add risk. MACD remains on the bullish side. No recent matched news was found for this ticker/date. Relative strength versus the benchmark looked favorable. 1-month excess return 4.95%; 3-month excess return 3.58%; 6-month excess return 14.39%."
2025-01-28,T,0,0.0,0.6111611966687274,hit,random_forest,target_5d_updown,"Technical state is constructive, with price above the 50-day and 200-day averages. RSI is elevated near 72.9, so chasing strength may add risk. MACD remains on the bullish side.",No recent matched news was found for this ticker/date.,Relative strength versus the benchmark looked favorable. 1-month excess return 5.77%; 3-month excess return 5.52%; 6-month excess return 17.26%.,"Model view: the setup leaned cautious. Confidence was around 61%. Technical state is constructive, with price above the 50-day and 200-day averages. RSI is elevated near 72.9, so chasing strength may add risk. MACD remains on the bullish side. No recent matched news was found for this ticker/date. Relative strength versus the benchmark looked favorable. 1-month excess return 5.77%; 3-month excess return 5.52%; 6-month excess return 17.26%."
2025-01-29,T,1,0.0,0.6250091481013311,miss,random_forest,target_5d_updown,"Technical state is constructive, with price above the 50-day and 200-day averages. MACD remains on the bullish side.",No recent matched news was found for this ticker/date.,Relative strength versus the benchmark looked favorable. 1-month excess return 5.42%; 3-month excess return 7.02%; 6-month excess return 17.67%.,"Model view: the setup leaned cautious. Confidence was around 63%. Technical state is constructive, with price above the 50-day and 200-day averages. MACD remains on the bullish side. No recent matched news was found for this ticker/date. Relative strength versus the benchmark looked favorable. 1-month excess return 5.42%; 3-month excess return 7.02%; 6-month excess return 17.67%."
2025-01-30,T,1,0.0,0.621414697227347,miss,random_forest,target_5d_updown,"Technical state is constructive, with price above the 50-day and 200-day averages. MACD remains on the bullish side.",No recent matched news was found for this ticker/date.,Relative strength versus the benchmark looked favorable. 1-month excess return 3.39%; 3-month excess return 4.45%; 6-month excess return 14.87%.,"Model view: the setup leaned cautious. Confidence was around 62%. Technical state is constructive, with price above the 50-day and 200-day averages. MACD remains on the bullish side. No recent matched news was found for this ticker/date. Relative strength versus the benchmark looked favorable. 1-month excess return 3.39%; 3-month excess return 4.45%; 6-month excess return 14.87%."
2025-01-31,T,1,0.0,0.6526807161045827,miss,random_forest,target_5d_updown,"Technical state is constructive, with price above the 50-day and 200-day averages. RSI is in a steady zone near 60.8. MACD remains on the bullish side.",No recent matched news was found for this ticker/date.,Relative strength versus the benchmark looked favorable. 1-month excess return 2.67%; 3-month excess return 3.52%; 6-month excess return 13.90%.,"Model view: the setup leaned cautious. Confidence was around 65%. Technical state is constructive, with price above the 50-day and 200-day averages. RSI is in a steady zone near 60.8. MACD remains on the bullish side. No recent matched news was found for this ticker/date. Relative strength versus the benchmark looked favorable. 1-month excess return 2.67%; 3-month excess return 3.52%; 6-month excess return 13.90%."
2025-02-03,T,1,0.0,0.6732824228158983,miss,random_forest,target_5d_updown,"Technical state is constructive, with price above the 50-day and 200-day averages. MACD remains on the bullish side.",No recent matched news was found for this ticker/date.,Relative strength versus the benchmark looked favorable. 1-month excess return 4.48%; 3-month excess return 7.02%; 6-month excess return 14.40%.,"Model view: the setup leaned cautious. Confidence was around 67%. Technical state is constructive, with price above the 50-day and 200-day averages. MACD remains on the bullish side. No recent matched news was found for this ticker/date. Relative strength versus the benchmark looked favorable. 1-month excess return 4.48%; 3-month excess return 7.02%; 6-month excess return 14.40%."
2025-02-04,T,1,0.0,0.722998532341174,miss,random_forest,target_5d_updown,"Technical state is constructive, with price above the 50-day and 200-day averages. MACD remains on the bullish side.",No recent matched news was found for this ticker/date.,Relative strength versus the benchmark looked favorable. 1-month excess return 3.26%; 3-month excess return 1.72%; 6-month excess return 12.24%.,"Model view: the setup leaned cautious. Confidence was around 72%. Technical state is constructive, with price above the 50-day and 200-day averages. MACD remains on the bullish side. No recent matched news was found for this ticker/date. Relative strength versus the benchmark looked favorable. 1-month excess return 3.26%; 3-month excess return 1.72%; 6-month excess return 12.24%."
2025-02-05,T,1,0.0,0.7149881536010538,miss,random_forest,target_5d_updown,"Technical state is constructive, with price above the 50-day and 200-day averages. MACD remains on the bullish side.",No recent matched news was found for this ticker/date.,Relative strength versus the benchmark looked favorable. 1-month excess return 5.88%; 3-month excess return 4.78%; 6-month excess return 12.48%.,"Model view: the setup leaned cautious. Confidence was around 71%. Technical state is constructive, with price above the 50-day and 200-day averages. MACD remains on the bullish side. No recent matched news was found for this ticker/date. Relative strength versus the benchmark looked favorable. 1-month excess return 5.88%; 3-month excess return 4.78%; 6-month excess return 12.48%."
2025-02-06,T,1,0.0,0.7014451650971972,miss,random_forest,target_5d_updown,"Technical state is constructive, with price above the 50-day and 200-day averages. MACD remains on the bullish side.",No recent matched news was found for this ticker/date.,Relative strength versus the benchmark looked favorable. 1-month excess return 6.35%; 3-month excess return 5.09%; 6-month excess return 11.22%.,"Model view: the setup leaned cautious. Confidence was around 70%. Technical state is constructive, with price above the 50-day and 200-day averages. MACD remains on the bullish side. No recent matched news was found for this ticker/date. Relative strength versus the benchmark looked favorable. 1-month excess return 6.35%; 3-month excess return 5.09%; 6-month excess return 11.22%."
2025-02-07,T,1,0.0,0.7099915667958256,miss,random_forest,target_5d_updown,"Technical state is constructive, with price above the 50-day and 200-day averages. MACD remains on the bullish side.",No recent matched news was found for this ticker/date.,Relative strength versus the benchmark looked favorable. 1-month excess return 8.55%; 3-month excess return 7.12%; 6-month excess return 11.62%.,"Model view: the setup leaned cautious. Confidence was around 71%. Technical state is constructive, with price above the 50-day and 200-day averages. MACD remains on the bullish side. No recent matched news was found for this ticker/date. Relative strength versus the benchmark looked favorable. 1-month excess return 8.55%; 3-month excess return 7.12%; 6-month excess return 11.62%."
2025-02-10,T,1,0.0,0.7335572766411729,miss,random_forest,target_5d_updown,"Technical state is constructive, with price above the 50-day and 200-day averages. RSI is elevated near 71.3, so chasing strength may add risk. MACD remains on the bullish side.",No recent matched news was found for this ticker/date.,Relative strength versus the benchmark looked favorable. 1-month excess return 9.50%; 3-month excess return 9.01%; 6-month excess return 14.12%.,"Model view: the setup leaned cautious. Confidence was around 73%. Technical state is constructive, with price above the 50-day and 200-day averages. RSI is elevated near 71.3, so chasing strength may add risk. MACD remains on the bullish side. No recent matched news was found for this ticker/date. Relative strength versus the benchmark looked favorable. 1-month excess return 9.50%; 3-month excess return 9.01%; 6-month excess return 14.12%."
2025-02-11,T,1,0.0,0.7190055576240182,miss,random_forest,target_5d_updown,"Technical state is constructive, with price above the 50-day and 200-day averages. RSI is elevated near 73.8, so chasing strength may add risk. MACD remains on the bullish side.",No recent matched news was found for this ticker/date.,Relative strength versus the benchmark looked favorable. 1-month excess return 11.69%; 3-month excess return 12.45%; 6-month excess return 15.40%.,"Model view: the setup leaned cautious. Confidence was around 72%. Technical state is constructive, with price above the 50-day and 200-day averages. RSI is elevated near 73.8, so chasing strength may add risk. MACD remains on the bullish side. No recent matched news was found for this ticker/date. Relative strength versus the benchmark looked favorable. 1-month excess return 11.69%; 3-month excess return 12.45%; 6-month excess return 15.40%."
2025-02-12,T,1,0.0,0.7282599686865053,miss,random_forest,target_5d_updown,"Technical state is constructive, with price above the 50-day and 200-day averages. RSI is elevated near 75.4, so chasing strength may add risk. MACD remains on the bullish side.",No recent matched news was found for this ticker/date.,Relative strength versus the benchmark looked favorable. 1-month excess return 13.84%; 3-month excess return 12.63%; 6-month excess return 17.31%.,"Model view: the setup leaned cautious. Confidence was around 73%. Technical state is constructive, with price above the 50-day and 200-day averages. RSI is elevated near 75.4, so chasing strength may add risk. MACD remains on the bullish side. No recent matched news was found for this ticker/date. Relative strength versus the benchmark looked favorable. 1-month excess return 13.84%; 3-month excess return 12.63%; 6-month excess return 17.31%."
2025-02-13,T,1,0.0,0.7104134894924955,miss,random_forest,target_5d_updown,"Technical state is constructive, with price above the 50-day and 200-day averages. RSI is elevated near 77.3, so chasing strength may add risk. MACD remains on the bullish side.",No recent matched news was found for this ticker/date.,Relative strength versus the benchmark looked favorable. 1-month excess return 12.82%; 3-month excess return 13.02%; 6-month excess return 18.76%.,"Model view: the setup leaned cautious. Confidence was around 71%. Technical state is constructive, with price above the 50-day and 200-day averages. RSI is elevated near 77.3, so chasing strength may add risk. MACD remains on the bullish side. No recent matched news was found for this ticker/date. Relative strength versus the benchmark looked favorable. 1-month excess return 12.82%; 3-month excess return 13.02%; 6-month excess return 18.76%."
2025-02-14,T,1,0.0,0.7262987612300765,miss,random_forest,target_5d_updown,"Technical state is constructive, with price above the 50-day and 200-day averages. RSI is elevated near 78.9, so chasing strength may add risk. MACD remains on the bullish side.",No recent matched news was found for this ticker/date.,Relative strength versus the benchmark looked favorable. 1-month excess return 15.20%; 3-month excess return 14.62%; 6-month excess return 19.61%.,"Model view: the setup leaned cautious. Confidence was around 73%. Technical state is constructive, with price above the 50-day and 200-day averages. RSI is elevated near 78.9, so chasing strength may add risk. MACD remains on the bullish side. No recent matched news was found for this ticker/date. Relative strength versus the benchmark looked favorable. 1-month excess return 15.20%; 3-month excess return 14.62%; 6-month excess return 19.61%."
2025-02-18,T,1,0.0,0.7241258797539005,miss,random_forest,target_5d_updown,"Technical state is constructive, with price above the 50-day and 200-day averages. RSI is elevated near 80.2, so chasing strength may add risk. MACD remains on the bullish side.",No recent matched news was found for this ticker/date.,Relative strength versus the benchmark looked favorable. 1-month excess return 15.07%; 3-month excess return 14.49%; 6-month excess return 25.96%.,"Model view: the setup leaned cautious. Confidence was around 72%. Technical state is constructive, with price above the 50-day and 200-day averages. RSI is elevated near 80.2, so chasing strength may add risk. MACD remains on the bullish side. No recent matched news was found for this ticker/date. Relative strength versus the benchmark looked favorable. 1-month excess return 15.07%; 3-month excess return 14.49%; 6-month excess return 25.96%."
2025-02-19,T,1,0.0,0.7193851217215426,miss,random_forest,target_5d_updown,"Technical state is constructive, with price above the 50-day and 200-day averages. RSI is elevated near 81.2, so chasing strength may add risk. MACD remains on the bullish side.",No recent matched news was found for this ticker/date.,Relative strength versus the benchmark looked favorable. 1-month excess return 15.13%; 3-month excess return 14.61%; 6-month excess return 25.03%.,"Model view: the setup leaned cautious. Confidence was around 72%. Technical state is constructive, with price above the 50-day and 200-day averages. RSI is elevated near 81.2, so chasing strength may add risk. MACD remains on the bullish side. No recent matched news was found for this ticker/date. Relative strength versus the benchmark looked favorable. 1-month excess return 15.13%; 3-month excess return 14.61%; 6-month excess return 25.03%."
2025-02-20,T,1,0.0,0.7158436225266445,miss,random_forest,target_5d_updown,"Technical state is constructive, with price above the 50-day and 200-day averages. RSI is elevated near 78.9, so chasing strength may add risk. MACD remains on the bullish side.",No recent matched news was found for this ticker/date.,Relative strength versus the benchmark looked favorable. 1-month excess return 15.04%; 3-month excess return 11.07%; 6-month excess return 25.04%.,"Model view: the setup leaned cautious. Confidence was around 72%. Technical state is constructive, with price above the 50-day and 200-day averages. RSI is elevated near 78.9, so chasing strength may add risk. MACD remains on the bullish side. No recent matched news was found for this ticker/date. Relative strength versus the benchmark looked favorable. 1-month excess return 15.04%; 3-month excess return 11.07%; 6-month excess return 25.04%."
2025-02-21,T,1,0.0,0.6740134703266881,miss,random_forest,target_5d_updown,"Technical state is constructive, with price above the 50-day and 200-day averages. RSI is elevated near 81.8, so chasing strength may add risk. MACD remains on the bullish side.",No recent matched news was found for this ticker/date.,Relative strength versus the benchmark looked favorable. 1-month excess return 20.32%; 3-month excess return 13.75%; 6-month excess return 29.13%.,"Model view: the setup leaned cautious. Confidence was around 67%. Technical state is constructive, with price above the 50-day and 200-day averages. RSI is elevated near 81.8, so chasing strength may add risk. MACD remains on the bullish side. No recent matched news was found for this ticker/date. Relative strength versus the benchmark looked favorable. 1-month excess return 20.32%; 3-month excess return 13.75%; 6-month excess return 29.13%."
2025-02-24,T,1,0.0,0.7017283961560663,miss,random_forest,target_5d_updown,"Technical state is constructive, with price above the 50-day and 200-day averages. RSI is elevated near 82.5, so chasing strength may add risk. MACD remains on the bullish side.",No recent matched news was found for this ticker/date.,Relative strength versus the benchmark looked favorable. 1-month excess return 20.75%; 3-month excess return 16.46%; 6-month excess return 30.28%.,"Model view: the setup leaned cautious. Confidence was around 70%. Technical state is constructive, with price above the 50-day and 200-day averages. RSI is elevated near 82.5, so chasing strength may add risk. MACD remains on the bullish side. No recent matched news was found for this ticker/date. Relative strength versus the benchmark looked favorable. 1-month excess return 20.75%; 3-month excess return 16.46%; 6-month excess return 30.28%."
2025-02-25,T,0,0.0,0.7468642920008236,hit,random_forest,target_5d_updown,"Technical state is constructive, with price above the 50-day and 200-day averages. RSI is elevated near 80.1, so chasing strength may add risk. MACD remains on the bullish side. Volatility is relatively contained at roughly 14.1%.",No recent matched news was found for this ticker/date.,Relative strength versus the benchmark looked favorable. 1-month excess return 19.55%; 3-month excess return 16.09%; 6-month excess return 29.69%.,"Model view: the setup leaned cautious. Confidence was around 75%. Technical state is constructive, with price above the 50-day and 200-day averages. RSI is elevated near 80.1, so chasing strength may add risk. MACD remains on the bullish side. Volatility is relatively contained at roughly 14.1%. No recent matched news was found for this ticker/date. Relative strength versus the benchmark looked favorable. 1-month excess return 19.55%; 3-month excess return 16.09%; 6-month excess return 29.69%."
2025-02-26,T,0,0.0,0.7790883750077688,hit,random_forest,target_5d_updown,"Technical state is constructive, with price above the 50-day and 200-day averages. RSI is elevated near 77.9, so chasing strength may add risk. MACD remains on the bullish side. Volatility is relatively contained at roughly 14.2%.",No recent matched news was found for this ticker/date.,Relative strength versus the benchmark looked favorable. 1-month excess return 10.88%; 3-month excess return 15.42%; 6-month excess return 28.84%.,"Model view: the setup leaned cautious. Confidence was around 78%. Technical state is constructive, with price above the 50-day and 200-day averages. RSI is elevated near 77.9, so chasing strength may add risk. MACD remains on the bullish side. Volatility is relatively contained at roughly 14.2%. No recent matched news was found for this ticker/date. Relative strength versus the benchmark looked favorable. 1-month excess return 10.88%; 3-month excess return 15.42%; 6-month excess return 28.84%."
2025-02-27,T,0,0.0,0.7662837634315877,hit,random_forest,target_5d_updown,"Technical state is constructive, with price above the 50-day and 200-day averages. RSI is elevated near 80.3, so chasing strength may add risk. MACD remains on the bullish side. Volatility is relatively contained at roughly 13.9%.",No recent matched news was found for this ticker/date.,Relative strength versus the benchmark looked favorable. 1-month excess return 13.46%; 3-month excess return 17.78%; 6-month excess return 31.75%.,"Model view: the setup leaned cautious. Confidence was around 77%. Technical state is constructive, with price above the 50-day and 200-day averages. RSI is elevated near 80.3, so chasing strength may add risk. MACD remains on the bullish side. Volatility is relatively contained at roughly 13.9%. No recent matched news was found for this ticker/date. Relative strength versus the benchmark looked favorable. 1-month excess return 13.46%; 3-month excess return 17.78%; 6-month excess return 31.75%."
2025-02-28,T,0,0.0,0.7443400978298246,hit,random_forest,target_5d_updown,"Technical state is constructive, with price above the 50-day and 200-day averages. RSI is elevated near 83.3, so chasing strength may add risk. MACD remains on the bullish side. Volatility is relatively contained at roughly 13.6%.",No recent matched news was found for this ticker/date.,Relative strength versus the benchmark looked favorable. 1-month excess return 14.40%; 3-month excess return 19.19%; 6-month excess return 33.63%.,"Model view: the setup leaned cautious. Confidence was around 74%. Technical state is constructive, with price above the 50-day and 200-day averages. RSI is elevated near 83.3, so chasing strength may add risk. MACD remains on the bullish side. Volatility is relatively contained at roughly 13.6%. No recent matched news was found for this ticker/date. Relative strength versus the benchmark looked favorable. 1-month excess return 14.40%; 3-month excess return 19.19%; 6-month excess return 33.63%."
2025-03-03,T,0,0.0,0.7608483003017418,hit,random_forest,target_5d_updown,"Technical state is constructive, with price above the 50-day and 200-day averages. RSI is elevated near 84.8, so chasing strength may add risk. MACD remains on the bullish side. Volatility is relatively contained at roughly 11.8%.",No recent matched news was found for this ticker/date.,Relative strength versus the benchmark looked favorable. 1-month excess return 18.89%; 3-month excess return 22.84%; 6-month excess return 35.22%.,"Model view: the setup leaned cautious. Confidence was around 76%. Technical state is constructive, with price above the 50-day and 200-day averages. RSI is elevated near 84.8, so chasing strength may add risk. MACD remains on the bullish side. Volatility is relatively contained at roughly 11.8%. No recent matched news was found for this ticker/date. Relative strength versus the benchmark looked favorable. 1-month excess return 18.89%; 3-month excess return 22.84%; 6-month excess return 35.22%."
2025-03-04,T,0,0.0,0.6917840634451983,hit,random_forest,target_5d_updown,"Technical state is constructive, with price above the 50-day and 200-day averages. RSI is in a steady zone near 57.8. MACD remains on the bullish side.",No recent matched news was found for this ticker/date.,Relative strength versus the benchmark looked favorable. 1-month excess return 14.63%; 3-month excess return 16.33%; 6-month excess return 29.33%.,"Model view: the setup leaned cautious. Confidence was around 69%. Technical state is constructive, with price above the 50-day and 200-day averages. RSI is in a steady zone near 57.8. MACD remains on the bullish side. No recent matched news was found for this ticker/date. Relative strength versus the benchmark looked favorable. 1-month excess return 14.63%; 3-month excess return 16.33%; 6-month excess return 29.33%."
2025-03-05,T,0,0.0,0.7235291371095929,hit,random_forest,target_5d_updown,"Technical state is constructive, with price above the 50-day and 200-day averages. RSI is in a steady zone near 57.3. MACD remains on the bearish side.",No recent matched news was found for this ticker/date.,Relative strength versus the benchmark looked favorable. 1-month excess return 10.38%; 3-month excess return 16.12%; 6-month excess return 28.01%.,"Model view: the setup leaned cautious. Confidence was around 72%. Technical state is constructive, with price above the 50-day and 200-day averages. RSI is in a steady zone near 57.3. MACD remains on the bearish side. No recent matched news was found for this ticker/date. Relative strength versus the benchmark looked favorable. 1-month excess return 10.38%; 3-month excess return 16.12%; 6-month excess return 28.01%."
2025-03-06,T,0,0.0,0.700994300192965,hit,random_forest,target_5d_updown,"Technical state is constructive, with price above the 50-day and 200-day averages. RSI is in a steady zone near 62.3. MACD remains on the bearish side.",No recent matched news was found for this ticker/date.,Relative strength versus the benchmark looked favorable. 1-month excess return 15.05%; 3-month excess return 22.86%; 6-month excess return 27.07%.,"Model view: the setup leaned cautious. Confidence was around 70%. Technical state is constructive, with price above the 50-day and 200-day averages. RSI is in a steady zone near 62.3. MACD remains on the bearish side. No recent matched news was found for this ticker/date. Relative strength versus the benchmark looked favorable. 1-month excess return 15.05%; 3-month excess return 22.86%; 6-month excess return 27.07%."
2025-03-07,T,0,0.0,0.7370695029366513,hit,random_forest,target_5d_updown,"Technical state is constructive, with price above the 50-day and 200-day averages. MACD remains on the bearish side.",No recent matched news was found for this ticker/date.,Relative strength versus the benchmark looked favorable. 1-month excess return 15.53%; 3-month excess return 18.85%; 6-month excess return 27.26%.,"Model view: the setup leaned cautious. Confidence was around 74%. Technical state is constructive, with price above the 50-day and 200-day averages. MACD remains on the bearish side. No recent matched news was found for this ticker/date. Relative strength versus the benchmark looked favorable. 1-month excess return 15.53%; 3-month excess return 18.85%; 6-month excess return 27.26%."
2025-03-10,T,0,0.0,0.7192526040032761,hit,random_forest,target_5d_updown,"Technical state is constructive, with price above the 50-day and 200-day averages. MACD remains on the bearish side.",No recent matched news was found for this ticker/date.,Relative strength versus the benchmark looked favorable. 1-month excess return 19.13%; 3-month excess return 23.66%; 6-month excess return 30.04%.,"Model view: the setup leaned cautious. Confidence was around 72%. Technical state is constructive, with price above the 50-day and 200-day averages. MACD remains on the bearish side. No recent matched news was found for this ticker/date. Relative strength versus the benchmark looked favorable. 1-month excess return 19.13%; 3-month excess return 23.66%; 6-month excess return 30.04%."
2025-03-11,T,1,0.0,0.6363768317050927,miss,random_forest,target_5d_updown,"Technical state is constructive, with price above the 50-day and 200-day averages. RSI is in a steady zone near 51.2. MACD remains on the bearish side. Volatility is elevated at roughly 30.9%.",No recent matched news was found for this ticker/date.,Relative strength versus the benchmark looked favorable. 1-month excess return 13.40%; 3-month excess return 17.47%; 6-month excess return 21.09%.,"Model view: the setup leaned cautious. Confidence was around 64%. Technical state is constructive, with price above the 50-day and 200-day averages. RSI is in a steady zone near 51.2. MACD remains on the bearish side. Volatility is elevated at roughly 30.9%. No recent matched news was found for this ticker/date. Relative strength versus the benchmark looked favorable. 1-month excess return 13.40%; 3-month excess return 17.47%; 6-month excess return 21.09%."
2025-03-12,T,1,0.0,0.6659515945177747,miss,random_forest,target_5d_updown,"Technical state is constructive, with price above the 50-day and 200-day averages. MACD remains on the bearish side. Volatility is elevated at roughly 31.0%.",No recent matched news was found for this ticker/date.,Relative strength versus the benchmark looked favorable. 1-month excess return 11.08%; 3-month excess return 15.77%; 6-month excess return 17.33%.,"Model view: the setup leaned cautious. Confidence was around 67%. Technical state is constructive, with price above the 50-day and 200-day averages. MACD remains on the bearish side. Volatility is elevated at roughly 31.0%. No recent matched news was found for this ticker/date. Relative strength versus the benchmark looked favorable. 1-month excess return 11.08%; 3-month excess return 15.77%; 6-month excess return 17.33%."
2025-03-13,T,1,0.0,0.6068644334255926,miss,random_forest,target_5d_updown,"Technical state is constructive, with price above the 50-day and 200-day averages. RSI is in a steady zone near 52.0. MACD remains on the bearish side. Volatility is elevated at roughly 31.3%.",No recent matched news was found for this ticker/date.,Relative strength versus the benchmark looked favorable. 1-month excess return 12.65%; 3-month excess return 20.43%; 6-month excess return 19.63%.,"Model view: the setup leaned cautious. Confidence was around 61%. Technical state is constructive, with price above the 50-day and 200-day averages. RSI is in a steady zone near 52.0. MACD remains on the bearish side. Volatility is elevated at roughly 31.3%. No recent matched news was found for this ticker/date. Relative strength versus the benchmark looked favorable. 1-month excess return 12.65%; 3-month excess return 20.43%; 6-month excess return 19.63%."
2025-03-14,T,1,0.0,0.6485235361177775,miss,random_forest,target_5d_updown,"Technical state is constructive, with price above the 50-day and 200-day averages. RSI is in a steady zone near 56.3. MACD remains on the bearish side. Volatility is elevated at roughly 31.7%.",No recent matched news was found for this ticker/date.,Relative strength versus the benchmark looked favorable. 1-month excess return 11.54%; 3-month excess return 19.71%; 6-month excess return 22.35%.,"Model view: the setup leaned cautious. Confidence was around 65%. Technical state is constructive, with price above the 50-day and 200-day averages. RSI is in a steady zone near 56.3. MACD remains on the bearish side. Volatility is elevated at roughly 31.7%. No recent matched news was found for this ticker/date. Relative strength versus the benchmark looked favorable. 1-month excess return 11.54%; 3-month excess return 19.71%; 6-month excess return 22.35%."
2025-03-17,T,1,0.0,0.6997033790842386,miss,random_forest,target_5d_updown,"Technical state is constructive, with price above the 50-day and 200-day averages. RSI is in a steady zone near 58.4. MACD remains on the bearish side. Volatility is elevated at roughly 31.7%.",No recent matched news was found for this ticker/date.,Relative strength versus the benchmark looked favorable. 1-month excess return 11.68%; 3-month excess return 20.91%; 6-month excess return 22.80%.,"Model view: the setup leaned cautious. Confidence was around 70%. Technical state is constructive, with price above the 50-day and 200-day averages. RSI is in a steady zone near 58.4. MACD remains on the bearish side. Volatility is elevated at roughly 31.7%. No recent matched news was found for this ticker/date. Relative strength versus the benchmark looked favorable. 1-month excess return 11.68%; 3-month excess return 20.91%; 6-month excess return 22.80%."
2025-03-18,T,1,0.0,0.6762801186708214,miss,random_forest,target_5d_updown,"Technical state is constructive, with price above the 50-day and 200-day averages. RSI is in a steady zone near 55.9. MACD remains on the bearish side. Volatility is elevated at roughly 31.9%.",No recent matched news was found for this ticker/date.,Relative strength versus the benchmark looked favorable. 1-month excess return 10.85%; 3-month excess return 21.06%; 6-month excess return 23.09%.,"Model view: the setup leaned cautious. Confidence was around 68%. Technical state is constructive, with price above the 50-day and 200-day averages. RSI is in a steady zone near 55.9. MACD remains on the bearish side. Volatility is elevated at roughly 31.9%. No recent matched news was found for this ticker/date. Relative strength versus the benchmark looked favorable. 1-month excess return 10.85%; 3-month excess return 21.06%; 6-month excess return 23.09%."
2025-03-19,T,1,0.0,0.6877403676270386,miss,random_forest,target_5d_updown,"Technical state is constructive, with price above the 50-day and 200-day averages. RSI is in a steady zone near 57.9. MACD remains on the bearish side. Volatility is elevated at roughly 31.9%.",No recent matched news was found for this ticker/date.,Relative strength versus the benchmark looked favorable. 1-month excess return 10.24%; 3-month excess return 19.75%; 6-month excess return 19.75%.,"Model view: the setup leaned cautious. Confidence was around 69%. Technical state is constructive, with price above the 50-day and 200-day averages. RSI is in a steady zone near 57.9. MACD remains on the bearish side. Volatility is elevated at roughly 31.9%. No recent matched news was found for this ticker/date. Relative strength versus the benchmark looked favorable. 1-month excess return 10.24%; 3-month excess return 19.75%; 6-month excess return 19.75%."
2025-03-20,T,1,0.0,0.7241501591132044,miss,random_forest,target_5d_updown,"Technical state is constructive, with price above the 50-day and 200-day averages. RSI is in a steady zone near 57.3. MACD remains on the bearish side. Volatility is elevated at roughly 31.9%.",No recent matched news was found for this ticker/date.,Relative strength versus the benchmark looked favorable. 1-month excess return 9.82%; 3-month excess return 24.05%; 6-month excess return 22.51%.,"Model view: the setup leaned cautious. Confidence was around 72%. Technical state is constructive, with price above the 50-day and 200-day averages. RSI is in a steady zone near 57.3. MACD remains on the bearish side. Volatility is elevated at roughly 31.9%. No recent matched news was found for this ticker/date. Relative strength versus the benchmark looked favorable. 1-month excess return 9.82%; 3-month excess return 24.05%; 6-month excess return 22.51%."
2025-03-21,T,1,0.0,0.7209704311260566,miss,random_forest,target_5d_updown,"Technical state is constructive, with price above the 50-day and 200-day averages. RSI is in a steady zone near 59.4. MACD remains on the bearish side. Volatility is elevated at roughly 31.4%.",No recent matched news was found for this ticker/date.,Relative strength versus the benchmark looked favorable. 1-month excess return 10.64%; 3-month excess return 24.69%; 6-month excess return 23.50%.,"Model view: the setup leaned cautious. Confidence was around 72%. Technical state is constructive, with price above the 50-day and 200-day averages. RSI is in a steady zone near 59.4. MACD remains on the bearish side. Volatility is elevated at roughly 31.4%. No recent matched news was found for this ticker/date. Relative strength versus the benchmark looked favorable. 1-month excess return 10.64%; 3-month excess return 24.69%; 6-month excess return 23.50%."
2025-03-24,T,1,0.0,0.7275659879954314,miss,random_forest,target_5d_updown,"Technical state is constructive, with price above the 50-day and 200-day averages. RSI is in a steady zone near 58.6. MACD remains on the bearish side. Volatility is elevated at roughly 31.4%.",No recent matched news was found for this ticker/date.,Relative strength versus the benchmark looked favorable. 1-month excess return 5.33%; 3-month excess return 21.74%; 6-month excess return 25.36%.,"Model view: the setup leaned cautious. Confidence was around 73%. Technical state is constructive, with price above the 50-day and 200-day averages. RSI is in a steady zone near 58.6. MACD remains on the bearish side. Volatility is elevated at roughly 31.4%. No recent matched news was found for this ticker/date. Relative strength versus the benchmark looked favorable. 1-month excess return 5.33%; 3-month excess return 21.74%; 6-month excess return 25.36%."
2025-03-25,T,1,0.0,0.7650460491983854,miss,random_forest,target_5d_updown,"Technical state is constructive, with price above the 50-day and 200-day averages. RSI is in a steady zone near 61.9. MACD remains on the bearish side. Volatility is elevated at roughly 31.7%.",No recent matched news was found for this ticker/date.,Relative strength versus the benchmark looked favorable. 1-month excess return 5.50%; 3-month excess return 22.54%; 6-month excess return 25.50%.,"Model view: the setup leaned cautious. Confidence was around 77%. Technical state is constructive, with price above the 50-day and 200-day averages. RSI is in a steady zone near 61.9. MACD remains on the bearish side. Volatility is elevated at roughly 31.7%. No recent matched news was found for this ticker/date. Relative strength versus the benchmark looked favorable. 1-month excess return 5.50%; 3-month excess return 22.54%; 6-month excess return 25.50%."
2025-03-26,T,1,0.0,0.732279487133468,miss,random_forest,target_5d_updown,"Technical state is constructive, with price above the 50-day and 200-day averages. RSI is in a steady zone near 64.8. MACD remains on the bearish side. Volatility is elevated at roughly 31.9%.",No recent matched news was found for this ticker/date.,Relative strength versus the benchmark looked favorable. 1-month excess return 7.77%; 3-month excess return 25.31%; 6-month excess return 28.80%.,"Model view: the setup leaned cautious. Confidence was around 73%. Technical state is constructive, with price above the 50-day and 200-day averages. RSI is in a steady zone near 64.8. MACD remains on the bearish side. Volatility is elevated at roughly 31.9%. No recent matched news was found for this ticker/date. Relative strength versus the benchmark looked favorable. 1-month excess return 7.77%; 3-month excess return 25.31%; 6-month excess return 28.80%."
2025-03-27,T,1,0.0,0.6959513270569017,miss,random_forest,target_5d_updown,"Technical state is constructive, with price above the 50-day and 200-day averages. MACD remains on the bullish side. Volatility is elevated at roughly 32.3%.",No recent matched news was found for this ticker/date.,Relative strength versus the benchmark looked favorable. 1-month excess return 10.81%; 3-month excess return 28.22%; 6-month excess return 31.65%.,"Model view: the setup leaned cautious. Confidence was around 70%. Technical state is constructive, with price above the 50-day and 200-day averages. MACD remains on the bullish side. Volatility is elevated at roughly 32.3%. No recent matched news was found for this ticker/date. Relative strength versus the benchmark looked favorable. 1-month excess return 10.81%; 3-month excess return 28.22%; 6-month excess return 31.65%."
2025-03-28,T,0,0.0,0.716515635861202,hit,random_forest,target_5d_updown,"Technical state is constructive, with price above the 50-day and 200-day averages. MACD remains on the bullish side. Volatility is elevated at roughly 31.7%.",No recent matched news was found for this ticker/date.,Relative strength versus the benchmark looked favorable. 1-month excess return 9.81%; 3-month excess return 30.39%; 6-month excess return 33.52%.,"Model view: the setup leaned cautious. Confidence was around 72%. Technical state is constructive, with price above the 50-day and 200-day averages. MACD remains on the bullish side. Volatility is elevated at roughly 31.7%. No recent matched news was found for this ticker/date. Relative strength versus the benchmark looked favorable. 1-month excess return 9.81%; 3-month excess return 30.39%; 6-month excess return 33.52%."
2025-03-31,T,0,0.0,0.7415746841952645,hit,random_forest,target_5d_updown,"Technical state is constructive, with price above the 50-day and 200-day averages. MACD remains on the bullish side. Volatility is elevated at roughly 31.5%.",No recent matched news was found for this ticker/date.,Relative strength versus the benchmark looked favorable. 1-month excess return 9.11%; 3-month excess return 30.21%; 6-month excess return 33.24%.,"Model view: the setup leaned cautious. Confidence was around 74%. Technical state is constructive, with price above the 50-day and 200-day averages. MACD remains on the bullish side. Volatility is elevated at roughly 31.5%. No recent matched news was found for this ticker/date. Relative strength versus the benchmark looked favorable. 1-month excess return 9.11%; 3-month excess return 30.21%; 6-month excess return 33.24%."
2025-04-01,T,0,0.0,0.7548810998819497,hit,random_forest,target_5d_updown,"Technical state is constructive, with price above the 50-day and 200-day averages. RSI is elevated near 70.9, so chasing strength may add risk. MACD remains on the bullish side.",No recent matched news was found for this ticker/date.,Relative strength versus the benchmark looked favorable. 1-month excess return 6.68%; 3-month excess return 30.30%; 6-month excess return 31.87%.,"Model view: the setup leaned cautious. Confidence was around 75%. Technical state is constructive, with price above the 50-day and 200-day averages. RSI is elevated near 70.9, so chasing strength may add risk. MACD remains on the bullish side. No recent matched news was found for this ticker/date. Relative strength versus the benchmark looked favorable. 1-month excess return 6.68%; 3-month excess return 30.30%; 6-month excess return 31.87%."
2025-04-02,T,0,0.0,0.7464180136480355,hit,random_forest,target_5d_updown,"Technical state is constructive, with price above the 50-day and 200-day averages. MACD remains on the bullish side.",No recent matched news was found for this ticker/date.,Relative strength versus the benchmark looked favorable. 1-month excess return 9.50%; 3-month excess return 28.54%; 6-month excess return 29.57%.,"Model view: the setup leaned cautious. Confidence was around 75%. Technical state is constructive, with price above the 50-day and 200-day averages. MACD remains on the bullish side. No recent matched news was found for this ticker/date. Relative strength versus the benchmark looked favorable. 1-month excess return 9.50%; 3-month excess return 28.54%; 6-month excess return 29.57%."
2025-04-03,T,0,0.0,0.6768483285263536,hit,random_forest,target_5d_updown,"Technical state is constructive, with price above the 50-day and 200-day averages. MACD remains on the bullish side.",No recent matched news was found for this ticker/date.,Relative strength versus the benchmark looked favorable. 1-month excess return 17.12%; 3-month excess return 33.89%; 6-month excess return 34.70%.,"Model view: the setup leaned cautious. Confidence was around 68%. Technical state is constructive, with price above the 50-day and 200-day averages. MACD remains on the bullish side. No recent matched news was found for this ticker/date. Relative strength versus the benchmark looked favorable. 1-month excess return 17.12%; 3-month excess return 33.89%; 6-month excess return 34.70%."
2025-04-04,T,1,0.0,0.54226655597954,miss,random_forest,target_5d_updown,"Technical state is constructive, with price above the 50-day and 200-day averages. MACD remains on the bearish side. Volatility is elevated at roughly 34.7%.",No recent matched news was found for this ticker/date.,Relative strength versus the benchmark looked favorable. 1-month excess return 11.27%; 3-month excess return 30.07%; 6-month excess return 31.02%.,"Model view: the setup leaned cautious. Confidence was around 54%. Technical state is constructive, with price above the 50-day and 200-day averages. MACD remains on the bearish side. Volatility is elevated at roughly 34.7%. No recent matched news was found for this ticker/date. Relative strength versus the benchmark looked favorable. 1-month excess return 11.27%; 3-month excess return 30.07%; 6-month excess return 31.02%."
2025-04-07,T,1,0.0,0.5552600655426393,miss,random_forest,target_5d_updown,"Technical state is constructive, with price above the 50-day and 200-day averages. MACD remains on the bearish side. Volatility is elevated at roughly 34.7%.",No recent matched news was found for this ticker/date.,Relative strength versus the benchmark looked favorable. 1-month excess return 11.39%; 3-month excess return 33.20%; 6-month excess return 32.85%.,"Model view: the setup leaned cautious. Confidence was around 56%. Technical state is constructive, with price above the 50-day and 200-day averages. MACD remains on the bearish side. Volatility is elevated at roughly 34.7%. No recent matched news was found for this ticker/date. Relative strength versus the benchmark looked favorable. 1-month excess return 11.39%; 3-month excess return 33.20%; 6-month excess return 32.85%."
2025-04-08,T,1,0.0,0.5355673831730583,miss,random_forest,target_5d_updown,"Technical state is constructive, with price above the 50-day and 200-day averages. MACD remains on the bearish side. Volatility is elevated at roughly 30.9%.",No recent matched news was found for this ticker/date.,Relative strength versus the benchmark looked favorable. 1-month excess return 8.14%; 3-month excess return 33.36%; 6-month excess return 33.72%.,"Model view: the setup leaned cautious. Confidence was around 54%. Technical state is constructive, with price above the 50-day and 200-day averages. MACD remains on the bearish side. Volatility is elevated at roughly 30.9%. No recent matched news was found for this ticker/date. Relative strength versus the benchmark looked favorable. 1-month excess return 8.14%; 3-month excess return 33.36%; 6-month excess return 33.72%."
2025-04-09,T,1,0.0,0.6564010945014435,miss,random_forest,target_5d_updown,"Technical state is constructive, with price above the 50-day and 200-day averages. MACD remains on the bearish side. Volatility is elevated at roughly 30.6%.",No recent matched news was found for this ticker/date.,Relative strength versus the benchmark looked favorable. 1-month excess return 4.15%; 3-month excess return 27.05%; 6-month excess return 25.90%.,"Model view: the setup leaned cautious. Confidence was around 66%. Technical state is constructive, with price above the 50-day and 200-day averages. MACD remains on the bearish side. Volatility is elevated at roughly 30.6%. No recent matched news was found for this ticker/date. Relative strength versus the benchmark looked favorable. 1-month excess return 4.15%; 3-month excess return 27.05%; 6-month excess return 25.90%."
2025-04-10,T,1,0.0,0.6563471850399956,miss,random_forest,target_5d_updown,"Technical state is mixed, with price not fully aligned across the major moving averages. MACD remains on the bearish side. Volatility is elevated at roughly 30.2%.",No recent matched news was found for this ticker/date.,Relative strength versus the benchmark looked favorable. 1-month excess return 8.78%; 3-month excess return 30.06%; 6-month excess return 29.22%.,"Model view: the setup leaned cautious. Confidence was around 66%. Technical state is mixed, with price not fully aligned across the major moving averages. MACD remains on the bearish side. Volatility is elevated at roughly 30.2%. No recent matched news was found for this ticker/date. Relative strength versus the benchmark looked favorable. 1-month excess return 8.78%; 3-month excess return 30.06%; 6-month excess return 29.22%."
2025-04-11,T,0,0.0,0.6881824108113261,hit,random_forest,target_5d_updown,"Technical state is constructive, with price above the 50-day and 200-day averages. MACD remains on the bearish side.",No recent matched news was found for this ticker/date.,Relative strength versus the benchmark looked favorable. 1-month excess return 5.94%; 3-month excess return 31.63%; 6-month excess return 29.68%.,"Model view: the setup leaned cautious. Confidence was around 69%. Technical state is constructive, with price above the 50-day and 200-day averages. MACD remains on the bearish side. No recent matched news was found for this ticker/date. Relative strength versus the benchmark looked favorable. 1-month excess return 5.94%; 3-month excess return 31.63%; 6-month excess return 29.68%."
2025-04-14,T,0,0.0,0.694048186613702,hit,random_forest,target_5d_updown,"Technical state is constructive, with price above the 50-day and 200-day averages. RSI is in a steady zone near 52.7. MACD remains on the bearish side. Volatility is elevated at roughly 30.3%.",No recent matched news was found for this ticker/date.,Relative strength versus the benchmark looked favorable. 1-month excess return 6.58%; 3-month excess return 33.47%; 6-month excess return 34.62%.,"Model view: the setup leaned cautious. Confidence was around 69%. Technical state is constructive, with price above the 50-day and 200-day averages. RSI is in a steady zone near 52.7. MACD remains on the bearish side. Volatility is elevated at roughly 30.3%. No recent matched news was found for this ticker/date. Relative strength versus the benchmark looked favorable. 1-month excess return 6.58%; 3-month excess return 33.47%; 6-month excess return 34.62%."
2025-04-15,T,0,0.0,0.6854581526979687,hit,random_forest,target_5d_updown,"Technical state is constructive, with price above the 50-day and 200-day averages. RSI is in a steady zone near 55.5. MACD remains on the bearish side. Volatility is elevated at roughly 30.3%.",No recent matched news was found for this ticker/date.,Relative strength versus the benchmark looked favorable. 1-month excess return 7.74%; 3-month excess return 33.84%; 6-month excess return 35.93%.,"Model view: the setup leaned cautious. Confidence was around 69%. Technical state is constructive, with price above the 50-day and 200-day averages. RSI is in a steady zone near 55.5. MACD remains on the bearish side. Volatility is elevated at roughly 30.3%. No recent matched news was found for this ticker/date. Relative strength versus the benchmark looked favorable. 1-month excess return 7.74%; 3-month excess return 33.84%; 6-month excess return 35.93%."
2025-04-16,T,1,0.0,0.6375483142790181,miss,random_forest,target_5d_updown,"Technical state is constructive, with price above the 50-day and 200-day averages. RSI is in a steady zone near 50.4. MACD remains on the bearish side. Volatility is elevated at roughly 30.9%.",No recent matched news was found for this ticker/date.,Relative strength versus the benchmark looked favorable. 1-month excess return 7.88%; 3-month excess return 34.66%; 6-month excess return 37.12%.,"Model view: the setup leaned cautious. Confidence was around 64%. Technical state is constructive, with price above the 50-day and 200-day averages. RSI is in a steady zone near 50.4. MACD remains on the bearish side. Volatility is elevated at roughly 30.9%. No recent matched news was found for this ticker/date. Relative strength versus the benchmark looked favorable. 1-month excess return 7.88%; 3-month excess return 34.66%; 6-month excess return 37.12%."
2025-04-17,T,0,0.0,0.679220380616699,hit,random_forest,target_5d_updown,"Technical state is constructive, with price above the 50-day and 200-day averages. RSI is in a steady zone near 51.7. MACD remains on the bearish side. Volatility is elevated at roughly 30.9%.",No recent matched news was found for this ticker/date.,Relative strength versus the benchmark looked favorable. 1-month excess return 8.33%; 3-month excess return 34.38%; 6-month excess return 35.43%.,"Model view: the setup leaned cautious. Confidence was around 68%. Technical state is constructive, with price above the 50-day and 200-day averages. RSI is in a steady zone near 51.7. MACD remains on the bearish side. Volatility is elevated at roughly 30.9%. No recent matched news was found for this ticker/date. Relative strength versus the benchmark looked favorable. 1-month excess return 8.33%; 3-month excess return 34.38%; 6-month excess return 35.43%."
2025-04-21,T,1,0.0,0.5697816043771551,miss,random_forest,target_5d_updown,"Technical state is mixed, with price not fully aligned across the major moving averages. MACD remains on the bearish side. Volatility is elevated at roughly 32.6%.",No recent matched news was found for this ticker/date.,Relative strength versus the benchmark looked favorable. 1-month excess return 7.47%; 3-month excess return 32.15%; 6-month excess return 33.02%.,"Model view: the setup leaned cautious. Confidence was around 57%. Technical state is mixed, with price not fully aligned across the major moving averages. MACD remains on the bearish side. Volatility is elevated at roughly 32.6%. No recent matched news was found for this ticker/date. Relative strength versus the benchmark looked favorable. 1-month excess return 7.47%; 3-month excess return 32.15%; 6-month excess return 33.02%."
2025-04-22,T,1,0.0,0.6132361083716711,miss,random_forest,target_5d_updown,"Technical state is constructive, with price above the 50-day and 200-day averages. RSI is in a steady zone near 50.1. MACD remains on the bearish side. Volatility is elevated at roughly 33.8%.",No recent matched news was found for this ticker/date.,Relative strength versus the benchmark looked favorable. 1-month excess return 6.69%; 3-month excess return 32.53%; 6-month excess return 33.60%.,"Model view: the setup leaned cautious. Confidence was around 61%. Technical state is constructive, with price above the 50-day and 200-day averages. RSI is in a steady zone near 50.1. MACD remains on the bearish side. Volatility is elevated at roughly 33.8%. No recent matched news was found for this ticker/date. Relative strength versus the benchmark looked favorable. 1-month excess return 6.69%; 3-month excess return 32.53%; 6-month excess return 33.60%."
2025-04-23,T,1,0.0,0.6809244990679096,miss,random_forest,target_5d_updown,"Technical state is constructive, with price above the 50-day and 200-day averages. RSI is in a steady zone near 52.2. MACD remains on the bearish side. Volatility is elevated at roughly 33.6%.",No recent matched news was found for this ticker/date.,Relative strength versus the benchmark looked favorable. 1-month excess return 7.90%; 3-month excess return 33.57%; 6-month excess return 32.87%.,"Model view: the setup leaned cautious. Confidence was around 68%. Technical state is constructive, with price above the 50-day and 200-day averages. RSI is in a steady zone near 52.2. MACD remains on the bearish side. Volatility is elevated at roughly 33.6%. No recent matched news was found for this ticker/date. Relative strength versus the benchmark looked favorable. 1-month excess return 7.90%; 3-month excess return 33.57%; 6-month excess return 32.87%."
2025-04-24,T,1,0.0,0.6973441200432714,miss,random_forest,target_5d_updown,"Technical state is constructive, with price above the 50-day and 200-day averages. RSI is in a steady zone near 55.2. MACD remains on the bearish side. Volatility is elevated at roughly 33.6%.",No recent matched news was found for this ticker/date.,Relative strength versus the benchmark looked favorable. 1-month excess return 6.13%; 3-month excess return 32.59%; 6-month excess return 33.46%.,"Model view: the setup leaned cautious. Confidence was around 70%. Technical state is constructive, with price above the 50-day and 200-day averages. RSI is in a steady zone near 55.2. MACD remains on the bearish side. Volatility is elevated at roughly 33.6%. No recent matched news was found for this ticker/date. Relative strength versus the benchmark looked favorable. 1-month excess return 6.13%; 3-month excess return 32.59%; 6-month excess return 33.46%."
2025-04-25,T,1,0.0,0.65781846493753,miss,random_forest,target_5d_updown,"Technical state is mixed, with price not fully aligned across the major moving averages. MACD remains on the bearish side. Volatility is elevated at roughly 34.0%.",No recent matched news was found for this ticker/date.,Relative strength versus the benchmark looked favorable. 1-month excess return 0.46%; 3-month excess return 27.46%; 6-month excess return 30.30%.,"Model view: the setup leaned cautious. Confidence was around 66%. Technical state is mixed, with price not fully aligned across the major moving averages. MACD remains on the bearish side. Volatility is elevated at roughly 34.0%. No recent matched news was found for this ticker/date. Relative strength versus the benchmark looked favorable. 1-month excess return 0.46%; 3-month excess return 27.46%; 6-month excess return 30.30%."
2025-04-28,T,1,0.0,0.6460795788334686,miss,random_forest,target_5d_updown,"Technical state is constructive, with price above the 50-day and 200-day averages. RSI is in a steady zone near 52.3. MACD remains on the bearish side. Volatility is elevated at roughly 34.7%.",No recent matched news was found for this ticker/date.,Relative strength versus the benchmark looked favorable. 1-month excess return -0.50%; 3-month excess return 21.05%; 6-month excess return 25.89%.,"Model view: the setup leaned cautious. Confidence was around 65%. Technical state is constructive, with price above the 50-day and 200-day averages. RSI is in a steady zone near 52.3. MACD remains on the bearish side. Volatility is elevated at roughly 34.7%. No recent matched news was found for this ticker/date. Relative strength versus the benchmark looked favorable. 1-month excess return -0.50%; 3-month excess return 21.05%; 6-month excess return 25.89%."
2025-04-29,T,1,0.0,0.6796230619451802,miss,random_forest,target_5d_updown,"Technical state is constructive, with price above the 50-day and 200-day averages. RSI is in a steady zone near 52.6. MACD remains on the bearish side. Volatility is elevated at roughly 34.6%.",No recent matched news was found for this ticker/date.,Relative strength versus the benchmark looked favorable. 1-month excess return -2.87%; 3-month excess return 20.23%; 6-month excess return 27.29%.,"Model view: the setup leaned cautious. Confidence was around 68%. Technical state is constructive, with price above the 50-day and 200-day averages. RSI is in a steady zone near 52.6. MACD remains on the bearish side. Volatility is elevated at roughly 34.6%. No recent matched news was found for this ticker/date. Relative strength versus the benchmark looked favorable. 1-month excess return -2.87%; 3-month excess return 20.23%; 6-month excess return 27.29%."
2025-04-30,T,1,0.0,0.6786862090632819,miss,random_forest,target_5d_updown,"Technical state is constructive, with price above the 50-day and 200-day averages. RSI is in a steady zone near 56.1. MACD remains on the bullish side. Volatility is elevated at roughly 35.0%.",No recent matched news was found for this ticker/date.,Relative strength versus the benchmark looked favorable. 1-month excess return -1.24%; 3-month excess return 22.21%; 6-month excess return 31.12%.,"Model view: the setup leaned cautious. Confidence was around 68%. Technical state is constructive, with price above the 50-day and 200-day averages. RSI is in a steady zone near 56.1. MACD remains on the bullish side. Volatility is elevated at roughly 35.0%. No recent matched news was found for this ticker/date. Relative strength versus the benchmark looked favorable. 1-month excess return -1.24%; 3-month excess return 22.21%; 6-month excess return 31.12%."
2025-05-01,T,0,0.0,0.7149044374047819,hit,random_forest,target_5d_updown,"Technical state is constructive, with price above the 50-day and 200-day averages. RSI is in a steady zone near 55.5. MACD remains on the bullish side. Volatility is elevated at roughly 34.8%.",No recent matched news was found for this ticker/date.,Relative strength versus the benchmark looked favorable. 1-month excess return -2.47%; 3-month excess return 22.79%; 6-month excess return 28.86%.,"Model view: the setup leaned cautious. Confidence was around 71%. Technical state is constructive, with price above the 50-day and 200-day averages. RSI is in a steady zone near 55.5. MACD remains on the bullish side. Volatility is elevated at roughly 34.8%. No recent matched news was found for this ticker/date. Relative strength versus the benchmark looked favorable. 1-month excess return -2.47%; 3-month excess return 22.79%; 6-month excess return 28.86%."
2025-05-02,T,1,0.0,0.6779398580761096,miss,random_forest,target_5d_updown,"Technical state is constructive, with price above the 50-day and 200-day averages. RSI is in a steady zone near 55.1. MACD remains on the bullish side. Volatility is elevated at roughly 34.2%.",No recent matched news was found for this ticker/date.,Relative strength versus the benchmark looked favorable. 1-month excess return -2.23%; 3-month excess return 22.25%; 6-month excess return 27.11%.,"Model view: the setup leaned cautious. Confidence was around 68%. Technical state is constructive, with price above the 50-day and 200-day averages. RSI is in a steady zone near 55.1. MACD remains on the bullish side. Volatility is elevated at roughly 34.2%. No recent matched news was found for this ticker/date. Relative strength versus the benchmark looked favorable. 1-month excess return -2.23%; 3-month excess return 22.25%; 6-month excess return 27.11%."
2025-05-05,T,0,0.0,0.740826350173337,hit,random_forest,target_5d_updown,"Technical state is constructive, with price above the 50-day and 200-day averages. RSI is in a steady zone near 53.9. MACD remains on the bullish side.",No recent matched news was found for this ticker/date.,Relative strength versus the benchmark looked favorable. 1-month excess return -8.63%; 3-month excess return 19.21%; 6-month excess return 27.78%.,"Model view: the setup leaned cautious. Confidence was around 74%. Technical state is constructive, with price above the 50-day and 200-day averages. RSI is in a steady zone near 53.9. MACD remains on the bullish side. No recent matched news was found for this ticker/date. Relative strength versus the benchmark looked favorable. 1-month excess return -8.63%; 3-month excess return 19.21%; 6-month excess return 27.78%."
2025-05-06,T,0,0.0,0.7160138059513187,hit,random_forest,target_5d_updown,"Technical state is constructive, with price above the 50-day and 200-day averages. RSI is in a steady zone near 60.1. MACD remains on the bullish side.",No recent matched news was found for this ticker/date.,Relative strength versus the benchmark looked favorable. 1-month excess return -4.62%; 3-month excess return 23.31%; 6-month excess return 26.67%.,"Model view: the setup leaned cautious. Confidence was around 72%. Technical state is constructive, with price above the 50-day and 200-day averages. RSI is in a steady zone near 60.1. MACD remains on the bullish side. No recent matched news was found for this ticker/date. Relative strength versus the benchmark looked favorable. 1-month excess return -4.62%; 3-month excess return 23.31%; 6-month excess return 26.67%."
2025-05-07,T,0,0.0,0.7485692333417799,hit,random_forest,target_5d_updown,"Technical state is constructive, with price above the 50-day and 200-day averages. RSI is in a steady zone near 59.3. MACD remains on the bullish side.",No recent matched news was found for this ticker/date.,Relative strength versus the benchmark looked favorable. 1-month excess return -6.56%; 3-month excess return 21.98%; 6-month excess return 28.76%.,"Model view: the setup leaned cautious. Confidence was around 75%. Technical state is constructive, with price above the 50-day and 200-day averages. RSI is in a steady zone near 59.3. MACD remains on the bullish side. No recent matched news was found for this ticker/date. Relative strength versus the benchmark looked favorable. 1-month excess return -6.56%; 3-month excess return 21.98%; 6-month excess return 28.76%."
2025-05-08,T,0,0.0,0.716736787791601,hit,random_forest,target_5d_updown,"Technical state is constructive, with price above the 50-day and 200-day averages. RSI is in a steady zone near 51.6. MACD remains on the bullish side.",No recent matched news was found for this ticker/date.,Relative strength versus the benchmark looked favorable. 1-month excess return -9.61%; 3-month excess return 19.22%; 6-month excess return 26.17%.,"Model view: the setup leaned cautious. Confidence was around 72%. Technical state is constructive, with price above the 50-day and 200-day averages. RSI is in a steady zone near 51.6. MACD remains on the bullish side. No recent matched news was found for this ticker/date. Relative strength versus the benchmark looked favorable. 1-month excess return -9.61%; 3-month excess return 19.22%; 6-month excess return 26.17%."
2025-05-09,T,0,0.0,0.7522835067146558,hit,random_forest,target_5d_updown,"Technical state is constructive, with price above the 50-day and 200-day averages. RSI is in a steady zone near 55.3. MACD remains on the bullish side.",No recent matched news was found for this ticker/date.,Relative strength versus the benchmark looked favorable. 1-month excess return 1.26%; 3-month excess return 19.52%; 6-month excess return 28.42%.,"Model view: the setup leaned cautious. Confidence was around 75%. Technical state is constructive, with price above the 50-day and 200-day averages. RSI is in a steady zone near 55.3. MACD remains on the bullish side. No recent matched news was found for this ticker/date. Relative strength versus the benchmark looked favorable. 1-month excess return 1.26%; 3-month excess return 19.52%; 6-month excess return 28.42%."
2025-05-12,T,1,0.0,0.6774766338576892,miss,random_forest,target_5d_updown,"Technical state is mixed, with price not fully aligned across the major moving averages. MACD remains on the bearish side.",No recent matched news was found for this ticker/date.,Relative strength versus the benchmark looked favorable. 1-month excess return -8.82%; 3-month excess return 12.29%; 6-month excess return 22.37%.,"Model view: the setup leaned cautious. Confidence was around 68%. Technical state is mixed, with price not fully aligned across the major moving averages. MACD remains on the bearish side. No recent matched news was found for this ticker/date. Relative strength versus the benchmark looked favorable. 1-month excess return -8.82%; 3-month excess return 12.29%; 6-month excess return 22.37%."
2025-05-13,T,1,0.0,0.6551623101582948,miss,random_forest,target_5d_updown,"Technical state is mixed, with price not fully aligned across the major moving averages. MACD remains on the bearish side.",No recent matched news was found for this ticker/date.,Relative strength versus the benchmark looked favorable. 1-month excess return -11.24%; 3-month excess return 8.26%; 6-month excess return 21.49%.,"Model view: the setup leaned cautious. Confidence was around 66%. Technical state is mixed, with price not fully aligned across the major moving averages. MACD remains on the bearish side. No recent matched news was found for this ticker/date. Relative strength versus the benchmark looked favorable. 1-month excess return -11.24%; 3-month excess return 8.26%; 6-month excess return 21.49%."
2025-05-14,T,1,0.0,0.6851076011633035,miss,random_forest,target_5d_updown,"Technical state is mixed, with price not fully aligned across the major moving averages. MACD remains on the bearish side.",No recent matched news was found for this ticker/date.,Relative strength versus the benchmark looked favorable. 1-month excess return -11.80%; 3-month excess return 6.91%; 6-month excess return 20.14%.,"Model view: the setup leaned cautious. Confidence was around 69%. Technical state is mixed, with price not fully aligned across the major moving averages. MACD remains on the bearish side. No recent matched news was found for this ticker/date. Relative strength versus the benchmark looked favorable. 1-month excess return -11.80%; 3-month excess return 6.91%; 6-month excess return 20.14%."
2025-05-15,T,0,0.0,0.7031633630355028,hit,random_forest,target_5d_updown,"Technical state is constructive, with price above the 50-day and 200-day averages. RSI is in a steady zone near 51.0. MACD remains on the bearish side.",No recent matched news was found for this ticker/date.,Relative strength versus the benchmark looked favorable. 1-month excess return -10.47%; 3-month excess return 9.83%; 6-month excess return 23.89%.,"Model view: the setup leaned cautious. Confidence was around 70%. Technical state is constructive, with price above the 50-day and 200-day averages. RSI is in a steady zone near 51.0. MACD remains on the bearish side. No recent matched news was found for this ticker/date. Relative strength versus the benchmark looked favorable. 1-month excess return -10.47%; 3-month excess return 9.83%; 6-month excess return 23.89%."
2025-05-16,T,0,0.0,0.7183865877983072,hit,random_forest,target_5d_updown,"Technical state is constructive, with price above the 50-day and 200-day averages. RSI is in a steady zone near 54.4. MACD remains on the bearish side. Volatility is elevated at roughly 30.0%.",No recent matched news was found for this ticker/date.,Relative strength versus the benchmark looked favorable. 1-month excess return -10.45%; 3-month excess return 9.72%; 6-month excess return 25.60%.,"Model view: the setup leaned cautious. Confidence was around 72%. Technical state is constructive, with price above the 50-day and 200-day averages. RSI is in a steady zone near 54.4. MACD remains on the bearish side. Volatility is elevated at roughly 30.0%. No recent matched news was found for this ticker/date. Relative strength versus the benchmark looked favorable. 1-month excess return -10.45%; 3-month excess return 9.72%; 6-month excess return 25.60%."
2025-05-19,T,0,0.0,0.7126584662035935,hit,random_forest,target_5d_updown,"Technical state is constructive, with price above the 50-day and 200-day averages. RSI is in a steady zone near 56.9. MACD remains on the bullish side.",No recent matched news was found for this ticker/date.,Relative strength versus the benchmark looked favorable. 1-month excess return -9.80%; 3-month excess return 10.23%; 6-month excess return 26.05%.,"Model view: the setup leaned cautious. Confidence was around 71%. Technical state is constructive, with price above the 50-day and 200-day averages. RSI is in a steady zone near 56.9. MACD remains on the bullish side. No recent matched news was found for this ticker/date. Relative strength versus the benchmark looked favorable. 1-month excess return -9.80%; 3-month excess return 10.23%; 6-month excess return 26.05%."
2025-05-20,T,0,0.0,0.703841224788222,hit,random_forest,target_5d_updown,"Technical state is constructive, with price above the 50-day and 200-day averages. RSI is in a steady zone near 54.3. MACD remains on the bullish side.",No recent matched news was found for this ticker/date.,Relative strength versus the benchmark looked favorable. 1-month excess return -9.84%; 3-month excess return 9.20%; 6-month excess return 24.97%.,"Model view: the setup leaned cautious. Confidence was around 70%. Technical state is constructive, with price above the 50-day and 200-day averages. RSI is in a steady zone near 54.3. MACD remains on the bullish side. No recent matched news was found for this ticker/date. Relative strength versus the benchmark looked favorable. 1-month excess return -9.84%; 3-month excess return 9.20%; 6-month excess return 24.97%."
2025-05-21,T,0,0.0,0.6836548270144347,hit,random_forest,target_5d_updown,"Technical state is constructive, with price above the 50-day and 200-day averages. RSI is in a steady zone near 51.2. MACD remains on the bullish side.",No recent matched news was found for this ticker/date.,Relative strength versus the benchmark looked favorable. 1-month excess return -8.74%; 3-month excess return 9.60%; 6-month excess return 21.63%.,"Model view: the setup leaned cautious. Confidence was around 68%. Technical state is constructive, with price above the 50-day and 200-day averages. RSI is in a steady zone near 51.2. MACD remains on the bullish side. No recent matched news was found for this ticker/date. Relative strength versus the benchmark looked favorable. 1-month excess return -8.74%; 3-month excess return 9.60%; 6-month excess return 21.63%."
2025-05-22,T,1,0.0,0.7031835962847082,miss,random_forest,target_5d_updown,"Technical state is mixed, with price not fully aligned across the major moving averages. MACD remains on the bearish side.",No recent matched news was found for this ticker/date.,Relative strength versus the benchmark looked favorable. 1-month excess return -8.78%; 3-month excess return 5.14%; 6-month excess return 19.31%.,"Model view: the setup leaned cautious. Confidence was around 70%. Technical state is mixed, with price not fully aligned across the major moving averages. MACD remains on the bearish side. No recent matched news was found for this ticker/date. Relative strength versus the benchmark looked favorable. 1-month excess return -8.78%; 3-month excess return 5.14%; 6-month excess return 19.31%."
2025-05-23,T,1,0.0,0.7136570264322539,miss,random_forest,target_5d_updown,"Technical state is constructive, with price above the 50-day and 200-day averages. RSI is in a steady zone near 50.8. MACD remains on the bearish side.",No recent matched news was found for this ticker/date.,Relative strength versus the benchmark looked favorable. 1-month excess return -6.37%; 3-month excess return 5.59%; 6-month excess return 22.53%.,"Model view: the setup leaned cautious. Confidence was around 71%. Technical state is constructive, with price above the 50-day and 200-day averages. RSI is in a steady zone near 50.8. MACD remains on the bearish side. No recent matched news was found for this ticker/date. Relative strength versus the benchmark looked favorable. 1-month excess return -6.37%; 3-month excess return 5.59%; 6-month excess return 22.53%."
2025-05-27,T,1,0.0,0.6823706865940712,miss,random_forest,target_5d_updown,"Technical state is constructive, with price above the 50-day and 200-day averages. RSI is in a steady zone near 50.4. MACD remains on the bearish side.",No recent matched news was found for this ticker/date.,Relative strength versus the benchmark looked favorable. 1-month excess return -5.19%; 3-month excess return 3.34%; 6-month excess return 19.89%.,"Model view: the setup leaned cautious. Confidence was around 68%. Technical state is constructive, with price above the 50-day and 200-day averages. RSI is in a steady zone near 50.4. MACD remains on the bearish side. No recent matched news was found for this ticker/date. Relative strength versus the benchmark looked favorable. 1-month excess return -5.19%; 3-month excess return 3.34%; 6-month excess return 19.89%."
2025-05-28,T,0,0.0,0.7272132303352854,hit,random_forest,target_5d_updown,"Technical state is constructive, with price above the 50-day and 200-day averages. RSI is in a steady zone near 51.7. MACD remains on the bearish side.",No recent matched news was found for this ticker/date.,Relative strength versus the benchmark looked favorable. 1-month excess return -5.80%; 3-month excess return 4.69%; 6-month excess return 20.66%.,"Model view: the setup leaned cautious. Confidence was around 73%. Technical state is constructive, with price above the 50-day and 200-day averages. RSI is in a steady zone near 51.7. MACD remains on the bearish side. No recent matched news was found for this ticker/date. Relative strength versus the benchmark looked favorable. 1-month excess return -5.80%; 3-month excess return 4.69%; 6-month excess return 20.66%."
2025-05-29,T,1,0.0,0.7112350678401187,miss,random_forest,target_5d_updown,"Technical state is constructive, with price above the 50-day and 200-day averages. RSI is in a steady zone near 50.2. MACD remains on the bearish side.",No recent matched news was found for this ticker/date.,Relative strength versus the benchmark looked favorable. 1-month excess return -6.15%; 3-month excess return 0.98%; 6-month excess return 19.06%.,"Model view: the setup leaned cautious. Confidence was around 71%. Technical state is constructive, with price above the 50-day and 200-day averages. RSI is in a steady zone near 50.2. MACD remains on the bearish side. No recent matched news was found for this ticker/date. Relative strength versus the benchmark looked favorable. 1-month excess return -6.15%; 3-month excess return 0.98%; 6-month excess return 19.06%."
2025-05-30,T,1,0.0,0.7268119560740538,miss,random_forest,target_5d_updown,"Technical state is constructive, with price above the 50-day and 200-day averages. RSI is in a steady zone near 55.0. MACD remains on the bullish side.",No recent matched news was found for this ticker/date.,Relative strength versus the benchmark looked favorable. 1-month excess return -5.92%; 3-month excess return 2.26%; 6-month excess return 21.71%.,"Model view: the setup leaned cautious. Confidence was around 73%. Technical state is constructive, with price above the 50-day and 200-day averages. RSI is in a steady zone near 55.0. MACD remains on the bullish side. No recent matched news was found for this ticker/date. Relative strength versus the benchmark looked favorable. 1-month excess return -5.92%; 3-month excess return 2.26%; 6-month excess return 21.71%."
2025-06-02,T,0,0.0,0.7484530011075324,hit,random_forest,target_5d_updown,"Technical state is constructive, with price above the 50-day and 200-day averages. RSI is in a steady zone near 56.4. MACD remains on the bullish side.",No recent matched news was found for this ticker/date.,Relative strength versus the benchmark looked mixed. 1-month excess return -5.10%; 3-month excess return -0.73%; 6-month excess return 22.30%.,"Model view: the setup leaned cautious. Confidence was around 75%. Technical state is constructive, with price above the 50-day and 200-day averages. RSI is in a steady zone near 56.4. MACD remains on the bullish side. No recent matched news was found for this ticker/date. Relative strength versus the benchmark looked mixed. 1-month excess return -5.10%; 3-month excess return -0.73%; 6-month excess return 22.30%."
2025-06-03,T,1,0.0,0.737968176472324,miss,random_forest,target_5d_updown,"Technical state is constructive, with price above the 50-day and 200-day averages. RSI is in a steady zone near 56.7. MACD remains on the bullish side.",No recent matched news was found for this ticker/date.,Relative strength versus the benchmark looked favorable. 1-month excess return -3.97%; 3-month excess return 3.33%; 6-month excess return 20.62%.,"Model view: the setup leaned cautious. Confidence was around 74%. Technical state is constructive, with price above the 50-day and 200-day averages. RSI is in a steady zone near 56.7. MACD remains on the bullish side. No recent matched news was found for this ticker/date. Relative strength versus the benchmark looked favorable. 1-month excess return -3.97%; 3-month excess return 3.33%; 6-month excess return 20.62%."
2025-06-04,T,1,0.0,0.6657735793145468,miss,random_forest,target_5d_updown,"Technical state is mixed, with price not fully aligned across the major moving averages. MACD remains on the bullish side.",No recent matched news was found for this ticker/date.,Relative strength versus the benchmark looked favorable. 1-month excess return -6.27%; 3-month excess return 2.41%; 6-month excess return 19.18%.,"Model view: the setup leaned cautious. Confidence was around 67%. Technical state is mixed, with price not fully aligned across the major moving averages. MACD remains on the bullish side. No recent matched news was found for this ticker/date. Relative strength versus the benchmark looked favorable. 1-month excess return -6.27%; 3-month excess return 2.41%; 6-month excess return 19.18%."
2025-06-05,T,1,0.0,0.7071399545102771,miss,random_forest,target_5d_updown,"Technical state is constructive, with price above the 50-day and 200-day averages. RSI is in a steady zone near 53.4. MACD remains on the bullish side.",No recent matched news was found for this ticker/date.,Relative strength versus the benchmark looked favorable. 1-month excess return -7.56%; 3-month excess return 0.36%; 6-month excess return 24.08%.,"Model view: the setup leaned cautious. Confidence was around 71%. Technical state is constructive, with price above the 50-day and 200-day averages. RSI is in a steady zone near 53.4. MACD remains on the bullish side. No recent matched news was found for this ticker/date. Relative strength versus the benchmark looked favorable. 1-month excess return -7.56%; 3-month excess return 0.36%; 6-month excess return 24.08%."
2025-06-06,T,1,0.0,0.7610012834037724,miss,random_forest,target_5d_updown,"Technical state is constructive, with price above the 50-day and 200-day averages. RSI is in a steady zone near 56.8. MACD remains on the bullish side.",No recent matched news was found for this ticker/date.,Relative strength versus the benchmark looked mixed. 1-month excess return -6.81%; 3-month excess return -0.45%; 6-month excess return 19.09%.,"Model view: the setup leaned cautious. Confidence was around 76%. Technical state is constructive, with price above the 50-day and 200-day averages. RSI is in a steady zone near 56.8. MACD remains on the bullish side. No recent matched news was found for this ticker/date. Relative strength versus the benchmark looked mixed. 1-month excess return -6.81%; 3-month excess return -0.45%; 6-month excess return 19.09%."
2025-06-09,T,1,0.0,0.6893164582894533,miss,random_forest,target_5d_updown,"Technical state is constructive, with price above the 50-day and 200-day averages. RSI is in a steady zone near 53.9. MACD remains on the bullish side.",No recent matched news was found for this ticker/date.,Relative strength versus the benchmark looked mixed. 1-month excess return -4.72%; 3-month excess return -4.81%; 6-month excess return 19.72%.,"Model view: the setup leaned cautious. Confidence was around 69%. Technical state is constructive, with price above the 50-day and 200-day averages. RSI is in a steady zone near 53.9. MACD remains on the bullish side. No recent matched news was found for this ticker/date. Relative strength versus the benchmark looked mixed. 1-month excess return -4.72%; 3-month excess return -4.81%; 6-month excess return 19.72%."
2025-06-10,T,0,0.0,0.733388188458393,hit,random_forest,target_5d_updown,"Technical state is constructive, with price above the 50-day and 200-day averages. RSI is in a steady zone near 59.6. MACD remains on the bullish side.",No recent matched news was found for this ticker/date.,Relative strength versus the benchmark looked favorable. 1-month excess return -4.81%; 3-month excess return 0.83%; 6-month excess return 19.86%.,"Model view: the setup leaned cautious. Confidence was around 73%. Technical state is constructive, with price above the 50-day and 200-day averages. RSI is in a steady zone near 59.6. MACD remains on the bullish side. No recent matched news was found for this ticker/date. Relative strength versus the benchmark looked favorable. 1-month excess return -4.81%; 3-month excess return 0.83%; 6-month excess return 19.86%."
2025-06-11,T,0,0.0,0.7280391410572621,hit,random_forest,target_5d_updown,"Technical state is constructive, with price above the 50-day and 200-day averages. RSI is in a steady zone near 58.5. MACD remains on the bullish side.",No recent matched news was found for this ticker/date.,Relative strength versus the benchmark looked favorable. 1-month excess return 1.76%; 3-month excess return 2.58%; 6-month excess return 19.74%.,"Model view: the setup leaned cautious. Confidence was around 73%. Technical state is constructive, with price above the 50-day and 200-day averages. RSI is in a steady zone near 58.5. MACD remains on the bullish side. No recent matched news was found for this ticker/date. Relative strength versus the benchmark looked favorable. 1-month excess return 1.76%; 3-month excess return 2.58%; 6-month excess return 19.74%."
2025-06-12,T,0,0.0,0.7469680236639108,hit,random_forest,target_5d_updown,"Technical state is constructive, with price above the 50-day and 200-day averages. RSI is in a steady zone near 57.5. MACD remains on the bullish side.",No recent matched news was found for this ticker/date.,Relative strength versus the benchmark looked favorable. 1-month excess return 4.01%; 3-month excess return -1.09%; 6-month excess return 21.14%.,"Model view: the setup leaned cautious. Confidence was around 75%. Technical state is constructive, with price above the 50-day and 200-day averages. RSI is in a steady zone near 57.5. MACD remains on the bullish side. No recent matched news was found for this ticker/date. Relative strength versus the benchmark looked favorable. 1-month excess return 4.01%; 3-month excess return -1.09%; 6-month excess return 21.14%."
2025-06-13,T,1,0.0,0.5954499215971863,miss,random_forest,target_5d_updown,"Technical state is constructive, with price above the 50-day and 200-day averages. RSI is in a steady zone near 56.3. MACD remains on the bullish side.",No recent matched news was found for this ticker/date.,Relative strength versus the benchmark looked favorable. 1-month excess return 5.02%; 3-month excess return 0.01%; 6-month excess return 20.91%.,"Model view: the setup leaned cautious. Confidence was around 60%. Technical state is constructive, with price above the 50-day and 200-day averages. RSI is in a steady zone near 56.3. MACD remains on the bullish side. No recent matched news was found for this ticker/date. Relative strength versus the benchmark looked favorable. 1-month excess return 5.02%; 3-month excess return 0.01%; 6-month excess return 20.91%."
2025-06-16,T,1,1.0,0.5013005937818747,hit,random_forest,target_5d_updown,"Technical state is constructive, with price above the 50-day and 200-day averages. RSI is in a steady zone near 53.0. MACD remains on the bullish side.",No recent matched news was found for this ticker/date.,Relative strength versus the benchmark looked favorable. 1-month excess return 0.26%; 3-month excess return -2.01%; 6-month excess return 19.92%.,"Model view: the setup leaned constructive. Confidence was around 50%. Technical state is constructive, with price above the 50-day and 200-day averages. RSI is in a steady zone near 53.0. MACD remains on the bullish side. No recent matched news was found for this ticker/date. Relative strength versus the benchmark looked favorable. 1-month excess return 0.26%; 3-month excess return -2.01%; 6-month excess return 19.92%."
2025-06-17,T,1,1.0,0.5842661084787473,hit,random_forest,target_5d_updown,"Technical state is constructive, with price above the 50-day and 200-day averages. MACD remains on the bearish side.",No recent matched news was found for this ticker/date.,Relative strength versus the benchmark looked mixed. 1-month excess return -0.82%; 3-month excess return -2.57%; 6-month excess return 19.50%.,"Model view: the setup leaned constructive. Confidence was around 58%. Technical state is constructive, with price above the 50-day and 200-day averages. MACD remains on the bearish side. No recent matched news was found for this ticker/date. Relative strength versus the benchmark looked mixed. 1-month excess return -0.82%; 3-month excess return -2.57%; 6-month excess return 19.50%."
2025-06-18,T,1,1.0,0.5833918677754921,hit,random_forest,target_5d_updown,"Technical state is constructive, with price above the 50-day and 200-day averages. MACD remains on the bearish side.",No recent matched news was found for this ticker/date.,Relative strength versus the benchmark looked mixed. 1-month excess return -1.73%; 3-month excess return -2.30%; 6-month excess return 18.20%.,"Model view: the setup leaned constructive. Confidence was around 58%. Technical state is constructive, with price above the 50-day and 200-day averages. MACD remains on the bearish side. No recent matched news was found for this ticker/date. Relative strength versus the benchmark looked mixed. 1-month excess return -1.73%; 3-month excess return -2.30%; 6-month excess return 18.20%."
2025-06-20,T,1,1.0,0.5433060656961514,hit,random_forest,target_5d_updown,"Technical state is constructive, with price above the 50-day and 200-day averages. RSI is in a steady zone near 50.4. MACD remains on the bearish side.",No recent matched news was found for this ticker/date.,Relative strength versus the benchmark looked mixed. 1-month excess return -0.56%; 3-month excess return -1.65%; 6-month excess return 23.39%.,"Model view: the setup leaned constructive. Confidence was around 54%. Technical state is constructive, with price above the 50-day and 200-day averages. RSI is in a steady zone near 50.4. MACD remains on the bearish side. No recent matched news was found for this ticker/date. Relative strength versus the benchmark looked mixed. 1-month excess return -0.56%; 3-month excess return -1.65%; 6-month excess return 23.39%."
2025-06-23,T,1,0.0,0.5076688207803289,miss,random_forest,target_5d_updown,"Technical state is constructive, with price above the 50-day and 200-day averages. RSI is in a steady zone near 56.3. MACD remains on the bearish side.",No recent matched news was found for this ticker/date.,Relative strength versus the benchmark looked mixed. 1-month excess return -0.63%; 3-month excess return -2.00%; 6-month excess return 23.90%.,"Model view: the setup leaned cautious. Confidence was around 51%. Technical state is constructive, with price above the 50-day and 200-day averages. RSI is in a steady zone near 56.3. MACD remains on the bearish side. No recent matched news was found for this ticker/date. Relative strength versus the benchmark looked mixed. 1-month excess return -0.63%; 3-month excess return -2.00%; 6-month excess return 23.90%."
2025-06-24,T,1,0.0,0.5466913472129469,miss,random_forest,target_5d_updown,"Technical state is constructive, with price above the 50-day and 200-day averages. RSI is in a steady zone near 57.3. MACD remains on the bearish side.",No recent matched news was found for this ticker/date.,Relative strength versus the benchmark looked mixed. 1-month excess return -0.51%; 3-month excess return -0.78%; 6-month excess return 22.04%.,"Model view: the setup leaned cautious. Confidence was around 55%. Technical state is constructive, with price above the 50-day and 200-day averages. RSI is in a steady zone near 57.3. MACD remains on the bearish side. No recent matched news was found for this ticker/date. Relative strength versus the benchmark looked mixed. 1-month excess return -0.51%; 3-month excess return -0.78%; 6-month excess return 22.04%."
2025-06-25,T,1,1.0,0.5247021773401501,hit,random_forest,target_5d_updown,"Technical state is constructive, with price above the 50-day and 200-day averages. RSI is in a steady zone near 51.5. MACD remains on the bearish side.",No recent matched news was found for this ticker/date.,Relative strength versus the benchmark looked mixed. 1-month excess return -3.31%; 3-month excess return -3.24%; 6-month excess return 19.85%.,"Model view: the setup leaned constructive. Confidence was around 52%. Technical state is constructive, with price above the 50-day and 200-day averages. RSI is in a steady zone near 51.5. MACD remains on the bearish side. No recent matched news was found for this ticker/date. Relative strength versus the benchmark looked mixed. 1-month excess return -3.31%; 3-month excess return -3.24%; 6-month excess return 19.85%."
2025-06-26,T,1,1.0,0.5380848436606488,hit,random_forest,target_5d_updown,"Technical state is constructive, with price above the 50-day and 200-day averages. RSI is in a steady zone near 52.6. MACD remains on the bearish side.",No recent matched news was found for this ticker/date.,Relative strength versus the benchmark looked mixed. 1-month excess return -1.60%; 3-month excess return -6.30%; 6-month excess return 19.57%.,"Model view: the setup leaned constructive. Confidence was around 54%. Technical state is constructive, with price above the 50-day and 200-day averages. RSI is in a steady zone near 52.6. MACD remains on the bearish side. No recent matched news was found for this ticker/date. Relative strength versus the benchmark looked mixed. 1-month excess return -1.60%; 3-month excess return -6.30%; 6-month excess return 19.57%."
2025-06-27,T,1,1.0,0.5233956942536228,hit,random_forest,target_5d_updown,"Technical state is constructive, with price above the 50-day and 200-day averages. RSI is in a steady zone near 53.8. MACD remains on the bearish side.",No recent matched news was found for this ticker/date.,Relative strength versus the benchmark looked mixed. 1-month excess return -2.84%; 3-month excess return -9.20%; 6-month excess return 19.33%.,"Model view: the setup leaned constructive. Confidence was around 52%. Technical state is constructive, with price above the 50-day and 200-day averages. RSI is in a steady zone near 53.8. MACD remains on the bearish side. No recent matched news was found for this ticker/date. Relative strength versus the benchmark looked mixed. 1-month excess return -2.84%; 3-month excess return -9.20%; 6-month excess return 19.33%."
2025-06-30,T,0,0.0,0.5909838392600238,hit,random_forest,target_5d_updown,"Technical state is constructive, with price above the 50-day and 200-day averages. RSI is in a steady zone near 64.2. MACD remains on the bullish side.",No recent matched news was found for this ticker/date.,Relative strength versus the benchmark looked favorable. 1-month excess return 0.96%; 3-month excess return -8.51%; 6-month excess return 23.35%.,"Model view: the setup leaned cautious. Confidence was around 59%. Technical state is constructive, with price above the 50-day and 200-day averages. RSI is in a steady zone near 64.2. MACD remains on the bullish side. No recent matched news was found for this ticker/date. Relative strength versus the benchmark looked favorable. 1-month excess return 0.96%; 3-month excess return -8.51%; 6-month excess return 23.35%."
2025-07-01,T,0,0.0,0.6105453437624061,hit,random_forest,target_5d_updown,"Technical state is constructive, with price above the 50-day and 200-day averages. RSI is in a steady zone near 63.1. MACD remains on the bullish side.",No recent matched news was found for this ticker/date.,Relative strength versus the benchmark looked mixed. 1-month excess return -0.92%; 3-month excess return -8.36%; 6-month excess return 23.08%.,"Model view: the setup leaned cautious. Confidence was around 61%. Technical state is constructive, with price above the 50-day and 200-day averages. RSI is in a steady zone near 63.1. MACD remains on the bullish side. No recent matched news was found for this ticker/date. Relative strength versus the benchmark looked mixed. 1-month excess return -0.92%; 3-month excess return -8.36%; 6-month excess return 23.08%."
2025-07-02,T,0,0.0,0.5818268859964771,hit,random_forest,target_5d_updown,"Technical state is constructive, with price above the 50-day and 200-day averages. RSI is in a steady zone near 54.0. MACD remains on the bullish side.",No recent matched news was found for this ticker/date.,Relative strength versus the benchmark looked mixed. 1-month excess return -3.30%; 3-month excess return -11.16%; 6-month excess return 19.60%.,"Model view: the setup leaned cautious. Confidence was around 58%. Technical state is constructive, with price above the 50-day and 200-day averages. RSI is in a steady zone near 54.0. MACD remains on the bullish side. No recent matched news was found for this ticker/date. Relative strength versus the benchmark looked mixed. 1-month excess return -3.30%; 3-month excess return -11.16%; 6-month excess return 19.60%."
2025-07-03,T,0,0.0,0.5545458770435043,hit,random_forest,target_5d_updown,"Technical state is constructive, with price above the 50-day and 200-day averages. RSI is in a steady zone near 54.6. MACD remains on the bullish side.",No recent matched news was found for this ticker/date.,Relative strength versus the benchmark looked mixed. 1-month excess return -3.54%; 3-month excess return -10.07%; 6-month excess return 19.10%.,"Model view: the setup leaned cautious. Confidence was around 55%. Technical state is constructive, with price above the 50-day and 200-day averages. RSI is in a steady zone near 54.6. MACD remains on the bullish side. No recent matched news was found for this ticker/date. Relative strength versus the benchmark looked mixed. 1-month excess return -3.54%; 3-month excess return -10.07%; 6-month excess return 19.10%."
2025-07-07,T,0,0.0,0.5736246126010471,hit,random_forest,target_5d_updown,"Technical state is constructive, with price above the 50-day and 200-day averages. RSI is in a steady zone near 55.2. MACD remains on the bullish side.",No recent matched news was found for this ticker/date.,Relative strength versus the benchmark looked mixed. 1-month excess return -0.35%; 3-month excess return -16.14%; 6-month excess return 18.87%.,"Model view: the setup leaned cautious. Confidence was around 57%. Technical state is constructive, with price above the 50-day and 200-day averages. RSI is in a steady zone near 55.2. MACD remains on the bullish side. No recent matched news was found for this ticker/date. Relative strength versus the benchmark looked mixed. 1-month excess return -0.35%; 3-month excess return -16.14%; 6-month excess return 18.87%."
2025-07-08,T,0,0.0,0.5530974742181174,hit,random_forest,target_5d_updown,"Technical state is constructive, with price above the 50-day and 200-day averages. RSI is in a steady zone near 53.3. MACD remains on the bullish side.",No recent matched news was found for this ticker/date.,Relative strength versus the benchmark looked mixed. 1-month excess return -2.70%; 3-month excess return -16.30%; 6-month excess return 17.82%.,"Model view: the setup leaned cautious. Confidence was around 55%. Technical state is constructive, with price above the 50-day and 200-day averages. RSI is in a steady zone near 53.3. MACD remains on the bullish side. No recent matched news was found for this ticker/date. Relative strength versus the benchmark looked mixed. 1-month excess return -2.70%; 3-month excess return -16.30%; 6-month excess return 17.82%."
2025-07-09,T,0,0.0,0.5183720886352904,hit,random_forest,target_5d_updown,"Technical state is constructive, with price above the 50-day and 200-day averages. RSI is in a steady zone near 50.2. MACD remains on the bearish side.",No recent matched news was found for this ticker/date.,Relative strength versus the benchmark looked mixed. 1-month excess return -4.10%; 3-month excess return -19.01%; 6-month excess return 18.59%.,"Model view: the setup leaned cautious. Confidence was around 52%. Technical state is constructive, with price above the 50-day and 200-day averages. RSI is in a steady zone near 50.2. MACD remains on the bearish side. No recent matched news was found for this ticker/date. Relative strength versus the benchmark looked mixed. 1-month excess return -4.10%; 3-month excess return -19.01%; 6-month excess return 18.59%."
2025-07-10,T,0,1.0,0.5476421333948149,miss,random_forest,target_5d_updown,"Technical state is mixed, with price not fully aligned across the major moving averages. MACD remains on the bearish side.",No recent matched news was found for this ticker/date.,Relative strength versus the benchmark looked mixed. 1-month excess return -5.22%; 3-month excess return -21.29%; 6-month excess return 17.15%.,"Model view: the setup leaned constructive. Confidence was around 55%. Technical state is mixed, with price not fully aligned across the major moving averages. MACD remains on the bearish side. No recent matched news was found for this ticker/date. Relative strength versus the benchmark looked mixed. 1-month excess return -5.22%; 3-month excess return -21.29%; 6-month excess return 17.15%."
2025-07-11,T,0,1.0,0.5317665368071199,miss,random_forest,target_5d_updown,"Technical state is mixed, with price not fully aligned across the major moving averages. RSI is weak near 36.3. MACD remains on the bearish side.",No recent matched news was found for this ticker/date.,Relative strength versus the benchmark looked mixed. 1-month excess return -8.50%; 3-month excess return -12.96%; 6-month excess return 15.61%.,"Model view: the setup leaned constructive. Confidence was around 53%. Technical state is mixed, with price not fully aligned across the major moving averages. RSI is weak near 36.3. MACD remains on the bearish side. No recent matched news was found for this ticker/date. Relative strength versus the benchmark looked mixed. 1-month excess return -8.50%; 3-month excess return -12.96%; 6-month excess return 15.61%."
2025-07-14,T,1,1.0,0.5337918205265525,hit,random_forest,target_5d_updown,"Technical state is mixed, with price not fully aligned across the major moving averages. RSI is weak near 39.4. MACD remains on the bearish side.",No recent matched news was found for this ticker/date.,Relative strength versus the benchmark looked mixed. 1-month excess return -8.05%; 3-month excess return -16.23%; 6-month excess return 16.51%.,"Model view: the setup leaned constructive. Confidence was around 53%. Technical state is mixed, with price not fully aligned across the major moving averages. RSI is weak near 39.4. MACD remains on the bearish side. No recent matched news was found for this ticker/date. Relative strength versus the benchmark looked mixed. 1-month excess return -8.05%; 3-month excess return -16.23%; 6-month excess return 16.51%."
2025-07-15,T,1,1.0,0.5503697365643745,hit,random_forest,target_5d_updown,"Technical state is mixed, with price not fully aligned across the major moving averages. RSI is weak near 37.9. MACD remains on the bearish side.",No recent matched news was found for this ticker/date.,Relative strength versus the benchmark looked mixed. 1-month excess return -7.47%; 3-month excess return -15.72%; 6-month excess return 17.46%.,"Model view: the setup leaned constructive. Confidence was around 55%. Technical state is mixed, with price not fully aligned across the major moving averages. RSI is weak near 37.9. MACD remains on the bearish side. No recent matched news was found for this ticker/date. Relative strength versus the benchmark looked mixed. 1-month excess return -7.47%; 3-month excess return -15.72%; 6-month excess return 17.46%."
2025-07-16,T,1,1.0,0.5338875502101916,hit,random_forest,target_5d_updown,"Technical state is mixed, with price not fully aligned across the major moving averages. RSI is weak near 37.2. MACD remains on the bearish side.",No recent matched news was found for this ticker/date.,Relative strength versus the benchmark looked mixed. 1-month excess return -8.95%; 3-month excess return -16.71%; 6-month excess return 17.67%.,"Model view: the setup leaned constructive. Confidence was around 53%. Technical state is mixed, with price not fully aligned across the major moving averages. RSI is weak near 37.2. MACD remains on the bearish side. No recent matched news was found for this ticker/date. Relative strength versus the benchmark looked mixed. 1-month excess return -8.95%; 3-month excess return -16.71%; 6-month excess return 17.67%."
2025-07-17,T,1,1.0,0.5471146058947639,hit,random_forest,target_5d_updown,"Technical state is mixed, with price not fully aligned across the major moving averages. RSI is weak near 37.9. MACD remains on the bearish side.",No recent matched news was found for this ticker/date.,Relative strength versus the benchmark looked mixed. 1-month excess return -7.67%; 3-month excess return -18.67%; 6-month excess return 15.98%.,"Model view: the setup leaned constructive. Confidence was around 55%. Technical state is mixed, with price not fully aligned across the major moving averages. RSI is weak near 37.9. MACD remains on the bearish side. No recent matched news was found for this ticker/date. Relative strength versus the benchmark looked mixed. 1-month excess return -7.67%; 3-month excess return -18.67%; 6-month excess return 15.98%."
2025-07-18,T,1,1.0,0.5509024166392894,hit,random_forest,target_5d_updown,"Technical state is mixed, with price not fully aligned across the major moving averages. RSI is weak near 37.3. MACD remains on the bearish side.",No recent matched news was found for this ticker/date.,Relative strength versus the benchmark looked mixed. 1-month excess return -7.59%; 3-month excess return -19.68%; 6-month excess return 17.11%.,"Model view: the setup leaned constructive. Confidence was around 55%. Technical state is mixed, with price not fully aligned across the major moving averages. RSI is weak near 37.3. MACD remains on the bearish side. No recent matched news was found for this ticker/date. Relative strength versus the benchmark looked mixed. 1-month excess return -7.59%; 3-month excess return -19.68%; 6-month excess return 17.11%."
2025-07-21,T,1,1.0,0.5397415204298533,hit,random_forest,target_5d_updown,"Technical state is mixed, with price not fully aligned across the major moving averages. MACD remains on the bearish side.",No recent matched news was found for this ticker/date.,Relative strength versus the benchmark looked mixed. 1-month excess return -6.24%; 3-month excess return -18.59%; 6-month excess return 18.15%.,"Model view: the setup leaned constructive. Confidence was around 54%. Technical state is mixed, with price not fully aligned across the major moving averages. MACD remains on the bearish side. No recent matched news was found for this ticker/date. Relative strength versus the benchmark looked mixed. 1-month excess return -6.24%; 3-month excess return -18.59%; 6-month excess return 18.15%."
2025-07-22,T,0,1.0,0.5449361291242442,miss,random_forest,target_5d_updown,"Technical state is mixed, with price not fully aligned across the major moving averages. MACD remains on the bearish side.",No recent matched news was found for this ticker/date.,Relative strength versus the benchmark looked mixed. 1-month excess return -6.78%; 3-month excess return -18.21%; 6-month excess return 17.83%.,"Model view: the setup leaned constructive. Confidence was around 54%. Technical state is mixed, with price not fully aligned across the major moving averages. MACD remains on the bearish side. No recent matched news was found for this ticker/date. Relative strength versus the benchmark looked mixed. 1-month excess return -6.78%; 3-month excess return -18.21%; 6-month excess return 17.83%."
2025-07-23,T,0,1.0,0.5236491223280568,miss,random_forest,target_5d_updown,"Technical state is constructive, with price above the 50-day and 200-day averages. RSI is in a steady zone near 51.7. MACD remains on the bearish side.",No recent matched news was found for this ticker/date.,Relative strength versus the benchmark looked mixed. 1-month excess return -6.93%; 3-month excess return -17.42%; 6-month excess return 18.27%.,"Model view: the setup leaned constructive. Confidence was around 52%. Technical state is constructive, with price above the 50-day and 200-day averages. RSI is in a steady zone near 51.7. MACD remains on the bearish side. No recent matched news was found for this ticker/date. Relative strength versus the benchmark looked mixed. 1-month excess return -6.93%; 3-month excess return -17.42%; 6-month excess return 18.27%."
2025-07-24,T,0,1.0,0.5175278815963981,miss,random_forest,target_5d_updown,"Technical state is constructive, with price above the 50-day and 200-day averages. RSI is in a steady zone near 54.3. MACD remains on the bullish side.",No recent matched news was found for this ticker/date.,Relative strength versus the benchmark looked mixed. 1-month excess return -5.53%; 3-month excess return -15.85%; 6-month excess return 20.49%.,"Model view: the setup leaned constructive. Confidence was around 52%. Technical state is constructive, with price above the 50-day and 200-day averages. RSI is in a steady zone near 54.3. MACD remains on the bullish side. No recent matched news was found for this ticker/date. Relative strength versus the benchmark looked mixed. 1-month excess return -5.53%; 3-month excess return -15.85%; 6-month excess return 20.49%."
2025-07-25,T,0,0.0,0.5366582273548537,hit,random_forest,target_5d_updown,"Technical state is constructive, with price above the 50-day and 200-day averages. RSI is in a steady zone near 55.5. MACD remains on the bullish side.",No recent matched news was found for this ticker/date.,Relative strength versus the benchmark looked mixed. 1-month excess return -4.33%; 3-month excess return -14.85%; 6-month excess return 19.84%.,"Model view: the setup leaned cautious. Confidence was around 54%. Technical state is constructive, with price above the 50-day and 200-day averages. RSI is in a steady zone near 55.5. MACD remains on the bullish side. No recent matched news was found for this ticker/date. Relative strength versus the benchmark looked mixed. 1-month excess return -4.33%; 3-month excess return -14.85%; 6-month excess return 19.84%."
2025-07-28,T,1,1.0,0.5155839890544348,hit,random_forest,target_5d_updown,"Technical state is mixed, with price not fully aligned across the major moving averages. MACD remains on the bullish side.",No recent matched news was found for this ticker/date.,Relative strength versus the benchmark looked mixed. 1-month excess return -5.20%; 3-month excess return -12.73%; 6-month excess return 16.75%.,"Model view: the setup leaned constructive. Confidence was around 52%. Technical state is mixed, with price not fully aligned across the major moving averages. MACD remains on the bullish side. No recent matched news was found for this ticker/date. Relative strength versus the benchmark looked mixed. 1-month excess return -5.20%; 3-month excess return -12.73%; 6-month excess return 16.75%."
2025-07-29,T,1,1.0,0.5119101179361355,hit,random_forest,target_5d_updown,"Technical state is mixed, with price not fully aligned across the major moving averages. MACD remains on the bullish side.",No recent matched news was found for this ticker/date.,Relative strength versus the benchmark looked mixed. 1-month excess return -5.38%; 3-month excess return -14.75%; 6-month excess return 7.62%.,"Model view: the setup leaned constructive. Confidence was around 51%. Technical state is mixed, with price not fully aligned across the major moving averages. MACD remains on the bullish side. No recent matched news was found for this ticker/date. Relative strength versus the benchmark looked mixed. 1-month excess return -5.38%; 3-month excess return -14.75%; 6-month excess return 7.62%."
2025-07-30,T,0,1.0,0.5142180532773744,miss,random_forest,target_5d_updown,"Technical state is mixed, with price not fully aligned across the major moving averages. MACD remains on the bullish side.",No recent matched news was found for this ticker/date.,Relative strength versus the benchmark looked mixed. 1-month excess return -7.65%; 3-month excess return -13.74%; 6-month excess return 7.78%.,"Model view: the setup leaned constructive. Confidence was around 51%. Technical state is mixed, with price not fully aligned across the major moving averages. MACD remains on the bullish side. No recent matched news was found for this ticker/date. Relative strength versus the benchmark looked mixed. 1-month excess return -7.65%; 3-month excess return -13.74%; 6-month excess return 7.78%."
2025-07-31,T,1,1.0,0.5362145611746293,hit,random_forest,target_5d_updown,"Technical state is mixed, with price not fully aligned across the major moving averages. MACD remains on the bullish side. Volatility is relatively contained at roughly 15.0%.",No recent matched news was found for this ticker/date.,Relative strength versus the benchmark looked mixed. 1-month excess return -7.42%; 3-month excess return -15.03%; 6-month excess return 8.14%.,"Model view: the setup leaned constructive. Confidence was around 54%. Technical state is mixed, with price not fully aligned across the major moving averages. MACD remains on the bullish side. Volatility is relatively contained at roughly 15.0%. No recent matched news was found for this ticker/date. Relative strength versus the benchmark looked mixed. 1-month excess return -7.42%; 3-month excess return -15.03%; 6-month excess return 8.14%."
2025-08-01,T,1,0.0,0.501266498279767,miss,random_forest,target_5d_updown,"Technical state is mixed, with price not fully aligned across the major moving averages. RSI is in a steady zone near 51.9. MACD remains on the bullish side.",No recent matched news was found for this ticker/date.,Relative strength versus the benchmark looked mixed. 1-month excess return -2.18%; 3-month excess return -10.92%; 6-month excess return 12.81%.,"Model view: the setup leaned cautious. Confidence was around 50%. Technical state is mixed, with price not fully aligned across the major moving averages. RSI is in a steady zone near 51.9. MACD remains on the bullish side. No recent matched news was found for this ticker/date. Relative strength versus the benchmark looked mixed. 1-month excess return -2.18%; 3-month excess return -10.92%; 6-month excess return 12.81%."
2025-08-04,T,1,1.0,0.507503815245397,hit,random_forest,target_5d_updown,"Technical state is mixed, with price not fully aligned across the major moving averages. RSI is in a steady zone near 50.6. MACD remains on the bullish side.",No recent matched news was found for this ticker/date.,Relative strength versus the benchmark looked mixed. 1-month excess return -3.25%; 3-month excess return -11.16%; 6-month excess return 11.80%.,"Model view: the setup leaned constructive. Confidence was around 51%. Technical state is mixed, with price not fully aligned across the major moving averages. RSI is in a steady zone near 50.6. MACD remains on the bullish side. No recent matched news was found for this ticker/date. Relative strength versus the benchmark looked mixed. 1-month excess return -3.25%; 3-month excess return -11.16%; 6-month excess return 11.80%."
2025-08-05,T,1,1.0,0.5154832695482073,hit,random_forest,target_5d_updown,"Technical state is mixed, with price not fully aligned across the major moving averages. RSI is in a steady zone near 52.2. MACD remains on the bullish side.",No recent matched news was found for this ticker/date.,Relative strength versus the benchmark looked mixed. 1-month excess return -3.43%; 3-month excess return -10.51%; 6-month excess return 9.49%.,"Model view: the setup leaned constructive. Confidence was around 52%. Technical state is mixed, with price not fully aligned across the major moving averages. RSI is in a steady zone near 52.2. MACD remains on the bullish side. No recent matched news was found for this ticker/date. Relative strength versus the benchmark looked mixed. 1-month excess return -3.43%; 3-month excess return -10.51%; 6-month excess return 9.49%."
2025-08-06,T,1,1.0,0.5068308414757792,hit,random_forest,target_5d_updown,"Technical state is mixed, with price not fully aligned across the major moving averages. MACD remains on the bullish side.",No recent matched news was found for this ticker/date.,Relative strength versus the benchmark looked mixed. 1-month excess return -4.83%; 3-month excess return -15.63%; 6-month excess return 8.25%.,"Model view: the setup leaned constructive. Confidence was around 51%. Technical state is mixed, with price not fully aligned across the major moving averages. MACD remains on the bullish side. No recent matched news was found for this ticker/date. Relative strength versus the benchmark looked mixed. 1-month excess return -4.83%; 3-month excess return -15.63%; 6-month excess return 8.25%."
2025-08-07,T,1,0.0,0.5169680659359589,miss,random_forest,target_5d_updown,"Technical state is constructive, with price above the 50-day and 200-day averages. RSI is in a steady zone near 56.5. MACD remains on the bullish side.",No recent matched news was found for this ticker/date.,Relative strength versus the benchmark looked mixed. 1-month excess return -1.48%; 3-month excess return -12.82%; 6-month excess return 10.05%.,"Model view: the setup leaned cautious. Confidence was around 52%. Technical state is constructive, with price above the 50-day and 200-day averages. RSI is in a steady zone near 56.5. MACD remains on the bullish side. No recent matched news was found for this ticker/date. Relative strength versus the benchmark looked mixed. 1-month excess return -1.48%; 3-month excess return -12.82%; 6-month excess return 10.05%."
2025-08-08,T,1,1.0,0.5042539883641289,hit,random_forest,target_5d_updown,"Technical state is constructive, with price above the 50-day and 200-day averages. RSI is in a steady zone near 56.7. MACD remains on the bullish side. Volatility is relatively contained at roughly 13.8%.",No recent matched news was found for this ticker/date.,Relative strength versus the benchmark looked mixed. 1-month excess return -0.15%; 3-month excess return -10.56%; 6-month excess return 9.80%.,"Model view: the setup leaned constructive. Confidence was around 50%. Technical state is constructive, with price above the 50-day and 200-day averages. RSI is in a steady zone near 56.7. MACD remains on the bullish side. Volatility is relatively contained at roughly 13.8%. No recent matched news was found for this ticker/date. Relative strength versus the benchmark looked mixed. 1-month excess return -0.15%; 3-month excess return -10.56%; 6-month excess return 9.80%."
2025-08-11,T,1,0.0,0.5033753258494158,miss,random_forest,target_5d_updown,"Technical state is constructive, with price above the 50-day and 200-day averages. RSI is in a steady zone near 57.7. MACD remains on the bullish side. Volatility is relatively contained at roughly 13.7%.",No recent matched news was found for this ticker/date.,Relative strength versus the benchmark looked favorable. 1-month excess return 2.36%; 3-month excess return -11.63%; 6-month excess return 8.81%.,"Model view: the setup leaned cautious. Confidence was around 50%. Technical state is constructive, with price above the 50-day and 200-day averages. RSI is in a steady zone near 57.7. MACD remains on the bullish side. Volatility is relatively contained at roughly 13.7%. No recent matched news was found for this ticker/date. Relative strength versus the benchmark looked favorable. 1-month excess return 2.36%; 3-month excess return -11.63%; 6-month excess return 8.81%."
2025-08-12,T,1,0.0,0.5413852901328561,miss,random_forest,target_5d_updown,"Technical state is constructive, with price above the 50-day and 200-day averages. RSI is in a steady zone near 62.5. MACD remains on the bullish side. Volatility is relatively contained at roughly 13.9%.",No recent matched news was found for this ticker/date.,Relative strength versus the benchmark looked favorable. 1-month excess return 2.00%; 3-month excess return -4.79%; 6-month excess return 8.33%.,"Model view: the setup leaned cautious. Confidence was around 54%. Technical state is constructive, with price above the 50-day and 200-day averages. RSI is in a steady zone near 62.5. MACD remains on the bullish side. Volatility is relatively contained at roughly 13.9%. No recent matched news was found for this ticker/date. Relative strength versus the benchmark looked favorable. 1-month excess return 2.00%; 3-month excess return -4.79%; 6-month excess return 8.33%."
2025-08-13,T,1,0.0,0.5599988432577879,miss,random_forest,target_5d_updown,"Technical state is constructive, with price above the 50-day and 200-day averages. RSI is in a steady zone near 60.7. MACD remains on the bullish side. Volatility is relatively contained at roughly 13.9%.",No recent matched news was found for this ticker/date.,Relative strength versus the benchmark looked favorable. 1-month excess return 1.44%; 3-month excess return -2.53%; 6-month excess return 6.42%.,"Model view: the setup leaned cautious. Confidence was around 56%. Technical state is constructive, with price above the 50-day and 200-day averages. RSI is in a steady zone near 60.7. MACD remains on the bullish side. Volatility is relatively contained at roughly 13.9%. No recent matched news was found for this ticker/date. Relative strength versus the benchmark looked favorable. 1-month excess return 1.44%; 3-month excess return -2.53%; 6-month excess return 6.42%."
2025-08-14,T,1,0.0,0.5632925386425829,miss,random_forest,target_5d_updown,"Technical state is constructive, with price above the 50-day and 200-day averages. MACD remains on the bullish side. Volatility is relatively contained at roughly 14.3%.",No recent matched news was found for this ticker/date.,Relative strength versus the benchmark looked favorable. 1-month excess return 3.35%; 3-month excess return -1.03%; 6-month excess return 6.51%.,"Model view: the setup leaned cautious. Confidence was around 56%. Technical state is constructive, with price above the 50-day and 200-day averages. MACD remains on the bullish side. Volatility is relatively contained at roughly 14.3%. No recent matched news was found for this ticker/date. Relative strength versus the benchmark looked favorable. 1-month excess return 3.35%; 3-month excess return -1.03%; 6-month excess return 6.51%."
2025-08-15,T,0,0.0,0.5852143454568001,hit,random_forest,target_5d_updown,"Technical state is constructive, with price above the 50-day and 200-day averages. MACD remains on the bullish side. Volatility is relatively contained at roughly 14.2%.",No recent matched news was found for this ticker/date.,Relative strength versus the benchmark looked favorable. 1-month excess return 4.47%; 3-month excess return -3.36%; 6-month excess return 7.13%.,"Model view: the setup leaned cautious. Confidence was around 59%. Technical state is constructive, with price above the 50-day and 200-day averages. MACD remains on the bullish side. Volatility is relatively contained at roughly 14.2%. No recent matched news was found for this ticker/date. Relative strength versus the benchmark looked favorable. 1-month excess return 4.47%; 3-month excess return -3.36%; 6-month excess return 7.13%."
2025-08-18,T,0,0.0,0.5474584612420624,hit,random_forest,target_5d_updown,"Technical state is constructive, with price above the 50-day and 200-day averages. MACD remains on the bullish side. Volatility is relatively contained at roughly 13.4%.",No recent matched news was found for this ticker/date.,Relative strength versus the benchmark looked favorable. 1-month excess return 4.85%; 3-month excess return -3.93%; 6-month excess return 6.32%.,"Model view: the setup leaned cautious. Confidence was around 55%. Technical state is constructive, with price above the 50-day and 200-day averages. MACD remains on the bullish side. Volatility is relatively contained at roughly 13.4%. No recent matched news was found for this ticker/date. Relative strength versus the benchmark looked favorable. 1-month excess return 4.85%; 3-month excess return -3.93%; 6-month excess return 6.32%."
2025-08-19,T,0,0.0,0.612643741974891,hit,random_forest,target_5d_updown,"Technical state is constructive, with price above the 50-day and 200-day averages. MACD remains on the bullish side. Volatility is relatively contained at roughly 13.4%.",No recent matched news was found for this ticker/date.,Relative strength versus the benchmark looked favorable. 1-month excess return 4.08%; 3-month excess return -4.13%; 6-month excess return 6.57%.,"Model view: the setup leaned cautious. Confidence was around 61%. Technical state is constructive, with price above the 50-day and 200-day averages. MACD remains on the bullish side. Volatility is relatively contained at roughly 13.4%. No recent matched news was found for this ticker/date. Relative strength versus the benchmark looked favorable. 1-month excess return 4.08%; 3-month excess return -4.13%; 6-month excess return 6.57%."
2025-08-20,T,0,0.0,0.5927210367203473,hit,random_forest,target_5d_updown,"Technical state is constructive, with price above the 50-day and 200-day averages. RSI is elevated near 71.6, so chasing strength may add risk. MACD remains on the bullish side. Volatility is relatively contained at roughly 13.2%.",No recent matched news was found for this ticker/date.,Relative strength versus the benchmark looked favorable. 1-month excess return 5.29%; 3-month excess return -2.25%; 6-month excess return 7.52%.,"Model view: the setup leaned cautious. Confidence was around 59%. Technical state is constructive, with price above the 50-day and 200-day averages. RSI is elevated near 71.6, so chasing strength may add risk. MACD remains on the bullish side. Volatility is relatively contained at roughly 13.2%. No recent matched news was found for this ticker/date. Relative strength versus the benchmark looked favorable. 1-month excess return 5.29%; 3-month excess return -2.25%; 6-month excess return 7.52%."
2025-08-21,T,0,0.0,0.5662163965107944,hit,random_forest,target_5d_updown,"Technical state is constructive, with price above the 50-day and 200-day averages. RSI is elevated near 73.2, so chasing strength may add risk. MACD remains on the bullish side. Volatility is relatively contained at roughly 13.2%.",No recent matched news was found for this ticker/date.,Relative strength versus the benchmark looked favorable. 1-month excess return 5.85%; 3-month excess return -1.88%; 6-month excess return 8.49%.,"Model view: the setup leaned cautious. Confidence was around 57%. Technical state is constructive, with price above the 50-day and 200-day averages. RSI is elevated near 73.2, so chasing strength may add risk. MACD remains on the bullish side. Volatility is relatively contained at roughly 13.2%. No recent matched news was found for this ticker/date. Relative strength versus the benchmark looked favorable. 1-month excess return 5.85%; 3-month excess return -1.88%; 6-month excess return 8.49%."
2025-08-22,T,1,0.0,0.5701244161781989,miss,random_forest,target_5d_updown,"Technical state is constructive, with price above the 50-day and 200-day averages. RSI is in a steady zone near 57.8. MACD remains on the bullish side.",No recent matched news was found for this ticker/date.,Relative strength versus the benchmark looked favorable. 1-month excess return 1.34%; 3-month excess return -5.01%; 6-month excess return 0.56%.,"Model view: the setup leaned cautious. Confidence was around 57%. Technical state is constructive, with price above the 50-day and 200-day averages. RSI is in a steady zone near 57.8. MACD remains on the bullish side. No recent matched news was found for this ticker/date. Relative strength versus the benchmark looked favorable. 1-month excess return 1.34%; 3-month excess return -5.01%; 6-month excess return 0.56%."
2025-08-25,T,1,0.0,0.6149100507699639,miss,random_forest,target_5d_updown,"Technical state is constructive, with price above the 50-day and 200-day averages. RSI is in a steady zone near 57.2. MACD remains on the bullish side. Volatility is relatively contained at roughly 14.9%.",No recent matched news was found for this ticker/date.,Relative strength versus the benchmark looked mixed. 1-month excess return 1.77%; 3-month excess return -6.14%; 6-month excess return -0.09%.,"Model view: the setup leaned cautious. Confidence was around 61%. Technical state is constructive, with price above the 50-day and 200-day averages. RSI is in a steady zone near 57.2. MACD remains on the bullish side. Volatility is relatively contained at roughly 14.9%. No recent matched news was found for this ticker/date. Relative strength versus the benchmark looked mixed. 1-month excess return 1.77%; 3-month excess return -6.14%; 6-month excess return -0.09%."
2025-08-26,T,1,0.0,0.5788674140074139,miss,random_forest,target_5d_updown,"Technical state is constructive, with price above the 50-day and 200-day averages. RSI is in a steady zone near 53.7. MACD remains on the bullish side. Volatility is relatively contained at roughly 14.9%.",No recent matched news was found for this ticker/date.,Relative strength versus the benchmark looked mixed. 1-month excess return 2.18%; 3-month excess return -4.88%; 6-month excess return -1.37%.,"Model view: the setup leaned cautious. Confidence was around 58%. Technical state is constructive, with price above the 50-day and 200-day averages. RSI is in a steady zone near 53.7. MACD remains on the bullish side. Volatility is relatively contained at roughly 14.9%. No recent matched news was found for this ticker/date. Relative strength versus the benchmark looked mixed. 1-month excess return 2.18%; 3-month excess return -4.88%; 6-month excess return -1.37%."
2025-08-27,T,1,0.0,0.6219969926416993,miss,random_forest,target_5d_updown,"Technical state is constructive, with price above the 50-day and 200-day averages. RSI is in a steady zone near 60.9. MACD remains on the bullish side.",No recent matched news was found for this ticker/date.,Relative strength versus the benchmark looked favorable. 1-month excess return 4.22%; 3-month excess return -4.36%; 6-month excess return 0.65%.,"Model view: the setup leaned cautious. Confidence was around 62%. Technical state is constructive, with price above the 50-day and 200-day averages. RSI is in a steady zone near 60.9. MACD remains on the bullish side. No recent matched news was found for this ticker/date. Relative strength versus the benchmark looked favorable. 1-month excess return 4.22%; 3-month excess return -4.36%; 6-month excess return 0.65%."
2025-08-28,T,1,0.0,0.5988945474289935,miss,random_forest,target_5d_updown,"Technical state is constructive, with price above the 50-day and 200-day averages. RSI is in a steady zone near 58.5. MACD remains on the bullish side.",No recent matched news was found for this ticker/date.,Relative strength versus the benchmark looked mixed. 1-month excess return 2.95%; 3-month excess return -4.30%; 6-month excess return -3.30%.,"Model view: the setup leaned cautious. Confidence was around 60%. Technical state is constructive, with price above the 50-day and 200-day averages. RSI is in a steady zone near 58.5. MACD remains on the bullish side. No recent matched news was found for this ticker/date. Relative strength versus the benchmark looked mixed. 1-month excess return 2.95%; 3-month excess return -4.30%; 6-month excess return -3.30%."
2025-08-29,T,0,0.0,0.6487369909804539,hit,random_forest,target_5d_updown,"Technical state is constructive, with price above the 50-day and 200-day averages. RSI is in a steady zone near 63.0. MACD remains on the bullish side.",No recent matched news was found for this ticker/date.,Relative strength versus the benchmark looked mixed. 1-month excess return 4.78%; 3-month excess return -4.11%; 6-month excess return -1.70%.,"Model view: the setup leaned cautious. Confidence was around 65%. Technical state is constructive, with price above the 50-day and 200-day averages. RSI is in a steady zone near 63.0. MACD remains on the bullish side. No recent matched news was found for this ticker/date. Relative strength versus the benchmark looked mixed. 1-month excess return 4.78%; 3-month excess return -4.11%; 6-month excess return -1.70%."
2025-09-02,T,1,0.0,0.6286203891818027,miss,random_forest,target_5d_updown,"Technical state is constructive, with price above the 50-day and 200-day averages. RSI is in a steady zone near 58.9. MACD remains on the bullish side.",No recent matched news was found for this ticker/date.,Relative strength versus the benchmark looked mixed. 1-month excess return 1.77%; 3-month excess return -3.92%; 6-month excess return -4.74%.,"Model view: the setup leaned cautious. Confidence was around 63%. Technical state is constructive, with price above the 50-day and 200-day averages. RSI is in a steady zone near 58.9. MACD remains on the bullish side. No recent matched news was found for this ticker/date. Relative strength versus the benchmark looked mixed. 1-month excess return 1.77%; 3-month excess return -3.92%; 6-month excess return -4.74%."
2025-09-03,T,1,0.0,0.5774529357452746,miss,random_forest,target_5d_updown,"Technical state is constructive, with price above the 50-day and 200-day averages. RSI is in a steady zone near 58.1. MACD remains on the bullish side.",No recent matched news was found for this ticker/date.,Relative strength versus the benchmark looked mixed. 1-month excess return 2.92%; 3-month excess return -4.12%; 6-month excess return -0.80%.,"Model view: the setup leaned cautious. Confidence was around 58%. Technical state is constructive, with price above the 50-day and 200-day averages. RSI is in a steady zone near 58.1. MACD remains on the bullish side. No recent matched news was found for this ticker/date. Relative strength versus the benchmark looked mixed. 1-month excess return 2.92%; 3-month excess return -4.12%; 6-month excess return -0.80%."
2025-09-04,T,0,0.0,0.6427553076923931,hit,random_forest,target_5d_updown,"Technical state is constructive, with price above the 50-day and 200-day averages. RSI is in a steady zone near 64.9. MACD remains on the bullish side.",No recent matched news was found for this ticker/date.,Relative strength versus the benchmark looked favorable. 1-month excess return 3.19%; 3-month excess return -0.82%; 6-month excess return 1.77%.,"Model view: the setup leaned cautious. Confidence was around 64%. Technical state is constructive, with price above the 50-day and 200-day averages. RSI is in a steady zone near 64.9. MACD remains on the bullish side. No recent matched news was found for this ticker/date. Relative strength versus the benchmark looked favorable. 1-month excess return 3.19%; 3-month excess return -0.82%; 6-month excess return 1.77%."
2025-09-05,T,0,0.0,0.6366065196923736,hit,random_forest,target_5d_updown,"Technical state is constructive, with price above the 50-day and 200-day averages. RSI is in a steady zone near 65.0. MACD remains on the bullish side.",No recent matched news was found for this ticker/date.,Relative strength versus the benchmark looked mixed. 1-month excess return 5.35%; 3-month excess return -2.56%; 6-month excess return -2.27%.,"Model view: the setup leaned cautious. Confidence was around 64%. Technical state is constructive, with price above the 50-day and 200-day averages. RSI is in a steady zone near 65.0. MACD remains on the bullish side. No recent matched news was found for this ticker/date. Relative strength versus the benchmark looked mixed. 1-month excess return 5.35%; 3-month excess return -2.56%; 6-month excess return -2.27%."
2025-09-08,T,1,0.0,0.5488056301069693,miss,random_forest,target_5d_updown,"Technical state is constructive, with price above the 50-day and 200-day averages. RSI is in a steady zone near 52.5. MACD remains on the bearish side.",No recent matched news was found for this ticker/date.,Relative strength versus the benchmark looked mixed. 1-month excess return 0.38%; 3-month excess return -5.40%; 6-month excess return -6.09%.,"Model view: the setup leaned cautious. Confidence was around 55%. Technical state is constructive, with price above the 50-day and 200-day averages. RSI is in a steady zone near 52.5. MACD remains on the bearish side. No recent matched news was found for this ticker/date. Relative strength versus the benchmark looked mixed. 1-month excess return 0.38%; 3-month excess return -5.40%; 6-month excess return -6.09%."
2025-09-09,T,0,0.0,0.5781702666209572,hit,random_forest,target_5d_updown,"Technical state is constructive, with price above the 50-day and 200-day averages. RSI is in a steady zone near 58.9. MACD remains on the bearish side.",No recent matched news was found for this ticker/date.,Relative strength versus the benchmark looked mixed. 1-month excess return 2.69%; 3-month excess return -2.87%; 6-month excess return -8.15%.,"Model view: the setup leaned cautious. Confidence was around 58%. Technical state is constructive, with price above the 50-day and 200-day averages. RSI is in a steady zone near 58.9. MACD remains on the bearish side. No recent matched news was found for this ticker/date. Relative strength versus the benchmark looked mixed. 1-month excess return 2.69%; 3-month excess return -2.87%; 6-month excess return -8.15%."
2025-09-10,T,1,0.0,0.5099207054948872,miss,random_forest,target_5d_updown,"Technical state is constructive, with price above the 50-day and 200-day averages. RSI is in a steady zone near 55.5. MACD remains on the bearish side.",No recent matched news was found for this ticker/date.,Relative strength versus the benchmark looked mixed. 1-month excess return 1.18%; 3-month excess return -5.42%; 6-month excess return -5.03%.,"Model view: the setup leaned cautious. Confidence was around 51%. Technical state is constructive, with price above the 50-day and 200-day averages. RSI is in a steady zone near 55.5. MACD remains on the bearish side. No recent matched news was found for this ticker/date. Relative strength versus the benchmark looked mixed. 1-month excess return 1.18%; 3-month excess return -5.42%; 6-month excess return -5.03%."
2025-09-11,T,0,0.0,0.5193547282877531,hit,random_forest,target_5d_updown,"Technical state is constructive, with price above the 50-day and 200-day averages. RSI is in a steady zone near 58.9. MACD remains on the bearish side.",No recent matched news was found for this ticker/date.,Relative strength versus the benchmark looked mixed. 1-month excess return 1.21%; 3-month excess return -5.30%; 6-month excess return -3.02%.,"Model view: the setup leaned cautious. Confidence was around 52%. Technical state is constructive, with price above the 50-day and 200-day averages. RSI is in a steady zone near 58.9. MACD remains on the bearish side. No recent matched news was found for this ticker/date. Relative strength versus the benchmark looked mixed. 1-month excess return 1.21%; 3-month excess return -5.30%; 6-month excess return -3.02%."
2025-09-12,T,0,0.0,0.5388173905406406,hit,random_forest,target_5d_updown,"Technical state is constructive, with price above the 50-day and 200-day averages. RSI is in a steady zone near 59.8. MACD remains on the bearish side.",No recent matched news was found for this ticker/date.,Relative strength versus the benchmark looked mixed. 1-month excess return 2.16%; 3-month excess return -4.32%; 6-month excess return -5.87%.,"Model view: the setup leaned cautious. Confidence was around 54%. Technical state is constructive, with price above the 50-day and 200-day averages. RSI is in a steady zone near 59.8. MACD remains on the bearish side. No recent matched news was found for this ticker/date. Relative strength versus the benchmark looked mixed. 1-month excess return 2.16%; 3-month excess return -4.32%; 6-month excess return -5.87%."
2025-09-15,T,0,0.0,0.5435115031099854,hit,random_forest,target_5d_updown,"Technical state is constructive, with price above the 50-day and 200-day averages. RSI is in a steady zone near 60.4. MACD remains on the bullish side.",No recent matched news was found for this ticker/date.,Relative strength versus the benchmark looked mixed. 1-month excess return 0.54%; 3-month excess return -5.65%; 6-month excess return -5.98%.,"Model view: the setup leaned cautious. Confidence was around 54%. Technical state is constructive, with price above the 50-day and 200-day averages. RSI is in a steady zone near 60.4. MACD remains on the bullish side. No recent matched news was found for this ticker/date. Relative strength versus the benchmark looked mixed. 1-month excess return 0.54%; 3-month excess return -5.65%; 6-month excess return -5.98%."
2025-09-16,T,0,0.0,0.5426097966341072,hit,random_forest,target_5d_updown,"Technical state is constructive, with price above the 50-day and 200-day averages. RSI is in a steady zone near 55.3. MACD remains on the bearish side.",No recent matched news was found for this ticker/date.,Relative strength versus the benchmark looked weak. 1-month excess return -0.98%; 3-month excess return -4.65%; 6-month excess return -7.06%.,"Model view: the setup leaned cautious. Confidence was around 54%. Technical state is constructive, with price above the 50-day and 200-day averages. RSI is in a steady zone near 55.3. MACD remains on the bearish side. No recent matched news was found for this ticker/date. Relative strength versus the benchmark looked weak. 1-month excess return -0.98%; 3-month excess return -4.65%; 6-month excess return -7.06%."
2025-09-17,T,0,0.0,0.5641720411500761,hit,random_forest,target_5d_updown,"Technical state is constructive, with price above the 50-day and 200-day averages. RSI is in a steady zone near 58.1. MACD remains on the bearish side.",No recent matched news was found for this ticker/date.,Relative strength versus the benchmark looked weak. 1-month excess return -0.35%; 3-month excess return -3.49%; 6-month excess return -6.47%.,"Model view: the setup leaned cautious. Confidence was around 56%. Technical state is constructive, with price above the 50-day and 200-day averages. RSI is in a steady zone near 58.1. MACD remains on the bearish side. No recent matched news was found for this ticker/date. Relative strength versus the benchmark looked weak. 1-month excess return -0.35%; 3-month excess return -3.49%; 6-month excess return -6.47%."
2025-09-18,T,0,0.0,0.5244560809938134,hit,random_forest,target_5d_updown,"Technical state is constructive, with price above the 50-day and 200-day averages. RSI is in a steady zone near 52.5. MACD remains on the bearish side.",No recent matched news was found for this ticker/date.,Relative strength versus the benchmark looked weak. 1-month excess return -2.78%; 3-month excess return -5.30%; 6-month excess return -8.01%.,"Model view: the setup leaned cautious. Confidence was around 52%. Technical state is constructive, with price above the 50-day and 200-day averages. RSI is in a steady zone near 52.5. MACD remains on the bearish side. No recent matched news was found for this ticker/date. Relative strength versus the benchmark looked weak. 1-month excess return -2.78%; 3-month excess return -5.30%; 6-month excess return -8.01%."
2025-09-19,T,0,1.0,0.507293605894415,miss,random_forest,target_5d_updown,"Technical state is constructive, with price above the 50-day and 200-day averages. MACD remains on the bearish side.",No recent matched news was found for this ticker/date.,Relative strength versus the benchmark looked weak. 1-month excess return -5.22%; 3-month excess return -7.23%; 6-month excess return -9.33%.,"Model view: the setup leaned constructive. Confidence was around 51%. Technical state is constructive, with price above the 50-day and 200-day averages. MACD remains on the bearish side. No recent matched news was found for this ticker/date. Relative strength versus the benchmark looked weak. 1-month excess return -5.22%; 3-month excess return -7.23%; 6-month excess return -9.33%."
2025-09-22,T,0,0.0,0.5123134863921546,hit,random_forest,target_5d_updown,"Technical state is constructive, with price above the 50-day and 200-day averages. MACD remains on the bearish side.",No recent matched news was found for this ticker/date.,Relative strength versus the benchmark looked weak. 1-month excess return -6.98%; 3-month excess return -8.54%; 6-month excess return -11.13%.,"Model view: the setup leaned cautious. Confidence was around 51%. Technical state is constructive, with price above the 50-day and 200-day averages. MACD remains on the bearish side. No recent matched news was found for this ticker/date. Relative strength versus the benchmark looked weak. 1-month excess return -6.98%; 3-month excess return -8.54%; 6-month excess return -11.13%."
2025-09-23,T,0,0.0,0.5212111619856644,hit,random_forest,target_5d_updown,"Technical state is constructive, with price above the 50-day and 200-day averages. MACD remains on the bearish side.",No recent matched news was found for this ticker/date.,Relative strength versus the benchmark looked weak. 1-month excess return -3.02%; 3-month excess return -7.51%; 6-month excess return -8.73%.,"Model view: the setup leaned cautious. Confidence was around 52%. Technical state is constructive, with price above the 50-day and 200-day averages. MACD remains on the bearish side. No recent matched news was found for this ticker/date. Relative strength versus the benchmark looked weak. 1-month excess return -3.02%; 3-month excess return -7.51%; 6-month excess return -8.73%."
2025-09-24,T,0,0.0,0.5128688411821032,hit,random_forest,target_5d_updown,"Technical state is mixed, with price not fully aligned across the major moving averages. RSI is weak near 39.9. MACD remains on the bearish side.",No recent matched news was found for this ticker/date.,Relative strength versus the benchmark looked weak. 1-month excess return -4.64%; 3-month excess return -7.46%; 6-month excess return -11.16%.,"Model view: the setup leaned cautious. Confidence was around 51%. Technical state is mixed, with price not fully aligned across the major moving averages. RSI is weak near 39.9. MACD remains on the bearish side. No recent matched news was found for this ticker/date. Relative strength versus the benchmark looked weak. 1-month excess return -4.64%; 3-month excess return -7.46%; 6-month excess return -11.16%."
2025-09-25,T,0,0.0,0.5511356789889239,hit,random_forest,target_5d_updown,"Technical state is mixed, with price not fully aligned across the major moving averages. RSI is weak near 39.7. MACD remains on the bearish side.",No recent matched news was found for this ticker/date.,Relative strength versus the benchmark looked weak. 1-month excess return -3.19%; 3-month excess return -6.45%; 6-month excess return -13.31%.,"Model view: the setup leaned cautious. Confidence was around 55%. Technical state is mixed, with price not fully aligned across the major moving averages. RSI is weak near 39.7. MACD remains on the bearish side. No recent matched news was found for this ticker/date. Relative strength versus the benchmark looked weak. 1-month excess return -3.19%; 3-month excess return -6.45%; 6-month excess return -13.31%."
2025-09-26,T,0,0.0,0.5600518597261396,hit,random_forest,target_5d_updown,"Technical state is mixed, with price not fully aligned across the major moving averages. RSI is weak near 39.9. MACD remains on the bearish side.",No recent matched news was found for this ticker/date.,Relative strength versus the benchmark looked weak. 1-month excess return -5.23%; 3-month excess return -6.80%; 6-month excess return -16.68%.,"Model view: the setup leaned cautious. Confidence was around 56%. Technical state is mixed, with price not fully aligned across the major moving averages. RSI is weak near 39.9. MACD remains on the bearish side. No recent matched news was found for this ticker/date. Relative strength versus the benchmark looked weak. 1-month excess return -5.23%; 3-month excess return -6.80%; 6-month excess return -16.68%."
2025-09-29,T,0,0.0,0.5096864829052217,hit,random_forest,target_5d_updown,"Technical state is mixed, with price not fully aligned across the major moving averages. RSI is weak near 36.7. MACD remains on the bearish side.",No recent matched news was found for this ticker/date.,Relative strength versus the benchmark looked weak. 1-month excess return -5.29%; 3-month excess return -10.42%; 6-month excess return -19.84%.,"Model view: the setup leaned cautious. Confidence was around 51%. Technical state is mixed, with price not fully aligned across the major moving averages. RSI is weak near 36.7. MACD remains on the bearish side. No recent matched news was found for this ticker/date. Relative strength versus the benchmark looked weak. 1-month excess return -5.29%; 3-month excess return -10.42%; 6-month excess return -19.84%."
2025-09-30,T,0,0.0,0.5235568047766005,hit,random_forest,target_5d_updown,"Technical state is mixed, with price not fully aligned across the major moving averages. MACD remains on the bearish side.",No recent matched news was found for this ticker/date.,Relative strength versus the benchmark looked weak. 1-month excess return -6.84%; 3-month excess return -10.07%; 6-month excess return -19.30%.,"Model view: the setup leaned cautious. Confidence was around 52%. Technical state is mixed, with price not fully aligned across the major moving averages. MACD remains on the bearish side. No recent matched news was found for this ticker/date. Relative strength versus the benchmark looked weak. 1-month excess return -6.84%; 3-month excess return -10.07%; 6-month excess return -19.30%."
2025-10-01,T,0,0.0,0.5391537812643138,hit,random_forest,target_5d_updown,"Technical state is mixed, with price not fully aligned across the major moving averages. RSI is weak near 32.3. MACD remains on the bearish side.",No recent matched news was found for this ticker/date.,Relative strength versus the benchmark looked weak. 1-month excess return -9.65%; 3-month excess return -10.45%; 6-month excess return -22.41%.,"Model view: the setup leaned cautious. Confidence was around 54%. Technical state is mixed, with price not fully aligned across the major moving averages. RSI is weak near 32.3. MACD remains on the bearish side. No recent matched news was found for this ticker/date. Relative strength versus the benchmark looked weak. 1-month excess return -9.65%; 3-month excess return -10.45%; 6-month excess return -22.41%."
2025-10-02,T,0,0.0,0.5098535860451496,hit,random_forest,target_5d_updown,"Technical state is mixed, with price not fully aligned across the major moving averages. RSI is weak near 27.6. MACD remains on the bearish side.",No recent matched news was found for this ticker/date.,Relative strength versus the benchmark looked weak. 1-month excess return -10.97%; 3-month excess return -11.72%; 6-month excess return -22.58%.,"Model view: the setup leaned cautious. Confidence was around 51%. Technical state is mixed, with price not fully aligned across the major moving averages. RSI is weak near 27.6. MACD remains on the bearish side. No recent matched news was found for this ticker/date. Relative strength versus the benchmark looked weak. 1-month excess return -10.97%; 3-month excess return -11.72%; 6-month excess return -22.58%."
2025-10-03,T,0,0.0,0.5176612347901467,hit,random_forest,target_5d_updown,"Technical state is mixed, with price not fully aligned across the major moving averages. RSI is weak near 28.7. MACD remains on the bearish side.",No recent matched news was found for this ticker/date.,Relative strength versus the benchmark looked weak. 1-month excess return -11.66%; 3-month excess return -12.58%; 6-month excess return -29.90%.,"Model view: the setup leaned cautious. Confidence was around 52%. Technical state is mixed, with price not fully aligned across the major moving averages. RSI is weak near 28.7. MACD remains on the bearish side. No recent matched news was found for this ticker/date. Relative strength versus the benchmark looked weak. 1-month excess return -11.66%; 3-month excess return -12.58%; 6-month excess return -29.90%."
2025-10-06,T,0,0.0,0.506141236817884,hit,random_forest,target_5d_updown,"Technical state is soft, with price below the 50-day and 200-day averages. RSI is weak near 21.0. MACD remains on the bearish side.",No recent matched news was found for this ticker/date.,Relative strength versus the benchmark looked weak. 1-month excess return -16.34%; 3-month excess return -16.83%; 6-month excess return -35.52%.,"Model view: the setup leaned cautious. Confidence was around 51%. Technical state is soft, with price below the 50-day and 200-day averages. RSI is weak near 21.0. MACD remains on the bearish side. No recent matched news was found for this ticker/date. Relative strength versus the benchmark looked weak. 1-month excess return -16.34%; 3-month excess return -16.83%; 6-month excess return -35.52%."
2025-10-07,T,0,1.0,0.5146594649314981,miss,random_forest,target_5d_updown,"Technical state is soft, with price below the 50-day and 200-day averages. RSI is weak near 26.2. MACD remains on the bearish side.",No recent matched news was found for this ticker/date.,Relative strength versus the benchmark looked weak. 1-month excess return -12.62%; 3-month excess return -14.15%; 6-month excess return -35.21%.,"Model view: the setup leaned constructive. Confidence was around 51%. Technical state is soft, with price below the 50-day and 200-day averages. RSI is weak near 26.2. MACD remains on the bearish side. No recent matched news was found for this ticker/date. Relative strength versus the benchmark looked weak. 1-month excess return -12.62%; 3-month excess return -14.15%; 6-month excess return -35.21%."
2025-10-08,T,0,0.0,0.5062215326831159,hit,random_forest,target_5d_updown,"Technical state is soft, with price below the 50-day and 200-day averages. RSI is weak near 27.8. MACD remains on the bearish side.",No recent matched news was found for this ticker/date.,Relative strength versus the benchmark looked weak. 1-month excess return -14.26%; 3-month excess return -12.52%; 6-month excess return -36.01%.,"Model view: the setup leaned cautious. Confidence was around 51%. Technical state is soft, with price below the 50-day and 200-day averages. RSI is weak near 27.8. MACD remains on the bearish side. No recent matched news was found for this ticker/date. Relative strength versus the benchmark looked weak. 1-month excess return -14.26%; 3-month excess return -12.52%; 6-month excess return -36.01%."
2025-10-09,T,1,1.0,0.5064254123414677,hit,random_forest,target_5d_updown,"Technical state is soft, with price below the 50-day and 200-day averages. RSI is weak near 26.7. MACD remains on the bearish side.",No recent matched news was found for this ticker/date.,Relative strength versus the benchmark looked weak. 1-month excess return -13.52%; 3-month excess return -10.88%; 6-month excess return -25.04%.,"Model view: the setup leaned constructive. Confidence was around 51%. Technical state is soft, with price below the 50-day and 200-day averages. RSI is weak near 26.7. MACD remains on the bearish side. No recent matched news was found for this ticker/date. Relative strength versus the benchmark looked weak. 1-month excess return -13.52%; 3-month excess return -10.88%; 6-month excess return -25.04%."
2025-10-10,T,1,1.0,0.5154013297316653,hit,random_forest,target_5d_updown,"Technical state is soft, with price below the 50-day and 200-day averages. RSI is weak near 25.2. MACD remains on the bearish side.",No recent matched news was found for this ticker/date.,Relative strength versus the benchmark looked weak. 1-month excess return -11.60%; 3-month excess return -9.30%; 6-month excess return -26.54%.,"Model view: the setup leaned constructive. Confidence was around 52%. Technical state is soft, with price below the 50-day and 200-day averages. RSI is weak near 25.2. MACD remains on the bearish side. No recent matched news was found for this ticker/date. Relative strength versus the benchmark looked weak. 1-month excess return -11.60%; 3-month excess return -9.30%; 6-month excess return -26.54%."
2025-10-13,T,1,1.0,0.5277023454095054,hit,random_forest,target_5d_updown,"Technical state is soft, with price below the 50-day and 200-day averages. RSI is weak near 23.4. MACD remains on the bearish side.",No recent matched news was found for this ticker/date.,Relative strength versus the benchmark looked weak. 1-month excess return -14.31%; 3-month excess return -11.89%; 6-month excess return -28.75%.,"Model view: the setup leaned constructive. Confidence was around 53%. Technical state is soft, with price below the 50-day and 200-day averages. RSI is weak near 23.4. MACD remains on the bearish side. No recent matched news was found for this ticker/date. Relative strength versus the benchmark looked weak. 1-month excess return -14.31%; 3-month excess return -11.89%; 6-month excess return -28.75%."
2025-10-14,T,0,1.0,0.5234779606831523,miss,random_forest,target_5d_updown,"Technical state is soft, with price below the 50-day and 200-day averages. RSI is weak near 33.2. MACD remains on the bearish side.",No recent matched news was found for this ticker/date.,Relative strength versus the benchmark looked weak. 1-month excess return -11.97%; 3-month excess return -9.14%; 6-month excess return -26.79%.,"Model view: the setup leaned constructive. Confidence was around 52%. Technical state is soft, with price below the 50-day and 200-day averages. RSI is weak near 33.2. MACD remains on the bearish side. No recent matched news was found for this ticker/date. Relative strength versus the benchmark looked weak. 1-month excess return -11.97%; 3-month excess return -9.14%; 6-month excess return -26.79%."
2025-10-15,T,0,1.0,0.5104069447697115,miss,random_forest,target_5d_updown,"Technical state is soft, with price below the 50-day and 200-day averages. RSI is weak near 32.7. MACD remains on the bearish side.",No recent matched news was found for this ticker/date.,Relative strength versus the benchmark looked weak. 1-month excess return -11.88%; 3-month excess return -9.34%; 6-month excess return -28.95%.,"Model view: the setup leaned constructive. Confidence was around 51%. Technical state is soft, with price below the 50-day and 200-day averages. RSI is weak near 32.7. MACD remains on the bearish side. No recent matched news was found for this ticker/date. Relative strength versus the benchmark looked weak. 1-month excess return -11.88%; 3-month excess return -9.34%; 6-month excess return -28.95%."
2025-10-16,T,0,0.0,0.5037536050555478,hit,random_forest,target_5d_updown,"Technical state is soft, with price below the 50-day and 200-day averages. RSI is weak near 34.9. MACD remains on the bearish side.",No recent matched news was found for this ticker/date.,Relative strength versus the benchmark looked weak. 1-month excess return -11.52%; 3-month excess return -8.03%; 6-month excess return -28.73%.,"Model view: the setup leaned cautious. Confidence was around 50%. Technical state is soft, with price below the 50-day and 200-day averages. RSI is weak near 34.9. MACD remains on the bearish side. No recent matched news was found for this ticker/date. Relative strength versus the benchmark looked weak. 1-month excess return -11.52%; 3-month excess return -8.03%; 6-month excess return -28.73%."
2025-10-17,T,0,0.0,0.5137469241500857,hit,random_forest,target_5d_updown,"Technical state is soft, with price below the 50-day and 200-day averages. RSI is weak near 37.4. MACD remains on the bearish side.",No recent matched news was found for this ticker/date.,Relative strength versus the benchmark looked weak. 1-month excess return -10.09%; 3-month excess return -9.48%; 6-month excess return -29.20%.,"Model view: the setup leaned cautious. Confidence was around 51%. Technical state is soft, with price below the 50-day and 200-day averages. RSI is weak near 37.4. MACD remains on the bearish side. No recent matched news was found for this ticker/date. Relative strength versus the benchmark looked weak. 1-month excess return -10.09%; 3-month excess return -9.48%; 6-month excess return -29.20%."
2025-10-20,T,0,1.0,0.5090118547021282,miss,random_forest,target_5d_updown,"Technical state is soft, with price below the 50-day and 200-day averages. RSI is weak near 35.0. MACD remains on the bearish side.",No recent matched news was found for this ticker/date.,Relative strength versus the benchmark looked weak. 1-month excess return -10.91%; 3-month excess return -11.60%; 6-month excess return -31.53%.,"Model view: the setup leaned constructive. Confidence was around 51%. Technical state is soft, with price below the 50-day and 200-day averages. RSI is weak near 35.0. MACD remains on the bearish side. No recent matched news was found for this ticker/date. Relative strength versus the benchmark looked weak. 1-month excess return -10.91%; 3-month excess return -11.60%; 6-month excess return -31.53%."
2025-10-21,T,0,1.0,0.5300283492928837,miss,random_forest,target_5d_updown,"Technical state is soft, with price below the 50-day and 200-day averages. RSI is weak near 34.5. MACD remains on the bullish side.",No recent matched news was found for this ticker/date.,Relative strength versus the benchmark looked weak. 1-month excess return -10.30%; 3-month excess return -12.00%; 6-month excess return -30.80%.,"Model view: the setup leaned constructive. Confidence was around 53%. Technical state is soft, with price below the 50-day and 200-day averages. RSI is weak near 34.5. MACD remains on the bullish side. No recent matched news was found for this ticker/date. Relative strength versus the benchmark looked weak. 1-month excess return -10.30%; 3-month excess return -12.00%; 6-month excess return -30.80%."
2025-10-22,T,0,1.0,0.5537579731562745,miss,random_forest,target_5d_updown,"Technical state is soft, with price below the 50-day and 200-day averages. RSI is weak near 29.8. MACD remains on the bearish side.",No recent matched news was found for this ticker/date.,Relative strength versus the benchmark looked weak. 1-month excess return -11.65%; 3-month excess return -13.75%; 6-month excess return -30.80%.,"Model view: the setup leaned constructive. Confidence was around 55%. Technical state is soft, with price below the 50-day and 200-day averages. RSI is weak near 29.8. MACD remains on the bearish side. No recent matched news was found for this ticker/date. Relative strength versus the benchmark looked weak. 1-month excess return -11.65%; 3-month excess return -13.75%; 6-month excess return -30.80%."
2025-10-23,T,1,1.0,0.5955762510279281,hit,random_forest,target_5d_updown,"Technical state is soft, with price below the 50-day and 200-day averages. RSI is weak near 23.5. MACD remains on the bearish side.",No recent matched news was found for this ticker/date.,Relative strength versus the benchmark looked weak. 1-month excess return -14.37%; 3-month excess return -17.51%; 6-month excess return -33.47%.,"Model view: the setup leaned constructive. Confidence was around 60%. Technical state is soft, with price below the 50-day and 200-day averages. RSI is weak near 23.5. MACD remains on the bearish side. No recent matched news was found for this ticker/date. Relative strength versus the benchmark looked weak. 1-month excess return -14.37%; 3-month excess return -17.51%; 6-month excess return -33.47%."
2025-10-24,T,0,1.0,0.5393021427022654,miss,random_forest,target_5d_updown,"Technical state is soft, with price below the 50-day and 200-day averages. RSI is weak near 32.2. MACD remains on the bearish side.",No recent matched news was found for this ticker/date.,Relative strength versus the benchmark looked weak. 1-month excess return -13.80%; 3-month excess return -15.25%; 6-month excess return -29.24%.,"Model view: the setup leaned constructive. Confidence was around 54%. Technical state is soft, with price below the 50-day and 200-day averages. RSI is weak near 32.2. MACD remains on the bearish side. No recent matched news was found for this ticker/date. Relative strength versus the benchmark looked weak. 1-month excess return -13.80%; 3-month excess return -15.25%; 6-month excess return -29.24%."
2025-10-27,T,0,1.0,0.5287438847496394,miss,random_forest,target_5d_updown,"Technical state is soft, with price below the 50-day and 200-day averages. RSI is weak near 37.8. MACD remains on the bearish side.",No recent matched news was found for this ticker/date.,Relative strength versus the benchmark looked weak. 1-month excess return -13.07%; 3-month excess return -14.75%; 6-month excess return -30.75%.,"Model view: the setup leaned constructive. Confidence was around 53%. Technical state is soft, with price below the 50-day and 200-day averages. RSI is weak near 37.8. MACD remains on the bearish side. No recent matched news was found for this ticker/date. Relative strength versus the benchmark looked weak. 1-month excess return -13.07%; 3-month excess return -14.75%; 6-month excess return -30.75%."
2025-10-28,T,0,0.0,0.5016951543575063,hit,random_forest,target_5d_updown,"Technical state is soft, with price below the 50-day and 200-day averages. MACD remains on the bullish side.",No recent matched news was found for this ticker/date.,Relative strength versus the benchmark looked weak. 1-month excess return -11.98%; 3-month excess return -14.86%; 6-month excess return -29.85%.,"Model view: the setup leaned cautious. Confidence was around 50%. Technical state is soft, with price below the 50-day and 200-day averages. MACD remains on the bullish side. No recent matched news was found for this ticker/date. Relative strength versus the benchmark looked weak. 1-month excess return -11.98%; 3-month excess return -14.86%; 6-month excess return -29.85%."
2025-10-29,T,0,1.0,0.5835761376284848,miss,random_forest,target_5d_updown,"Technical state is soft, with price below the 50-day and 200-day averages. RSI is weak near 35.4. MACD remains on the bullish side.",No recent matched news was found for this ticker/date.,Relative strength versus the benchmark looked weak. 1-month excess return -14.17%; 3-month excess return -17.05%; 6-month excess return -33.22%.,"Model view: the setup leaned constructive. Confidence was around 58%. Technical state is soft, with price below the 50-day and 200-day averages. RSI is weak near 35.4. MACD remains on the bullish side. No recent matched news was found for this ticker/date. Relative strength versus the benchmark looked weak. 1-month excess return -14.17%; 3-month excess return -17.05%; 6-month excess return -33.22%."
2025-10-30,T,1,1.0,0.5316278790195572,hit,random_forest,target_5d_updown,"Technical state is soft, with price below the 50-day and 200-day averages. RSI is weak near 32.1. MACD remains on the bearish side.",No recent matched news was found for this ticker/date.,Relative strength versus the benchmark looked weak. 1-month excess return -12.15%; 3-month excess return -20.48%; 6-month excess return -32.51%.,"Model view: the setup leaned constructive. Confidence was around 53%. Technical state is soft, with price below the 50-day and 200-day averages. RSI is weak near 32.1. MACD remains on the bearish side. No recent matched news was found for this ticker/date. Relative strength versus the benchmark looked weak. 1-month excess return -12.15%; 3-month excess return -20.48%; 6-month excess return -32.51%."
2025-10-31,T,1,1.0,0.5407677178875541,hit,random_forest,target_5d_updown,"Technical state is soft, with price below the 50-day and 200-day averages. RSI is weak near 33.1. MACD remains on the bearish side.",No recent matched news was found for this ticker/date.,Relative strength versus the benchmark looked weak. 1-month excess return -10.28%; 3-month excess return -18.67%; 6-month excess return -30.78%.,"Model view: the setup leaned constructive. Confidence was around 54%. Technical state is soft, with price below the 50-day and 200-day averages. RSI is weak near 33.1. MACD remains on the bearish side. No recent matched news was found for this ticker/date. Relative strength versus the benchmark looked weak. 1-month excess return -10.28%; 3-month excess return -18.67%; 6-month excess return -30.78%."
2025-11-03,T,1,1.0,0.5103275245188993,hit,random_forest,target_5d_updown,"Technical state is soft, with price below the 50-day and 200-day averages. RSI is weak near 31.5. MACD remains on the bearish side.",No recent matched news was found for this ticker/date.,Relative strength versus the benchmark looked weak. 1-month excess return -11.46%; 3-month excess return -20.49%; 6-month excess return -32.12%.,"Model view: the setup leaned constructive. Confidence was around 51%. Technical state is soft, with price below the 50-day and 200-day averages. RSI is weak near 31.5. MACD remains on the bearish side. No recent matched news was found for this ticker/date. Relative strength versus the benchmark looked weak. 1-month excess return -11.46%; 3-month excess return -20.49%; 6-month excess return -32.12%."
2025-11-04,T,1,1.0,0.5054418224729741,hit,random_forest,target_5d_updown,"Technical state is soft, with price below the 50-day and 200-day averages. RSI is weak near 30.8. MACD remains on the bearish side.",No recent matched news was found for this ticker/date.,Relative strength versus the benchmark looked weak. 1-month excess return -6.11%; 3-month excess return -17.86%; 6-month excess return -34.12%.,"Model view: the setup leaned constructive. Confidence was around 51%. Technical state is soft, with price below the 50-day and 200-day averages. RSI is weak near 30.8. MACD remains on the bearish side. No recent matched news was found for this ticker/date. Relative strength versus the benchmark looked weak. 1-month excess return -6.11%; 3-month excess return -17.86%; 6-month excess return -34.12%."
2025-11-05,T,1,1.0,0.5017674066963548,hit,random_forest,target_5d_updown,"Technical state is soft, with price below the 50-day and 200-day averages. RSI is weak near 32.9. MACD remains on the bearish side.",No recent matched news was found for this ticker/date.,Relative strength versus the benchmark looked weak. 1-month excess return -7.36%; 3-month excess return -19.62%; 6-month excess return -33.33%.,"Model view: the setup leaned constructive. Confidence was around 50%. Technical state is soft, with price below the 50-day and 200-day averages. RSI is weak near 32.9. MACD remains on the bearish side. No recent matched news was found for this ticker/date. Relative strength versus the benchmark looked weak. 1-month excess return -7.36%; 3-month excess return -19.62%; 6-month excess return -33.33%."
2025-11-06,T,1,0.0,0.5452840256939941,miss,random_forest,target_5d_updown,"Technical state is soft, with price below the 50-day and 200-day averages. RSI is weak near 35.9. MACD remains on the bullish side.",No recent matched news was found for this ticker/date.,Relative strength versus the benchmark looked weak. 1-month excess return -5.34%; 3-month excess return -17.10%; 6-month excess return -28.60%.,"Model view: the setup leaned cautious. Confidence was around 55%. Technical state is soft, with price below the 50-day and 200-day averages. RSI is weak near 35.9. MACD remains on the bullish side. No recent matched news was found for this ticker/date. Relative strength versus the benchmark looked weak. 1-month excess return -5.34%; 3-month excess return -17.10%; 6-month excess return -28.60%."
2025-11-07,T,1,0.0,0.5536373440214333,miss,random_forest,target_5d_updown,"Technical state is soft, with price below the 50-day and 200-day averages. RSI is weak near 37.5. MACD remains on the bullish side.",No recent matched news was found for this ticker/date.,Relative strength versus the benchmark looked weak. 1-month excess return -4.83%; 3-month excess return -17.30%; 6-month excess return -29.75%.,"Model view: the setup leaned cautious. Confidence was around 55%. Technical state is soft, with price below the 50-day and 200-day averages. RSI is weak near 37.5. MACD remains on the bullish side. No recent matched news was found for this ticker/date. Relative strength versus the benchmark looked weak. 1-month excess return -4.83%; 3-month excess return -17.30%; 6-month excess return -29.75%."
2025-11-10,T,1,0.0,0.5618708980094991,miss,random_forest,target_5d_updown,"Technical state is soft, with price below the 50-day and 200-day averages. RSI is weak near 37.5. MACD remains on the bullish side.",No recent matched news was found for this ticker/date.,Relative strength versus the benchmark looked weak. 1-month excess return -8.34%; 3-month excess return -18.86%; 6-month excess return -24.97%.,"Model view: the setup leaned cautious. Confidence was around 56%. Technical state is soft, with price below the 50-day and 200-day averages. RSI is weak near 37.5. MACD remains on the bullish side. No recent matched news was found for this ticker/date. Relative strength versus the benchmark looked weak. 1-month excess return -8.34%; 3-month excess return -18.86%; 6-month excess return -24.97%."
2025-11-11,T,1,0.0,0.5626186030411854,miss,random_forest,target_5d_updown,"Technical state is soft, with price below the 50-day and 200-day averages. MACD remains on the bullish side.",No recent matched news was found for this ticker/date.,Relative strength versus the benchmark looked weak. 1-month excess return -4.60%; 3-month excess return -17.25%; 6-month excess return -21.20%.,"Model view: the setup leaned cautious. Confidence was around 56%. Technical state is soft, with price below the 50-day and 200-day averages. MACD remains on the bullish side. No recent matched news was found for this ticker/date. Relative strength versus the benchmark looked weak. 1-month excess return -4.60%; 3-month excess return -17.25%; 6-month excess return -21.20%."
2025-11-12,T,0,1.0,0.5179201339192371,miss,random_forest,target_5d_updown,"Technical state is soft, with price below the 50-day and 200-day averages. RSI is in a steady zone near 50.5. MACD remains on the bullish side.",No recent matched news was found for this ticker/date.,Relative strength versus the benchmark looked weak. 1-month excess return -5.04%; 3-month excess return -16.75%; 6-month excess return -19.30%.,"Model view: the setup leaned constructive. Confidence was around 52%. Technical state is soft, with price below the 50-day and 200-day averages. RSI is in a steady zone near 50.5. MACD remains on the bullish side. No recent matched news was found for this ticker/date. Relative strength versus the benchmark looked weak. 1-month excess return -5.04%; 3-month excess return -16.75%; 6-month excess return -19.30%."
2025-11-13,T,0,1.0,0.5256418639548852,miss,random_forest,target_5d_updown,"Technical state is soft, with price below the 50-day and 200-day averages. RSI is in a steady zone near 51.9. MACD remains on the bullish side.",No recent matched news was found for this ticker/date.,Relative strength versus the benchmark looked weak. 1-month excess return -2.30%; 3-month excess return -15.27%; 6-month excess return -19.64%.,"Model view: the setup leaned constructive. Confidence was around 53%. Technical state is soft, with price below the 50-day and 200-day averages. RSI is in a steady zone near 51.9. MACD remains on the bullish side. No recent matched news was found for this ticker/date. Relative strength versus the benchmark looked weak. 1-month excess return -2.30%; 3-month excess return -15.27%; 6-month excess return -19.64%."
2025-11-14,T,1,0.0,0.5085116804440049,miss,random_forest,target_5d_updown,"Technical state is soft, with price below the 50-day and 200-day averages. MACD remains on the bullish side.",No recent matched news was found for this ticker/date.,Relative strength versus the benchmark looked weak. 1-month excess return -4.05%; 3-month excess return -15.99%; 6-month excess return -20.79%.,"Model view: the setup leaned cautious. Confidence was around 51%. Technical state is soft, with price below the 50-day and 200-day averages. MACD remains on the bullish side. No recent matched news was found for this ticker/date. Relative strength versus the benchmark looked weak. 1-month excess return -4.05%; 3-month excess return -15.99%; 6-month excess return -20.79%."
2025-11-17,T,1,0.0,0.5016699658395702,miss,random_forest,target_5d_updown,"Technical state is soft, with price below the 50-day and 200-day averages. MACD remains on the bullish side.",No recent matched news was found for this ticker/date.,Relative strength versus the benchmark looked weak. 1-month excess return -3.51%; 3-month excess return -16.18%; 6-month excess return -21.03%.,"Model view: the setup leaned cautious. Confidence was around 50%. Technical state is soft, with price below the 50-day and 200-day averages. MACD remains on the bullish side. No recent matched news was found for this ticker/date. Relative strength versus the benchmark looked weak. 1-month excess return -3.51%; 3-month excess return -16.18%; 6-month excess return -21.03%."
2025-11-18,T,1,1.0,0.5108721319237847,hit,random_forest,target_5d_updown,"Technical state is soft, with price below the 50-day and 200-day averages. MACD remains on the bullish side.",No recent matched news was found for this ticker/date.,Relative strength versus the benchmark looked weak. 1-month excess return -0.27%; 3-month excess return -16.05%; 6-month excess return -19.25%.,"Model view: the setup leaned constructive. Confidence was around 51%. Technical state is soft, with price below the 50-day and 200-day averages. MACD remains on the bullish side. No recent matched news was found for this ticker/date. Relative strength versus the benchmark looked weak. 1-month excess return -0.27%; 3-month excess return -16.05%; 6-month excess return -19.25%."
2025-11-19,T,1,1.0,0.5284716189101829,hit,random_forest,target_5d_updown,"Technical state is soft, with price below the 50-day and 200-day averages. MACD remains on the bullish side.",No recent matched news was found for this ticker/date.,Relative strength versus the benchmark looked weak. 1-month excess return -1.72%; 3-month excess return -18.43%; 6-month excess return -21.71%.,"Model view: the setup leaned constructive. Confidence was around 53%. Technical state is soft, with price below the 50-day and 200-day averages. MACD remains on the bullish side. No recent matched news was found for this ticker/date. Relative strength versus the benchmark looked weak. 1-month excess return -1.72%; 3-month excess return -18.43%; 6-month excess return -21.71%."
2025-11-20,T,1,0.0,0.5141090077387327,miss,random_forest,target_5d_updown,"Technical state is soft, with price below the 50-day and 200-day averages. MACD remains on the bullish side.",No recent matched news was found for this ticker/date.,Relative strength versus the benchmark looked mixed. 1-month excess return 2.16%; 3-month excess return -12.43%; 6-month excess return -18.21%.,"Model view: the setup leaned cautious. Confidence was around 51%. Technical state is soft, with price below the 50-day and 200-day averages. MACD remains on the bullish side. No recent matched news was found for this ticker/date. Relative strength versus the benchmark looked mixed. 1-month excess return 2.16%; 3-month excess return -12.43%; 6-month excess return -18.21%."
2025-11-21,T,0,1.0,0.5355478536803618,miss,random_forest,target_5d_updown,"Technical state is soft, with price below the 50-day and 200-day averages. RSI is in a steady zone near 54.9. MACD remains on the bullish side.",No recent matched news was found for this ticker/date.,Relative strength versus the benchmark looked mixed. 1-month excess return 7.19%; 3-month excess return -12.36%; 6-month excess return -19.25%.,"Model view: the setup leaned constructive. Confidence was around 54%. Technical state is soft, with price below the 50-day and 200-day averages. RSI is in a steady zone near 54.9. MACD remains on the bullish side. No recent matched news was found for this ticker/date. Relative strength versus the benchmark looked mixed. 1-month excess return 7.19%; 3-month excess return -12.36%; 6-month excess return -19.25%."
2025-11-24,T,0,1.0,0.5349681754306279,miss,random_forest,target_5d_updown,"Technical state is soft, with price below the 50-day and 200-day averages. RSI is in a steady zone near 50.2. MACD remains on the bullish side.",No recent matched news was found for this ticker/date.,Relative strength versus the benchmark looked weak. 1-month excess return 3.13%; 3-month excess return -13.98%; 6-month excess return -19.64%.,"Model view: the setup leaned constructive. Confidence was around 53%. Technical state is soft, with price below the 50-day and 200-day averages. RSI is in a steady zone near 50.2. MACD remains on the bullish side. No recent matched news was found for this ticker/date. Relative strength versus the benchmark looked weak. 1-month excess return 3.13%; 3-month excess return -13.98%; 6-month excess return -19.64%."
2025-11-25,T,0,1.0,0.5184276435476532,miss,random_forest,target_5d_updown,"Technical state is soft, with price below the 50-day and 200-day averages. RSI is in a steady zone near 53.5. MACD remains on the bullish side.",No recent matched news was found for this ticker/date.,Relative strength versus the benchmark looked weak. 1-month excess return 2.78%; 3-month excess return -15.43%; 6-month excess return -20.85%.,"Model view: the setup leaned constructive. Confidence was around 52%. Technical state is soft, with price below the 50-day and 200-day averages. RSI is in a steady zone near 53.5. MACD remains on the bullish side. No recent matched news was found for this ticker/date. Relative strength versus the benchmark looked weak. 1-month excess return 2.78%; 3-month excess return -15.43%; 6-month excess return -20.85%."
2025-11-26,T,0,0.0,0.5143276861022372,hit,random_forest,target_5d_updown,"Technical state is soft, with price below the 50-day and 200-day averages. RSI is in a steady zone near 52.9. MACD remains on the bullish side.",No recent matched news was found for this ticker/date.,Relative strength versus the benchmark looked weak. 1-month excess return 1.53%; 3-month excess return -15.55%; 6-month excess return -20.93%.,"Model view: the setup leaned cautious. Confidence was around 51%. Technical state is soft, with price below the 50-day and 200-day averages. RSI is in a steady zone near 52.9. MACD remains on the bullish side. No recent matched news was found for this ticker/date. Relative strength versus the benchmark looked weak. 1-month excess return 1.53%; 3-month excess return -15.55%; 6-month excess return -20.93%."
2025-11-28,T,0,0.0,0.5146868966695987,hit,random_forest,target_5d_updown,"Technical state is soft, with price below the 50-day and 200-day averages. RSI is in a steady zone near 55.7. MACD remains on the bullish side. Volatility is relatively contained at roughly 14.2%.",No recent matched news was found for this ticker/date.,Relative strength versus the benchmark looked weak. 1-month excess return 4.06%; 3-month excess return -17.12%; 6-month excess return -22.40%.,"Model view: the setup leaned cautious. Confidence was around 51%. Technical state is soft, with price below the 50-day and 200-day averages. RSI is in a steady zone near 55.7. MACD remains on the bullish side. Volatility is relatively contained at roughly 14.2%. No recent matched news was found for this ticker/date. Relative strength versus the benchmark looked weak. 1-month excess return 4.06%; 3-month excess return -17.12%; 6-month excess return -22.40%."
2025-12-01,T,0,0.0,0.5673293116670074,hit,random_forest,target_5d_updown,"Technical state is soft, with price below the 50-day and 200-day averages. RSI is in a steady zone near 51.9. MACD remains on the bullish side. Volatility is relatively contained at roughly 14.7%.",No recent matched news was found for this ticker/date.,Relative strength versus the benchmark looked weak. 1-month excess return 4.45%; 3-month excess return -17.57%; 6-month excess return -22.46%.,"Model view: the setup leaned cautious. Confidence was around 57%. Technical state is soft, with price below the 50-day and 200-day averages. RSI is in a steady zone near 51.9. MACD remains on the bullish side. Volatility is relatively contained at roughly 14.7%. No recent matched news was found for this ticker/date. Relative strength versus the benchmark looked weak. 1-month excess return 4.45%; 3-month excess return -17.57%; 6-month excess return -22.46%."
2025-12-02,T,0,0.0,0.5601124997171331,hit,random_forest,target_5d_updown,"Technical state is soft, with price below the 50-day and 200-day averages. MACD remains on the bullish side. Volatility is relatively contained at roughly 14.9%.",No recent matched news was found for this ticker/date.,Relative strength versus the benchmark looked weak. 1-month excess return 3.18%; 3-month excess return -18.01%; 6-month excess return -23.07%.,"Model view: the setup leaned cautious. Confidence was around 56%. Technical state is soft, with price below the 50-day and 200-day averages. MACD remains on the bullish side. Volatility is relatively contained at roughly 14.9%. No recent matched news was found for this ticker/date. Relative strength versus the benchmark looked weak. 1-month excess return 3.18%; 3-month excess return -18.01%; 6-month excess return -23.07%."
2025-12-03,T,0,0.0,0.5266307958738135,hit,random_forest,target_5d_updown,"Technical state is soft, with price below the 50-day and 200-day averages. MACD remains on the bullish side.",No recent matched news was found for this ticker/date.,Relative strength versus the benchmark looked weak. 1-month excess return 3.14%; 3-month excess return -19.80%; 6-month excess return -22.27%.,"Model view: the setup leaned cautious. Confidence was around 53%. Technical state is soft, with price below the 50-day and 200-day averages. MACD remains on the bullish side. No recent matched news was found for this ticker/date. Relative strength versus the benchmark looked weak. 1-month excess return 3.14%; 3-month excess return -19.80%; 6-month excess return -22.27%."
2025-12-04,T,0,0.0,0.5284435169436639,hit,random_forest,target_5d_updown,"Technical state is soft, with price below the 50-day and 200-day averages. MACD remains on the bullish side.",No recent matched news was found for this ticker/date.,Relative strength versus the benchmark looked weak. 1-month excess return 2.55%; 3-month excess return -19.97%; 6-month excess return -23.99%.,"Model view: the setup leaned cautious. Confidence was around 53%. Technical state is soft, with price below the 50-day and 200-day averages. MACD remains on the bullish side. No recent matched news was found for this ticker/date. Relative strength versus the benchmark looked weak. 1-month excess return 2.55%; 3-month excess return -19.97%; 6-month excess return -23.99%."
2025-12-05,T,0,0.0,0.5420266672461868,hit,random_forest,target_5d_updown,"Technical state is soft, with price below the 50-day and 200-day averages. MACD remains on the bullish side.",No recent matched news was found for this ticker/date.,Relative strength versus the benchmark looked weak. 1-month excess return 1.71%; 3-month excess return -18.22%; 6-month excess return -24.47%.,"Model view: the setup leaned cautious. Confidence was around 54%. Technical state is soft, with price below the 50-day and 200-day averages. MACD remains on the bullish side. No recent matched news was found for this ticker/date. Relative strength versus the benchmark looked weak. 1-month excess return 1.71%; 3-month excess return -18.22%; 6-month excess return -24.47%."
2025-12-08,T,0,0.0,0.5026473268897914,hit,random_forest,target_5d_updown,"Technical state is soft, with price below the 50-day and 200-day averages. RSI is weak near 38.4. MACD remains on the bearish side.",No recent matched news was found for this ticker/date.,Relative strength versus the benchmark looked weak. 1-month excess return -1.60%; 3-month excess return -20.70%; 6-month excess return -24.87%.,"Model view: the setup leaned cautious. Confidence was around 50%. Technical state is soft, with price below the 50-day and 200-day averages. RSI is weak near 38.4. MACD remains on the bearish side. No recent matched news was found for this ticker/date. Relative strength versus the benchmark looked weak. 1-month excess return -1.60%; 3-month excess return -20.70%; 6-month excess return -24.87%."
2025-12-09,T,0,1.0,0.5007771736178973,miss,random_forest,target_5d_updown,"Technical state is soft, with price below the 50-day and 200-day averages. RSI is weak near 34.6. MACD remains on the bearish side.",No recent matched news was found for this ticker/date.,Relative strength versus the benchmark looked weak. 1-month excess return -3.11%; 3-month excess return -20.80%; 6-month excess return -27.05%.,"Model view: the setup leaned constructive. Confidence was around 50%. Technical state is soft, with price below the 50-day and 200-day averages. RSI is weak near 34.6. MACD remains on the bearish side. No recent matched news was found for this ticker/date. Relative strength versus the benchmark looked weak. 1-month excess return -3.11%; 3-month excess return -20.80%; 6-month excess return -27.05%."
2025-12-10,T,0,0.0,0.5068728647743782,hit,random_forest,target_5d_updown,"Technical state is soft, with price below the 50-day and 200-day averages. RSI is weak near 33.3. MACD remains on the bearish side.",No recent matched news was found for this ticker/date.,Relative strength versus the benchmark looked weak. 1-month excess return -2.68%; 3-month excess return -21.86%; 6-month excess return -28.28%.,"Model view: the setup leaned cautious. Confidence was around 51%. Technical state is soft, with price below the 50-day and 200-day averages. RSI is weak near 33.3. MACD remains on the bearish side. No recent matched news was found for this ticker/date. Relative strength versus the benchmark looked weak. 1-month excess return -2.68%; 3-month excess return -21.86%; 6-month excess return -28.28%."
2025-12-11,T,0,0.0,0.5405628240492869,hit,random_forest,target_5d_updown,"Technical state is soft, with price below the 50-day and 200-day averages. RSI is weak near 32.4. MACD remains on the bearish side. Volatility is relatively contained at roughly 14.4%.",No recent matched news was found for this ticker/date.,Relative strength versus the benchmark looked weak. 1-month excess return -4.42%; 3-month excess return -22.66%; 6-month excess return -28.24%.,"Model view: the setup leaned cautious. Confidence was around 54%. Technical state is soft, with price below the 50-day and 200-day averages. RSI is weak near 32.4. MACD remains on the bearish side. Volatility is relatively contained at roughly 14.4%. No recent matched news was found for this ticker/date. Relative strength versus the benchmark looked weak. 1-month excess return -4.42%; 3-month excess return -22.66%; 6-month excess return -28.24%."
2025-12-12,T,0,0.0,0.5184063444060202,hit,random_forest,target_5d_updown,"Technical state is soft, with price below the 50-day and 200-day averages. RSI is weak near 38.4. MACD remains on the bearish side.",No recent matched news was found for this ticker/date.,Relative strength versus the benchmark looked weak. 1-month excess return -3.96%; 3-month excess return -20.19%; 6-month excess return -27.04%.,"Model view: the setup leaned cautious. Confidence was around 52%. Technical state is soft, with price below the 50-day and 200-day averages. RSI is weak near 38.4. MACD remains on the bearish side. No recent matched news was found for this ticker/date. Relative strength versus the benchmark looked weak. 1-month excess return -3.96%; 3-month excess return -20.19%; 6-month excess return -27.04%."
2025-12-15,T,0,0.0,0.5702589324328958,hit,random_forest,target_5d_updown,"Technical state is soft, with price below the 50-day and 200-day averages. RSI is weak near 35.1. MACD remains on the bearish side.",No recent matched news was found for this ticker/date.,Relative strength versus the benchmark looked weak. 1-month excess return -6.88%; 3-month excess return -20.27%; 6-month excess return -26.06%.,"Model view: the setup leaned cautious. Confidence was around 57%. Technical state is soft, with price below the 50-day and 200-day averages. RSI is weak near 35.1. MACD remains on the bearish side. No recent matched news was found for this ticker/date. Relative strength versus the benchmark looked weak. 1-month excess return -6.88%; 3-month excess return -20.27%; 6-month excess return -26.06%."
2025-12-16,T,1,0.0,0.5872613785997917,miss,random_forest,target_5d_updown,"Technical state is soft, with price below the 50-day and 200-day averages. RSI is weak near 32.5. MACD remains on the bearish side.",No recent matched news was found for this ticker/date.,Relative strength versus the benchmark looked weak. 1-month excess return -6.97%; 3-month excess return -21.51%; 6-month excess return -26.57%.,"Model view: the setup leaned cautious. Confidence was around 59%. Technical state is soft, with price below the 50-day and 200-day averages. RSI is weak near 32.5. MACD remains on the bearish side. No recent matched news was found for this ticker/date. Relative strength versus the benchmark looked weak. 1-month excess return -6.97%; 3-month excess return -21.51%; 6-month excess return -26.57%."
2025-12-17,T,1,0.0,0.608095091614397,miss,random_forest,target_5d_updown,"Technical state is soft, with price below the 50-day and 200-day averages. RSI is weak near 38.5. MACD remains on the bearish side.",No recent matched news was found for this ticker/date.,Relative strength versus the benchmark looked weak. 1-month excess return -5.23%; 3-month excess return -17.96%; 6-month excess return -24.33%.,"Model view: the setup leaned cautious. Confidence was around 61%. Technical state is soft, with price below the 50-day and 200-day averages. RSI is weak near 38.5. MACD remains on the bearish side. No recent matched news was found for this ticker/date. Relative strength versus the benchmark looked weak. 1-month excess return -5.23%; 3-month excess return -17.96%; 6-month excess return -24.33%."
2025-12-18,T,1,0.0,0.6290656594699704,miss,random_forest,target_5d_updown,"Technical state is soft, with price below the 50-day and 200-day averages. RSI is weak near 37.3. MACD remains on the bearish side.",No recent matched news was found for this ticker/date.,Relative strength versus the benchmark looked weak. 1-month excess return -7.71%; 3-month excess return -18.05%; 6-month excess return -26.20%.,"Model view: the setup leaned cautious. Confidence was around 63%. Technical state is soft, with price below the 50-day and 200-day averages. RSI is weak near 37.3. MACD remains on the bearish side. No recent matched news was found for this ticker/date. Relative strength versus the benchmark looked weak. 1-month excess return -7.71%; 3-month excess return -18.05%; 6-month excess return -26.20%."
2025-12-19,T,1,0.0,0.5727062153475488,miss,random_forest,target_5d_updown,"Technical state is soft, with price below the 50-day and 200-day averages. RSI is weak near 35.9. MACD remains on the bearish side.",No recent matched news was found for this ticker/date.,Relative strength versus the benchmark looked weak. 1-month excess return -7.45%; 3-month excess return -18.58%; 6-month excess return -27.77%.,"Model view: the setup leaned cautious. Confidence was around 57%. Technical state is soft, with price below the 50-day and 200-day averages. RSI is weak near 35.9. MACD remains on the bearish side. No recent matched news was found for this ticker/date. Relative strength versus the benchmark looked weak. 1-month excess return -7.45%; 3-month excess return -18.58%; 6-month excess return -27.77%."
2025-12-22,T,1,0.0,0.63840254227242,miss,random_forest,target_5d_updown,"Technical state is soft, with price below the 50-day and 200-day averages. RSI is weak near 39.2. MACD remains on the bearish side. Volatility is relatively contained at roughly 13.9%.",No recent matched news was found for this ticker/date.,Relative strength versus the benchmark looked weak. 1-month excess return -9.74%; 3-month excess return -18.57%; 6-month excess return -26.64%.,"Model view: the setup leaned cautious. Confidence was around 64%. Technical state is soft, with price below the 50-day and 200-day averages. RSI is weak near 39.2. MACD remains on the bearish side. Volatility is relatively contained at roughly 13.9%. No recent matched news was found for this ticker/date. Relative strength versus the benchmark looked weak. 1-month excess return -9.74%; 3-month excess return -18.57%; 6-month excess return -26.64%."
2025-12-23,T,1,0.0,0.6685283011526851,miss,random_forest,target_5d_updown,"Technical state is soft, with price below the 50-day and 200-day averages. MACD remains on the bearish side. Volatility is relatively contained at roughly 13.9%.",No recent matched news was found for this ticker/date.,Relative strength versus the benchmark looked weak. 1-month excess return -10.08%; 3-month excess return -17.43%; 6-month excess return -25.43%.,"Model view: the setup leaned cautious. Confidence was around 67%. Technical state is soft, with price below the 50-day and 200-day averages. MACD remains on the bearish side. Volatility is relatively contained at roughly 13.9%. No recent matched news was found for this ticker/date. Relative strength versus the benchmark looked weak. 1-month excess return -10.08%; 3-month excess return -17.43%; 6-month excess return -25.43%."
2025-12-24,T,0,0.0,0.6221000326532881,hit,random_forest,target_5d_updown,"Technical state is soft, with price below the 50-day and 200-day averages. MACD remains on the bullish side. Volatility is relatively contained at roughly 13.8%.",No recent matched news was found for this ticker/date.,Relative strength versus the benchmark looked weak. 1-month excess return -6.97%; 3-month excess return -17.51%; 6-month excess return -24.45%.,"Model view: the setup leaned cautious. Confidence was around 62%. Technical state is soft, with price below the 50-day and 200-day averages. MACD remains on the bullish side. Volatility is relatively contained at roughly 13.8%. No recent matched news was found for this ticker/date. Relative strength versus the benchmark looked weak. 1-month excess return -6.97%; 3-month excess return -17.51%; 6-month excess return -24.45%."
2025-12-26,T,1,0.0,0.5837388171740229,miss,random_forest,target_5d_updown,"Technical state is soft, with price below the 50-day and 200-day averages. MACD remains on the bullish side. Volatility is relatively contained at roughly 13.8%.",No recent matched news was found for this ticker/date.,Relative strength versus the benchmark looked weak. 1-month excess return -6.96%; 3-month excess return -16.97%; 6-month excess return -24.19%.,"Model view: the setup leaned cautious. Confidence was around 58%. Technical state is soft, with price below the 50-day and 200-day averages. MACD remains on the bullish side. Volatility is relatively contained at roughly 13.8%. No recent matched news was found for this ticker/date. Relative strength versus the benchmark looked weak. 1-month excess return -6.96%; 3-month excess return -16.97%; 6-month excess return -24.19%."
2025-12-29,T,0,0.0,0.577404970608328,hit,random_forest,target_5d_updown,"Technical state is soft, with price below the 50-day and 200-day averages. MACD remains on the bullish side. Volatility is relatively contained at roughly 13.5%.",No recent matched news was found for this ticker/date.,Relative strength versus the benchmark looked weak. 1-month excess return -5.29%; 3-month excess return -15.44%; 6-month excess return -25.78%.,"Model view: the setup leaned cautious. Confidence was around 58%. Technical state is soft, with price below the 50-day and 200-day averages. MACD remains on the bullish side. Volatility is relatively contained at roughly 13.5%. No recent matched news was found for this ticker/date. Relative strength versus the benchmark looked weak. 1-month excess return -5.29%; 3-month excess return -15.44%; 6-month excess return -25.78%."
2025-12-30,T,0,0.0,0.5775597553115559,hit,random_forest,target_5d_updown,"Technical state is soft, with price below the 50-day and 200-day averages. MACD remains on the bullish side. Volatility is relatively contained at roughly 13.4%.",No recent matched news was found for this ticker/date.,Relative strength versus the benchmark looked weak. 1-month excess return -5.18%; 3-month excess return -15.30%; 6-month excess return -25.36%.,"Model view: the setup leaned cautious. Confidence was around 58%. Technical state is soft, with price below the 50-day and 200-day averages. MACD remains on the bullish side. Volatility is relatively contained at roughly 13.4%. No recent matched news was found for this ticker/date. Relative strength versus the benchmark looked weak. 1-month excess return -5.18%; 3-month excess return -15.30%; 6-month excess return -25.36%."
2025-12-31,T,0,0.0,0.5882991556735198,hit,random_forest,target_5d_updown,"Technical state is soft, with price below the 50-day and 200-day averages. RSI is in a steady zone near 50.2. MACD remains on the bullish side. Volatility is relatively contained at roughly 13.0%.",No recent matched news was found for this ticker/date.,Relative strength versus the benchmark looked weak. 1-month excess return -3.94%; 3-month excess return -11.88%; 6-month excess return -22.22%.,"Model view: the setup leaned cautious. Confidence was around 59%. Technical state is soft, with price below the 50-day and 200-day averages. RSI is in a steady zone near 50.2. MACD remains on the bullish side. Volatility is relatively contained at roughly 13.0%. No recent matched news was found for this ticker/date. Relative strength versus the benchmark looked weak. 1-month excess return -3.94%; 3-month excess return -11.88%; 6-month excess return -22.22%."
2026-01-02,T,0,0.0,0.5669797980196315,hit,random_forest,target_5d_updown,"Technical state is soft, with price below the 50-day and 200-day averages. MACD remains on the bullish side. Volatility is relatively contained at roughly 13.3%.",No recent matched news was found for this ticker/date.,Relative strength versus the benchmark looked weak. 1-month excess return -4.04%; 3-month excess return -11.19%; 6-month excess return -22.63%.,"Model view: the setup leaned cautious. Confidence was around 57%. Technical state is soft, with price below the 50-day and 200-day averages. MACD remains on the bullish side. Volatility is relatively contained at roughly 13.3%. No recent matched news was found for this ticker/date. Relative strength versus the benchmark looked weak. 1-month excess return -4.04%; 3-month excess return -11.19%; 6-month excess return -22.63%."
2026-01-05,T,0,0.0,0.578625275652686,hit,random_forest,target_5d_updown,"Technical state is soft, with price below the 50-day and 200-day averages. MACD remains on the bullish side. Volatility is relatively contained at roughly 13.5%.",No recent matched news was found for this ticker/date.,Relative strength versus the benchmark looked weak. 1-month excess return -3.00%; 3-month excess return -11.47%; 6-month excess return -23.86%.,"Model view: the setup leaned cautious. Confidence was around 58%. Technical state is soft, with price below the 50-day and 200-day averages. MACD remains on the bullish side. Volatility is relatively contained at roughly 13.5%. No recent matched news was found for this ticker/date. Relative strength versus the benchmark looked weak. 1-month excess return -3.00%; 3-month excess return -11.47%; 6-month excess return -23.86%."
2026-01-06,T,0,1.0,0.5149401880507863,miss,random_forest,target_5d_updown,"Technical state is soft, with price below the 50-day and 200-day averages. MACD remains on the bullish side. Volatility is relatively contained at roughly 14.3%.",No recent matched news was found for this ticker/date.,Relative strength versus the benchmark looked weak. 1-month excess return -5.23%; 3-month excess return -8.96%; 6-month excess return -25.53%.,"Model view: the setup leaned constructive. Confidence was around 51%. Technical state is soft, with price below the 50-day and 200-day averages. MACD remains on the bullish side. Volatility is relatively contained at roughly 14.3%. No recent matched news was found for this ticker/date. Relative strength versus the benchmark looked weak. 1-month excess return -5.23%; 3-month excess return -8.96%; 6-month excess return -25.53%."
2026-01-07,T,0,1.0,0.5002213396331863,miss,random_forest,target_5d_updown,"Technical state is soft, with price below the 50-day and 200-day averages. RSI is weak near 35.7. MACD remains on the bullish side. Volatility is relatively contained at roughly 14.0%.",No recent matched news was found for this ticker/date.,Relative strength versus the benchmark looked weak. 1-month excess return -5.77%; 3-month excess return -11.46%; 6-month excess return -25.26%.,"Model view: the setup leaned constructive. Confidence was around 50%. Technical state is soft, with price below the 50-day and 200-day averages. RSI is weak near 35.7. MACD remains on the bullish side. Volatility is relatively contained at roughly 14.0%. No recent matched news was found for this ticker/date. Relative strength versus the benchmark looked weak. 1-month excess return -5.77%; 3-month excess return -11.46%; 6-month excess return -25.26%."
2026-01-08,T,0,0.0,0.5307040797766799,hit,random_forest,target_5d_updown,"Technical state is soft, with price below the 50-day and 200-day averages. MACD remains on the bearish side. Volatility is relatively contained at roughly 13.8%.",No recent matched news was found for this ticker/date.,Relative strength versus the benchmark looked weak. 1-month excess return -3.56%; 3-month excess return -10.39%; 6-month excess return -22.71%.,"Model view: the setup leaned cautious. Confidence was around 53%. Technical state is soft, with price below the 50-day and 200-day averages. MACD remains on the bearish side. Volatility is relatively contained at roughly 13.8%. No recent matched news was found for this ticker/date. Relative strength versus the benchmark looked weak. 1-month excess return -3.56%; 3-month excess return -10.39%; 6-month excess return -22.71%."
2026-01-09,T,0,0.0,0.530515403861042,hit,random_forest,target_5d_updown,"Technical state is soft, with price below the 50-day and 200-day averages. RSI is weak near 37.7. MACD remains on the bearish side. Volatility is relatively contained at roughly 13.9%.",No recent matched news was found for this ticker/date.,Relative strength versus the benchmark looked weak. 1-month excess return -3.75%; 3-month excess return -11.52%; 6-month excess return -22.40%.,"Model view: the setup leaned cautious. Confidence was around 53%. Technical state is soft, with price below the 50-day and 200-day averages. RSI is weak near 37.7. MACD remains on the bearish side. Volatility is relatively contained at roughly 13.9%. No recent matched news was found for this ticker/date. Relative strength versus the benchmark looked weak. 1-month excess return -3.75%; 3-month excess return -11.52%; 6-month excess return -22.40%."
2026-01-12,T,0,0.0,0.5141742026030249,hit,random_forest,target_5d_updown,"Technical state is soft, with price below the 50-day and 200-day averages. RSI is weak near 34.4. MACD remains on the bearish side. Volatility is relatively contained at roughly 14.3%.",No recent matched news was found for this ticker/date.,Relative strength versus the benchmark looked weak. 1-month excess return -3.80%; 3-month excess return -14.70%; 6-month excess return -23.91%.,"Model view: the setup leaned cautious. Confidence was around 51%. Technical state is soft, with price below the 50-day and 200-day averages. RSI is weak near 34.4. MACD remains on the bearish side. Volatility is relatively contained at roughly 14.3%. No recent matched news was found for this ticker/date. Relative strength versus the benchmark looked weak. 1-month excess return -3.80%; 3-month excess return -14.70%; 6-month excess return -23.91%."
2026-01-13,T,1,0.0,0.5271505254024954,miss,random_forest,target_5d_updown,"Technical state is soft, with price below the 50-day and 200-day averages. RSI is weak near 29.4. MACD remains on the bearish side. Volatility is relatively contained at roughly 14.7%.",No recent matched news was found for this ticker/date.,Relative strength versus the benchmark looked weak. 1-month excess return -4.80%; 3-month excess return -13.61%; 6-month excess return -25.34%.,"Model view: the setup leaned cautious. Confidence was around 53%. Technical state is soft, with price below the 50-day and 200-day averages. RSI is weak near 29.4. MACD remains on the bearish side. Volatility is relatively contained at roughly 14.7%. No recent matched news was found for this ticker/date. Relative strength versus the benchmark looked weak. 1-month excess return -4.80%; 3-month excess return -13.61%; 6-month excess return -25.34%."
2026-01-14,T,0,0.0,0.5766333150556696,hit,random_forest,target_5d_updown,"Technical state is soft, with price below the 50-day and 200-day averages. RSI is weak near 36.4. MACD remains on the bearish side.",No recent matched news was found for this ticker/date.,Relative strength versus the benchmark looked weak. 1-month excess return -5.23%; 3-month excess return -13.95%; 6-month excess return -23.06%.,"Model view: the setup leaned cautious. Confidence was around 58%. Technical state is soft, with price below the 50-day and 200-day averages. RSI is weak near 36.4. MACD remains on the bearish side. No recent matched news was found for this ticker/date. Relative strength versus the benchmark looked weak. 1-month excess return -5.23%; 3-month excess return -13.95%; 6-month excess return -23.06%."
2026-01-15,T,0,0.0,0.5778121589814197,hit,random_forest,target_5d_updown,"Technical state is soft, with price below the 50-day and 200-day averages. RSI is weak near 38.9. MACD remains on the bearish side.",No recent matched news was found for this ticker/date.,Relative strength versus the benchmark looked weak. 1-month excess return -4.09%; 3-month excess return -13.10%; 6-month excess return -22.38%.,"Model view: the setup leaned cautious. Confidence was around 58%. Technical state is soft, with price below the 50-day and 200-day averages. RSI is weak near 38.9. MACD remains on the bearish side. No recent matched news was found for this ticker/date. Relative strength versus the benchmark looked weak. 1-month excess return -4.09%; 3-month excess return -13.10%; 6-month excess return -22.38%."
2026-01-16,T,0,0.0,0.5820685888554946,hit,random_forest,target_5d_updown,"Technical state is soft, with price below the 50-day and 200-day averages. RSI is weak near 35.8. MACD remains on the bearish side. Volatility is relatively contained at roughly 14.8%.",No recent matched news was found for this ticker/date.,Relative strength versus the benchmark looked weak. 1-month excess return -4.31%; 3-month excess return -15.07%; 6-month excess return -23.06%.,"Model view: the setup leaned cautious. Confidence was around 58%. Technical state is soft, with price below the 50-day and 200-day averages. RSI is weak near 35.8. MACD remains on the bearish side. Volatility is relatively contained at roughly 14.8%. No recent matched news was found for this ticker/date. Relative strength versus the benchmark looked weak. 1-month excess return -4.31%; 3-month excess return -15.07%; 6-month excess return -23.06%."
2026-01-20,T,0,0.0,0.6222682719396242,hit,random_forest,target_5d_updown,"Technical state is soft, with price below the 50-day and 200-day averages. RSI is weak near 35.3. MACD remains on the bearish side. Volatility is relatively contained at roughly 14.8%.",No recent matched news was found for this ticker/date.,Relative strength versus the benchmark looked weak. 1-month excess return -4.68%; 3-month excess return -13.00%; 6-month excess return -22.17%.,"Model view: the setup leaned cautious. Confidence was around 62%. Technical state is soft, with price below the 50-day and 200-day averages. RSI is weak near 35.3. MACD remains on the bearish side. Volatility is relatively contained at roughly 14.8%. No recent matched news was found for this ticker/date. Relative strength versus the benchmark looked weak. 1-month excess return -4.68%; 3-month excess return -13.00%; 6-month excess return -22.17%."
2026-01-21,T,1,0.0,0.6345157375512956,miss,random_forest,target_5d_updown,"Technical state is soft, with price below the 50-day and 200-day averages. RSI is weak near 36.5. MACD remains on the bearish side. Volatility is relatively contained at roughly 14.8%.",No recent matched news was found for this ticker/date.,Relative strength versus the benchmark looked weak. 1-month excess return -4.46%; 3-month excess return -12.09%; 6-month excess return -23.35%.,"Model view: the setup leaned cautious. Confidence was around 63%. Technical state is soft, with price below the 50-day and 200-day averages. RSI is weak near 36.5. MACD remains on the bearish side. Volatility is relatively contained at roughly 14.8%. No recent matched news was found for this ticker/date. Relative strength versus the benchmark looked weak. 1-month excess return -4.46%; 3-month excess return -12.09%; 6-month excess return -23.35%."
2026-01-22,T,1,0.0,0.6385700952804176,miss,random_forest,target_5d_updown,"Technical state is soft, with price below the 50-day and 200-day averages. RSI is weak near 38.5. MACD remains on the bearish side. Volatility is relatively contained at roughly 14.6%.",No recent matched news was found for this ticker/date.,Relative strength versus the benchmark looked weak. 1-month excess return -3.32%; 3-month excess return -12.15%; 6-month excess return -23.73%.,"Model view: the setup leaned cautious. Confidence was around 64%. Technical state is soft, with price below the 50-day and 200-day averages. RSI is weak near 38.5. MACD remains on the bearish side. Volatility is relatively contained at roughly 14.6%. No recent matched news was found for this ticker/date. Relative strength versus the benchmark looked weak. 1-month excess return -3.32%; 3-month excess return -12.15%; 6-month excess return -23.73%."
2026-01-23,T,1,0.0,0.6230976878880761,miss,random_forest,target_5d_updown,"Technical state is soft, with price below the 50-day and 200-day averages. RSI is weak near 38.7. MACD remains on the bearish side. Volatility is relatively contained at roughly 14.4%.",No recent matched news was found for this ticker/date.,Relative strength versus the benchmark looked weak. 1-month excess return -3.57%; 3-month excess return -10.91%; 6-month excess return -24.18%.,"Model view: the setup leaned cautious. Confidence was around 62%. Technical state is soft, with price below the 50-day and 200-day averages. RSI is weak near 38.7. MACD remains on the bearish side. Volatility is relatively contained at roughly 14.4%. No recent matched news was found for this ticker/date. Relative strength versus the benchmark looked weak. 1-month excess return -3.57%; 3-month excess return -10.91%; 6-month excess return -24.18%."
2026-01-26,T,1,0.0,0.6205257962866818,miss,random_forest,target_5d_updown,"Technical state is soft, with price below the 50-day and 200-day averages. RSI is weak near 36.5. MACD remains on the bearish side. Volatility is relatively contained at roughly 13.9%.",No recent matched news was found for this ticker/date.,Relative strength versus the benchmark looked weak. 1-month excess return -4.83%; 3-month excess return -7.93%; 6-month excess return -25.05%.,"Model view: the setup leaned cautious. Confidence was around 62%. Technical state is soft, with price below the 50-day and 200-day averages. RSI is weak near 36.5. MACD remains on the bearish side. Volatility is relatively contained at roughly 13.9%. No recent matched news was found for this ticker/date. Relative strength versus the benchmark looked weak. 1-month excess return -4.83%; 3-month excess return -7.93%; 6-month excess return -25.05%."
2026-01-27,T,1,0.0,0.559689266348516,miss,random_forest,target_5d_updown,"Technical state is soft, with price below the 50-day and 200-day averages. RSI is weak near 30.4. MACD remains on the bearish side.",No recent matched news was found for this ticker/date.,Relative strength versus the benchmark looked weak. 1-month excess return -7.51%; 3-month excess return -11.27%; 6-month excess return -25.93%.,"Model view: the setup leaned cautious. Confidence was around 56%. Technical state is soft, with price below the 50-day and 200-day averages. RSI is weak near 30.4. MACD remains on the bearish side. No recent matched news was found for this ticker/date. Relative strength versus the benchmark looked weak. 1-month excess return -7.51%; 3-month excess return -11.27%; 6-month excess return -25.93%."
2026-01-28,T,1,0.0,0.5807789707778896,miss,random_forest,target_5d_updown,"Technical state is soft, with price below the 50-day and 200-day averages. RSI is in a steady zone near 51.2. MACD remains on the bullish side.",No recent matched news was found for this ticker/date.,Relative strength versus the benchmark looked weak. 1-month excess return -3.10%; 3-month excess return -7.24%; 6-month excess return -21.72%.,"Model view: the setup leaned cautious. Confidence was around 58%. Technical state is soft, with price below the 50-day and 200-day averages. RSI is in a steady zone near 51.2. MACD remains on the bullish side. No recent matched news was found for this ticker/date. Relative strength versus the benchmark looked weak. 1-month excess return -3.10%; 3-month excess return -7.24%; 6-month excess return -21.72%."
2026-01-29,T,1,0.0,0.5427982611721345,miss,random_forest,target_5d_updown,"Technical state is mixed, with price not fully aligned across the major moving averages. RSI is in a steady zone near 63.1. MACD remains on the bullish side.",No recent matched news was found for this ticker/date.,Relative strength versus the benchmark looked weak. 1-month excess return 0.56%; 3-month excess return -3.26%; 6-month excess return -18.06%.,"Model view: the setup leaned cautious. Confidence was around 54%. Technical state is mixed, with price not fully aligned across the major moving averages. RSI is in a steady zone near 63.1. MACD remains on the bullish side. No recent matched news was found for this ticker/date. Relative strength versus the benchmark looked weak. 1-month excess return 0.56%; 3-month excess return -3.26%; 6-month excess return -18.06%."
2026-01-30,T,1,1.0,0.5440607538735047,hit,random_forest,target_5d_updown,"Technical state is mixed, with price not fully aligned across the major moving averages. RSI is elevated near 70.8, so chasing strength may add risk. MACD remains on the bullish side. Volatility is elevated at roughly 32.0%.",No recent matched news was found for this ticker/date.,Relative strength versus the benchmark looked mixed. 1-month excess return 4.93%; 3-month excess return 3.58%; 6-month excess return -13.88%.,"Model view: the setup leaned constructive. Confidence was around 54%. Technical state is mixed, with price not fully aligned across the major moving averages. RSI is elevated near 70.8, so chasing strength may add risk. MACD remains on the bullish side. Volatility is elevated at roughly 32.0%. No recent matched news was found for this ticker/date. Relative strength versus the benchmark looked mixed. 1-month excess return 4.93%; 3-month excess return 3.58%; 6-month excess return -13.88%."
2026-02-02,T,1,1.0,0.5554061423160855,hit,random_forest,target_5d_updown,"Technical state is mixed, with price not fully aligned across the major moving averages. RSI is elevated near 71.4, so chasing strength may add risk. MACD remains on the bullish side. Volatility is elevated at roughly 31.5%.",No recent matched news was found for this ticker/date.,Relative strength versus the benchmark looked mixed. 1-month excess return 3.88%; 3-month excess return 4.25%; 6-month excess return -17.17%.,"Model view: the setup leaned constructive. Confidence was around 56%. Technical state is mixed, with price not fully aligned across the major moving averages. RSI is elevated near 71.4, so chasing strength may add risk. MACD remains on the bullish side. Volatility is elevated at roughly 31.5%. No recent matched news was found for this ticker/date. Relative strength versus the benchmark looked mixed. 1-month excess return 3.88%; 3-month excess return 4.25%; 6-month excess return -17.17%."
2026-02-03,T,1,1.0,0.519955790419821,hit,random_forest,target_5d_updown,"Technical state is constructive, with price above the 50-day and 200-day averages. RSI is elevated near 74.4, so chasing strength may add risk. MACD remains on the bullish side. Volatility is elevated at roughly 32.1%.",No recent matched news was found for this ticker/date.,Relative strength versus the benchmark looked mixed. 1-month excess return 8.31%; 3-month excess return 7.27%; 6-month excess return -12.38%.,"Model view: the setup leaned constructive. Confidence was around 52%. Technical state is constructive, with price above the 50-day and 200-day averages. RSI is elevated near 74.4, so chasing strength may add risk. MACD remains on the bullish side. Volatility is elevated at roughly 32.1%. No recent matched news was found for this ticker/date. Relative strength versus the benchmark looked mixed. 1-month excess return 8.31%; 3-month excess return 7.27%; 6-month excess return -12.38%."
2026-02-04,T,1,0.0,0.5234678204954306,miss,random_forest,target_5d_updown,"Technical state is constructive, with price above the 50-day and 200-day averages. RSI is elevated near 76.3, so chasing strength may add risk. MACD remains on the bullish side. Volatility is elevated at roughly 31.4%.",No recent matched news was found for this ticker/date.,Relative strength versus the benchmark looked mixed. 1-month excess return 10.40%; 3-month excess return 10.55%; 6-month excess return -11.26%.,"Model view: the setup leaned cautious. Confidence was around 52%. Technical state is constructive, with price above the 50-day and 200-day averages. RSI is elevated near 76.3, so chasing strength may add risk. MACD remains on the bullish side. Volatility is elevated at roughly 31.4%. No recent matched news was found for this ticker/date. Relative strength versus the benchmark looked mixed. 1-month excess return 10.40%; 3-month excess return 10.55%; 6-month excess return -11.26%."
2026-02-05,T,1,0.0,0.5055329472982207,miss,random_forest,target_5d_updown,"Technical state is constructive, with price above the 50-day and 200-day averages. RSI is elevated near 76.8, so chasing strength may add risk. MACD remains on the bullish side. Volatility is elevated at roughly 30.5%.",No recent matched news was found for this ticker/date.,Relative strength versus the benchmark looked favorable. 1-month excess return 14.26%; 3-month excess return 11.40%; 6-month excess return -7.78%.,"Model view: the setup leaned cautious. Confidence was around 51%. Technical state is constructive, with price above the 50-day and 200-day averages. RSI is elevated near 76.8, so chasing strength may add risk. MACD remains on the bullish side. Volatility is elevated at roughly 30.5%. No recent matched news was found for this ticker/date. Relative strength versus the benchmark looked favorable. 1-month excess return 14.26%; 3-month excess return 11.40%; 6-month excess return -7.78%."
2026-02-06,T,1,1.0,0.5025096765752903,hit,random_forest,target_5d_updown,"Technical state is constructive, with price above the 50-day and 200-day averages. RSI is elevated near 73.8, so chasing strength may add risk. MACD remains on the bullish side. Volatility is elevated at roughly 30.8%.",No recent matched news was found for this ticker/date.,Relative strength versus the benchmark looked mixed. 1-month excess return 13.01%; 3-month excess return 8.48%; 6-month excess return -12.60%.,"Model view: the setup leaned constructive. Confidence was around 50%. Technical state is constructive, with price above the 50-day and 200-day averages. RSI is elevated near 73.8, so chasing strength may add risk. MACD remains on the bullish side. Volatility is elevated at roughly 30.8%. No recent matched news was found for this ticker/date. Relative strength versus the benchmark looked mixed. 1-month excess return 13.01%; 3-month excess return 8.48%; 6-month excess return -12.60%."
2026-02-09,T,1,1.0,0.5043962176660567,hit,random_forest,target_5d_updown,"Technical state is constructive, with price above the 50-day and 200-day averages. RSI is elevated near 73.5, so chasing strength may add risk. MACD remains on the bullish side. Volatility is elevated at roughly 30.5%.",No recent matched news was found for this ticker/date.,Relative strength versus the benchmark looked mixed. 1-month excess return 11.51%; 3-month excess return 6.01%; 6-month excess return -12.42%.,"Model view: the setup leaned constructive. Confidence was around 50%. Technical state is constructive, with price above the 50-day and 200-day averages. RSI is elevated near 73.5, so chasing strength may add risk. MACD remains on the bullish side. Volatility is elevated at roughly 30.5%. No recent matched news was found for this ticker/date. Relative strength versus the benchmark looked mixed. 1-month excess return 11.51%; 3-month excess return 6.01%; 6-month excess return -12.42%."
2026-02-10,T,1,1.0,0.5082732366554373,hit,random_forest,target_5d_updown,"Technical state is constructive, with price above the 50-day and 200-day averages. RSI is elevated near 75.3, so chasing strength may add risk. MACD remains on the bullish side.",No recent matched news was found for this ticker/date.,Relative strength versus the benchmark looked mixed. 1-month excess return 14.55%; 3-month excess return 7.22%; 6-month excess return -11.47%.,"Model view: the setup leaned constructive. Confidence was around 51%. Technical state is constructive, with price above the 50-day and 200-day averages. RSI is elevated near 75.3, so chasing strength may add risk. MACD remains on the bullish side. No recent matched news was found for this ticker/date. Relative strength versus the benchmark looked mixed. 1-month excess return 14.55%; 3-month excess return 7.22%; 6-month excess return -11.47%."
2026-02-11,T,0,0.0,0.5232328458537865,hit,random_forest,target_5d_updown,"Technical state is constructive, with price above the 50-day and 200-day averages. RSI is elevated near 80.5, so chasing strength may add risk. MACD remains on the bullish side. Volatility is elevated at roughly 30.2%.",No recent matched news was found for this ticker/date.,Relative strength versus the benchmark looked favorable. 1-month excess return 20.39%; 3-month excess return 13.08%; 6-month excess return -7.75%.,"Model view: the setup leaned cautious. Confidence was around 52%. Technical state is constructive, with price above the 50-day and 200-day averages. RSI is elevated near 80.5, so chasing strength may add risk. MACD remains on the bullish side. Volatility is elevated at roughly 30.2%. No recent matched news was found for this ticker/date. Relative strength versus the benchmark looked favorable. 1-month excess return 20.39%; 3-month excess return 13.08%; 6-month excess return -7.75%."
2026-02-12,T,0,0.0,0.5443648658198054,hit,random_forest,target_5d_updown,"Technical state is constructive, with price above the 50-day and 200-day averages. RSI is elevated near 81.7, so chasing strength may add risk. MACD remains on the bullish side. Volatility is elevated at roughly 30.2%.",No recent matched news was found for this ticker/date.,Relative strength versus the benchmark looked favorable. 1-month excess return 25.41%; 3-month excess return 14.60%; 6-month excess return -4.27%.,"Model view: the setup leaned cautious. Confidence was around 54%. Technical state is constructive, with price above the 50-day and 200-day averages. RSI is elevated near 81.7, so chasing strength may add risk. MACD remains on the bullish side. Volatility is elevated at roughly 30.2%. No recent matched news was found for this ticker/date. Relative strength versus the benchmark looked favorable. 1-month excess return 25.41%; 3-month excess return 14.60%; 6-month excess return -4.27%."
2026-02-13,T,0,0.0,0.5401531679258451,hit,random_forest,target_5d_updown,"Technical state is constructive, with price above the 50-day and 200-day averages. RSI is elevated near 79.9, so chasing strength may add risk. MACD remains on the bullish side. Volatility is elevated at roughly 30.6%.",No recent matched news was found for this ticker/date.,Relative strength versus the benchmark looked favorable. 1-month excess return 22.78%; 3-month excess return 12.06%; 6-month excess return -5.95%.,"Model view: the setup leaned cautious. Confidence was around 54%. Technical state is constructive, with price above the 50-day and 200-day averages. RSI is elevated near 79.9, so chasing strength may add risk. MACD remains on the bullish side. Volatility is elevated at roughly 30.6%. No recent matched news was found for this ticker/date. Relative strength versus the benchmark looked favorable. 1-month excess return 22.78%; 3-month excess return 12.06%; 6-month excess return -5.95%."
2026-02-17,T,0,0.0,0.5614833588515178,hit,random_forest,target_5d_updown,"Technical state is constructive, with price above the 50-day and 200-day averages. RSI is elevated near 79.7, so chasing strength may add risk. MACD remains on the bullish side.",No recent matched news was found for this ticker/date.,Relative strength versus the benchmark looked mixed. 1-month excess return 22.22%; 3-month excess return 9.76%; 6-month excess return -6.81%.,"Model view: the setup leaned cautious. Confidence was around 56%. Technical state is constructive, with price above the 50-day and 200-day averages. RSI is elevated near 79.7, so chasing strength may add risk. MACD remains on the bullish side. No recent matched news was found for this ticker/date. Relative strength versus the benchmark looked mixed. 1-month excess return 22.22%; 3-month excess return 9.76%; 6-month excess return -6.81%."
2026-02-18,T,0,0.0,0.5066313657758741,hit,random_forest,target_5d_updown,"Technical state is constructive, with price above the 50-day and 200-day averages. MACD remains on the bullish side. Volatility is elevated at roughly 32.6%.",No recent matched news was found for this ticker/date.,Relative strength versus the benchmark looked mixed. 1-month excess return 19.47%; 3-month excess return 6.79%; 6-month excess return -10.32%.,"Model view: the setup leaned cautious. Confidence was around 51%. Technical state is constructive, with price above the 50-day and 200-day averages. MACD remains on the bullish side. Volatility is elevated at roughly 32.6%. No recent matched news was found for this ticker/date. Relative strength versus the benchmark looked mixed. 1-month excess return 19.47%; 3-month excess return 6.79%; 6-month excess return -10.32%."
2026-02-19,T,0,0.0,0.6537512961879918,hit,random_forest,target_5d_updown,"Technical state is constructive, with price above the 50-day and 200-day averages. MACD remains on the bullish side. Volatility is elevated at roughly 32.7%.",No recent matched news was found for this ticker/date.,Relative strength versus the benchmark looked mixed. 1-month excess return 17.87%; 3-month excess return 6.60%; 6-month excess return -10.83%.,"Model view: the setup leaned cautious. Confidence was around 65%. Technical state is constructive, with price above the 50-day and 200-day averages. MACD remains on the bullish side. Volatility is elevated at roughly 32.7%. No recent matched news was found for this ticker/date. Relative strength versus the benchmark looked mixed. 1-month excess return 17.87%; 3-month excess return 6.60%; 6-month excess return -10.83%."
2026-02-20,T,1,0.0,0.6027189898749886,miss,random_forest,target_5d_updown,"Technical state is constructive, with price above the 50-day and 200-day averages. MACD remains on the bullish side. Volatility is elevated at roughly 32.7%.",No recent matched news was found for this ticker/date.,Relative strength versus the benchmark looked mixed. 1-month excess return 18.47%; 3-month excess return 4.85%; 6-month excess return -12.53%.,"Model view: the setup leaned cautious. Confidence was around 60%. Technical state is constructive, with price above the 50-day and 200-day averages. MACD remains on the bullish side. Volatility is elevated at roughly 32.7%. No recent matched news was found for this ticker/date. Relative strength versus the benchmark looked mixed. 1-month excess return 18.47%; 3-month excess return 4.85%; 6-month excess return -12.53%."
2026-02-23,T,0,0.0,0.6312388301749278,hit,random_forest,target_5d_updown,"Technical state is constructive, with price above the 50-day and 200-day averages. RSI is elevated near 71.4, so chasing strength may add risk. MACD remains on the bullish side. Volatility is elevated at roughly 32.7%.",No recent matched news was found for this ticker/date.,Relative strength versus the benchmark looked mixed. 1-month excess return 21.89%; 3-month excess return 9.84%; 6-month excess return -10.55%.,"Model view: the setup leaned cautious. Confidence was around 63%. Technical state is constructive, with price above the 50-day and 200-day averages. RSI is elevated near 71.4, so chasing strength may add risk. MACD remains on the bullish side. Volatility is elevated at roughly 32.7%. No recent matched news was found for this ticker/date. Relative strength versus the benchmark looked mixed. 1-month excess return 21.89%; 3-month excess return 9.84%; 6-month excess return -10.55%."
2026-02-24,T,1,0.0,0.6298527183627762,miss,random_forest,target_5d_updown,"Technical state is constructive, with price above the 50-day and 200-day averages. MACD remains on the bullish side. Volatility is elevated at roughly 32.7%.",No recent matched news was found for this ticker/date.,Relative strength versus the benchmark looked mixed. 1-month excess return 20.43%; 3-month excess return 5.71%; 6-month excess return -8.03%.,"Model view: the setup leaned cautious. Confidence was around 63%. Technical state is constructive, with price above the 50-day and 200-day averages. MACD remains on the bullish side. Volatility is elevated at roughly 32.7%. No recent matched news was found for this ticker/date. Relative strength versus the benchmark looked mixed. 1-month excess return 20.43%; 3-month excess return 5.71%; 6-month excess return -8.03%."
2026-02-25,T,1,0.0,0.6087930116763106,miss,random_forest,target_5d_updown,"Technical state is constructive, with price above the 50-day and 200-day averages. RSI is in a steady zone near 61.5. MACD remains on the bearish side. Volatility is elevated at roughly 32.5%.",No recent matched news was found for this ticker/date.,Relative strength versus the benchmark looked mixed. 1-month excess return 18.78%; 3-month excess return 2.27%; 6-month excess return -10.96%.,"Model view: the setup leaned cautious. Confidence was around 61%. Technical state is constructive, with price above the 50-day and 200-day averages. RSI is in a steady zone near 61.5. MACD remains on the bearish side. Volatility is elevated at roughly 32.5%. No recent matched news was found for this ticker/date. Relative strength versus the benchmark looked mixed. 1-month excess return 18.78%; 3-month excess return 2.27%; 6-month excess return -10.96%."
2026-02-26,T,1,0.0,0.6276492479024491,miss,random_forest,target_5d_updown,"Technical state is constructive, with price above the 50-day and 200-day averages. RSI is in a steady zone near 56.1. MACD remains on the bearish side. Volatility is elevated at roughly 30.5%.",No recent matched news was found for this ticker/date.,Relative strength versus the benchmark looked mixed. 1-month excess return 20.29%; 3-month excess return 4.09%; 6-month excess return -10.75%.,"Model view: the setup leaned cautious. Confidence was around 63%. Technical state is constructive, with price above the 50-day and 200-day averages. RSI is in a steady zone near 56.1. MACD remains on the bearish side. Volatility is elevated at roughly 30.5%. No recent matched news was found for this ticker/date. Relative strength versus the benchmark looked mixed. 1-month excess return 20.29%; 3-month excess return 4.09%; 6-month excess return -10.75%."
2026-02-27,T,1,0.0,0.6756915950894438,miss,random_forest,target_5d_updown,"Technical state is constructive, with price above the 50-day and 200-day averages. RSI is in a steady zone near 61.0. MACD remains on the bearish side.",No recent matched news was found for this ticker/date.,Relative strength versus the benchmark looked mixed. 1-month excess return 17.71%; 3-month excess return 6.64%; 6-month excess return -9.77%.,"Model view: the setup leaned cautious. Confidence was around 68%. Technical state is constructive, with price above the 50-day and 200-day averages. RSI is in a steady zone near 61.0. MACD remains on the bearish side. No recent matched news was found for this ticker/date. Relative strength versus the benchmark looked mixed. 1-month excess return 17.71%; 3-month excess return 6.64%; 6-month excess return -9.77%."
2026-03-02,T,0,0.0,0.6635131185767428,hit,random_forest,target_5d_updown,"Technical state is constructive, with price above the 50-day and 200-day averages. RSI is in a steady zone near 61.0. MACD remains on the bearish side.",No recent matched news was found for this ticker/date.,Relative strength versus the benchmark looked mixed. 1-month excess return 12.56%; 3-month excess return 7.47%; 6-month excess return -9.04%.,"Model view: the setup leaned cautious. Confidence was around 66%. Technical state is constructive, with price above the 50-day and 200-day averages. RSI is in a steady zone near 61.0. MACD remains on the bearish side. No recent matched news was found for this ticker/date. Relative strength versus the benchmark looked mixed. 1-month excess return 12.56%; 3-month excess return 7.47%; 6-month excess return -9.04%."
2026-03-03,T,0,0.0,0.705362199266487,hit,random_forest,target_5d_updown,"Technical state is constructive, with price above the 50-day and 200-day averages. MACD remains on the bearish side.",No recent matched news was found for this ticker/date.,Relative strength versus the benchmark looked mixed. 1-month excess return 11.04%; 3-month excess return 10.61%; 6-month excess return -7.62%.,"Model view: the setup leaned cautious. Confidence was around 71%. Technical state is constructive, with price above the 50-day and 200-day averages. MACD remains on the bearish side. No recent matched news was found for this ticker/date. Relative strength versus the benchmark looked mixed. 1-month excess return 11.04%; 3-month excess return 10.61%; 6-month excess return -7.62%."
2026-03-04,T,0,0.0,0.7013777865288084,hit,random_forest,target_5d_updown,"Technical state is constructive, with price above the 50-day and 200-day averages. MACD remains on the bearish side.",No recent matched news was found for this ticker/date.,Relative strength versus the benchmark looked mixed. 1-month excess return 11.68%; 3-month excess return 11.62%; 6-month excess return -7.39%.,"Model view: the setup leaned cautious. Confidence was around 70%. Technical state is constructive, with price above the 50-day and 200-day averages. MACD remains on the bearish side. No recent matched news was found for this ticker/date. Relative strength versus the benchmark looked mixed. 1-month excess return 11.68%; 3-month excess return 11.62%; 6-month excess return -7.39%."
2026-03-05,T,0,0.0,0.6939930325529862,hit,random_forest,target_5d_updown,"Technical state is constructive, with price above the 50-day and 200-day averages. MACD remains on the bearish side.",No recent matched news was found for this ticker/date.,Relative strength versus the benchmark looked mixed. 1-month excess return 9.13%; 3-month excess return 13.48%; 6-month excess return -6.17%.,"Model view: the setup leaned cautious. Confidence was around 69%. Technical state is constructive, with price above the 50-day and 200-day averages. MACD remains on the bearish side. No recent matched news was found for this ticker/date. Relative strength versus the benchmark looked mixed. 1-month excess return 9.13%; 3-month excess return 13.48%; 6-month excess return -6.17%."
2026-03-06,T,0,0.0,0.6824122370045026,hit,random_forest,target_5d_updown,"Technical state is constructive, with price above the 50-day and 200-day averages. RSI is in a steady zone near 63.3. MACD remains on the bearish side.",No recent matched news was found for this ticker/date.,Relative strength versus the benchmark looked mixed. 1-month excess return 7.19%; 3-month excess return 14.76%; 6-month excess return -6.84%.,"Model view: the setup leaned cautious. Confidence was around 68%. Technical state is constructive, with price above the 50-day and 200-day averages. RSI is in a steady zone near 63.3. MACD remains on the bearish side. No recent matched news was found for this ticker/date. Relative strength versus the benchmark looked mixed. 1-month excess return 7.19%; 3-month excess return 14.76%; 6-month excess return -6.84%."
2026-03-09,T,1,0.0,0.5624452261955013,miss,random_forest,target_5d_updown,"Technical state is constructive, with price above the 50-day and 200-day averages. RSI is in a steady zone near 50.0. MACD remains on the bearish side.",No recent matched news was found for this ticker/date.,Relative strength versus the benchmark looked mixed. 1-month excess return 0.69%; 3-month excess return 9.30%; 6-month excess return -11.81%.,"Model view: the setup leaned cautious. Confidence was around 56%. Technical state is constructive, with price above the 50-day and 200-day averages. RSI is in a steady zone near 50.0. MACD remains on the bearish side. No recent matched news was found for this ticker/date. Relative strength versus the benchmark looked mixed. 1-month excess return 0.69%; 3-month excess return 9.30%; 6-month excess return -11.81%."
2026-03-10,T,1,0.0,0.5616930219364368,miss,random_forest,target_5d_updown,"Technical state is constructive, with price above the 50-day and 200-day averages. RSI is in a steady zone near 51.8. MACD remains on the bearish side.",No recent matched news was found for this ticker/date.,Relative strength versus the benchmark looked mixed. 1-month excess return 4.11%; 3-month excess return 10.84%; 6-month excess return -8.51%.,"Model view: the setup leaned cautious. Confidence was around 56%. Technical state is constructive, with price above the 50-day and 200-day averages. RSI is in a steady zone near 51.8. MACD remains on the bearish side. No recent matched news was found for this ticker/date. Relative strength versus the benchmark looked mixed. 1-month excess return 4.11%; 3-month excess return 10.84%; 6-month excess return -8.51%."
2026-03-11,T,1,1.0,0.5111448073257608,hit,random_forest,target_5d_updown,"Technical state is constructive, with price above the 50-day and 200-day averages. MACD remains on the bearish side.",No recent matched news was found for this ticker/date.,Relative strength versus the benchmark looked mixed. 1-month excess return 2.72%; 3-month excess return 10.39%; 6-month excess return -11.71%.,"Model view: the setup leaned constructive. Confidence was around 51%. Technical state is constructive, with price above the 50-day and 200-day averages. MACD remains on the bearish side. No recent matched news was found for this ticker/date. Relative strength versus the benchmark looked mixed. 1-month excess return 2.72%; 3-month excess return 10.39%; 6-month excess return -11.71%."
2026-03-12,T,1,1.0,0.5074576485584646,hit,random_forest,target_5d_updown,"Technical state is constructive, with price above the 50-day and 200-day averages. MACD remains on the bearish side.",No recent matched news was found for this ticker/date.,Relative strength versus the benchmark looked mixed. 1-month excess return 3.69%; 3-month excess return 14.23%; 6-month excess return -8.34%.,"Model view: the setup leaned constructive. Confidence was around 51%. Technical state is constructive, with price above the 50-day and 200-day averages. MACD remains on the bearish side. No recent matched news was found for this ticker/date. Relative strength versus the benchmark looked mixed. 1-month excess return 3.69%; 3-month excess return 14.23%; 6-month excess return -8.34%."
2026-03-13,T,1,0.0,0.5141396324226146,miss,random_forest,target_5d_updown,"Technical state is constructive, with price above the 50-day and 200-day averages. RSI is in a steady zone near 52.1. MACD remains on the bearish side.",No recent matched news was found for this ticker/date.,Relative strength versus the benchmark looked mixed. 1-month excess return 1.65%; 3-month excess return 17.30%; 6-month excess return -6.75%.,"Model view: the setup leaned cautious. Confidence was around 51%. Technical state is constructive, with price above the 50-day and 200-day averages. RSI is in a steady zone near 52.1. MACD remains on the bearish side. No recent matched news was found for this ticker/date. Relative strength versus the benchmark looked mixed. 1-month excess return 1.65%; 3-month excess return 17.30%; 6-month excess return -6.75%."
2026-03-16,T,1,0.0,0.5406840129237476,miss,random_forest,target_5d_updown,"Technical state is constructive, with price above the 50-day and 200-day averages. RSI is in a steady zone near 52.2. MACD remains on the bearish side.",No recent matched news was found for this ticker/date.,Relative strength versus the benchmark looked weak. 1-month excess return -1.91%; 3-month excess return 17.04%; 6-month excess return -8.00%.,"Model view: the setup leaned cautious. Confidence was around 54%. Technical state is constructive, with price above the 50-day and 200-day averages. RSI is in a steady zone near 52.2. MACD remains on the bearish side. No recent matched news was found for this ticker/date. Relative strength versus the benchmark looked weak. 1-month excess return -1.91%; 3-month excess return 17.04%; 6-month excess return -8.00%."
2026-03-17,T,1,0.0,0.556386331221421,miss,random_forest,target_5d_updown,"Technical state is constructive, with price above the 50-day and 200-day averages. RSI is in a steady zone near 53.5. MACD remains on the bearish side.",No recent matched news was found for this ticker/date.,Relative strength versus the benchmark looked weak. 1-month excess return -1.33%; 3-month excess return 14.90%; 6-month excess return -7.51%.,"Model view: the setup leaned cautious. Confidence was around 56%. Technical state is constructive, with price above the 50-day and 200-day averages. RSI is in a steady zone near 53.5. MACD remains on the bearish side. No recent matched news was found for this ticker/date. Relative strength versus the benchmark looked weak. 1-month excess return -1.33%; 3-month excess return 14.90%; 6-month excess return -7.51%."
2026-03-18,T,1,0.0,0.5412854145465282,miss,random_forest,target_5d_updown,"Technical state is constructive, with price above the 50-day and 200-day averages. MACD remains on the bearish side.",No recent matched news was found for this ticker/date.,Relative strength versus the benchmark looked weak. 1-month excess return -1.31%; 3-month excess return 15.56%; 6-month excess return -6.81%.,"Model view: the setup leaned cautious. Confidence was around 54%. Technical state is constructive, with price above the 50-day and 200-day averages. MACD remains on the bearish side. No recent matched news was found for this ticker/date. Relative strength versus the benchmark looked weak. 1-month excess return -1.31%; 3-month excess return 15.56%; 6-month excess return -6.81%."
2026-03-19,T,1,0.0,0.5497880100077661,miss,random_forest,target_5d_updown,"Technical state is constructive, with price above the 50-day and 200-day averages. RSI is in a steady zone near 52.1. MACD remains on the bearish side.",No recent matched news was found for this ticker/date.,Relative strength versus the benchmark looked mixed. 1-month excess return 3.36%; 3-month excess return 18.04%; 6-month excess return -6.20%.,"Model view: the setup leaned cautious. Confidence was around 55%. Technical state is constructive, with price above the 50-day and 200-day averages. RSI is in a steady zone near 52.1. MACD remains on the bearish side. No recent matched news was found for this ticker/date. Relative strength versus the benchmark looked mixed. 1-month excess return 3.36%; 3-month excess return 18.04%; 6-month excess return -6.20%."
2026-03-20,T,1,0.0,0.6258903979099946,miss,random_forest,target_5d_updown,"Technical state is constructive, with price above the 50-day and 200-day averages. RSI is in a steady zone near 57.7. MACD remains on the bearish side.",No recent matched news was found for this ticker/date.,Relative strength versus the benchmark looked mixed. 1-month excess return 6.56%; 3-month excess return 19.36%; 6-month excess return -1.24%.,"Model view: the setup leaned cautious. Confidence was around 63%. Technical state is constructive, with price above the 50-day and 200-day averages. RSI is in a steady zone near 57.7. MACD remains on the bearish side. No recent matched news was found for this ticker/date. Relative strength versus the benchmark looked mixed. 1-month excess return 6.56%; 3-month excess return 19.36%; 6-month excess return -1.24%."
2026-03-23,T,1,0.0,0.6340265878182634,miss,random_forest,target_5d_updown,"Technical state is constructive, with price above the 50-day and 200-day averages. RSI is in a steady zone near 61.5. MACD remains on the bearish side.",No recent matched news was found for this ticker/date.,Relative strength versus the benchmark looked favorable. 1-month excess return 7.45%; 3-month excess return 21.38%; 6-month excess return 0.34%.,"Model view: the setup leaned cautious. Confidence was around 63%. Technical state is constructive, with price above the 50-day and 200-day averages. RSI is in a steady zone near 61.5. MACD remains on the bearish side. No recent matched news was found for this ticker/date. Relative strength versus the benchmark looked favorable. 1-month excess return 7.45%; 3-month excess return 21.38%; 6-month excess return 0.34%."
2026-03-24,T,1,0.0,0.6354750807263965,miss,random_forest,target_5d_updown,"Technical state is constructive, with price above the 50-day and 200-day averages. RSI is in a steady zone near 62.4. MACD remains on the bullish side.",No recent matched news was found for this ticker/date.,Relative strength versus the benchmark looked favorable. 1-month excess return 5.25%; 3-month excess return 23.56%; 6-month excess return 1.84%.,"Model view: the setup leaned cautious. Confidence was around 64%. Technical state is constructive, with price above the 50-day and 200-day averages. RSI is in a steady zone near 62.4. MACD remains on the bullish side. No recent matched news was found for this ticker/date. Relative strength versus the benchmark looked favorable. 1-month excess return 5.25%; 3-month excess return 23.56%; 6-month excess return 1.84%."
2026-03-25,T,0,0.0,0.6425403555403371,hit,random_forest,target_5d_updown,"Technical state is constructive, with price above the 50-day and 200-day averages. RSI is in a steady zone near 61.6. MACD remains on the bullish side.",No recent matched news was found for this ticker/date.,Relative strength versus the benchmark looked favorable. 1-month excess return 5.82%; 3-month excess return 22.38%; 6-month excess return 1.03%.,"Model view: the setup leaned cautious. Confidence was around 64%. Technical state is constructive, with price above the 50-day and 200-day averages. RSI is in a steady zone near 61.6. MACD remains on the bullish side. No recent matched news was found for this ticker/date. Relative strength versus the benchmark looked favorable. 1-month excess return 5.82%; 3-month excess return 22.38%; 6-month excess return 1.03%."
2026-03-26,T,0,0.0,0.6576917447055597,hit,random_forest,target_5d_updown,"Technical state is constructive, with price above the 50-day and 200-day averages. RSI is in a steady zone near 62.6. MACD remains on the bullish side.",No recent matched news was found for this ticker/date.,Relative strength versus the benchmark looked favorable. 1-month excess return 10.45%; 3-month excess return 24.20%; 6-month excess return 4.51%.,"Model view: the setup leaned cautious. Confidence was around 66%. Technical state is constructive, with price above the 50-day and 200-day averages. RSI is in a steady zone near 62.6. MACD remains on the bullish side. No recent matched news was found for this ticker/date. Relative strength versus the benchmark looked favorable. 1-month excess return 10.45%; 3-month excess return 24.20%; 6-month excess return 4.51%."
2026-03-27,T,0,0.0,0.5733143441665216,hit,random_forest,target_5d_updown,"Technical state is constructive, with price above the 50-day and 200-day averages. RSI is in a steady zone near 64.2. MACD remains on the bullish side.",No recent matched news was found for this ticker/date.,Relative strength versus the benchmark looked favorable. 1-month excess return 14.02%; 3-month excess return 26.17%; 6-month excess return 6.72%.,"Model view: the setup leaned cautious. Confidence was around 57%. Technical state is constructive, with price above the 50-day and 200-day averages. RSI is in a steady zone near 64.2. MACD remains on the bullish side. No recent matched news was found for this ticker/date. Relative strength versus the benchmark looked favorable. 1-month excess return 14.02%; 3-month excess return 26.17%; 6-month excess return 6.72%."
2026-03-30,T,0,0.0,0.5170516109515253,hit,random_forest,target_5d_updown,"Technical state is constructive, with price above the 50-day and 200-day averages. RSI is in a steady zone near 59.2. MACD remains on the bullish side.",No recent matched news was found for this ticker/date.,Relative strength versus the benchmark looked favorable. 1-month excess return 10.69%; 3-month excess return 25.25%; 6-month excess return 6.45%.,"Model view: the setup leaned cautious. Confidence was around 52%. Technical state is constructive, with price above the 50-day and 200-day averages. RSI is in a steady zone near 59.2. MACD remains on the bullish side. No recent matched news was found for this ticker/date. Relative strength versus the benchmark looked favorable. 1-month excess return 10.69%; 3-month excess return 25.25%; 6-month excess return 6.45%."
2026-03-31,T,0,0.0,0.6730442547216064,hit,random_forest,target_5d_updown,"Technical state is constructive, with price above the 50-day and 200-day averages. RSI is in a steady zone near 61.3. MACD remains on the bullish side.",No recent matched news was found for this ticker/date.,Relative strength versus the benchmark looked favorable. 1-month excess return 8.84%; 3-month excess return 22.58%; 6-month excess return 5.34%.,"Model view: the setup leaned cautious. Confidence was around 67%. Technical state is constructive, with price above the 50-day and 200-day averages. RSI is in a steady zone near 61.3. MACD remains on the bullish side. No recent matched news was found for this ticker/date. Relative strength versus the benchmark looked favorable. 1-month excess return 8.84%; 3-month excess return 22.58%; 6-month excess return 5.34%."
2026-04-01,T,0,0.0,0.615632100871984,hit,random_forest,target_5d_updown,"Technical state is constructive, with price above the 50-day and 200-day averages. RSI is in a steady zone near 52.0. MACD remains on the bearish side.",No recent matched news was found for this ticker/date.,Relative strength versus the benchmark looked favorable. 1-month excess return 2.49%; 3-month excess return 18.76%; 6-month excess return 1.89%.,"Model view: the setup leaned cautious. Confidence was around 62%. Technical state is constructive, with price above the 50-day and 200-day averages. RSI is in a steady zone near 52.0. MACD remains on the bearish side. No recent matched news was found for this ticker/date. Relative strength versus the benchmark looked favorable. 1-month excess return 2.49%; 3-month excess return 18.76%; 6-month excess return 1.89%."
2026-04-02,T,0,0.0,0.6201686018431681,hit,random_forest,target_5d_updown,"Technical state is constructive, with price above the 50-day and 200-day averages. RSI is in a steady zone near 52.2. MACD remains on the bearish side.",No recent matched news was found for this ticker/date.,Relative strength versus the benchmark looked favorable. 1-month excess return 2.07%; 3-month excess return 17.90%; 6-month excess return 4.72%.,"Model view: the setup leaned cautious. Confidence was around 62%. Technical state is constructive, with price above the 50-day and 200-day averages. RSI is in a steady zone near 52.2. MACD remains on the bearish side. No recent matched news was found for this ticker/date. Relative strength versus the benchmark looked favorable. 1-month excess return 2.07%; 3-month excess return 17.90%; 6-month excess return 4.72%."
2026-04-06,T,0,0.0,0.633641993014546,hit,random_forest,target_5d_updown,"Technical state is constructive, with price above the 50-day and 200-day averages. RSI is in a steady zone near 52.1. MACD remains on the bearish side.",No recent matched news was found for this ticker/date.,Relative strength versus the benchmark looked favorable. 1-month excess return 1.13%; 3-month excess return 18.91%; 6-month excess return 6.41%.,"Model view: the setup leaned cautious. Confidence was around 63%. Technical state is constructive, with price above the 50-day and 200-day averages. RSI is in a steady zone near 52.1. MACD remains on the bearish side. No recent matched news was found for this ticker/date. Relative strength versus the benchmark looked favorable. 1-month excess return 1.13%; 3-month excess return 18.91%; 6-month excess return 6.41%."
2026-04-07,T,0,0.0,0.5498384172007641,hit,random_forest,target_5d_updown,"Technical state is constructive, with price above the 50-day and 200-day averages. MACD remains on the bearish side.",No recent matched news was found for this ticker/date.,Relative strength versus the benchmark looked mixed. 1-month excess return -0.09%; 3-month excess return 17.65%; 6-month excess return 5.13%.,"Model view: the setup leaned cautious. Confidence was around 55%. Technical state is constructive, with price above the 50-day and 200-day averages. MACD remains on the bearish side. No recent matched news was found for this ticker/date. Relative strength versus the benchmark looked mixed. 1-month excess return -0.09%; 3-month excess return 17.65%; 6-month excess return 5.13%."
2026-04-08,T,0,1.0,0.5087167533465283,miss,random_forest,target_5d_updown,"Technical state is mixed, with price not fully aligned across the major moving averages. MACD remains on the bearish side.",No recent matched news was found for this ticker/date.,Relative strength versus the benchmark looked mixed. 1-month excess return -0.26%; 3-month excess return 14.70%; 6-month excess return 5.08%.,"Model view: the setup leaned constructive. Confidence was around 51%. Technical state is mixed, with price not fully aligned across the major moving averages. MACD remains on the bearish side. No recent matched news was found for this ticker/date. Relative strength versus the benchmark looked mixed. 1-month excess return -0.26%; 3-month excess return 14.70%; 6-month excess return 5.08%."
2026-04-09,T,0,1.0,0.5399157718616376,miss,random_forest,target_5d_updown,"Technical state is soft, with price below the 50-day and 200-day averages. RSI is weak near 35.9. MACD remains on the bearish side.",No recent matched news was found for this ticker/date.,Relative strength versus the benchmark looked mixed. 1-month excess return -3.51%; 3-month excess return 13.42%; 6-month excess return 1.00%.,"Model view: the setup leaned constructive. Confidence was around 54%. Technical state is soft, with price below the 50-day and 200-day averages. RSI is weak near 35.9. MACD remains on the bearish side. No recent matched news was found for this ticker/date. Relative strength versus the benchmark looked mixed. 1-month excess return -3.51%; 3-month excess return 13.42%; 6-month excess return 1.00%."
2026-04-10,T,1,1.0,0.5626685137476893,hit,random_forest,target_5d_updown,"Technical state is soft, with price below the 50-day and 200-day averages. RSI is weak near 32.9. MACD remains on the bearish side.",No recent matched news was found for this ticker/date.,Relative strength versus the benchmark looked weak. 1-month excess return -2.99%; 3-month excess return 10.97%; 6-month excess return -0.14%.,"Model view: the setup leaned constructive. Confidence was around 56%. Technical state is soft, with price below the 50-day and 200-day averages. RSI is weak near 32.9. MACD remains on the bearish side. No recent matched news was found for this ticker/date. Relative strength versus the benchmark looked weak. 1-month excess return -2.99%; 3-month excess return 10.97%; 6-month excess return -0.14%."
2026-04-13,T,1,1.0,0.5545921261212334,hit,random_forest,target_5d_updown,"Technical state is soft, with price below the 50-day and 200-day averages. RSI is weak near 27.4. MACD remains on the bearish side.",No recent matched news was found for this ticker/date.,Relative strength versus the benchmark looked weak. 1-month excess return -9.47%; 3-month excess return 7.94%; 6-month excess return -4.08%.,"Model view: the setup leaned constructive. Confidence was around 55%. Technical state is soft, with price below the 50-day and 200-day averages. RSI is weak near 27.4. MACD remains on the bearish side. No recent matched news was found for this ticker/date. Relative strength versus the benchmark looked weak. 1-month excess return -9.47%; 3-month excess return 7.94%; 6-month excess return -4.08%."
