date,ticker,actual,predicted,confidence_score,hit_miss,model_name,target_name,technical_state_summary,news_sentiment_summary,benchmark_strength_summary,explanation
2022-02-17,CARR,1.4580477444683382,-2.5105177791017925,,miss,linear_regression,target_5d_return,"Technical state is soft, with price below the 50-day and 200-day averages. RSI is weak near 35.3. MACD remains on the bullish side.",No recent matched news was found for this ticker/date.,Relative strength versus the benchmark looked weak. 1-month excess return -5.39%; 3-month excess return -13.94%; 6-month excess return -18.68%.,"Model view: the forward return estimate was mildly negative at about -2.51%. Confidence was not explicitly available for this prediction. Technical state is soft, with price below the 50-day and 200-day averages. RSI is weak near 35.3. MACD remains on the bullish side. No recent matched news was found for this ticker/date. Relative strength versus the benchmark looked weak. 1-month excess return -5.39%; 3-month excess return -13.94%; 6-month excess return -18.68%."
2022-02-18,CARR,1.8148802264725372,-1.5917227147599993,,miss,linear_regression,target_5d_return,"Technical state is soft, with price below the 50-day and 200-day averages. RSI is weak near 33.7. MACD remains on the bearish side.",No recent matched news was found for this ticker/date.,Relative strength versus the benchmark looked weak. 1-month excess return -5.43%; 3-month excess return -15.15%; 6-month excess return -18.35%.,"Model view: the forward return estimate was mildly negative at about -1.59%. Confidence was not explicitly available for this prediction. Technical state is soft, with price below the 50-day and 200-day averages. RSI is weak near 33.7. MACD remains on the bearish side. No recent matched news was found for this ticker/date. Relative strength versus the benchmark looked weak. 1-month excess return -5.43%; 3-month excess return -15.15%; 6-month excess return -18.35%."
2022-02-22,CARR,-3.4665481631420247,-2.2422645665744088,,hit,linear_regression,target_5d_return,"Technical state is soft, with price below the 50-day and 200-day averages. MACD remains on the bullish side. Volatility is elevated at roughly 31.6%.",No recent matched news was found for this ticker/date.,Relative strength versus the benchmark looked weak. 1-month excess return -3.32%; 3-month excess return -12.37%; 6-month excess return -14.99%.,"Model view: the forward return estimate was mildly negative at about -2.24%. Confidence was not explicitly available for this prediction. Technical state is soft, with price below the 50-day and 200-day averages. MACD remains on the bullish side. Volatility is elevated at roughly 31.6%. No recent matched news was found for this ticker/date. Relative strength versus the benchmark looked weak. 1-month excess return -3.32%; 3-month excess return -12.37%; 6-month excess return -14.99%."
2022-02-23,CARR,2.4406927260492983,0.45243277376443936,,hit,linear_regression,target_5d_return,"Technical state is soft, with price below the 50-day and 200-day averages. RSI is weak near 35.9. MACD remains on the bullish side. Volatility is elevated at roughly 33.3%.",No recent matched news was found for this ticker/date.,Relative strength versus the benchmark looked weak. 1-month excess return -3.92%; 3-month excess return -12.49%; 6-month excess return -16.72%.,"Model view: the forward return estimate was mildly positive at about 0.45%. Confidence was not explicitly available for this prediction. Technical state is soft, with price below the 50-day and 200-day averages. RSI is weak near 35.9. MACD remains on the bullish side. Volatility is elevated at roughly 33.3%. No recent matched news was found for this ticker/date. Relative strength versus the benchmark looked weak. 1-month excess return -3.92%; 3-month excess return -12.49%; 6-month excess return -16.72%."
2022-02-24,CARR,2.61686872646103,-2.6897208179581074,,miss,linear_regression,target_5d_return,"Technical state is soft, with price below the 50-day and 200-day averages. MACD remains on the bullish side. Volatility is elevated at roughly 34.1%.",No recent matched news was found for this ticker/date.,Relative strength versus the benchmark looked weak. 1-month excess return -3.87%; 3-month excess return -9.99%; 6-month excess return -18.00%.,"Model view: the forward return estimate was mildly negative at about -2.69%. Confidence was not explicitly available for this prediction. Technical state is soft, with price below the 50-day and 200-day averages. MACD remains on the bullish side. Volatility is elevated at roughly 34.1%. No recent matched news was found for this ticker/date. Relative strength versus the benchmark looked weak. 1-month excess return -3.87%; 3-month excess return -9.99%; 6-month excess return -18.00%."
2022-02-25,CARR,-0.5085110425914419,-2.9046333171369727,,hit,linear_regression,target_5d_return,"Technical state is soft, with price below the 50-day and 200-day averages. MACD remains on the bullish side. Volatility is elevated at roughly 34.2%.",No recent matched news was found for this ticker/date.,Relative strength versus the benchmark looked weak. 1-month excess return -4.04%; 3-month excess return -12.03%; 6-month excess return -19.26%.,"Model view: the forward return estimate was mildly negative at about -2.90%. Confidence was not explicitly available for this prediction. Technical state is soft, with price below the 50-day and 200-day averages. MACD remains on the bullish side. Volatility is elevated at roughly 34.2%. No recent matched news was found for this ticker/date. Relative strength versus the benchmark looked weak. 1-month excess return -4.04%; 3-month excess return -12.03%; 6-month excess return -19.26%."
2022-02-28,CARR,-3.0303043181471034,-2.040469045227883,,hit,linear_regression,target_5d_return,"Technical state is soft, with price below the 50-day and 200-day averages. MACD remains on the bullish side. Volatility is elevated at roughly 34.1%.",No recent matched news was found for this ticker/date.,Relative strength versus the benchmark looked weak. 1-month excess return -3.84%; 3-month excess return -14.04%; 6-month excess return -20.02%.,"Model view: the forward return estimate was mildly negative at about -2.04%. Confidence was not explicitly available for this prediction. Technical state is soft, with price below the 50-day and 200-day averages. MACD remains on the bullish side. Volatility is elevated at roughly 34.1%. No recent matched news was found for this ticker/date. Relative strength versus the benchmark looked weak. 1-month excess return -3.84%; 3-month excess return -14.04%; 6-month excess return -20.02%."
2022-03-01,CARR,-0.32021817415262,-0.6247375633318943,,hit,linear_regression,target_5d_return,"Technical state is soft, with price below the 50-day and 200-day averages. RSI is weak near 37.6. MACD remains on the bullish side. Volatility is elevated at roughly 33.5%.",No recent matched news was found for this ticker/date.,Relative strength versus the benchmark looked weak. 1-month excess return -3.19%; 3-month excess return -14.43%; 6-month excess return -19.75%.,"Model view: the forward return estimate was mildly negative at about -0.62%. Confidence was not explicitly available for this prediction. Technical state is soft, with price below the 50-day and 200-day averages. RSI is weak near 37.6. MACD remains on the bullish side. Volatility is elevated at roughly 33.5%. No recent matched news was found for this ticker/date. Relative strength versus the benchmark looked weak. 1-month excess return -3.19%; 3-month excess return -14.43%; 6-month excess return -19.75%."
2022-03-02,CARR,-0.7125355063715477,-3.009298394846826,,hit,linear_regression,target_5d_return,"Technical state is soft, with price below the 50-day and 200-day averages. MACD remains on the bullish side. Volatility is elevated at roughly 35.1%.",No recent matched news was found for this ticker/date.,Relative strength versus the benchmark looked weak. 1-month excess return -3.13%; 3-month excess return -13.09%; 6-month excess return -19.03%.,"Model view: the forward return estimate was mildly negative at about -3.01%. Confidence was not explicitly available for this prediction. Technical state is soft, with price below the 50-day and 200-day averages. MACD remains on the bullish side. Volatility is elevated at roughly 35.1%. No recent matched news was found for this ticker/date. Relative strength versus the benchmark looked weak. 1-month excess return -3.13%; 3-month excess return -13.09%; 6-month excess return -19.03%."
2022-03-03,CARR,-4.5117690641528485,-2.0441115950527435,,hit,linear_regression,target_5d_return,"Technical state is soft, with price below the 50-day and 200-day averages. MACD remains on the bullish side. Volatility is elevated at roughly 35.9%.",No recent matched news was found for this ticker/date.,Relative strength versus the benchmark looked weak. 1-month excess return 1.31%; 3-month excess return -11.11%; 6-month excess return -17.16%.,"Model view: the forward return estimate was mildly negative at about -2.04%. Confidence was not explicitly available for this prediction. Technical state is soft, with price below the 50-day and 200-day averages. MACD remains on the bullish side. Volatility is elevated at roughly 35.9%. No recent matched news was found for this ticker/date. Relative strength versus the benchmark looked weak. 1-month excess return 1.31%; 3-month excess return -11.11%; 6-month excess return -17.16%."
2022-03-04,CARR,-3.9555528428819486,-1.6042373648314088,,hit,linear_regression,target_5d_return,"Technical state is soft, with price below the 50-day and 200-day averages. MACD remains on the bullish side. Volatility is elevated at roughly 35.2%.",No recent matched news was found for this ticker/date.,Relative strength versus the benchmark looked weak. 1-month excess return 0.19%; 3-month excess return -13.43%; 6-month excess return -17.65%.,"Model view: the forward return estimate was mildly negative at about -1.60%. Confidence was not explicitly available for this prediction. Technical state is soft, with price below the 50-day and 200-day averages. MACD remains on the bullish side. Volatility is elevated at roughly 35.2%. No recent matched news was found for this ticker/date. Relative strength versus the benchmark looked weak. 1-month excess return 0.19%; 3-month excess return -13.43%; 6-month excess return -17.65%."
2022-03-07,CARR,-1.4016557994836698,1.1908008960745173,,miss,linear_regression,target_5d_return,"Technical state is soft, with price below the 50-day and 200-day averages. RSI is weak near 39.6. MACD remains on the bullish side. Volatility is elevated at roughly 36.9%.",No recent matched news was found for this ticker/date.,Relative strength versus the benchmark looked weak. 1-month excess return 0.20%; 3-month excess return -14.96%; 6-month excess return -16.76%.,"Model view: the forward return estimate was mildly positive at about 1.19%. Confidence was not explicitly available for this prediction. Technical state is soft, with price below the 50-day and 200-day averages. RSI is weak near 39.6. MACD remains on the bullish side. Volatility is elevated at roughly 36.9%. No recent matched news was found for this ticker/date. Relative strength versus the benchmark looked weak. 1-month excess return 0.20%; 3-month excess return -14.96%; 6-month excess return -16.76%."
2022-03-08,CARR,3.717298907340494,0.30755841423781427,,hit,linear_regression,target_5d_return,"Technical state is soft, with price below the 50-day and 200-day averages. RSI is weak near 39.9. MACD remains on the bullish side. Volatility is elevated at roughly 37.0%.",No recent matched news was found for this ticker/date.,Relative strength versus the benchmark looked weak. 1-month excess return 2.30%; 3-month excess return -12.70%; 6-month excess return -14.69%.,"Model view: the forward return estimate was mildly positive at about 0.31%. Confidence was not explicitly available for this prediction. Technical state is soft, with price below the 50-day and 200-day averages. RSI is weak near 39.9. MACD remains on the bullish side. Volatility is elevated at roughly 37.0%. No recent matched news was found for this ticker/date. Relative strength versus the benchmark looked weak. 1-month excess return 2.30%; 3-month excess return -12.70%; 6-month excess return -14.69%."
2022-03-09,CARR,5.13568268152258,-0.38736537100088575,,miss,linear_regression,target_5d_return,"Technical state is soft, with price below the 50-day and 200-day averages. MACD remains on the bullish side. Volatility is elevated at roughly 37.9%.",No recent matched news was found for this ticker/date.,Relative strength versus the benchmark looked weak. 1-month excess return 1.97%; 3-month excess return -12.54%; 6-month excess return -16.06%.,"Model view: the forward return estimate was mildly negative at about -0.39%. Confidence was not explicitly available for this prediction. Technical state is soft, with price below the 50-day and 200-day averages. MACD remains on the bullish side. Volatility is elevated at roughly 37.9%. No recent matched news was found for this ticker/date. Relative strength versus the benchmark looked weak. 1-month excess return 1.97%; 3-month excess return -12.54%; 6-month excess return -16.06%."
2022-03-10,CARR,7.555346849661837,1.7341768103403405,,hit,linear_regression,target_5d_return,"Technical state is soft, with price below the 50-day and 200-day averages. MACD remains on the bullish side. Volatility is elevated at roughly 34.7%.",No recent matched news was found for this ticker/date.,Relative strength versus the benchmark looked weak. 1-month excess return 0.75%; 3-month excess return -12.98%; 6-month excess return -17.54%.,"Model view: the forward return estimate was mildly positive at about 1.73%. Confidence was not explicitly available for this prediction. Technical state is soft, with price below the 50-day and 200-day averages. MACD remains on the bullish side. Volatility is elevated at roughly 34.7%. No recent matched news was found for this ticker/date. Relative strength versus the benchmark looked weak. 1-month excess return 0.75%; 3-month excess return -12.98%; 6-month excess return -17.54%."
2022-03-11,CARR,10.550665038874252,1.5901690390258632,,hit,linear_regression,target_5d_return,"Technical state is soft, with price below the 50-day and 200-day averages. RSI is weak near 39.9. MACD remains on the bullish side. Volatility is elevated at roughly 34.5%.",No recent matched news was found for this ticker/date.,Relative strength versus the benchmark looked weak. 1-month excess return -1.74%; 3-month excess return -12.87%; 6-month excess return -17.69%.,"Model view: the forward return estimate was mildly positive at about 1.59%. Confidence was not explicitly available for this prediction. Technical state is soft, with price below the 50-day and 200-day averages. RSI is weak near 39.9. MACD remains on the bullish side. Volatility is elevated at roughly 34.5%. No recent matched news was found for this ticker/date. Relative strength versus the benchmark looked weak. 1-month excess return -1.74%; 3-month excess return -12.87%; 6-month excess return -17.69%."
2022-03-14,CARR,10.65019741569595,2.4836550948391616,,hit,linear_regression,target_5d_return,"Technical state is soft, with price below the 50-day and 200-day averages. RSI is weak near 38.8. MACD remains on the bullish side. Volatility is elevated at roughly 32.6%.",No recent matched news was found for this ticker/date.,Relative strength versus the benchmark looked weak. 1-month excess return -1.77%; 3-month excess return -11.26%; 6-month excess return -16.39%.,"Model view: the forward return estimate was mildly positive at about 2.48%. Confidence was not explicitly available for this prediction. Technical state is soft, with price below the 50-day and 200-day averages. RSI is weak near 38.8. MACD remains on the bullish side. Volatility is elevated at roughly 32.6%. No recent matched news was found for this ticker/date. Relative strength versus the benchmark looked weak. 1-month excess return -1.77%; 3-month excess return -11.26%; 6-month excess return -16.39%."
2022-03-15,CARR,5.066373621402609,3.407562025040829,,hit,linear_regression,target_5d_return,"Technical state is soft, with price below the 50-day and 200-day averages. MACD remains on the bullish side. Volatility is elevated at roughly 37.8%.",No recent matched news was found for this ticker/date.,Relative strength versus the benchmark looked weak. 1-month excess return 2.60%; 3-month excess return -9.03%; 6-month excess return -13.71%.,"Model view: the forward return estimate was mildly positive at about 3.41%. Confidence was not explicitly available for this prediction. Technical state is soft, with price below the 50-day and 200-day averages. MACD remains on the bullish side. Volatility is elevated at roughly 37.8%. No recent matched news was found for this ticker/date. Relative strength versus the benchmark looked weak. 1-month excess return 2.60%; 3-month excess return -9.03%; 6-month excess return -13.71%."
2022-03-16,CARR,-0.7679193731853662,1.7782363485155026,,miss,linear_regression,target_5d_return,"Technical state is soft, with price below the 50-day and 200-day averages. RSI is in a steady zone near 56.3. MACD remains on the bullish side. Volatility is elevated at roughly 39.3%.",No recent matched news was found for this ticker/date.,Relative strength versus the benchmark looked weak. 1-month excess return 5.44%; 3-month excess return -6.45%; 6-month excess return -13.18%.,"Model view: the forward return estimate was mildly positive at about 1.78%. Confidence was not explicitly available for this prediction. Technical state is soft, with price below the 50-day and 200-day averages. RSI is in a steady zone near 56.3. MACD remains on the bullish side. Volatility is elevated at roughly 39.3%. No recent matched news was found for this ticker/date. Relative strength versus the benchmark looked weak. 1-month excess return 5.44%; 3-month excess return -6.45%; 6-month excess return -13.18%."
2022-03-17,CARR,-2.016130697101126,0.8559361124840275,,miss,linear_regression,target_5d_return,"Technical state is mixed, with price not fully aligned across the major moving averages. RSI is in a steady zone near 57.1. MACD remains on the bullish side. Volatility is elevated at roughly 39.3%.",No recent matched news was found for this ticker/date.,Relative strength versus the benchmark looked weak. 1-month excess return 4.14%; 3-month excess return -5.69%; 6-month excess return -13.05%.,"Model view: the forward return estimate was mildly positive at about 0.86%. Confidence was not explicitly available for this prediction. Technical state is mixed, with price not fully aligned across the major moving averages. RSI is in a steady zone near 57.1. MACD remains on the bullish side. Volatility is elevated at roughly 39.3%. No recent matched news was found for this ticker/date. Relative strength versus the benchmark looked weak. 1-month excess return 4.14%; 3-month excess return -5.69%; 6-month excess return -13.05%."
2022-03-18,CARR,-2.909165812391623,-1.120333038615559,,hit,linear_regression,target_5d_return,"Technical state is mixed, with price not fully aligned across the major moving averages. RSI is in a steady zone near 59.4. MACD remains on the bullish side. Volatility is elevated at roughly 38.3%.",No recent matched news was found for this ticker/date.,Relative strength versus the benchmark looked weak. 1-month excess return 4.84%; 3-month excess return -6.89%; 6-month excess return -13.82%.,"Model view: the forward return estimate was mildly negative at about -1.12%. Confidence was not explicitly available for this prediction. Technical state is mixed, with price not fully aligned across the major moving averages. RSI is in a steady zone near 59.4. MACD remains on the bullish side. Volatility is elevated at roughly 38.3%. No recent matched news was found for this ticker/date. Relative strength versus the benchmark looked weak. 1-month excess return 4.84%; 3-month excess return -6.89%; 6-month excess return -13.82%."
2022-03-21,CARR,-1.2426288085008341,-1.4781305288598678,,hit,linear_regression,target_5d_return,"Technical state is mixed, with price not fully aligned across the major moving averages. RSI is in a steady zone near 57.9. MACD remains on the bullish side. Volatility is elevated at roughly 38.1%.",No recent matched news was found for this ticker/date.,Relative strength versus the benchmark looked weak. 1-month excess return 4.50%; 3-month excess return -5.73%; 6-month excess return -14.15%.,"Model view: the forward return estimate was mildly negative at about -1.48%. Confidence was not explicitly available for this prediction. Technical state is mixed, with price not fully aligned across the major moving averages. RSI is in a steady zone near 57.9. MACD remains on the bullish side. Volatility is elevated at roughly 38.1%. No recent matched news was found for this ticker/date. Relative strength versus the benchmark looked weak. 1-month excess return 4.50%; 3-month excess return -5.73%; 6-month excess return -14.15%."
2022-03-22,CARR,1.2423670914617269,-1.1399101503186733,,miss,linear_regression,target_5d_return,"Technical state is mixed, with price not fully aligned across the major moving averages. RSI is in a steady zone near 57.9. MACD remains on the bullish side. Volatility is elevated at roughly 37.1%.",No recent matched news was found for this ticker/date.,Relative strength versus the benchmark looked weak. 1-month excess return 3.88%; 3-month excess return -5.50%; 6-month excess return -11.78%.,"Model view: the forward return estimate was mildly negative at about -1.14%. Confidence was not explicitly available for this prediction. Technical state is mixed, with price not fully aligned across the major moving averages. RSI is in a steady zone near 57.9. MACD remains on the bullish side. Volatility is elevated at roughly 37.1%. No recent matched news was found for this ticker/date. Relative strength versus the benchmark looked weak. 1-month excess return 3.88%; 3-month excess return -5.50%; 6-month excess return -11.78%."
2022-03-23,CARR,2.257092060895105,-1.8489828038634248,,miss,linear_regression,target_5d_return,"Technical state is mixed, with price not fully aligned across the major moving averages. RSI is in a steady zone near 52.9. MACD remains on the bullish side. Volatility is elevated at roughly 35.9%.",No recent matched news was found for this ticker/date.,Relative strength versus the benchmark looked weak. 1-month excess return -0.93%; 3-month excess return -6.92%; 6-month excess return -12.89%.,"Model view: the forward return estimate was mildly negative at about -1.85%. Confidence was not explicitly available for this prediction. Technical state is mixed, with price not fully aligned across the major moving averages. RSI is in a steady zone near 52.9. MACD remains on the bullish side. Volatility is elevated at roughly 35.9%. No recent matched news was found for this ticker/date. Relative strength versus the benchmark looked weak. 1-month excess return -0.93%; 3-month excess return -6.92%; 6-month excess return -12.89%."
2022-03-24,CARR,-0.6497709529092677,-1.397508372859807,,hit,linear_regression,target_5d_return,"Technical state is soft, with price below the 50-day and 200-day averages. RSI is in a steady zone near 51.1. MACD remains on the bullish side. Volatility is elevated at roughly 35.5%.",No recent matched news was found for this ticker/date.,Relative strength versus the benchmark looked weak. 1-month excess return -1.44%; 3-month excess return -8.38%; 6-month excess return -14.97%.,"Model view: the forward return estimate was mildly negative at about -1.40%. Confidence was not explicitly available for this prediction. Technical state is soft, with price below the 50-day and 200-day averages. RSI is in a steady zone near 51.1. MACD remains on the bullish side. Volatility is elevated at roughly 35.5%. No recent matched news was found for this ticker/date. Relative strength versus the benchmark looked weak. 1-month excess return -1.44%; 3-month excess return -8.38%; 6-month excess return -14.97%."
2022-03-25,CARR,-0.7544696674412821,-0.5942407603018187,,hit,linear_regression,target_5d_return,"Technical state is mixed, with price not fully aligned across the major moving averages. RSI is in a steady zone near 52.2. MACD remains on the bullish side. Volatility is elevated at roughly 35.3%.",No recent matched news was found for this ticker/date.,Relative strength versus the benchmark looked weak. 1-month excess return -1.92%; 3-month excess return -8.35%; 6-month excess return -14.30%.,"Model view: the forward return estimate was mildly negative at about -0.59%. Confidence was not explicitly available for this prediction. Technical state is mixed, with price not fully aligned across the major moving averages. RSI is in a steady zone near 52.2. MACD remains on the bullish side. Volatility is elevated at roughly 35.3%. No recent matched news was found for this ticker/date. Relative strength versus the benchmark looked weak. 1-month excess return -1.92%; 3-month excess return -8.35%; 6-month excess return -14.30%."
2022-03-28,CARR,-3.497546195341794,-0.4641171771132979,,hit,linear_regression,target_5d_return,"Technical state is mixed, with price not fully aligned across the major moving averages. RSI is in a steady zone near 54.6. MACD remains on the bullish side. Volatility is elevated at roughly 35.3%.",No recent matched news was found for this ticker/date.,Relative strength versus the benchmark looked weak. 1-month excess return -0.46%; 3-month excess return -7.89%; 6-month excess return -13.08%.,"Model view: the forward return estimate was mildly negative at about -0.46%. Confidence was not explicitly available for this prediction. Technical state is mixed, with price not fully aligned across the major moving averages. RSI is in a steady zone near 54.6. MACD remains on the bullish side. Volatility is elevated at roughly 35.3%. No recent matched news was found for this ticker/date. Relative strength versus the benchmark looked weak. 1-month excess return -0.46%; 3-month excess return -7.89%; 6-month excess return -13.08%."
2022-03-29,CARR,-7.362730409134199,0.7236075882463633,,miss,linear_regression,target_5d_return,"Technical state is mixed, with price not fully aligned across the major moving averages. RSI is in a steady zone near 59.8. MACD remains on the bullish side. Volatility is elevated at roughly 34.5%.",No recent matched news was found for this ticker/date.,Relative strength versus the benchmark looked weak. 1-month excess return 1.42%; 3-month excess return -6.86%; 6-month excess return -13.50%.,"Model view: the forward return estimate was mildly positive at about 0.72%. Confidence was not explicitly available for this prediction. Technical state is mixed, with price not fully aligned across the major moving averages. RSI is in a steady zone near 59.8. MACD remains on the bullish side. Volatility is elevated at roughly 34.5%. No recent matched news was found for this ticker/date. Relative strength versus the benchmark looked weak. 1-month excess return 1.42%; 3-month excess return -6.86%; 6-month excess return -13.50%."
2022-03-30,CARR,-7.7569868622691445,1.199399198184221,,miss,linear_regression,target_5d_return,"Technical state is mixed, with price not fully aligned across the major moving averages. RSI is in a steady zone near 56.8. MACD remains on the bullish side. Volatility is elevated at roughly 33.9%.",No recent matched news was found for this ticker/date.,Relative strength versus the benchmark looked weak. 1-month excess return 2.15%; 3-month excess return -7.53%; 6-month excess return -15.55%.,"Model view: the forward return estimate was mildly positive at about 1.20%. Confidence was not explicitly available for this prediction. Technical state is mixed, with price not fully aligned across the major moving averages. RSI is in a steady zone near 56.8. MACD remains on the bullish side. Volatility is elevated at roughly 33.9%. No recent matched news was found for this ticker/date. Relative strength versus the benchmark looked weak. 1-month excess return 2.15%; 3-month excess return -7.53%; 6-month excess return -15.55%."
2022-03-31,CARR,-4.752562363066549,2.7705097725833636,,miss,linear_regression,target_5d_return,"Technical state is soft, with price below the 50-day and 200-day averages. MACD remains on the bullish side. Volatility is elevated at roughly 35.8%.",No recent matched news was found for this ticker/date.,Relative strength versus the benchmark looked weak. 1-month excess return -0.98%; 3-month excess return -9.18%; 6-month excess return -16.65%.,"Model view: the forward return estimate was mildly positive at about 2.77%. Confidence was not explicitly available for this prediction. Technical state is soft, with price below the 50-day and 200-day averages. MACD remains on the bullish side. Volatility is elevated at roughly 35.8%. No recent matched news was found for this ticker/date. Relative strength versus the benchmark looked weak. 1-month excess return -0.98%; 3-month excess return -9.18%; 6-month excess return -16.65%."
2022-04-01,CARR,-5.777584262634116,2.8164829943569427,,miss,linear_regression,target_5d_return,"Technical state is mixed, with price not fully aligned across the major moving averages. MACD remains on the bullish side. Volatility is elevated at roughly 35.1%.",No recent matched news was found for this ticker/date.,Relative strength versus the benchmark looked weak. 1-month excess return -3.58%; 3-month excess return -10.48%; 6-month excess return -16.55%.,"Model view: the forward return estimate was mildly positive at about 2.82%. Confidence was not explicitly available for this prediction. Technical state is mixed, with price not fully aligned across the major moving averages. MACD remains on the bullish side. Volatility is elevated at roughly 35.1%. No recent matched news was found for this ticker/date. Relative strength versus the benchmark looked weak. 1-month excess return -3.58%; 3-month excess return -10.48%; 6-month excess return -16.55%."
2022-04-04,CARR,-6.209947786278491,3.4268650501616773,,miss,linear_regression,target_5d_return,"Technical state is soft, with price below the 50-day and 200-day averages. MACD remains on the bearish side. Volatility is elevated at roughly 33.4%.",No recent matched news was found for this ticker/date.,Relative strength versus the benchmark looked weak. 1-month excess return -5.11%; 3-month excess return -9.43%; 6-month excess return -20.03%.,"Model view: the forward return estimate was mildly positive at about 3.43%. Confidence was not explicitly available for this prediction. Technical state is soft, with price below the 50-day and 200-day averages. MACD remains on the bearish side. Volatility is elevated at roughly 33.4%. No recent matched news was found for this ticker/date. Relative strength versus the benchmark looked weak. 1-month excess return -5.11%; 3-month excess return -9.43%; 6-month excess return -20.03%."
2022-04-05,CARR,-6.196681812972948,6.949563124052485,,miss,linear_regression,target_5d_return,"Technical state is soft, with price below the 50-day and 200-day averages. MACD remains on the bearish side. Volatility is elevated at roughly 34.0%.",No recent matched news was found for this ticker/date.,Relative strength versus the benchmark looked weak. 1-month excess return -5.19%; 3-month excess return -11.68%; 6-month excess return -19.85%.,"Model view: the forward return estimate was mildly positive at about 6.95%. Confidence was not explicitly available for this prediction. Technical state is soft, with price below the 50-day and 200-day averages. MACD remains on the bearish side. Volatility is elevated at roughly 34.0%. No recent matched news was found for this ticker/date. Relative strength versus the benchmark looked weak. 1-month excess return -5.19%; 3-month excess return -11.68%; 6-month excess return -19.85%."
2022-04-06,CARR,-4.033729295074739,9.093563618192672,,miss,linear_regression,target_5d_return,"Technical state is soft, with price below the 50-day and 200-day averages. RSI is weak near 39.6. MACD remains on the bearish side. Volatility is elevated at roughly 33.5%.",No recent matched news was found for this ticker/date.,Relative strength versus the benchmark looked weak. 1-month excess return -6.57%; 3-month excess return -11.52%; 6-month excess return -19.26%.,"Model view: the forward return estimate was mildly positive at about 9.09%. Confidence was not explicitly available for this prediction. Technical state is soft, with price below the 50-day and 200-day averages. RSI is weak near 39.6. MACD remains on the bearish side. Volatility is elevated at roughly 33.5%. No recent matched news was found for this ticker/date. Relative strength versus the benchmark looked weak. 1-month excess return -6.57%; 3-month excess return -11.52%; 6-month excess return -19.26%."
2022-04-07,CARR,-5.5161362397910585,10.904210951297852,,miss,linear_regression,target_5d_return,"Technical state is soft, with price below the 50-day and 200-day averages. RSI is weak near 38.8. MACD remains on the bearish side. Volatility is elevated at roughly 32.9%.",No recent matched news was found for this ticker/date.,Relative strength versus the benchmark looked weak. 1-month excess return -7.01%; 3-month excess return -14.26%; 6-month excess return -20.41%.,"Model view: the forward return estimate was mildly positive at about 10.90%. Confidence was not explicitly available for this prediction. Technical state is soft, with price below the 50-day and 200-day averages. RSI is weak near 38.8. MACD remains on the bearish side. Volatility is elevated at roughly 32.9%. No recent matched news was found for this ticker/date. Relative strength versus the benchmark looked weak. 1-month excess return -7.01%; 3-month excess return -14.26%; 6-month excess return -20.41%."
2022-04-08,CARR,-4.817888660966552,13.588929998597006,,miss,linear_regression,target_5d_return,"Technical state is soft, with price below the 50-day and 200-day averages. RSI is weak near 37.6. MACD remains on the bearish side. Volatility is elevated at roughly 32.6%.",No recent matched news was found for this ticker/date.,Relative strength versus the benchmark looked weak. 1-month excess return -6.19%; 3-month excess return -12.34%; 6-month excess return -18.01%.,"Model view: the forward return estimate was mildly positive at about 13.59%. Confidence was not explicitly available for this prediction. Technical state is soft, with price below the 50-day and 200-day averages. RSI is weak near 37.6. MACD remains on the bearish side. Volatility is elevated at roughly 32.6%. No recent matched news was found for this ticker/date. Relative strength versus the benchmark looked weak. 1-month excess return -6.19%; 3-month excess return -12.34%; 6-month excess return -18.01%."
2022-04-11,CARR,0.1413793007364772,17.32008411778885,,hit,linear_regression,target_5d_return,"Technical state is soft, with price below the 50-day and 200-day averages. RSI is weak near 33.9. MACD remains on the bearish side. Volatility is elevated at roughly 33.5%.",No recent matched news was found for this ticker/date.,Relative strength versus the benchmark looked weak. 1-month excess return -6.53%; 3-month excess return -13.36%; 6-month excess return -18.40%.,"Model view: the forward return estimate was mildly positive at about 17.32%. Confidence was not explicitly available for this prediction. Technical state is soft, with price below the 50-day and 200-day averages. RSI is weak near 33.9. MACD remains on the bearish side. Volatility is elevated at roughly 33.5%. No recent matched news was found for this ticker/date. Relative strength versus the benchmark looked weak. 1-month excess return -6.53%; 3-month excess return -13.36%; 6-month excess return -18.40%."
2022-04-12,CARR,3.9971326769643323,20.785341098676053,,hit,linear_regression,target_5d_return,"Technical state is soft, with price below the 50-day and 200-day averages. RSI is weak near 31.6. MACD remains on the bearish side.",No recent matched news was found for this ticker/date.,Relative strength versus the benchmark looked weak. 1-month excess return -7.74%; 3-month excess return -13.80%; 6-month excess return -17.98%.,"Model view: the forward return estimate was mildly positive at about 20.79%. Confidence was not explicitly available for this prediction. Technical state is soft, with price below the 50-day and 200-day averages. RSI is weak near 31.6. MACD remains on the bearish side. No recent matched news was found for this ticker/date. Relative strength versus the benchmark looked weak. 1-month excess return -7.74%; 3-month excess return -13.80%; 6-month excess return -17.98%."
2022-04-13,CARR,1.6860581196432634,23.058808311242682,,hit,linear_regression,target_5d_return,"Technical state is soft, with price below the 50-day and 200-day averages. RSI is weak near 34.0. MACD remains on the bearish side.",No recent matched news was found for this ticker/date.,Relative strength versus the benchmark looked weak. 1-month excess return -10.85%; 3-month excess return -14.64%; 6-month excess return -18.85%.,"Model view: the forward return estimate was mildly positive at about 23.06%. Confidence was not explicitly available for this prediction. Technical state is soft, with price below the 50-day and 200-day averages. RSI is weak near 34.0. MACD remains on the bearish side. No recent matched news was found for this ticker/date. Relative strength versus the benchmark looked weak. 1-month excess return -10.85%; 3-month excess return -14.64%; 6-month excess return -18.85%."
2022-04-14,CARR,0.9447659912335871,27.215899415006174,,hit,linear_regression,target_5d_return,"Technical state is soft, with price below the 50-day and 200-day averages. RSI is weak near 31.1. MACD remains on the bearish side.",No recent matched news was found for this ticker/date.,Relative strength versus the benchmark looked weak. 1-month excess return -12.45%; 3-month excess return -15.16%; 6-month excess return -21.09%.,"Model view: the forward return estimate was mildly positive at about 27.22%. Confidence was not explicitly available for this prediction. Technical state is soft, with price below the 50-day and 200-day averages. RSI is weak near 31.1. MACD remains on the bearish side. No recent matched news was found for this ticker/date. Relative strength versus the benchmark looked weak. 1-month excess return -12.45%; 3-month excess return -15.16%; 6-month excess return -21.09%."
2022-04-18,CARR,1.622664456501277,28.80867246444468,,hit,linear_regression,target_5d_return,"Technical state is soft, with price below the 50-day and 200-day averages. RSI is weak near 31.1. MACD remains on the bearish side.",No recent matched news was found for this ticker/date.,Relative strength versus the benchmark looked weak. 1-month excess return -11.68%; 3-month excess return -13.43%; 6-month excess return -20.93%.,"Model view: the forward return estimate was mildly positive at about 28.81%. Confidence was not explicitly available for this prediction. Technical state is soft, with price below the 50-day and 200-day averages. RSI is weak near 31.1. MACD remains on the bearish side. No recent matched news was found for this ticker/date. Relative strength versus the benchmark looked weak. 1-month excess return -11.68%; 3-month excess return -13.43%; 6-month excess return -20.93%."
2022-04-19,CARR,-5.7647076775046,29.794264660355406,,miss,linear_regression,target_5d_return,"Technical state is soft, with price below the 50-day and 200-day averages. RSI is weak near 40.0. MACD remains on the bearish side.",No recent matched news was found for this ticker/date.,Relative strength versus the benchmark looked weak. 1-month excess return -10.84%; 3-month excess return -11.85%; 6-month excess return -20.74%.,"Model view: the forward return estimate was mildly positive at about 29.79%. Confidence was not explicitly available for this prediction. Technical state is soft, with price below the 50-day and 200-day averages. RSI is weak near 40.0. MACD remains on the bearish side. No recent matched news was found for this ticker/date. Relative strength versus the benchmark looked weak. 1-month excess return -10.84%; 3-month excess return -11.85%; 6-month excess return -20.74%."
2022-04-20,CARR,-7.341777641870961,30.716586793607643,,miss,linear_regression,target_5d_return,"Technical state is soft, with price below the 50-day and 200-day averages. MACD remains on the bearish side.",No recent matched news was found for this ticker/date.,Relative strength versus the benchmark looked weak. 1-month excess return -8.20%; 3-month excess return -9.35%; 6-month excess return -18.12%.,"Model view: the forward return estimate was mildly positive at about 30.72%. Confidence was not explicitly available for this prediction. Technical state is soft, with price below the 50-day and 200-day averages. MACD remains on the bearish side. No recent matched news was found for this ticker/date. Relative strength versus the benchmark looked weak. 1-month excess return -8.20%; 3-month excess return -9.35%; 6-month excess return -18.12%."
2022-04-21,CARR,-7.96356812637784,33.289753002961575,,miss,linear_regression,target_5d_return,"Technical state is soft, with price below the 50-day and 200-day averages. MACD remains on the bearish side.",No recent matched news was found for this ticker/date.,Relative strength versus the benchmark looked weak. 1-month excess return -6.93%; 3-month excess return -8.87%; 6-month excess return -17.53%.,"Model view: the forward return estimate was mildly positive at about 33.29%. Confidence was not explicitly available for this prediction. Technical state is soft, with price below the 50-day and 200-day averages. MACD remains on the bearish side. No recent matched news was found for this ticker/date. Relative strength versus the benchmark looked weak. 1-month excess return -6.93%; 3-month excess return -8.87%; 6-month excess return -17.53%."
2022-04-22,CARR,-8.159342118031333,35.502143487418735,,miss,linear_regression,target_5d_return,"Technical state is soft, with price below the 50-day and 200-day averages. RSI is weak near 38.0. MACD remains on the bearish side.",No recent matched news was found for this ticker/date.,Relative strength versus the benchmark looked weak. 1-month excess return -6.11%; 3-month excess return -10.09%; 6-month excess return -17.21%.,"Model view: the forward return estimate was mildly positive at about 35.50%. Confidence was not explicitly available for this prediction. Technical state is soft, with price below the 50-day and 200-day averages. RSI is weak near 38.0. MACD remains on the bearish side. No recent matched news was found for this ticker/date. Relative strength versus the benchmark looked weak. 1-month excess return -6.11%; 3-month excess return -10.09%; 6-month excess return -17.21%."
2022-04-25,CARR,-8.007627940094341,35.76840093461233,,miss,linear_regression,target_5d_return,"Technical state is soft, with price below the 50-day and 200-day averages. RSI is weak near 39.9. MACD remains on the bearish side.",No recent matched news was found for this ticker/date.,Relative strength versus the benchmark looked weak. 1-month excess return -4.23%; 3-month excess return -9.35%; 6-month excess return -17.76%.,"Model view: the forward return estimate was mildly positive at about 35.77%. Confidence was not explicitly available for this prediction. Technical state is soft, with price below the 50-day and 200-day averages. RSI is weak near 39.9. MACD remains on the bearish side. No recent matched news was found for this ticker/date. Relative strength versus the benchmark looked weak. 1-month excess return -4.23%; 3-month excess return -9.35%; 6-month excess return -17.76%."
2022-04-26,CARR,-4.169783272804583,43.27957736219595,,miss,linear_regression,target_5d_return,"Technical state is soft, with price below the 50-day and 200-day averages. RSI is weak near 32.9. MACD remains on the bearish side. Volatility is elevated at roughly 31.1%.",No recent matched news was found for this ticker/date.,Relative strength versus the benchmark looked weak. 1-month excess return -5.60%; 3-month excess return -10.93%; 6-month excess return -18.00%.,"Model view: the forward return estimate was mildly positive at about 43.28%. Confidence was not explicitly available for this prediction. Technical state is soft, with price below the 50-day and 200-day averages. RSI is weak near 32.9. MACD remains on the bearish side. Volatility is elevated at roughly 31.1%. No recent matched news was found for this ticker/date. Relative strength versus the benchmark looked weak. 1-month excess return -5.60%; 3-month excess return -10.93%; 6-month excess return -18.00%."
2022-04-27,CARR,-2.111272999399183,45.13534926184958,,miss,linear_regression,target_5d_return,"Technical state is soft, with price below the 50-day and 200-day averages. RSI is weak near 34.2. MACD remains on the bearish side.",No recent matched news was found for this ticker/date.,Relative strength versus the benchmark looked weak. 1-month excess return -5.68%; 3-month excess return -9.96%; 6-month excess return -16.57%.,"Model view: the forward return estimate was mildly positive at about 45.14%. Confidence was not explicitly available for this prediction. Technical state is soft, with price below the 50-day and 200-day averages. RSI is weak near 34.2. MACD remains on the bearish side. No recent matched news was found for this ticker/date. Relative strength versus the benchmark looked weak. 1-month excess return -5.68%; 3-month excess return -9.96%; 6-month excess return -16.57%."
2022-04-28,CARR,-3.679271171158527,51.356164183930346,,miss,linear_regression,target_5d_return,"Technical state is soft, with price below the 50-day and 200-day averages. RSI is weak near 31.4. MACD remains on the bearish side.",No recent matched news was found for this ticker/date.,Relative strength versus the benchmark looked weak. 1-month excess return -10.69%; 3-month excess return -13.64%; 6-month excess return -20.07%.,"Model view: the forward return estimate was mildly positive at about 51.36%. Confidence was not explicitly available for this prediction. Technical state is soft, with price below the 50-day and 200-day averages. RSI is weak near 31.4. MACD remains on the bearish side. No recent matched news was found for this ticker/date. Relative strength versus the benchmark looked weak. 1-month excess return -10.69%; 3-month excess return -13.64%; 6-month excess return -20.07%."
2022-04-29,CARR,-1.280380644383794,56.94808471020754,,miss,linear_regression,target_5d_return,"Technical state is soft, with price below the 50-day and 200-day averages. RSI is weak near 28.1. MACD remains on the bearish side.",No recent matched news was found for this ticker/date.,Relative strength versus the benchmark looked weak. 1-month excess return -9.36%; 3-month excess return -10.83%; 6-month excess return -19.54%.,"Model view: the forward return estimate was mildly positive at about 56.95%. Confidence was not explicitly available for this prediction. Technical state is soft, with price below the 50-day and 200-day averages. RSI is weak near 28.1. MACD remains on the bearish side. No recent matched news was found for this ticker/date. Relative strength versus the benchmark looked weak. 1-month excess return -9.36%; 3-month excess return -10.83%; 6-month excess return -19.54%."
2022-05-02,CARR,-1.2176099082515823,60.604596237267245,,miss,linear_regression,target_5d_return,"Technical state is soft, with price below the 50-day and 200-day averages. RSI is weak near 30.4. MACD remains on the bearish side.",No recent matched news was found for this ticker/date.,Relative strength versus the benchmark looked weak. 1-month excess return -7.64%; 3-month excess return -11.16%; 6-month excess return -16.37%.,"Model view: the forward return estimate was mildly positive at about 60.60%. Confidence was not explicitly available for this prediction. Technical state is soft, with price below the 50-day and 200-day averages. RSI is weak near 30.4. MACD remains on the bearish side. No recent matched news was found for this ticker/date. Relative strength versus the benchmark looked weak. 1-month excess return -7.64%; 3-month excess return -11.16%; 6-month excess return -16.37%."
2022-05-03,CARR,-0.755604240376806,64.79349209876973,,miss,linear_regression,target_5d_return,"Technical state is soft, with price below the 50-day and 200-day averages. RSI is weak near 29.7. MACD remains on the bearish side.",No recent matched news was found for this ticker/date.,Relative strength versus the benchmark looked weak. 1-month excess return -8.57%; 3-month excess return -10.34%; 6-month excess return -16.90%.,"Model view: the forward return estimate was mildly positive at about 64.79%. Confidence was not explicitly available for this prediction. Technical state is soft, with price below the 50-day and 200-day averages. RSI is weak near 29.7. MACD remains on the bearish side. No recent matched news was found for this ticker/date. Relative strength versus the benchmark looked weak. 1-month excess return -8.57%; 3-month excess return -10.34%; 6-month excess return -16.90%."
2022-05-04,CARR,-4.618116472648836,68.14571149543126,,miss,linear_regression,target_5d_return,"Technical state is soft, with price below the 50-day and 200-day averages. RSI is weak near 36.8. MACD remains on the bearish side. Volatility is elevated at roughly 31.1%.",No recent matched news was found for this ticker/date.,Relative strength versus the benchmark looked weak. 1-month excess return -6.83%; 3-month excess return -10.86%; 6-month excess return -17.64%.,"Model view: the forward return estimate was mildly positive at about 68.15%. Confidence was not explicitly available for this prediction. Technical state is soft, with price below the 50-day and 200-day averages. RSI is weak near 36.8. MACD remains on the bearish side. Volatility is elevated at roughly 31.1%. No recent matched news was found for this ticker/date. Relative strength versus the benchmark looked weak. 1-month excess return -6.83%; 3-month excess return -10.86%; 6-month excess return -17.64%."
2022-05-05,CARR,3.003159686889312,77.01615772536691,,hit,linear_regression,target_5d_return,"Technical state is soft, with price below the 50-day and 200-day averages. RSI is weak near 31.9. MACD remains on the bearish side. Volatility is elevated at roughly 32.9%.",No recent matched news was found for this ticker/date.,Relative strength versus the benchmark looked weak. 1-month excess return -6.53%; 3-month excess return -10.58%; 6-month excess return -16.01%.,"Model view: the forward return estimate was mildly positive at about 77.02%. Confidence was not explicitly available for this prediction. Technical state is soft, with price below the 50-day and 200-day averages. RSI is weak near 31.9. MACD remains on the bearish side. Volatility is elevated at roughly 32.9%. No recent matched news was found for this ticker/date. Relative strength versus the benchmark looked weak. 1-month excess return -6.53%; 3-month excess return -10.58%; 6-month excess return -16.01%."
2022-05-06,CARR,6.379036329489685,79.53708187631229,,hit,linear_regression,target_5d_return,"Technical state is soft, with price below the 50-day and 200-day averages. RSI is weak near 31.4. MACD remains on the bearish side. Volatility is elevated at roughly 32.9%.",No recent matched news was found for this ticker/date.,Relative strength versus the benchmark looked weak. 1-month excess return -6.02%; 3-month excess return -9.24%; 6-month excess return -16.76%.,"Model view: the forward return estimate was mildly positive at about 79.54%. Confidence was not explicitly available for this prediction. Technical state is soft, with price below the 50-day and 200-day averages. RSI is weak near 31.4. MACD remains on the bearish side. Volatility is elevated at roughly 32.9%. No recent matched news was found for this ticker/date. Relative strength versus the benchmark looked weak. 1-month excess return -6.02%; 3-month excess return -9.24%; 6-month excess return -16.76%."
2022-05-09,CARR,4.537108559598169,84.21094039567713,,hit,linear_regression,target_5d_return,"Technical state is soft, with price below the 50-day and 200-day averages. RSI is weak near 33.8. MACD remains on the bearish side. Volatility is elevated at roughly 33.4%.",No recent matched news was found for this ticker/date.,Relative strength versus the benchmark looked weak. 1-month excess return -1.42%; 3-month excess return -5.59%; 6-month excess return -12.72%.,"Model view: the forward return estimate was mildly positive at about 84.21%. Confidence was not explicitly available for this prediction. Technical state is soft, with price below the 50-day and 200-day averages. RSI is weak near 33.8. MACD remains on the bearish side. Volatility is elevated at roughly 33.4%. No recent matched news was found for this ticker/date. Relative strength versus the benchmark looked weak. 1-month excess return -1.42%; 3-month excess return -5.59%; 6-month excess return -12.72%."
2022-05-10,CARR,5.487004841731125,88.65212371063403,,hit,linear_regression,target_5d_return,"Technical state is soft, with price below the 50-day and 200-day averages. RSI is weak near 33.7. MACD remains on the bearish side. Volatility is elevated at roughly 32.9%.",No recent matched news was found for this ticker/date.,Relative strength versus the benchmark looked weak. 1-month excess return -1.34%; 3-month excess return -5.81%; 6-month excess return -13.66%.,"Model view: the forward return estimate was mildly positive at about 88.65%. Confidence was not explicitly available for this prediction. Technical state is soft, with price below the 50-day and 200-day averages. RSI is weak near 33.7. MACD remains on the bearish side. Volatility is elevated at roughly 32.9%. No recent matched news was found for this ticker/date. Relative strength versus the benchmark looked weak. 1-month excess return -1.34%; 3-month excess return -5.81%; 6-month excess return -13.66%."
2022-05-11,CARR,-0.6118636374107478,94.83748165395583,,miss,linear_regression,target_5d_return,"Technical state is soft, with price below the 50-day and 200-day averages. RSI is weak near 31.8. MACD remains on the bearish side. Volatility is elevated at roughly 32.8%.",No recent matched news was found for this ticker/date.,Relative strength versus the benchmark looked weak. 1-month excess return -0.68%; 3-month excess return -7.47%; 6-month excess return -15.41%.,"Model view: the forward return estimate was mildly positive at about 94.84%. Confidence was not explicitly available for this prediction. Technical state is soft, with price below the 50-day and 200-day averages. RSI is weak near 31.8. MACD remains on the bearish side. Volatility is elevated at roughly 32.8%. No recent matched news was found for this ticker/date. Relative strength versus the benchmark looked weak. 1-month excess return -0.68%; 3-month excess return -7.47%; 6-month excess return -15.41%."
2022-05-12,CARR,-4.322247295808812,99.3885705481964,,miss,linear_regression,target_5d_return,"Technical state is soft, with price below the 50-day and 200-day averages. MACD remains on the bullish side. Volatility is elevated at roughly 36.3%.",No recent matched news was found for this ticker/date.,Relative strength versus the benchmark looked weak. 1-month excess return 4.08%; 3-month excess return -4.36%; 6-month excess return -13.04%.,"Model view: the forward return estimate was mildly positive at about 99.39%. Confidence was not explicitly available for this prediction. Technical state is soft, with price below the 50-day and 200-day averages. MACD remains on the bullish side. Volatility is elevated at roughly 36.3%. No recent matched news was found for this ticker/date. Relative strength versus the benchmark looked weak. 1-month excess return 4.08%; 3-month excess return -4.36%; 6-month excess return -13.04%."
2022-05-13,CARR,-5.54864299187694,103.0847540260972,,miss,linear_regression,target_5d_return,"Technical state is soft, with price below the 50-day and 200-day averages. MACD remains on the bullish side. Volatility is elevated at roughly 37.4%.",No recent matched news was found for this ticker/date.,Relative strength versus the benchmark looked weak. 1-month excess return 4.84%; 3-month excess return -2.83%; 6-month excess return -12.83%.,"Model view: the forward return estimate was mildly positive at about 103.08%. Confidence was not explicitly available for this prediction. Technical state is soft, with price below the 50-day and 200-day averages. MACD remains on the bullish side. Volatility is elevated at roughly 37.4%. No recent matched news was found for this ticker/date. Relative strength versus the benchmark looked weak. 1-month excess return 4.84%; 3-month excess return -2.83%; 6-month excess return -12.83%."
2022-05-16,CARR,-3.9889616865057764,108.76762282777743,,miss,linear_regression,target_5d_return,"Technical state is soft, with price below the 50-day and 200-day averages. MACD remains on the bullish side. Volatility is elevated at roughly 37.5%.",No recent matched news was found for this ticker/date.,Relative strength versus the benchmark looked weak. 1-month excess return 5.18%; 3-month excess return -2.14%; 6-month excess return -14.60%.,"Model view: the forward return estimate was mildly positive at about 108.77%. Confidence was not explicitly available for this prediction. Technical state is soft, with price below the 50-day and 200-day averages. MACD remains on the bullish side. Volatility is elevated at roughly 37.5%. No recent matched news was found for this ticker/date. Relative strength versus the benchmark looked weak. 1-month excess return 5.18%; 3-month excess return -2.14%; 6-month excess return -14.60%."
2022-05-17,CARR,-5.574917027012194,114.02237260595966,,miss,linear_regression,target_5d_return,"Technical state is soft, with price below the 50-day and 200-day averages. MACD remains on the bullish side. Volatility is elevated at roughly 35.9%.",No recent matched news was found for this ticker/date.,Relative strength versus the benchmark looked weak. 1-month excess return 4.12%; 3-month excess return -3.66%; 6-month excess return -15.17%.,"Model view: the forward return estimate was mildly positive at about 114.02%. Confidence was not explicitly available for this prediction. Technical state is soft, with price below the 50-day and 200-day averages. MACD remains on the bullish side. Volatility is elevated at roughly 35.9%. No recent matched news was found for this ticker/date. Relative strength versus the benchmark looked weak. 1-month excess return 4.12%; 3-month excess return -3.66%; 6-month excess return -15.17%."
2022-05-18,CARR,2.489294138068354,125.31493190822648,,hit,linear_regression,target_5d_return,"Technical state is soft, with price below the 50-day and 200-day averages. RSI is weak near 36.7. MACD remains on the bullish side. Volatility is elevated at roughly 41.9%.",No recent matched news was found for this ticker/date.,Relative strength versus the benchmark looked weak. 1-month excess return -0.19%; 3-month excess return -5.92%; 6-month excess return -17.12%.,"Model view: the forward return estimate was mildly positive at about 125.31%. Confidence was not explicitly available for this prediction. Technical state is soft, with price below the 50-day and 200-day averages. RSI is weak near 36.7. MACD remains on the bullish side. Volatility is elevated at roughly 41.9%. No recent matched news was found for this ticker/date. Relative strength versus the benchmark looked weak. 1-month excess return -0.19%; 3-month excess return -5.92%; 6-month excess return -17.12%."
2022-05-19,CARR,5.132322885522278,131.49736022076613,,hit,linear_regression,target_5d_return,"Technical state is soft, with price below the 50-day and 200-day averages. RSI is weak near 37.0. MACD remains on the bullish side. Volatility is elevated at roughly 41.9%.",No recent matched news was found for this ticker/date.,Relative strength versus the benchmark looked weak. 1-month excess return -1.48%; 3-month excess return -5.15%; 6-month excess return -16.51%.,"Model view: the forward return estimate was mildly positive at about 131.50%. Confidence was not explicitly available for this prediction. Technical state is soft, with price below the 50-day and 200-day averages. RSI is weak near 37.0. MACD remains on the bullish side. Volatility is elevated at roughly 41.9%. No recent matched news was found for this ticker/date. Relative strength versus the benchmark looked weak. 1-month excess return -1.48%; 3-month excess return -5.15%; 6-month excess return -16.51%."
2022-05-20,CARR,5.97998027532145,138.67734855307282,,hit,linear_regression,target_5d_return,"Technical state is soft, with price below the 50-day and 200-day averages. MACD remains on the bullish side. Volatility is elevated at roughly 41.8%.",No recent matched news was found for this ticker/date.,Relative strength versus the benchmark looked weak. 1-month excess return -0.27%; 3-month excess return -3.55%; 6-month excess return -16.33%.,"Model view: the forward return estimate was mildly positive at about 138.68%. Confidence was not explicitly available for this prediction. Technical state is soft, with price below the 50-day and 200-day averages. MACD remains on the bullish side. Volatility is elevated at roughly 41.8%. No recent matched news was found for this ticker/date. Relative strength versus the benchmark looked weak. 1-month excess return -0.27%; 3-month excess return -3.55%; 6-month excess return -16.33%."
2022-05-23,CARR,2.7175356756923286,148.0900950295572,,hit,linear_regression,target_5d_return,"Technical state is soft, with price below the 50-day and 200-day averages. MACD remains on the bullish side. Volatility is elevated at roughly 41.9%.",No recent matched news was found for this ticker/date.,Relative strength versus the benchmark looked weak. 1-month excess return -1.30%; 3-month excess return -7.88%; 6-month excess return -17.67%.,"Model view: the forward return estimate was mildly positive at about 148.09%. Confidence was not explicitly available for this prediction. Technical state is soft, with price below the 50-day and 200-day averages. MACD remains on the bullish side. Volatility is elevated at roughly 41.9%. No recent matched news was found for this ticker/date. Relative strength versus the benchmark looked weak. 1-month excess return -1.30%; 3-month excess return -7.88%; 6-month excess return -17.67%."
2022-05-24,CARR,2.6357407385250164,156.48753689297493,,hit,linear_regression,target_5d_return,"Technical state is soft, with price below the 50-day and 200-day averages. MACD remains on the bullish side. Volatility is elevated at roughly 39.0%.",No recent matched news was found for this ticker/date.,Relative strength versus the benchmark looked weak. 1-month excess return -1.55%; 3-month excess return -6.85%; 6-month excess return -16.99%.,"Model view: the forward return estimate was mildly positive at about 156.49%. Confidence was not explicitly available for this prediction. Technical state is soft, with price below the 50-day and 200-day averages. MACD remains on the bullish side. Volatility is elevated at roughly 39.0%. No recent matched news was found for this ticker/date. Relative strength versus the benchmark looked weak. 1-month excess return -1.55%; 3-month excess return -6.85%; 6-month excess return -16.99%."
2022-05-25,CARR,4.674852109500649,166.68677021261084,,hit,linear_regression,target_5d_return,"Technical state is soft, with price below the 50-day and 200-day averages. MACD remains on the bullish side. Volatility is elevated at roughly 39.1%.",No recent matched news was found for this ticker/date.,Relative strength versus the benchmark looked weak. 1-month excess return 0.14%; 3-month excess return -7.10%; 6-month excess return -15.05%.,"Model view: the forward return estimate was mildly positive at about 166.69%. Confidence was not explicitly available for this prediction. Technical state is soft, with price below the 50-day and 200-day averages. MACD remains on the bullish side. Volatility is elevated at roughly 39.1%. No recent matched news was found for this ticker/date. Relative strength versus the benchmark looked weak. 1-month excess return 0.14%; 3-month excess return -7.10%; 6-month excess return -15.05%."
2022-05-26,CARR,0.6610686738588223,172.51635284334554,,hit,linear_regression,target_5d_return,"Technical state is soft, with price below the 50-day and 200-day averages. MACD remains on the bullish side. Volatility is elevated at roughly 39.8%.",No recent matched news was found for this ticker/date.,Relative strength versus the benchmark looked weak. 1-month excess return 0.58%; 3-month excess return -5.61%; 6-month excess return -15.69%.,"Model view: the forward return estimate was mildly positive at about 172.52%. Confidence was not explicitly available for this prediction. Technical state is soft, with price below the 50-day and 200-day averages. MACD remains on the bullish side. Volatility is elevated at roughly 39.8%. No recent matched news was found for this ticker/date. Relative strength versus the benchmark looked weak. 1-month excess return 0.58%; 3-month excess return -5.61%; 6-month excess return -15.69%."
2022-05-27,CARR,-1.640566380616526,177.42345975053988,,miss,linear_regression,target_5d_return,"Technical state is soft, with price below the 50-day and 200-day averages. RSI is in a steady zone near 53.5. MACD remains on the bullish side. Volatility is elevated at roughly 39.0%.",No recent matched news was found for this ticker/date.,Relative strength versus the benchmark looked weak. 1-month excess return 4.97%; 3-month excess return -5.49%; 6-month excess return -17.80%.,"Model view: the forward return estimate was mildly positive at about 177.42%. Confidence was not explicitly available for this prediction. Technical state is soft, with price below the 50-day and 200-day averages. RSI is in a steady zone near 53.5. MACD remains on the bullish side. Volatility is elevated at roughly 39.0%. No recent matched news was found for this ticker/date. Relative strength versus the benchmark looked weak. 1-month excess return 4.97%; 3-month excess return -5.49%; 6-month excess return -17.80%."
2022-05-31,CARR,1.7298404513356402,186.23850722252797,,hit,linear_regression,target_5d_return,"Technical state is soft, with price below the 50-day and 200-day averages. MACD remains on the bullish side. Volatility is elevated at roughly 40.0%.",No recent matched news was found for this ticker/date.,Relative strength versus the benchmark looked weak. 1-month excess return 2.46%; 3-month excess return -6.13%; 6-month excess return -18.65%.,"Model view: the forward return estimate was mildly positive at about 186.24%. Confidence was not explicitly available for this prediction. Technical state is soft, with price below the 50-day and 200-day averages. MACD remains on the bullish side. Volatility is elevated at roughly 40.0%. No recent matched news was found for this ticker/date. Relative strength versus the benchmark looked weak. 1-month excess return 2.46%; 3-month excess return -6.13%; 6-month excess return -18.65%."
2022-06-01,CARR,1.1556260370045202,194.6156001006117,,hit,linear_regression,target_5d_return,"Technical state is soft, with price below the 50-day and 200-day averages. MACD remains on the bullish side. Volatility is elevated at roughly 40.1%.",No recent matched news was found for this ticker/date.,Relative strength versus the benchmark looked weak. 1-month excess return 2.08%; 3-month excess return -6.81%; 6-month excess return -17.89%.,"Model view: the forward return estimate was mildly positive at about 194.62%. Confidence was not explicitly available for this prediction. Technical state is soft, with price below the 50-day and 200-day averages. MACD remains on the bullish side. Volatility is elevated at roughly 40.1%. No recent matched news was found for this ticker/date. Relative strength versus the benchmark looked weak. 1-month excess return 2.08%; 3-month excess return -6.81%; 6-month excess return -17.89%."
2022-06-02,CARR,-3.068870510830579,200.19651937841556,,miss,linear_regression,target_5d_return,"Technical state is soft, with price below the 50-day and 200-day averages. RSI is in a steady zone near 52.7. MACD remains on the bullish side. Volatility is elevated at roughly 40.3%.",No recent matched news was found for this ticker/date.,Relative strength versus the benchmark looked weak. 1-month excess return 4.19%; 3-month excess return -8.42%; 6-month excess return -17.84%.,"Model view: the forward return estimate was mildly positive at about 200.20%. Confidence was not explicitly available for this prediction. Technical state is soft, with price below the 50-day and 200-day averages. RSI is in a steady zone near 52.7. MACD remains on the bullish side. Volatility is elevated at roughly 40.3%. No recent matched news was found for this ticker/date. Relative strength versus the benchmark looked weak. 1-month excess return 4.19%; 3-month excess return -8.42%; 6-month excess return -17.84%."
2022-06-03,CARR,-5.683253324900339,206.29882803784284,,miss,linear_regression,target_5d_return,"Technical state is soft, with price below the 50-day and 200-day averages. RSI is in a steady zone near 50.2. MACD remains on the bullish side. Volatility is elevated at roughly 38.1%.",No recent matched news was found for this ticker/date.,Relative strength versus the benchmark looked weak. 1-month excess return 4.74%; 3-month excess return -7.01%; 6-month excess return -18.44%.,"Model view: the forward return estimate was mildly positive at about 206.30%. Confidence was not explicitly available for this prediction. Technical state is soft, with price below the 50-day and 200-day averages. RSI is in a steady zone near 50.2. MACD remains on the bullish side. Volatility is elevated at roughly 38.1%. No recent matched news was found for this ticker/date. Relative strength versus the benchmark looked weak. 1-month excess return 4.74%; 3-month excess return -7.01%; 6-month excess return -18.44%."
2022-06-06,CARR,-7.783669547918359,212.540792225281,,miss,linear_regression,target_5d_return,"Technical state is soft, with price below the 50-day and 200-day averages. RSI is in a steady zone near 50.1. MACD remains on the bullish side. Volatility is elevated at roughly 38.0%.",No recent matched news was found for this ticker/date.,Relative strength versus the benchmark looked weak. 1-month excess return 4.77%; 3-month excess return -7.22%; 6-month excess return -20.29%.,"Model view: the forward return estimate was mildly positive at about 212.54%. Confidence was not explicitly available for this prediction. Technical state is soft, with price below the 50-day and 200-day averages. RSI is in a steady zone near 50.1. MACD remains on the bullish side. Volatility is elevated at roughly 38.0%. No recent matched news was found for this ticker/date. Relative strength versus the benchmark looked weak. 1-month excess return 4.77%; 3-month excess return -7.22%; 6-month excess return -20.29%."
2022-06-07,CARR,-10.127539089198379,219.8973149795459,,miss,linear_regression,target_5d_return,"Technical state is soft, with price below the 50-day and 200-day averages. RSI is in a steady zone near 52.4. MACD remains on the bullish side. Volatility is elevated at roughly 38.1%.",No recent matched news was found for this ticker/date.,Relative strength versus the benchmark looked weak. 1-month excess return 4.77%; 3-month excess return -8.10%; 6-month excess return -19.00%.,"Model view: the forward return estimate was mildly positive at about 219.90%. Confidence was not explicitly available for this prediction. Technical state is soft, with price below the 50-day and 200-day averages. RSI is in a steady zone near 52.4. MACD remains on the bullish side. Volatility is elevated at roughly 38.1%. No recent matched news was found for this ticker/date. Relative strength versus the benchmark looked weak. 1-month excess return 4.77%; 3-month excess return -8.10%; 6-month excess return -19.00%."
2022-06-08,CARR,-6.651431765630578,228.99503035708494,,miss,linear_regression,target_5d_return,"Technical state is soft, with price below the 50-day and 200-day averages. MACD remains on the bullish side. Volatility is elevated at roughly 38.6%.",No recent matched news was found for this ticker/date.,Relative strength versus the benchmark looked weak. 1-month excess return 0.00%; 3-month excess return -7.87%; 6-month excess return -18.26%.,"Model view: the forward return estimate was mildly positive at about 229.00%. Confidence was not explicitly available for this prediction. Technical state is soft, with price below the 50-day and 200-day averages. MACD remains on the bullish side. Volatility is elevated at roughly 38.6%. No recent matched news was found for this ticker/date. Relative strength versus the benchmark looked weak. 1-month excess return 0.00%; 3-month excess return -7.87%; 6-month excess return -18.26%."
2022-06-09,CARR,-10.990982781918902,236.36369558386588,,miss,linear_regression,target_5d_return,"Technical state is soft, with price below the 50-day and 200-day averages. MACD remains on the bullish side. Volatility is elevated at roughly 38.6%.",No recent matched news was found for this ticker/date.,Relative strength versus the benchmark looked weak. 1-month excess return 1.38%; 3-month excess return -5.68%; 6-month excess return -16.67%.,"Model view: the forward return estimate was mildly positive at about 236.36%. Confidence was not explicitly available for this prediction. Technical state is soft, with price below the 50-day and 200-day averages. MACD remains on the bullish side. Volatility is elevated at roughly 38.6%. No recent matched news was found for this ticker/date. Relative strength versus the benchmark looked weak. 1-month excess return 1.38%; 3-month excess return -5.68%; 6-month excess return -16.67%."
2022-06-10,CARR,-7.8468138543184125,247.65770531826897,,miss,linear_regression,target_5d_return,"Technical state is soft, with price below the 50-day and 200-day averages. RSI is weak near 38.9. MACD remains on the bullish side. Volatility is elevated at roughly 38.4%.",No recent matched news was found for this ticker/date.,Relative strength versus the benchmark looked weak. 1-month excess return 0.07%; 3-month excess return -6.38%; 6-month excess return -16.87%.,"Model view: the forward return estimate was mildly positive at about 247.66%. Confidence was not explicitly available for this prediction. Technical state is soft, with price below the 50-day and 200-day averages. RSI is weak near 38.9. MACD remains on the bullish side. Volatility is elevated at roughly 38.4%. No recent matched news was found for this ticker/date. Relative strength versus the benchmark looked weak. 1-month excess return 0.07%; 3-month excess return -6.38%; 6-month excess return -16.87%."
2022-06-13,CARR,-4.055914740631438,254.89584353876205,,miss,linear_regression,target_5d_return,"Technical state is soft, with price below the 50-day and 200-day averages. RSI is weak near 35.6. MACD remains on the bearish side. Volatility is elevated at roughly 37.4%.",No recent matched news was found for this ticker/date.,Relative strength versus the benchmark looked weak. 1-month excess return -2.19%; 3-month excess return -4.82%; 6-month excess return -13.84%.,"Model view: the forward return estimate was mildly positive at about 254.90%. Confidence was not explicitly available for this prediction. Technical state is soft, with price below the 50-day and 200-day averages. RSI is weak near 35.6. MACD remains on the bearish side. Volatility is elevated at roughly 37.4%. No recent matched news was found for this ticker/date. Relative strength versus the benchmark looked weak. 1-month excess return -2.19%; 3-month excess return -4.82%; 6-month excess return -13.84%."
2022-06-14,CARR,-3.2276012569183887,265.75177921886836,,miss,linear_regression,target_5d_return,"Technical state is soft, with price below the 50-day and 200-day averages. RSI is weak near 33.6. MACD remains on the bearish side. Volatility is elevated at roughly 37.5%.",No recent matched news was found for this ticker/date.,Relative strength versus the benchmark looked weak. 1-month excess return -3.65%; 3-month excess return -8.20%; 6-month excess return -14.66%.,"Model view: the forward return estimate was mildly positive at about 265.75%. Confidence was not explicitly available for this prediction. Technical state is soft, with price below the 50-day and 200-day averages. RSI is weak near 33.6. MACD remains on the bearish side. Volatility is elevated at roughly 37.5%. No recent matched news was found for this ticker/date. Relative strength versus the benchmark looked weak. 1-month excess return -3.65%; 3-month excess return -8.20%; 6-month excess return -14.66%."
2022-06-15,CARR,-5.303238342842409,275.0256255235818,,miss,linear_regression,target_5d_return,"Technical state is soft, with price below the 50-day and 200-day averages. RSI is weak near 39.1. MACD remains on the bearish side. Volatility is elevated at roughly 38.6%.",No recent matched news was found for this ticker/date.,Relative strength versus the benchmark looked weak. 1-month excess return -2.50%; 3-month excess return -8.58%; 6-month excess return -13.13%.,"Model view: the forward return estimate was mildly positive at about 275.03%. Confidence was not explicitly available for this prediction. Technical state is soft, with price below the 50-day and 200-day averages. RSI is weak near 39.1. MACD remains on the bearish side. Volatility is elevated at roughly 38.6%. No recent matched news was found for this ticker/date. Relative strength versus the benchmark looked weak. 1-month excess return -2.50%; 3-month excess return -8.58%; 6-month excess return -13.13%."
2022-06-16,CARR,4.973965630219279,287.83564683380246,,hit,linear_regression,target_5d_return,"Technical state is soft, with price below the 50-day and 200-day averages. RSI is weak near 31.6. MACD remains on the bearish side. Volatility is elevated at roughly 36.3%.",No recent matched news was found for this ticker/date.,Relative strength versus the benchmark looked weak. 1-month excess return -3.77%; 3-month excess return -9.76%; 6-month excess return -13.32%.,"Model view: the forward return estimate was mildly positive at about 287.84%. Confidence was not explicitly available for this prediction. Technical state is soft, with price below the 50-day and 200-day averages. RSI is weak near 31.6. MACD remains on the bearish side. Volatility is elevated at roughly 36.3%. No recent matched news was found for this ticker/date. Relative strength versus the benchmark looked weak. 1-month excess return -3.77%; 3-month excess return -9.76%; 6-month excess return -13.32%."
2022-06-17,CARR,4.940426534373565,295.63987792400184,,hit,linear_regression,target_5d_return,"Technical state is soft, with price below the 50-day and 200-day averages. RSI is weak near 31.1. MACD remains on the bearish side. Volatility is elevated at roughly 36.2%.",No recent matched news was found for this ticker/date.,Relative strength versus the benchmark looked weak. 1-month excess return -1.68%; 3-month excess return -10.43%; 6-month excess return -14.93%.,"Model view: the forward return estimate was mildly positive at about 295.64%. Confidence was not explicitly available for this prediction. Technical state is soft, with price below the 50-day and 200-day averages. RSI is weak near 31.1. MACD remains on the bearish side. Volatility is elevated at roughly 36.2%. No recent matched news was found for this ticker/date. Relative strength versus the benchmark looked weak. 1-month excess return -1.68%; 3-month excess return -10.43%; 6-month excess return -14.93%."
2022-06-21,CARR,2.799209951206527,305.9575301302544,,hit,linear_regression,target_5d_return,"Technical state is soft, with price below the 50-day and 200-day averages. RSI is weak near 35.0. MACD remains on the bearish side. Volatility is elevated at roughly 36.4%.",No recent matched news was found for this ticker/date.,Relative strength versus the benchmark looked weak. 1-month excess return -3.15%; 3-month excess return -10.73%; 6-month excess return -14.59%.,"Model view: the forward return estimate was mildly positive at about 305.96%. Confidence was not explicitly available for this prediction. Technical state is soft, with price below the 50-day and 200-day averages. RSI is weak near 35.0. MACD remains on the bearish side. Volatility is elevated at roughly 36.4%. No recent matched news was found for this ticker/date. Relative strength versus the benchmark looked weak. 1-month excess return -3.15%; 3-month excess return -10.73%; 6-month excess return -14.59%."
2022-06-22,CARR,2.9039740416313187,317.1680691225907,,hit,linear_regression,target_5d_return,"Technical state is soft, with price below the 50-day and 200-day averages. RSI is weak near 34.2. MACD remains on the bearish side. Volatility is elevated at roughly 36.2%.",No recent matched news was found for this ticker/date.,Relative strength versus the benchmark looked weak. 1-month excess return -4.88%; 3-month excess return -10.08%; 6-month excess return -13.98%.,"Model view: the forward return estimate was mildly positive at about 317.17%. Confidence was not explicitly available for this prediction. Technical state is soft, with price below the 50-day and 200-day averages. RSI is weak near 34.2. MACD remains on the bearish side. Volatility is elevated at roughly 36.2%. No recent matched news was found for this ticker/date. Relative strength versus the benchmark looked weak. 1-month excess return -4.88%; 3-month excess return -10.08%; 6-month excess return -13.98%."
2022-06-23,CARR,2.412407122199811,324.6060951990462,,hit,linear_regression,target_5d_return,"Technical state is soft, with price below the 50-day and 200-day averages. RSI is weak near 34.5. MACD remains on the bearish side. Volatility is elevated at roughly 36.2%.",No recent matched news was found for this ticker/date.,Relative strength versus the benchmark looked weak. 1-month excess return -4.72%; 3-month excess return -10.44%; 6-month excess return -15.22%.,"Model view: the forward return estimate was mildly positive at about 324.61%. Confidence was not explicitly available for this prediction. Technical state is soft, with price below the 50-day and 200-day averages. RSI is weak near 34.5. MACD remains on the bearish side. Volatility is elevated at roughly 36.2%. No recent matched news was found for this ticker/date. Relative strength versus the benchmark looked weak. 1-month excess return -4.72%; 3-month excess return -10.44%; 6-month excess return -15.22%."
2022-06-24,CARR,-0.8264441966000402,330.5925696613406,,miss,linear_regression,target_5d_return,"Technical state is soft, with price below the 50-day and 200-day averages. MACD remains on the bearish side. Volatility is elevated at roughly 39.6%.",No recent matched news was found for this ticker/date.,Relative strength versus the benchmark looked weak. 1-month excess return -3.72%; 3-month excess return -8.33%; 6-month excess return -14.61%.,"Model view: the forward return estimate was mildly positive at about 330.59%. Confidence was not explicitly available for this prediction. Technical state is soft, with price below the 50-day and 200-day averages. MACD remains on the bearish side. Volatility is elevated at roughly 39.6%. No recent matched news was found for this ticker/date. Relative strength versus the benchmark looked weak. 1-month excess return -3.72%; 3-month excess return -8.33%; 6-month excess return -14.61%."
2022-06-27,CARR,-0.11077517267024106,340.17988394716133,,miss,linear_regression,target_5d_return,"Technical state is soft, with price below the 50-day and 200-day averages. MACD remains on the bearish side. Volatility is elevated at roughly 38.0%.",No recent matched news was found for this ticker/date.,Relative strength versus the benchmark looked weak. 1-month excess return -3.90%; 3-month excess return -8.35%; 6-month excess return -14.53%.,"Model view: the forward return estimate was mildly positive at about 340.18%. Confidence was not explicitly available for this prediction. Technical state is soft, with price below the 50-day and 200-day averages. MACD remains on the bearish side. Volatility is elevated at roughly 38.0%. No recent matched news was found for this ticker/date. Relative strength versus the benchmark looked weak. 1-month excess return -3.90%; 3-month excess return -8.35%; 6-month excess return -14.53%."
2022-06-28,CARR,0.527920583073116,347.1511036155537,,hit,linear_regression,target_5d_return,"Technical state is soft, with price below the 50-day and 200-day averages. MACD remains on the bullish side. Volatility is elevated at roughly 36.7%.",No recent matched news was found for this ticker/date.,Relative strength versus the benchmark looked weak. 1-month excess return -2.70%; 3-month excess return -6.99%; 6-month excess return -12.73%.,"Model view: the forward return estimate was mildly positive at about 347.15%. Confidence was not explicitly available for this prediction. Technical state is soft, with price below the 50-day and 200-day averages. MACD remains on the bullish side. Volatility is elevated at roughly 36.7%. No recent matched news was found for this ticker/date. Relative strength versus the benchmark looked weak. 1-month excess return -2.70%; 3-month excess return -6.99%; 6-month excess return -12.73%."
2022-06-29,CARR,1.7043883619654032,354.3353652616326,,hit,linear_regression,target_5d_return,"Technical state is soft, with price below the 50-day and 200-day averages. MACD remains on the bullish side. Volatility is elevated at roughly 36.1%.",No recent matched news was found for this ticker/date.,Relative strength versus the benchmark looked weak. 1-month excess return -2.61%; 3-month excess return -7.97%; 6-month excess return -12.82%.,"Model view: the forward return estimate was mildly positive at about 354.34%. Confidence was not explicitly available for this prediction. Technical state is soft, with price below the 50-day and 200-day averages. MACD remains on the bullish side. Volatility is elevated at roughly 36.1%. No recent matched news was found for this ticker/date. Relative strength versus the benchmark looked weak. 1-month excess return -2.61%; 3-month excess return -7.97%; 6-month excess return -12.82%."
2022-06-30,CARR,1.1497471934001302,361.6123923528938,,hit,linear_regression,target_5d_return,"Technical state is soft, with price below the 50-day and 200-day averages. MACD remains on the bullish side. Volatility is elevated at roughly 36.0%.",No recent matched news was found for this ticker/date.,Relative strength versus the benchmark looked weak. 1-month excess return -0.65%; 3-month excess return -7.30%; 6-month excess return -12.66%.,"Model view: the forward return estimate was mildly positive at about 361.61%. Confidence was not explicitly available for this prediction. Technical state is soft, with price below the 50-day and 200-day averages. MACD remains on the bullish side. Volatility is elevated at roughly 36.0%. No recent matched news was found for this ticker/date. Relative strength versus the benchmark looked weak. 1-month excess return -0.65%; 3-month excess return -7.30%; 6-month excess return -12.66%."
2022-07-01,CARR,1.472218831380201,368.3015855395577,,hit,linear_regression,target_5d_return,"Technical state is soft, with price below the 50-day and 200-day averages. MACD remains on the bullish side. Volatility is elevated at roughly 34.2%.",No recent matched news was found for this ticker/date.,Relative strength versus the benchmark looked weak. 1-month excess return -0.63%; 3-month excess return -5.93%; 6-month excess return -12.82%.,"Model view: the forward return estimate was mildly positive at about 368.30%. Confidence was not explicitly available for this prediction. Technical state is soft, with price below the 50-day and 200-day averages. MACD remains on the bullish side. Volatility is elevated at roughly 34.2%. No recent matched news was found for this ticker/date. Relative strength versus the benchmark looked weak. 1-month excess return -0.63%; 3-month excess return -5.93%; 6-month excess return -12.82%."
2022-07-05,CARR,0.16634703021531916,376.0341560060538,,hit,linear_regression,target_5d_return,"Technical state is soft, with price below the 50-day and 200-day averages. MACD remains on the bullish side. Volatility is elevated at roughly 34.2%.",No recent matched news was found for this ticker/date.,Relative strength versus the benchmark looked weak. 1-month excess return -1.51%; 3-month excess return -5.98%; 6-month excess return -13.91%.,"Model view: the forward return estimate was mildly positive at about 376.03%. Confidence was not explicitly available for this prediction. Technical state is soft, with price below the 50-day and 200-day averages. MACD remains on the bullish side. Volatility is elevated at roughly 34.2%. No recent matched news was found for this ticker/date. Relative strength versus the benchmark looked weak. 1-month excess return -1.51%; 3-month excess return -5.98%; 6-month excess return -13.91%."
2022-07-06,CARR,-1.2437831927687326,383.66399630054605,,miss,linear_regression,target_5d_return,"Technical state is soft, with price below the 50-day and 200-day averages. MACD remains on the bullish side. Volatility is elevated at roughly 34.3%.",No recent matched news was found for this ticker/date.,Relative strength versus the benchmark looked weak. 1-month excess return -1.96%; 3-month excess return -3.96%; 6-month excess return -11.32%.,"Model view: the forward return estimate was mildly positive at about 383.66%. Confidence was not explicitly available for this prediction. Technical state is soft, with price below the 50-day and 200-day averages. MACD remains on the bullish side. Volatility is elevated at roughly 34.3%. No recent matched news was found for this ticker/date. Relative strength versus the benchmark looked weak. 1-month excess return -1.96%; 3-month excess return -3.96%; 6-month excess return -11.32%."
2022-07-07,CARR,-2.170332094534899,390.0712920759357,,miss,linear_regression,target_5d_return,"Technical state is soft, with price below the 50-day and 200-day averages. MACD remains on the bullish side. Volatility is elevated at roughly 34.1%.",No recent matched news was found for this ticker/date.,Relative strength versus the benchmark looked weak. 1-month excess return -2.47%; 3-month excess return -4.49%; 6-month excess return -13.79%.,"Model view: the forward return estimate was mildly positive at about 390.07%. Confidence was not explicitly available for this prediction. Technical state is soft, with price below the 50-day and 200-day averages. MACD remains on the bullish side. Volatility is elevated at roughly 34.1%. No recent matched news was found for this ticker/date. Relative strength versus the benchmark looked weak. 1-month excess return -2.47%; 3-month excess return -4.49%; 6-month excess return -13.79%."
2022-07-08,CARR,-0.1940662473425614,397.8638015595397,,miss,linear_regression,target_5d_return,"Technical state is soft, with price below the 50-day and 200-day averages. MACD remains on the bullish side. Volatility is elevated at roughly 33.9%.",No recent matched news was found for this ticker/date.,Relative strength versus the benchmark looked weak. 1-month excess return -3.29%; 3-month excess return -4.84%; 6-month excess return -14.09%.,"Model view: the forward return estimate was mildly positive at about 397.86%. Confidence was not explicitly available for this prediction. Technical state is soft, with price below the 50-day and 200-day averages. MACD remains on the bullish side. Volatility is elevated at roughly 33.9%. No recent matched news was found for this ticker/date. Relative strength versus the benchmark looked weak. 1-month excess return -3.29%; 3-month excess return -4.84%; 6-month excess return -14.09%."
2022-07-11,CARR,-2.6827253626729775,402.6562408541097,,miss,linear_regression,target_5d_return,"Technical state is soft, with price below the 50-day and 200-day averages. MACD remains on the bullish side. Volatility is elevated at roughly 34.2%.",No recent matched news was found for this ticker/date.,Relative strength versus the benchmark looked weak. 1-month excess return -0.72%; 3-month excess return -2.02%; 6-month excess return -13.86%.,"Model view: the forward return estimate was mildly positive at about 402.66%. Confidence was not explicitly available for this prediction. Technical state is soft, with price below the 50-day and 200-day averages. MACD remains on the bullish side. Volatility is elevated at roughly 34.2%. No recent matched news was found for this ticker/date. Relative strength versus the benchmark looked weak. 1-month excess return -0.72%; 3-month excess return -2.02%; 6-month excess return -13.86%."
2022-07-12,CARR,2.8784862166745917,410.82397885055593,,hit,linear_regression,target_5d_return,"Technical state is soft, with price below the 50-day and 200-day averages. MACD remains on the bullish side. Volatility is elevated at roughly 31.6%.",No recent matched news was found for this ticker/date.,Relative strength versus the benchmark looked weak. 1-month excess return -1.82%; 3-month excess return -1.76%; 6-month excess return -11.97%.,"Model view: the forward return estimate was mildly positive at about 410.82%. Confidence was not explicitly available for this prediction. Technical state is soft, with price below the 50-day and 200-day averages. MACD remains on the bullish side. Volatility is elevated at roughly 31.6%. No recent matched news was found for this ticker/date. Relative strength versus the benchmark looked weak. 1-month excess return -1.82%; 3-month excess return -1.76%; 6-month excess return -11.97%."
2022-07-13,CARR,4.645955411921654,417.83415037406934,,hit,linear_regression,target_5d_return,"Technical state is soft, with price below the 50-day and 200-day averages. MACD remains on the bullish side. Volatility is elevated at roughly 30.9%.",No recent matched news was found for this ticker/date.,Relative strength versus the benchmark looked weak. 1-month excess return -1.55%; 3-month excess return -1.95%; 6-month excess return -13.10%.,"Model view: the forward return estimate was mildly positive at about 417.83%. Confidence was not explicitly available for this prediction. Technical state is soft, with price below the 50-day and 200-day averages. MACD remains on the bullish side. Volatility is elevated at roughly 30.9%. No recent matched news was found for this ticker/date. Relative strength versus the benchmark looked weak. 1-month excess return -1.55%; 3-month excess return -1.95%; 6-month excess return -13.10%."
2022-07-14,CARR,7.469811294074691,425.07995736267804,,hit,linear_regression,target_5d_return,"Technical state is soft, with price below the 50-day and 200-day averages. MACD remains on the bullish side. Volatility is elevated at roughly 30.4%.",No recent matched news was found for this ticker/date.,Relative strength versus the benchmark looked weak. 1-month excess return -3.28%; 3-month excess return -1.00%; 6-month excess return -12.69%.,"Model view: the forward return estimate was mildly positive at about 425.08%. Confidence was not explicitly available for this prediction. Technical state is soft, with price below the 50-day and 200-day averages. MACD remains on the bullish side. Volatility is elevated at roughly 30.4%. No recent matched news was found for this ticker/date. Relative strength versus the benchmark looked weak. 1-month excess return -3.28%; 3-month excess return -1.00%; 6-month excess return -12.69%."
2022-07-15,CARR,6.944444444444442,431.1628026045769,,hit,linear_regression,target_5d_return,"Technical state is soft, with price below the 50-day and 200-day averages. MACD remains on the bullish side.",No recent matched news was found for this ticker/date.,Relative strength versus the benchmark looked weak. 1-month excess return -2.86%; 3-month excess return -1.39%; 6-month excess return -13.82%.,"Model view: the forward return estimate was mildly positive at about 431.16%. Confidence was not explicitly available for this prediction. Technical state is soft, with price below the 50-day and 200-day averages. MACD remains on the bullish side. No recent matched news was found for this ticker/date. Relative strength versus the benchmark looked weak. 1-month excess return -2.86%; 3-month excess return -1.39%; 6-month excess return -13.82%."
2022-07-18,CARR,7.538678938653542,438.39766720828857,,hit,linear_regression,target_5d_return,"Technical state is soft, with price below the 50-day and 200-day averages. MACD remains on the bullish side.",No recent matched news was found for this ticker/date.,Relative strength versus the benchmark looked weak. 1-month excess return -4.05%; 3-month excess return -1.10%; 6-month excess return -14.10%.,"Model view: the forward return estimate was mildly positive at about 438.40%. Confidence was not explicitly available for this prediction. Technical state is soft, with price below the 50-day and 200-day averages. MACD remains on the bullish side. No recent matched news was found for this ticker/date. Relative strength versus the benchmark looked weak. 1-month excess return -4.05%; 3-month excess return -1.10%; 6-month excess return -14.10%."
2022-07-19,CARR,2.4751197981258466,447.67456199709187,,hit,linear_regression,target_5d_return,"Technical state is soft, with price below the 50-day and 200-day averages. RSI is in a steady zone near 55.0. MACD remains on the bullish side.",No recent matched news was found for this ticker/date.,Relative strength versus the benchmark looked mixed. 1-month excess return 0.51%; 3-month excess return 0.45%; 6-month excess return -11.67%.,"Model view: the forward return estimate was mildly positive at about 447.67%. Confidence was not explicitly available for this prediction. Technical state is soft, with price below the 50-day and 200-day averages. RSI is in a steady zone near 55.0. MACD remains on the bullish side. No recent matched news was found for this ticker/date. Relative strength versus the benchmark looked mixed. 1-month excess return 0.51%; 3-month excess return 0.45%; 6-month excess return -11.67%."
2022-07-20,CARR,5.750204763239819,452.7764089422514,,hit,linear_regression,target_5d_return,"Technical state is mixed, with price not fully aligned across the major moving averages. RSI is in a steady zone near 56.4. MACD remains on the bullish side.",No recent matched news was found for this ticker/date.,Relative strength versus the benchmark looked weak. 1-month excess return 1.27%; 3-month excess return -0.75%; 6-month excess return -11.16%.,"Model view: the forward return estimate was mildly positive at about 452.78%. Confidence was not explicitly available for this prediction. Technical state is mixed, with price not fully aligned across the major moving averages. RSI is in a steady zone near 56.4. MACD remains on the bullish side. No recent matched news was found for this ticker/date. Relative strength versus the benchmark looked weak. 1-month excess return 1.27%; 3-month excess return -0.75%; 6-month excess return -11.16%."
2022-07-21,CARR,3.161743062449296,457.8717059467834,,hit,linear_regression,target_5d_return,"Technical state is mixed, with price not fully aligned across the major moving averages. RSI is in a steady zone near 61.6. MACD remains on the bullish side.",No recent matched news was found for this ticker/date.,Relative strength versus the benchmark looked weak. 1-month excess return 3.43%; 3-month excess return -1.62%; 6-month excess return -9.83%.,"Model view: the forward return estimate was mildly positive at about 457.87%. Confidence was not explicitly available for this prediction. Technical state is mixed, with price not fully aligned across the major moving averages. RSI is in a steady zone near 61.6. MACD remains on the bullish side. No recent matched news was found for this ticker/date. Relative strength versus the benchmark looked weak. 1-month excess return 3.43%; 3-month excess return -1.62%; 6-month excess return -9.83%."
2022-07-22,CARR,5.2727241020698035,463.3679220070826,,hit,linear_regression,target_5d_return,"Technical state is mixed, with price not fully aligned across the major moving averages. RSI is in a steady zone near 62.9. MACD remains on the bullish side.",No recent matched news was found for this ticker/date.,Relative strength versus the benchmark looked weak. 1-month excess return 5.56%; 3-month excess return -0.30%; 6-month excess return -8.28%.,"Model view: the forward return estimate was mildly positive at about 463.37%. Confidence was not explicitly available for this prediction. Technical state is mixed, with price not fully aligned across the major moving averages. RSI is in a steady zone near 62.9. MACD remains on the bullish side. No recent matched news was found for this ticker/date. Relative strength versus the benchmark looked weak. 1-month excess return 5.56%; 3-month excess return -0.30%; 6-month excess return -8.28%."
2022-07-25,CARR,6.120847974383747,469.3242055212724,,hit,linear_regression,target_5d_return,"Technical state is mixed, with price not fully aligned across the major moving averages. RSI is in a steady zone near 60.4. MACD remains on the bullish side.",No recent matched news was found for this ticker/date.,Relative strength versus the benchmark looked weak. 1-month excess return 5.65%; 3-month excess return -1.09%; 6-month excess return -10.32%.,"Model view: the forward return estimate was mildly positive at about 469.32%. Confidence was not explicitly available for this prediction. Technical state is mixed, with price not fully aligned across the major moving averages. RSI is in a steady zone near 60.4. MACD remains on the bullish side. No recent matched news was found for this ticker/date. Relative strength versus the benchmark looked weak. 1-month excess return 5.65%; 3-month excess return -1.09%; 6-month excess return -10.32%."
2022-07-26,CARR,6.090836664558519,475.2247738198055,,hit,linear_regression,target_5d_return,"Technical state is mixed, with price not fully aligned across the major moving averages. RSI is in a steady zone near 59.1. MACD remains on the bullish side.",No recent matched news was found for this ticker/date.,Relative strength versus the benchmark looked weak. 1-month excess return 5.14%; 3-month excess return -0.45%; 6-month excess return -8.92%.,"Model view: the forward return estimate was mildly positive at about 475.22%. Confidence was not explicitly available for this prediction. Technical state is mixed, with price not fully aligned across the major moving averages. RSI is in a steady zone near 59.1. MACD remains on the bullish side. No recent matched news was found for this ticker/date. Relative strength versus the benchmark looked weak. 1-month excess return 5.14%; 3-month excess return -0.45%; 6-month excess return -8.92%."
2022-07-27,CARR,3.085476423261202,480.7211577276592,,hit,linear_regression,target_5d_return,"Technical state is mixed, with price not fully aligned across the major moving averages. MACD remains on the bullish side.",No recent matched news was found for this ticker/date.,Relative strength versus the benchmark looked mixed. 1-month excess return 6.71%; 3-month excess return 2.35%; 6-month excess return -8.54%.,"Model view: the forward return estimate was mildly positive at about 480.72%. Confidence was not explicitly available for this prediction. Technical state is mixed, with price not fully aligned across the major moving averages. MACD remains on the bullish side. No recent matched news was found for this ticker/date. Relative strength versus the benchmark looked mixed. 1-month excess return 6.71%; 3-month excess return 2.35%; 6-month excess return -8.54%."
2022-07-28,CARR,5.901727097443388,487.8883558043906,,hit,linear_regression,target_5d_return,"Technical state is mixed, with price not fully aligned across the major moving averages. MACD remains on the bullish side.",No recent matched news was found for this ticker/date.,Relative strength versus the benchmark looked mixed. 1-month excess return 3.31%; 3-month excess return 0.72%; 6-month excess return -9.07%.,"Model view: the forward return estimate was mildly positive at about 487.89%. Confidence was not explicitly available for this prediction. Technical state is mixed, with price not fully aligned across the major moving averages. MACD remains on the bullish side. No recent matched news was found for this ticker/date. Relative strength versus the benchmark looked mixed. 1-month excess return 3.31%; 3-month excess return 0.72%; 6-month excess return -9.07%."
2022-07-29,CARR,3.3308717727076553,488.9578704962289,,hit,linear_regression,target_5d_return,"Technical state is mixed, with price not fully aligned across the major moving averages. RSI is elevated near 71.1, so chasing strength may add risk. MACD remains on the bullish side.",No recent matched news was found for this ticker/date.,Relative strength versus the benchmark looked mixed. 1-month excess return 4.91%; 3-month excess return 6.49%; 6-month excess return -7.59%.,"Model view: the forward return estimate was mildly positive at about 488.96%. Confidence was not explicitly available for this prediction. Technical state is mixed, with price not fully aligned across the major moving averages. RSI is elevated near 71.1, so chasing strength may add risk. MACD remains on the bullish side. No recent matched news was found for this ticker/date. Relative strength versus the benchmark looked mixed. 1-month excess return 4.91%; 3-month excess return 6.49%; 6-month excess return -7.59%."
2022-08-01,CARR,3.3768768602173482,493.89209685931206,,hit,linear_regression,target_5d_return,"Technical state is mixed, with price not fully aligned across the major moving averages. RSI is elevated near 71.3, so chasing strength may add risk. MACD remains on the bullish side.",No recent matched news was found for this ticker/date.,Relative strength versus the benchmark looked mixed. 1-month excess return 4.90%; 3-month excess return 6.29%; 6-month excess return -5.62%.,"Model view: the forward return estimate was mildly positive at about 493.89%. Confidence was not explicitly available for this prediction. Technical state is mixed, with price not fully aligned across the major moving averages. RSI is elevated near 71.3, so chasing strength may add risk. MACD remains on the bullish side. No recent matched news was found for this ticker/date. Relative strength versus the benchmark looked mixed. 1-month excess return 4.90%; 3-month excess return 6.29%; 6-month excess return -5.62%."
2022-08-02,CARR,3.3407534749286816,498.10612354351946,,hit,linear_regression,target_5d_return,"Technical state is mixed, with price not fully aligned across the major moving averages. MACD remains on the bullish side.",No recent matched news was found for this ticker/date.,Relative strength versus the benchmark looked mixed. 1-month excess return 5.18%; 3-month excess return 6.23%; 6-month excess return -5.95%.,"Model view: the forward return estimate was mildly positive at about 498.11%. Confidence was not explicitly available for this prediction. Technical state is mixed, with price not fully aligned across the major moving averages. MACD remains on the bullish side. No recent matched news was found for this ticker/date. Relative strength versus the benchmark looked mixed. 1-month excess return 5.18%; 3-month excess return 6.23%; 6-month excess return -5.95%."
2022-08-03,CARR,5.152115739192609,502.5557345991204,,hit,linear_regression,target_5d_return,"Technical state is mixed, with price not fully aligned across the major moving averages. RSI is elevated near 71.2, so chasing strength may add risk. MACD remains on the bullish side.",No recent matched news was found for this ticker/date.,Relative strength versus the benchmark looked mixed. 1-month excess return 4.45%; 3-month excess return 6.63%; 6-month excess return -4.89%.,"Model view: the forward return estimate was mildly positive at about 502.56%. Confidence was not explicitly available for this prediction. Technical state is mixed, with price not fully aligned across the major moving averages. RSI is elevated near 71.2, so chasing strength may add risk. MACD remains on the bullish side. No recent matched news was found for this ticker/date. Relative strength versus the benchmark looked mixed. 1-month excess return 4.45%; 3-month excess return 6.63%; 6-month excess return -4.89%."
2022-08-04,CARR,2.9657924492718646,505.9457546333408,,hit,linear_regression,target_5d_return,"Technical state is mixed, with price not fully aligned across the major moving averages. RSI is elevated near 75.5, so chasing strength may add risk. MACD remains on the bullish side.",No recent matched news was found for this ticker/date.,Relative strength versus the benchmark looked mixed. 1-month excess return 7.49%; 3-month excess return 9.53%; 6-month excess return -2.58%.,"Model view: the forward return estimate was mildly positive at about 505.95%. Confidence was not explicitly available for this prediction. Technical state is mixed, with price not fully aligned across the major moving averages. RSI is elevated near 75.5, so chasing strength may add risk. MACD remains on the bullish side. No recent matched news was found for this ticker/date. Relative strength versus the benchmark looked mixed. 1-month excess return 7.49%; 3-month excess return 9.53%; 6-month excess return -2.58%."
2022-08-05,CARR,4.990449138691844,510.3523175502319,,hit,linear_regression,target_5d_return,"Technical state is mixed, with price not fully aligned across the major moving averages. RSI is elevated near 75.7, so chasing strength may add risk. MACD remains on the bullish side.",No recent matched news was found for this ticker/date.,Relative strength versus the benchmark looked mixed. 1-month excess return 8.77%; 3-month excess return 10.46%; 6-month excess return -1.97%.,"Model view: the forward return estimate was mildly positive at about 510.35%. Confidence was not explicitly available for this prediction. Technical state is mixed, with price not fully aligned across the major moving averages. RSI is elevated near 75.7, so chasing strength may add risk. MACD remains on the bullish side. No recent matched news was found for this ticker/date. Relative strength versus the benchmark looked mixed. 1-month excess return 8.77%; 3-month excess return 10.46%; 6-month excess return -1.97%."
2022-08-08,CARR,5.889368864046962,515.5170169404938,,hit,linear_regression,target_5d_return,"Technical state is mixed, with price not fully aligned across the major moving averages. RSI is elevated near 75.9, so chasing strength may add risk. MACD remains on the bullish side.",No recent matched news was found for this ticker/date.,Relative strength versus the benchmark looked mixed. 1-month excess return 10.02%; 3-month excess return 10.60%; 6-month excess return -0.54%.,"Model view: the forward return estimate was mildly positive at about 515.52%. Confidence was not explicitly available for this prediction. Technical state is mixed, with price not fully aligned across the major moving averages. RSI is elevated near 75.9, so chasing strength may add risk. MACD remains on the bullish side. No recent matched news was found for this ticker/date. Relative strength versus the benchmark looked mixed. 1-month excess return 10.02%; 3-month excess return 10.60%; 6-month excess return -0.54%."
2022-08-09,CARR,6.297895531186115,522.4265440070337,,hit,linear_regression,target_5d_return,"Technical state is mixed, with price not fully aligned across the major moving averages. RSI is elevated near 73.7, so chasing strength may add risk. MACD remains on the bullish side.",No recent matched news was found for this ticker/date.,Relative strength versus the benchmark looked mixed. 1-month excess return 7.27%; 3-month excess return 6.17%; 6-month excess return -0.63%.,"Model view: the forward return estimate was mildly positive at about 522.43%. Confidence was not explicitly available for this prediction. Technical state is mixed, with price not fully aligned across the major moving averages. RSI is elevated near 73.7, so chasing strength may add risk. MACD remains on the bullish side. No recent matched news was found for this ticker/date. Relative strength versus the benchmark looked mixed. 1-month excess return 7.27%; 3-month excess return 6.17%; 6-month excess return -0.63%."
2022-08-10,CARR,2.9631368167944983,525.6107390118107,,hit,linear_regression,target_5d_return,"Technical state is mixed, with price not fully aligned across the major moving averages. RSI is elevated near 78.0, so chasing strength may add risk. MACD remains on the bullish side.",No recent matched news was found for this ticker/date.,Relative strength versus the benchmark looked mixed. 1-month excess return 8.32%; 3-month excess return 7.28%; 6-month excess return -0.09%.,"Model view: the forward return estimate was mildly positive at about 525.61%. Confidence was not explicitly available for this prediction. Technical state is mixed, with price not fully aligned across the major moving averages. RSI is elevated near 78.0, so chasing strength may add risk. MACD remains on the bullish side. No recent matched news was found for this ticker/date. Relative strength versus the benchmark looked mixed. 1-month excess return 8.32%; 3-month excess return 7.28%; 6-month excess return -0.09%."
2022-08-11,CARR,2.903600516034177,529.5408028459236,,hit,linear_regression,target_5d_return,"Technical state is mixed, with price not fully aligned across the major moving averages. RSI is elevated near 78.7, so chasing strength may add risk. MACD remains on the bullish side.",No recent matched news was found for this ticker/date.,Relative strength versus the benchmark looked mixed. 1-month excess return 9.66%; 3-month excess return 7.56%; 6-month excess return -2.07%.,"Model view: the forward return estimate was mildly positive at about 529.54%. Confidence was not explicitly available for this prediction. Technical state is mixed, with price not fully aligned across the major moving averages. RSI is elevated near 78.7, so chasing strength may add risk. MACD remains on the bullish side. No recent matched news was found for this ticker/date. Relative strength versus the benchmark looked mixed. 1-month excess return 9.66%; 3-month excess return 7.56%; 6-month excess return -2.07%."
2022-08-12,CARR,-3.3886778191974054,533.7326530737718,,miss,linear_regression,target_5d_return,"Technical state is mixed, with price not fully aligned across the major moving averages. RSI is elevated near 81.5, so chasing strength may add risk. MACD remains on the bullish side.",No recent matched news was found for this ticker/date.,Relative strength versus the benchmark looked mixed. 1-month excess return 10.46%; 3-month excess return 3.58%; 6-month excess return -1.78%.,"Model view: the forward return estimate was mildly positive at about 533.73%. Confidence was not explicitly available for this prediction. Technical state is mixed, with price not fully aligned across the major moving averages. RSI is elevated near 81.5, so chasing strength may add risk. MACD remains on the bullish side. No recent matched news was found for this ticker/date. Relative strength versus the benchmark looked mixed. 1-month excess return 10.46%; 3-month excess return 3.58%; 6-month excess return -1.78%."
2022-08-15,CARR,-6.282370918967528,539.6439807426399,,miss,linear_regression,target_5d_return,"Technical state is mixed, with price not fully aligned across the major moving averages. RSI is elevated near 82.7, so chasing strength may add risk. MACD remains on the bullish side.",No recent matched news was found for this ticker/date.,Relative strength versus the benchmark looked favorable. 1-month excess return 11.97%; 3-month excess return 3.68%; 6-month excess return 0.22%.,"Model view: the forward return estimate was mildly positive at about 539.64%. Confidence was not explicitly available for this prediction. Technical state is mixed, with price not fully aligned across the major moving averages. RSI is elevated near 82.7, so chasing strength may add risk. MACD remains on the bullish side. No recent matched news was found for this ticker/date. Relative strength versus the benchmark looked favorable. 1-month excess return 11.97%; 3-month excess return 3.68%; 6-month excess return 0.22%."
2022-08-16,CARR,-6.600586495748062,543.5209125990551,,miss,linear_regression,target_5d_return,"Technical state is mixed, with price not fully aligned across the major moving averages. RSI is elevated near 82.4, so chasing strength may add risk. MACD remains on the bullish side.",No recent matched news was found for this ticker/date.,Relative strength versus the benchmark looked favorable. 1-month excess return 12.35%; 3-month excess return 3.97%; 6-month excess return 1.23%.,"Model view: the forward return estimate was mildly positive at about 543.52%. Confidence was not explicitly available for this prediction. Technical state is mixed, with price not fully aligned across the major moving averages. RSI is elevated near 82.4, so chasing strength may add risk. MACD remains on the bullish side. No recent matched news was found for this ticker/date. Relative strength versus the benchmark looked favorable. 1-month excess return 12.35%; 3-month excess return 3.97%; 6-month excess return 1.23%."
2022-08-17,CARR,-5.597102109493823,546.0990723737738,,miss,linear_regression,target_5d_return,"Technical state is mixed, with price not fully aligned across the major moving averages. RSI is elevated near 79.0, so chasing strength may add risk. MACD remains on the bullish side.",No recent matched news was found for this ticker/date.,Relative strength versus the benchmark looked favorable. 1-month excess return 9.93%; 3-month excess return 5.26%; 6-month excess return 0.79%.,"Model view: the forward return estimate was mildly positive at about 546.10%. Confidence was not explicitly available for this prediction. Technical state is mixed, with price not fully aligned across the major moving averages. RSI is elevated near 79.0, so chasing strength may add risk. MACD remains on the bullish side. No recent matched news was found for this ticker/date. Relative strength versus the benchmark looked favorable. 1-month excess return 9.93%; 3-month excess return 5.26%; 6-month excess return 0.79%."
2022-08-18,CARR,-5.214441531324566,547.7728892212716,,miss,linear_regression,target_5d_return,"Technical state is mixed, with price not fully aligned across the major moving averages. RSI is elevated near 79.6, so chasing strength may add risk. MACD remains on the bullish side.",No recent matched news was found for this ticker/date.,Relative strength versus the benchmark looked favorable. 1-month excess return 10.04%; 3-month excess return 9.36%; 6-month excess return 1.19%.,"Model view: the forward return estimate was mildly positive at about 547.77%. Confidence was not explicitly available for this prediction. Technical state is mixed, with price not fully aligned across the major moving averages. RSI is elevated near 79.6, so chasing strength may add risk. MACD remains on the bullish side. No recent matched news was found for this ticker/date. Relative strength versus the benchmark looked favorable. 1-month excess return 10.04%; 3-month excess return 9.36%; 6-month excess return 1.19%."
2022-08-19,CARR,-5.273064707880659,555.5422793956895,,miss,linear_regression,target_5d_return,"Technical state is mixed, with price not fully aligned across the major moving averages. RSI is in a steady zone near 59.7. MACD remains on the bullish side.",No recent matched news was found for this ticker/date.,Relative strength versus the benchmark looked mixed. 1-month excess return 5.13%; 3-month excess return 5.12%; 6-month excess return -1.29%.,"Model view: the forward return estimate was mildly positive at about 555.54%. Confidence was not explicitly available for this prediction. Technical state is mixed, with price not fully aligned across the major moving averages. RSI is in a steady zone near 59.7. MACD remains on the bullish side. No recent matched news was found for this ticker/date. Relative strength versus the benchmark looked mixed. 1-month excess return 5.13%; 3-month excess return 5.12%; 6-month excess return -1.29%."
2022-08-22,CARR,-4.517052622934392,560.8277678601092,,miss,linear_regression,target_5d_return,"Technical state is mixed, with price not fully aligned across the major moving averages. RSI is in a steady zone near 52.9. MACD remains on the bearish side.",No recent matched news was found for this ticker/date.,Relative strength versus the benchmark looked mixed. 1-month excess return 3.51%; 3-month excess return 3.52%; 6-month excess return -0.73%.,"Model view: the forward return estimate was mildly positive at about 560.83%. Confidence was not explicitly available for this prediction. Technical state is mixed, with price not fully aligned across the major moving averages. RSI is in a steady zone near 52.9. MACD remains on the bearish side. No recent matched news was found for this ticker/date. Relative strength versus the benchmark looked mixed. 1-month excess return 3.51%; 3-month excess return 3.52%; 6-month excess return -0.73%."
2022-08-23,CARR,-5.1857157710040624,564.5605987716074,,miss,linear_regression,target_5d_return,"Technical state is mixed, with price not fully aligned across the major moving averages. RSI is in a steady zone near 51.8. MACD remains on the bearish side.",No recent matched news was found for this ticker/date.,Relative strength versus the benchmark looked mixed. 1-month excess return 4.21%; 3-month excess return 4.43%; 6-month excess return -4.44%.,"Model view: the forward return estimate was mildly positive at about 564.56%. Confidence was not explicitly available for this prediction. Technical state is mixed, with price not fully aligned across the major moving averages. RSI is in a steady zone near 51.8. MACD remains on the bearish side. No recent matched news was found for this ticker/date. Relative strength versus the benchmark looked mixed. 1-month excess return 4.21%; 3-month excess return 4.43%; 6-month excess return -4.44%."
2022-08-24,CARR,-6.096977736031183,570.2807653503938,,miss,linear_regression,target_5d_return,"Technical state is mixed, with price not fully aligned across the major moving averages. RSI is in a steady zone near 53.2. MACD remains on the bearish side.",No recent matched news was found for this ticker/date.,Relative strength versus the benchmark looked mixed. 1-month excess return 3.54%; 3-month excess return 4.83%; 6-month excess return -3.01%.,"Model view: the forward return estimate was mildly positive at about 570.28%. Confidence was not explicitly available for this prediction. Technical state is mixed, with price not fully aligned across the major moving averages. RSI is in a steady zone near 53.2. MACD remains on the bearish side. No recent matched news was found for this ticker/date. Relative strength versus the benchmark looked mixed. 1-month excess return 3.54%; 3-month excess return 4.83%; 6-month excess return -3.01%."
2022-08-25,CARR,-5.23934430816575,574.8600290673904,,miss,linear_regression,target_5d_return,"Technical state is mixed, with price not fully aligned across the major moving averages. RSI is in a steady zone near 55.5. MACD remains on the bearish side.",No recent matched news was found for this ticker/date.,Relative strength versus the benchmark looked mixed. 1-month excess return 1.57%; 3-month excess return 4.04%; 6-month excess return -4.04%.,"Model view: the forward return estimate was mildly positive at about 574.86%. Confidence was not explicitly available for this prediction. Technical state is mixed, with price not fully aligned across the major moving averages. RSI is in a steady zone near 55.5. MACD remains on the bearish side. No recent matched news was found for this ticker/date. Relative strength versus the benchmark looked mixed. 1-month excess return 1.57%; 3-month excess return 4.04%; 6-month excess return -4.04%."
2022-08-26,CARR,-1.640158598117769,585.0827933357784,,miss,linear_regression,target_5d_return,"Technical state is mixed, with price not fully aligned across the major moving averages. MACD remains on the bearish side.",No recent matched news was found for this ticker/date.,Relative strength versus the benchmark looked mixed. 1-month excess return 2.14%; 3-month excess return 2.30%; 6-month excess return -3.61%.,"Model view: the forward return estimate was mildly positive at about 585.08%. Confidence was not explicitly available for this prediction. Technical state is mixed, with price not fully aligned across the major moving averages. MACD remains on the bearish side. No recent matched news was found for this ticker/date. Relative strength versus the benchmark looked mixed. 1-month excess return 2.14%; 3-month excess return 2.30%; 6-month excess return -3.61%."
2022-08-29,CARR,1.409153334025115,589.6860496502038,,hit,linear_regression,target_5d_return,"Technical state is mixed, with price not fully aligned across the major moving averages. MACD remains on the bearish side.",No recent matched news was found for this ticker/date.,Relative strength versus the benchmark looked mixed. 1-month excess return 0.36%; 3-month excess return 1.86%; 6-month excess return -3.65%.,"Model view: the forward return estimate was mildly positive at about 589.69%. Confidence was not explicitly available for this prediction. Technical state is mixed, with price not fully aligned across the major moving averages. MACD remains on the bearish side. No recent matched news was found for this ticker/date. Relative strength versus the benchmark looked mixed. 1-month excess return 0.36%; 3-month excess return 1.86%; 6-month excess return -3.65%."
2022-08-30,CARR,5.571097812774362,593.8646581438327,,hit,linear_regression,target_5d_return,"Technical state is mixed, with price not fully aligned across the major moving averages. RSI is weak near 38.4. MACD remains on the bearish side.",No recent matched news was found for this ticker/date.,Relative strength versus the benchmark looked weak. 1-month excess return -0.03%; 3-month excess return 3.60%; 6-month excess return -2.67%.,"Model view: the forward return estimate was mildly positive at about 593.86%. Confidence was not explicitly available for this prediction. Technical state is mixed, with price not fully aligned across the major moving averages. RSI is weak near 38.4. MACD remains on the bearish side. No recent matched news was found for this ticker/date. Relative strength versus the benchmark looked weak. 1-month excess return -0.03%; 3-month excess return 3.60%; 6-month excess return -2.67%."
2022-08-31,CARR,7.668711865824851,602.3231919255223,,hit,linear_regression,target_5d_return,"Technical state is soft, with price below the 50-day and 200-day averages. RSI is weak near 37.4. MACD remains on the bearish side.",No recent matched news was found for this ticker/date.,Relative strength versus the benchmark looked mixed. 1-month excess return 0.02%; 3-month excess return 4.01%; 6-month excess return -3.09%.,"Model view: the forward return estimate was mildly positive at about 602.32%. Confidence was not explicitly available for this prediction. Technical state is soft, with price below the 50-day and 200-day averages. RSI is weak near 37.4. MACD remains on the bearish side. No recent matched news was found for this ticker/date. Relative strength versus the benchmark looked mixed. 1-month excess return 0.02%; 3-month excess return 4.01%; 6-month excess return -3.09%."
2022-09-01,CARR,5.981395322082572,606.6657987020989,,hit,linear_regression,target_5d_return,"Technical state is mixed, with price not fully aligned across the major moving averages. MACD remains on the bearish side.",No recent matched news was found for this ticker/date.,Relative strength versus the benchmark looked mixed. 1-month excess return 2.03%; 3-month excess return 4.33%; 6-month excess return -4.21%.,"Model view: the forward return estimate was mildly positive at about 606.67%. Confidence was not explicitly available for this prediction. Technical state is mixed, with price not fully aligned across the major moving averages. MACD remains on the bearish side. No recent matched news was found for this ticker/date. Relative strength versus the benchmark looked mixed. 1-month excess return 2.03%; 3-month excess return 4.33%; 6-month excess return -4.21%."
2022-09-02,CARR,6.846889740026185,615.2431715777259,,hit,linear_regression,target_5d_return,"Technical state is mixed, with price not fully aligned across the major moving averages. MACD remains on the bearish side.",No recent matched news was found for this ticker/date.,Relative strength versus the benchmark looked mixed. 1-month excess return 0.00%; 3-month excess return 4.48%; 6-month excess return -2.76%.,"Model view: the forward return estimate was mildly positive at about 615.24%. Confidence was not explicitly available for this prediction. Technical state is mixed, with price not fully aligned across the major moving averages. MACD remains on the bearish side. No recent matched news was found for this ticker/date. Relative strength versus the benchmark looked mixed. 1-month excess return 0.00%; 3-month excess return 4.48%; 6-month excess return -2.76%."
2022-09-06,CARR,1.4392105261414212,619.5731130478797,,hit,linear_regression,target_5d_return,"Technical state is mixed, with price not fully aligned across the major moving averages. MACD remains on the bearish side.",No recent matched news was found for this ticker/date.,Relative strength versus the benchmark looked mixed. 1-month excess return 1.69%; 3-month excess return 6.93%; 6-month excess return -0.56%.,"Model view: the forward return estimate was mildly positive at about 619.57%. Confidence was not explicitly available for this prediction. Technical state is mixed, with price not fully aligned across the major moving averages. MACD remains on the bearish side. No recent matched news was found for this ticker/date. Relative strength versus the benchmark looked mixed. 1-month excess return 1.69%; 3-month excess return 6.93%; 6-month excess return -0.56%."
2022-09-07,CARR,-3.180722156202942,623.7067705816185,,miss,linear_regression,target_5d_return,"Technical state is mixed, with price not fully aligned across the major moving averages. RSI is in a steady zone near 55.1. MACD remains on the bearish side. Volatility is elevated at roughly 30.7%.",No recent matched news was found for this ticker/date.,Relative strength versus the benchmark looked mixed. 1-month excess return 2.63%; 3-month excess return 8.09%; 6-month excess return -0.33%.,"Model view: the forward return estimate was mildly positive at about 623.71%. Confidence was not explicitly available for this prediction. Technical state is mixed, with price not fully aligned across the major moving averages. RSI is in a steady zone near 55.1. MACD remains on the bearish side. Volatility is elevated at roughly 30.7%. No recent matched news was found for this ticker/date. Relative strength versus the benchmark looked mixed. 1-month excess return 2.63%; 3-month excess return 8.09%; 6-month excess return -0.33%."
2022-09-08,CARR,-4.0835646952113835,630.2809655226532,,miss,linear_regression,target_5d_return,"Technical state is mixed, with price not fully aligned across the major moving averages. RSI is in a steady zone near 58.5. MACD remains on the bearish side.",No recent matched news was found for this ticker/date.,Relative strength versus the benchmark looked favorable. 1-month excess return 3.53%; 3-month excess return 9.56%; 6-month excess return 0.78%.,"Model view: the forward return estimate was mildly positive at about 630.28%. Confidence was not explicitly available for this prediction. Technical state is mixed, with price not fully aligned across the major moving averages. RSI is in a steady zone near 58.5. MACD remains on the bearish side. No recent matched news was found for this ticker/date. Relative strength versus the benchmark looked favorable. 1-month excess return 3.53%; 3-month excess return 9.56%; 6-month excess return 0.78%."
2022-09-09,CARR,-8.845149879525394,636.0935816425182,,miss,linear_regression,target_5d_return,"Technical state is mixed, with price not fully aligned across the major moving averages. RSI is in a steady zone near 58.8. MACD remains on the bearish side.",No recent matched news was found for this ticker/date.,Relative strength versus the benchmark looked favorable. 1-month excess return 1.58%; 3-month excess return 7.29%; 6-month excess return 0.70%.,"Model view: the forward return estimate was mildly positive at about 636.09%. Confidence was not explicitly available for this prediction. Technical state is mixed, with price not fully aligned across the major moving averages. RSI is in a steady zone near 58.8. MACD remains on the bearish side. No recent matched news was found for this ticker/date. Relative strength versus the benchmark looked favorable. 1-month excess return 1.58%; 3-month excess return 7.29%; 6-month excess return 0.70%."
2022-09-12,CARR,-8.205252176830925,638.204463400303,,miss,linear_regression,target_5d_return,"Technical state is mixed, with price not fully aligned across the major moving averages. RSI is in a steady zone near 59.5. MACD remains on the bullish side.",No recent matched news was found for this ticker/date.,Relative strength versus the benchmark looked mixed. 1-month excess return 0.36%; 3-month excess return 7.79%; 6-month excess return -0.00%.,"Model view: the forward return estimate was mildly positive at about 638.20%. Confidence was not explicitly available for this prediction. Technical state is mixed, with price not fully aligned across the major moving averages. RSI is in a steady zone near 59.5. MACD remains on the bullish side. No recent matched news was found for this ticker/date. Relative strength versus the benchmark looked mixed. 1-month excess return 0.36%; 3-month excess return 7.79%; 6-month excess return -0.00%."
2022-09-13,CARR,-7.509783793079928,648.7355182157183,,miss,linear_regression,target_5d_return,"Technical state is mixed, with price not fully aligned across the major moving averages. MACD remains on the bearish side. Volatility is elevated at roughly 30.1%.",No recent matched news was found for this ticker/date.,Relative strength versus the benchmark looked favorable. 1-month excess return 0.94%; 3-month excess return 7.12%; 6-month excess return 1.00%.,"Model view: the forward return estimate was mildly positive at about 648.74%. Confidence was not explicitly available for this prediction. Technical state is mixed, with price not fully aligned across the major moving averages. MACD remains on the bearish side. Volatility is elevated at roughly 30.1%. No recent matched news was found for this ticker/date. Relative strength versus the benchmark looked favorable. 1-month excess return 0.94%; 3-month excess return 7.12%; 6-month excess return 1.00%."
2022-09-14,CARR,-6.645101949634979,647.6457506631297,,miss,linear_regression,target_5d_return,"Technical state is mixed, with price not fully aligned across the major moving averages. MACD remains on the bearish side. Volatility is elevated at roughly 30.5%.",No recent matched news was found for this ticker/date.,Relative strength versus the benchmark looked weak. 1-month excess return -1.51%; 3-month excess return 6.23%; 6-month excess return -3.70%.,"Model view: the forward return estimate was mildly positive at about 647.65%. Confidence was not explicitly available for this prediction. Technical state is mixed, with price not fully aligned across the major moving averages. MACD remains on the bearish side. Volatility is elevated at roughly 30.5%. No recent matched news was found for this ticker/date. Relative strength versus the benchmark looked weak. 1-month excess return -1.51%; 3-month excess return 6.23%; 6-month excess return -3.70%."
2022-09-15,CARR,-10.3960410997734,655.2005034303867,,miss,linear_regression,target_5d_return,"Technical state is mixed, with price not fully aligned across the major moving averages. MACD remains on the bearish side. Volatility is elevated at roughly 30.7%.",No recent matched news was found for this ticker/date.,Relative strength versus the benchmark looked mixed. 1-month excess return 0.22%; 3-month excess return 6.96%; 6-month excess return -3.38%.,"Model view: the forward return estimate was mildly positive at about 655.20%. Confidence was not explicitly available for this prediction. Technical state is mixed, with price not fully aligned across the major moving averages. MACD remains on the bearish side. Volatility is elevated at roughly 30.7%. No recent matched news was found for this ticker/date. Relative strength versus the benchmark looked mixed. 1-month excess return 0.22%; 3-month excess return 6.96%; 6-month excess return -3.38%."
2022-09-16,CARR,-6.061389437039377,662.6517907822598,,miss,linear_regression,target_5d_return,"Technical state is soft, with price below the 50-day and 200-day averages. RSI is weak near 36.6. MACD remains on the bearish side. Volatility is elevated at roughly 34.3%.",No recent matched news was found for this ticker/date.,Relative strength versus the benchmark looked weak. 1-month excess return -3.60%; 3-month excess return 5.59%; 6-month excess return -6.20%.,"Model view: the forward return estimate was mildly positive at about 662.65%. Confidence was not explicitly available for this prediction. Technical state is soft, with price below the 50-day and 200-day averages. RSI is weak near 36.6. MACD remains on the bearish side. Volatility is elevated at roughly 34.3%. No recent matched news was found for this ticker/date. Relative strength versus the benchmark looked weak. 1-month excess return -3.60%; 3-month excess return 5.59%; 6-month excess return -6.20%."
2022-09-19,CARR,-9.11901324924359,666.3372578023839,,miss,linear_regression,target_5d_return,"Technical state is soft, with price below the 50-day and 200-day averages. RSI is weak near 39.3. MACD remains on the bearish side. Volatility is elevated at roughly 32.2%.",No recent matched news was found for this ticker/date.,Relative strength versus the benchmark looked weak. 1-month excess return -3.49%; 3-month excess return 6.71%; 6-month excess return -6.24%.,"Model view: the forward return estimate was mildly positive at about 666.34%. Confidence was not explicitly available for this prediction. Technical state is soft, with price below the 50-day and 200-day averages. RSI is weak near 39.3. MACD remains on the bearish side. Volatility is elevated at roughly 32.2%. No recent matched news was found for this ticker/date. Relative strength versus the benchmark looked weak. 1-month excess return -3.49%; 3-month excess return 6.71%; 6-month excess return -6.24%."
2022-09-20,CARR,-5.977260127334816,676.062584932224,,miss,linear_regression,target_5d_return,"Technical state is soft, with price below the 50-day and 200-day averages. RSI is weak near 35.1. MACD remains on the bearish side. Volatility is elevated at roughly 32.7%.",No recent matched news was found for this ticker/date.,Relative strength versus the benchmark looked weak. 1-month excess return -2.34%; 3-month excess return 5.59%; 6-month excess return -6.86%.,"Model view: the forward return estimate was mildly positive at about 676.06%. Confidence was not explicitly available for this prediction. Technical state is soft, with price below the 50-day and 200-day averages. RSI is weak near 35.1. MACD remains on the bearish side. Volatility is elevated at roughly 32.7%. No recent matched news was found for this ticker/date. Relative strength versus the benchmark looked weak. 1-month excess return -2.34%; 3-month excess return 5.59%; 6-month excess return -6.86%."
2022-09-21,CARR,-1.6262245346572501,684.0861061849349,,miss,linear_regression,target_5d_return,"Technical state is soft, with price below the 50-day and 200-day averages. RSI is weak near 33.9. MACD remains on the bearish side. Volatility is elevated at roughly 32.7%.",No recent matched news was found for this ticker/date.,Relative strength versus the benchmark looked weak. 1-month excess return -1.55%; 3-month excess return 7.04%; 6-month excess return -5.01%.,"Model view: the forward return estimate was mildly positive at about 684.09%. Confidence was not explicitly available for this prediction. Technical state is soft, with price below the 50-day and 200-day averages. RSI is weak near 33.9. MACD remains on the bearish side. Volatility is elevated at roughly 32.7%. No recent matched news was found for this ticker/date. Relative strength versus the benchmark looked weak. 1-month excess return -1.55%; 3-month excess return 7.04%; 6-month excess return -5.01%."
2022-09-22,CARR,-1.6022149691457432,694.2144887647308,,miss,linear_regression,target_5d_return,"Technical state is soft, with price below the 50-day and 200-day averages. RSI is weak near 29.3. MACD remains on the bearish side. Volatility is elevated at roughly 34.2%.",No recent matched news was found for this ticker/date.,Relative strength versus the benchmark looked weak. 1-month excess return -3.80%; 3-month excess return 5.04%; 6-month excess return -6.56%.,"Model view: the forward return estimate was mildly positive at about 694.21%. Confidence was not explicitly available for this prediction. Technical state is soft, with price below the 50-day and 200-day averages. RSI is weak near 29.3. MACD remains on the bearish side. Volatility is elevated at roughly 34.2%. No recent matched news was found for this ticker/date. Relative strength versus the benchmark looked weak. 1-month excess return -3.80%; 3-month excess return 5.04%; 6-month excess return -6.56%."
2022-09-23,CARR,-1.5231216498591826,702.7244833244783,,miss,linear_regression,target_5d_return,"Technical state is soft, with price below the 50-day and 200-day averages. RSI is weak near 29.0. MACD remains on the bearish side. Volatility is elevated at roughly 33.8%.",No recent matched news was found for this ticker/date.,Relative strength versus the benchmark looked weak. 1-month excess return -2.65%; 3-month excess return 5.13%; 6-month excess return -3.82%.,"Model view: the forward return estimate was mildly positive at about 702.72%. Confidence was not explicitly available for this prediction. Technical state is soft, with price below the 50-day and 200-day averages. RSI is weak near 29.0. MACD remains on the bearish side. Volatility is elevated at roughly 33.8%. No recent matched news was found for this ticker/date. Relative strength versus the benchmark looked weak. 1-month excess return -2.65%; 3-month excess return 5.13%; 6-month excess return -3.82%."
2022-09-26,CARR,4.336742196521781,712.0555938009944,,hit,linear_regression,target_5d_return,"Technical state is soft, with price below the 50-day and 200-day averages. RSI is weak near 26.4. MACD remains on the bearish side. Volatility is elevated at roughly 31.8%.",No recent matched news was found for this ticker/date.,Relative strength versus the benchmark looked weak. 1-month excess return -3.18%; 3-month excess return 3.92%; 6-month excess return -4.78%.,"Model view: the forward return estimate was mildly positive at about 712.06%. Confidence was not explicitly available for this prediction. Technical state is soft, with price below the 50-day and 200-day averages. RSI is weak near 26.4. MACD remains on the bearish side. Volatility is elevated at roughly 31.8%. No recent matched news was found for this ticker/date. Relative strength versus the benchmark looked weak. 1-month excess return -3.18%; 3-month excess return 3.92%; 6-month excess return -4.78%."
2022-09-27,CARR,8.523214230720399,719.9723022686486,,hit,linear_regression,target_5d_return,"Technical state is soft, with price below the 50-day and 200-day averages. RSI is weak near 28.6. MACD remains on the bearish side. Volatility is elevated at roughly 32.1%.",No recent matched news was found for this ticker/date.,Relative strength versus the benchmark looked weak. 1-month excess return -1.69%; 3-month excess return 3.20%; 6-month excess return -4.23%.,"Model view: the forward return estimate was mildly positive at about 719.97%. Confidence was not explicitly available for this prediction. Technical state is soft, with price below the 50-day and 200-day averages. RSI is weak near 28.6. MACD remains on the bearish side. Volatility is elevated at roughly 32.1%. No recent matched news was found for this ticker/date. Relative strength versus the benchmark looked weak. 1-month excess return -1.69%; 3-month excess return 3.20%; 6-month excess return -4.23%."
2022-09-28,CARR,3.523033017082189,727.8276718411489,,hit,linear_regression,target_5d_return,"Technical state is soft, with price below the 50-day and 200-day averages. RSI is weak near 38.7. MACD remains on the bearish side. Volatility is elevated at roughly 35.5%.",No recent matched news was found for this ticker/date.,Relative strength versus the benchmark looked mixed. 1-month excess return 0.84%; 3-month excess return 5.72%; 6-month excess return -3.50%.,"Model view: the forward return estimate was mildly positive at about 727.83%. Confidence was not explicitly available for this prediction. Technical state is soft, with price below the 50-day and 200-day averages. RSI is weak near 38.7. MACD remains on the bearish side. Volatility is elevated at roughly 35.5%. No recent matched news was found for this ticker/date. Relative strength versus the benchmark looked mixed. 1-month excess return 0.84%; 3-month excess return 5.72%; 6-month excess return -3.50%."
2022-09-29,CARR,4.463784953021488,736.5937561770626,,hit,linear_regression,target_5d_return,"Technical state is soft, with price below the 50-day and 200-day averages. RSI is weak near 33.8. MACD remains on the bearish side. Volatility is elevated at roughly 37.3%.",No recent matched news was found for this ticker/date.,Relative strength versus the benchmark looked weak. 1-month excess return -0.47%; 3-month excess return 3.78%; 6-month excess return -4.19%.,"Model view: the forward return estimate was mildly positive at about 736.59%. Confidence was not explicitly available for this prediction. Technical state is soft, with price below the 50-day and 200-day averages. RSI is weak near 33.8. MACD remains on the bearish side. Volatility is elevated at roughly 37.3%. No recent matched news was found for this ticker/date. Relative strength versus the benchmark looked weak. 1-month excess return -0.47%; 3-month excess return 3.78%; 6-month excess return -4.19%."
2022-09-30,CARR,-0.6467928384532584,745.3777308720611,,miss,linear_regression,target_5d_return,"Technical state is soft, with price below the 50-day and 200-day averages. RSI is weak near 33.6. MACD remains on the bearish side. Volatility is elevated at roughly 36.4%.",No recent matched news was found for this ticker/date.,Relative strength versus the benchmark looked mixed. 1-month excess return 0.50%; 3-month excess return 5.10%; 6-month excess return -1.55%.,"Model view: the forward return estimate was mildly positive at about 745.38%. Confidence was not explicitly available for this prediction. Technical state is soft, with price below the 50-day and 200-day averages. RSI is weak near 33.6. MACD remains on the bearish side. Volatility is elevated at roughly 36.4%. No recent matched news was found for this ticker/date. Relative strength versus the benchmark looked mixed. 1-month excess return 0.50%; 3-month excess return 5.10%; 6-month excess return -1.55%."
2022-10-03,CARR,-3.2871579843186005,750.4889297872378,,miss,linear_regression,target_5d_return,"Technical state is soft, with price below the 50-day and 200-day averages. MACD remains on the bearish side. Volatility is elevated at roughly 39.1%.",No recent matched news was found for this ticker/date.,Relative strength versus the benchmark looked mixed. 1-month excess return 0.00%; 3-month excess return 6.06%; 6-month excess return -0.99%.,"Model view: the forward return estimate was mildly positive at about 750.49%. Confidence was not explicitly available for this prediction. Technical state is soft, with price below the 50-day and 200-day averages. MACD remains on the bearish side. Volatility is elevated at roughly 39.1%. No recent matched news was found for this ticker/date. Relative strength versus the benchmark looked mixed. 1-month excess return 0.00%; 3-month excess return 6.06%; 6-month excess return -0.99%."
2022-10-04,CARR,-8.890617269009116,758.4054920707586,,miss,linear_regression,target_5d_return,"Technical state is soft, with price below the 50-day and 200-day averages. RSI is in a steady zone near 51.1. MACD remains on the bullish side. Volatility is elevated at roughly 42.6%.",No recent matched news was found for this ticker/date.,Relative strength versus the benchmark looked favorable. 1-month excess return 1.15%; 3-month excess return 8.09%; 6-month excess return 2.56%.,"Model view: the forward return estimate was mildly positive at about 758.41%. Confidence was not explicitly available for this prediction. Technical state is soft, with price below the 50-day and 200-day averages. RSI is in a steady zone near 51.1. MACD remains on the bullish side. Volatility is elevated at roughly 42.6%. No recent matched news was found for this ticker/date. Relative strength versus the benchmark looked favorable. 1-month excess return 1.15%; 3-month excess return 8.09%; 6-month excess return 2.56%."
2022-10-05,CARR,-8.69109850396963,762.5640718953832,,miss,linear_regression,target_5d_return,"Technical state is soft, with price below the 50-day and 200-day averages. MACD remains on the bullish side. Volatility is elevated at roughly 41.0%.",No recent matched news was found for this ticker/date.,Relative strength versus the benchmark looked mixed. 1-month excess return -1.70%; 3-month excess return 7.99%; 6-month excess return 2.18%.,"Model view: the forward return estimate was mildly positive at about 762.56%. Confidence was not explicitly available for this prediction. Technical state is soft, with price below the 50-day and 200-day averages. MACD remains on the bullish side. Volatility is elevated at roughly 41.0%. No recent matched news was found for this ticker/date. Relative strength versus the benchmark looked mixed. 1-month excess return -1.70%; 3-month excess return 7.99%; 6-month excess return 2.18%."
2022-10-06,CARR,-6.3423828766939305,768.987031157498,,miss,linear_regression,target_5d_return,"Technical state is soft, with price below the 50-day and 200-day averages. MACD remains on the bullish side. Volatility is elevated at roughly 41.1%.",No recent matched news was found for this ticker/date.,Relative strength versus the benchmark looked mixed. 1-month excess return -4.12%; 3-month excess return 7.17%; 6-month excess return 1.24%.,"Model view: the forward return estimate was mildly positive at about 768.99%. Confidence was not explicitly available for this prediction. Technical state is soft, with price below the 50-day and 200-day averages. MACD remains on the bullish side. Volatility is elevated at roughly 41.1%. No recent matched news was found for this ticker/date. Relative strength versus the benchmark looked mixed. 1-month excess return -4.12%; 3-month excess return 7.17%; 6-month excess return 1.24%."
2022-10-07,CARR,-2.1511522695773944,778.8960382124588,,miss,linear_regression,target_5d_return,"Technical state is soft, with price below the 50-day and 200-day averages. RSI is weak near 37.8. MACD remains on the bullish side. Volatility is elevated at roughly 43.9%.",No recent matched news was found for this ticker/date.,Relative strength versus the benchmark looked mixed. 1-month excess return -6.68%; 3-month excess return 2.35%; 6-month excess return 0.06%.,"Model view: the forward return estimate was mildly positive at about 778.90%. Confidence was not explicitly available for this prediction. Technical state is soft, with price below the 50-day and 200-day averages. RSI is weak near 37.8. MACD remains on the bullish side. Volatility is elevated at roughly 43.9%. No recent matched news was found for this ticker/date. Relative strength versus the benchmark looked mixed. 1-month excess return -6.68%; 3-month excess return 2.35%; 6-month excess return 0.06%."
2022-10-10,CARR,-0.14044730113371706,783.5862111103305,,miss,linear_regression,target_5d_return,"Technical state is soft, with price below the 50-day and 200-day averages. RSI is weak near 39.3. MACD remains on the bullish side. Volatility is elevated at roughly 44.1%.",No recent matched news was found for this ticker/date.,Relative strength versus the benchmark looked mixed. 1-month excess return -4.10%; 3-month excess return 4.00%; 6-month excess return 1.67%.,"Model view: the forward return estimate was mildly positive at about 783.59%. Confidence was not explicitly available for this prediction. Technical state is soft, with price below the 50-day and 200-day averages. RSI is weak near 39.3. MACD remains on the bullish side. Volatility is elevated at roughly 44.1%. No recent matched news was found for this ticker/date. Relative strength versus the benchmark looked mixed. 1-month excess return -4.10%; 3-month excess return 4.00%; 6-month excess return 1.67%."
2022-10-11,CARR,3.328586395889377,792.0098932613454,,hit,linear_regression,target_5d_return,"Technical state is soft, with price below the 50-day and 200-day averages. RSI is weak near 37.7. MACD remains on the bearish side. Volatility is elevated at roughly 43.1%.",No recent matched news was found for this ticker/date.,Relative strength versus the benchmark looked mixed. 1-month excess return -3.86%; 3-month excess return 4.03%; 6-month excess return 1.55%.,"Model view: the forward return estimate was mildly positive at about 792.01%. Confidence was not explicitly available for this prediction. Technical state is soft, with price below the 50-day and 200-day averages. RSI is weak near 37.7. MACD remains on the bearish side. Volatility is elevated at roughly 43.1%. No recent matched news was found for this ticker/date. Relative strength versus the benchmark looked mixed. 1-month excess return -3.86%; 3-month excess return 4.03%; 6-month excess return 1.55%."
2022-10-12,CARR,0.02866491177473396,800.9491453298582,,hit,linear_regression,target_5d_return,"Technical state is soft, with price below the 50-day and 200-day averages. RSI is weak near 36.7. MACD remains on the bearish side. Volatility is elevated at roughly 43.0%.",No recent matched news was found for this ticker/date.,Relative strength versus the benchmark looked mixed. 1-month excess return -5.34%; 3-month excess return 3.65%; 6-month excess return 2.17%.,"Model view: the forward return estimate was mildly positive at about 800.95%. Confidence was not explicitly available for this prediction. Technical state is soft, with price below the 50-day and 200-day averages. RSI is weak near 36.7. MACD remains on the bearish side. Volatility is elevated at roughly 43.0%. No recent matched news was found for this ticker/date. Relative strength versus the benchmark looked mixed. 1-month excess return -5.34%; 3-month excess return 3.65%; 6-month excess return 2.17%."
2022-10-13,CARR,-2.2668497429539802,808.9821693604728,,miss,linear_regression,target_5d_return,"Technical state is soft, with price below the 50-day and 200-day averages. RSI is weak near 36.6. MACD remains on the bearish side. Volatility is elevated at roughly 42.8%.",No recent matched news was found for this ticker/date.,Relative strength versus the benchmark looked mixed. 1-month excess return -5.96%; 3-month excess return 1.83%; 6-month excess return 0.25%.,"Model view: the forward return estimate was mildly positive at about 808.98%. Confidence was not explicitly available for this prediction. Technical state is soft, with price below the 50-day and 200-day averages. RSI is weak near 36.6. MACD remains on the bearish side. Volatility is elevated at roughly 42.8%. No recent matched news was found for this ticker/date. Relative strength versus the benchmark looked mixed. 1-month excess return -5.96%; 3-month excess return 1.83%; 6-month excess return 0.25%."
2022-10-14,CARR,1.793459465889402,818.3187646014486,,hit,linear_regression,target_5d_return,"Technical state is soft, with price below the 50-day and 200-day averages. RSI is weak near 35.5. MACD remains on the bearish side. Volatility is elevated at roughly 39.9%.",No recent matched news was found for this ticker/date.,Relative strength versus the benchmark looked mixed. 1-month excess return -6.06%; 3-month excess return 3.63%; 6-month excess return 2.10%.,"Model view: the forward return estimate was mildly positive at about 818.32%. Confidence was not explicitly available for this prediction. Technical state is soft, with price below the 50-day and 200-day averages. RSI is weak near 35.5. MACD remains on the bearish side. Volatility is elevated at roughly 39.9%. No recent matched news was found for this ticker/date. Relative strength versus the benchmark looked mixed. 1-month excess return -6.06%; 3-month excess return 3.63%; 6-month excess return 2.10%."
2022-10-17,CARR,0.8438797285480693,823.3230718266984,,hit,linear_regression,target_5d_return,"Technical state is soft, with price below the 50-day and 200-day averages. MACD remains on the bearish side. Volatility is elevated at roughly 41.3%.",No recent matched news was found for this ticker/date.,Relative strength versus the benchmark looked mixed. 1-month excess return -2.22%; 3-month excess return 2.19%; 6-month excess return 2.39%.,"Model view: the forward return estimate was mildly positive at about 823.32%. Confidence was not explicitly available for this prediction. Technical state is soft, with price below the 50-day and 200-day averages. MACD remains on the bearish side. Volatility is elevated at roughly 41.3%. No recent matched news was found for this ticker/date. Relative strength versus the benchmark looked mixed. 1-month excess return -2.22%; 3-month excess return 2.19%; 6-month excess return 2.39%."
2022-10-18,CARR,2.6707082292221296,829.8788824676137,,hit,linear_regression,target_5d_return,"Technical state is soft, with price below the 50-day and 200-day averages. MACD remains on the bullish side. Volatility is elevated at roughly 41.4%.",No recent matched news was found for this ticker/date.,Relative strength versus the benchmark looked mixed. 1-month excess return -1.53%; 3-month excess return 3.19%; 6-month excess return 2.10%.,"Model view: the forward return estimate was mildly positive at about 829.88%. Confidence was not explicitly available for this prediction. Technical state is soft, with price below the 50-day and 200-day averages. MACD remains on the bullish side. Volatility is elevated at roughly 41.4%. No recent matched news was found for this ticker/date. Relative strength versus the benchmark looked mixed. 1-month excess return -1.53%; 3-month excess return 3.19%; 6-month excess return 2.10%."
2022-10-19,CARR,6.448839321755773,834.7665097228385,,hit,linear_regression,target_5d_return,"Technical state is soft, with price below the 50-day and 200-day averages. MACD remains on the bullish side. Volatility is elevated at roughly 43.5%.",No recent matched news was found for this ticker/date.,Relative strength versus the benchmark looked weak. 1-month excess return -3.23%; 3-month excess return -1.20%; 6-month excess return -2.55%.,"Model view: the forward return estimate was mildly positive at about 834.77%. Confidence was not explicitly available for this prediction. Technical state is soft, with price below the 50-day and 200-day averages. MACD remains on the bullish side. Volatility is elevated at roughly 43.5%. No recent matched news was found for this ticker/date. Relative strength versus the benchmark looked weak. 1-month excess return -3.23%; 3-month excess return -1.20%; 6-month excess return -2.55%."
2022-10-20,CARR,11.215500706995751,844.256117602945,,hit,linear_regression,target_5d_return,"Technical state is soft, with price below the 50-day and 200-day averages. RSI is weak near 37.1. MACD remains on the bearish side. Volatility is elevated at roughly 42.6%.",No recent matched news was found for this ticker/date.,Relative strength versus the benchmark looked weak. 1-month excess return -5.61%; 3-month excess return -3.98%; 6-month excess return -3.86%.,"Model view: the forward return estimate was mildly positive at about 844.26%. Confidence was not explicitly available for this prediction. Technical state is soft, with price below the 50-day and 200-day averages. RSI is weak near 37.1. MACD remains on the bearish side. Volatility is elevated at roughly 42.6%. No recent matched news was found for this ticker/date. Relative strength versus the benchmark looked weak. 1-month excess return -5.61%; 3-month excess return -3.98%; 6-month excess return -3.86%."
2022-10-21,CARR,13.526576646745458,849.5983688983621,,hit,linear_regression,target_5d_return,"Technical state is soft, with price below the 50-day and 200-day averages. MACD remains on the bullish side. Volatility is elevated at roughly 44.5%.",No recent matched news was found for this ticker/date.,Relative strength versus the benchmark looked weak. 1-month excess return -2.36%; 3-month excess return -2.53%; 6-month excess return -3.36%.,"Model view: the forward return estimate was mildly positive at about 849.60%. Confidence was not explicitly available for this prediction. Technical state is soft, with price below the 50-day and 200-day averages. MACD remains on the bullish side. Volatility is elevated at roughly 44.5%. No recent matched news was found for this ticker/date. Relative strength versus the benchmark looked weak. 1-month excess return -2.36%; 3-month excess return -2.53%; 6-month excess return -3.36%."
2022-10-24,CARR,10.906555129241102,857.4871515611239,,hit,linear_regression,target_5d_return,"Technical state is soft, with price below the 50-day and 200-day averages. MACD remains on the bullish side. Volatility is elevated at roughly 44.2%.",No recent matched news was found for this ticker/date.,Relative strength versus the benchmark looked weak. 1-month excess return -3.21%; 3-month excess return -2.77%; 6-month excess return -2.95%.,"Model view: the forward return estimate was mildly positive at about 857.49%. Confidence was not explicitly available for this prediction. Technical state is soft, with price below the 50-day and 200-day averages. MACD remains on the bullish side. Volatility is elevated at roughly 44.2%. No recent matched news was found for this ticker/date. Relative strength versus the benchmark looked weak. 1-month excess return -3.21%; 3-month excess return -2.77%; 6-month excess return -2.95%."
2022-10-25,CARR,6.489670446582485,867.9847801873965,,hit,linear_regression,target_5d_return,"Technical state is soft, with price below the 50-day and 200-day averages. RSI is in a steady zone near 53.6. MACD remains on the bullish side. Volatility is elevated at roughly 46.3%.",No recent matched news was found for this ticker/date.,Relative strength versus the benchmark looked mixed. 1-month excess return 0.52%; 3-month excess return -1.65%; 6-month excess return 0.63%.,"Model view: the forward return estimate was mildly positive at about 867.98%. Confidence was not explicitly available for this prediction. Technical state is soft, with price below the 50-day and 200-day averages. RSI is in a steady zone near 53.6. MACD remains on the bullish side. Volatility is elevated at roughly 46.3%. No recent matched news was found for this ticker/date. Relative strength versus the benchmark looked mixed. 1-month excess return 0.52%; 3-month excess return -1.65%; 6-month excess return 0.63%."
2022-10-26,CARR,5.331178176562346,874.4856318170614,,hit,linear_regression,target_5d_return,"Technical state is soft, with price below the 50-day and 200-day averages. RSI is in a steady zone near 52.9. MACD remains on the bullish side. Volatility is elevated at roughly 44.4%.",No recent matched news was found for this ticker/date.,Relative strength versus the benchmark looked mixed. 1-month excess return -0.21%; 3-month excess return 0.02%; 6-month excess return 0.70%.,"Model view: the forward return estimate was mildly positive at about 874.49%. Confidence was not explicitly available for this prediction. Technical state is soft, with price below the 50-day and 200-day averages. RSI is in a steady zone near 52.9. MACD remains on the bullish side. Volatility is elevated at roughly 44.4%. No recent matched news was found for this ticker/date. Relative strength versus the benchmark looked mixed. 1-month excess return -0.21%; 3-month excess return 0.02%; 6-month excess return 0.70%."
2022-10-27,CARR,3.9334683784465474,881.8703287660986,,hit,linear_regression,target_5d_return,"Technical state is soft, with price below the 50-day and 200-day averages. RSI is in a steady zone near 56.1. MACD remains on the bullish side. Volatility is elevated at roughly 42.9%.",No recent matched news was found for this ticker/date.,Relative strength versus the benchmark looked favorable. 1-month excess return 0.09%; 3-month excess return 1.27%; 6-month excess return 7.29%.,"Model view: the forward return estimate was mildly positive at about 881.87%. Confidence was not explicitly available for this prediction. Technical state is soft, with price below the 50-day and 200-day averages. RSI is in a steady zone near 56.1. MACD remains on the bullish side. Volatility is elevated at roughly 42.9%. No recent matched news was found for this ticker/date. Relative strength versus the benchmark looked favorable. 1-month excess return 0.09%; 3-month excess return 1.27%; 6-month excess return 7.29%."
2022-10-28,CARR,0.8260275595878053,885.2727887822298,,hit,linear_regression,target_5d_return,"Technical state is mixed, with price not fully aligned across the major moving averages. RSI is in a steady zone near 63.6. MACD remains on the bullish side. Volatility is elevated at roughly 46.5%.",No recent matched news was found for this ticker/date.,Relative strength versus the benchmark looked favorable. 1-month excess return 4.96%; 3-month excess return 3.84%; 6-month excess return 10.02%.,"Model view: the forward return estimate was mildly positive at about 885.27%. Confidence was not explicitly available for this prediction. Technical state is mixed, with price not fully aligned across the major moving averages. RSI is in a steady zone near 63.6. MACD remains on the bullish side. Volatility is elevated at roughly 46.5%. No recent matched news was found for this ticker/date. Relative strength versus the benchmark looked favorable. 1-month excess return 4.96%; 3-month excess return 3.84%; 6-month excess return 10.02%."
2022-10-31,CARR,3.2193225554059346,890.4755041329635,,hit,linear_regression,target_5d_return,"Technical state is mixed, with price not fully aligned across the major moving averages. RSI is in a steady zone near 62.6. MACD remains on the bullish side. Volatility is elevated at roughly 45.3%.",No recent matched news was found for this ticker/date.,Relative strength versus the benchmark looked favorable. 1-month excess return 3.69%; 3-month excess return 3.79%; 6-month excess return 9.86%.,"Model view: the forward return estimate was mildly positive at about 890.48%. Confidence was not explicitly available for this prediction. Technical state is mixed, with price not fully aligned across the major moving averages. RSI is in a steady zone near 62.6. MACD remains on the bullish side. Volatility is elevated at roughly 45.3%. No recent matched news was found for this ticker/date. Relative strength versus the benchmark looked favorable. 1-month excess return 3.69%; 3-month excess return 3.79%; 6-month excess return 9.86%."
2022-11-01,CARR,4.281039542013443,893.9774391841712,,hit,linear_regression,target_5d_return,"Technical state is mixed, with price not fully aligned across the major moving averages. RSI is in a steady zone near 62.3. MACD remains on the bullish side. Volatility is elevated at roughly 42.3%.",No recent matched news was found for this ticker/date.,Relative strength versus the benchmark looked favorable. 1-month excess return 2.97%; 3-month excess return 4.65%; 6-month excess return 11.10%.,"Model view: the forward return estimate was mildly positive at about 893.98%. Confidence was not explicitly available for this prediction. Technical state is mixed, with price not fully aligned across the major moving averages. RSI is in a steady zone near 62.3. MACD remains on the bullish side. Volatility is elevated at roughly 42.3%. No recent matched news was found for this ticker/date. Relative strength versus the benchmark looked favorable. 1-month excess return 2.97%; 3-month excess return 4.65%; 6-month excess return 11.10%."
2022-11-02,CARR,3.118612612508942,898.9079203714489,,hit,linear_regression,target_5d_return,"Technical state is mixed, with price not fully aligned across the major moving averages. RSI is in a steady zone near 58.8. MACD remains on the bullish side. Volatility is elevated at roughly 42.5%.",No recent matched news was found for this ticker/date.,Relative strength versus the benchmark looked favorable. 1-month excess return 2.18%; 3-month excess return 3.09%; 6-month excess return 11.90%.,"Model view: the forward return estimate was mildly positive at about 898.91%. Confidence was not explicitly available for this prediction. Technical state is mixed, with price not fully aligned across the major moving averages. RSI is in a steady zone near 58.8. MACD remains on the bullish side. Volatility is elevated at roughly 42.5%. No recent matched news was found for this ticker/date. Relative strength versus the benchmark looked favorable. 1-month excess return 2.18%; 3-month excess return 3.09%; 6-month excess return 11.90%."
2022-11-03,CARR,10.439422712361246,901.3889102324512,,hit,linear_regression,target_5d_return,"Technical state is mixed, with price not fully aligned across the major moving averages. RSI is in a steady zone near 59.8. MACD remains on the bullish side. Volatility is elevated at roughly 41.3%.",No recent matched news was found for this ticker/date.,Relative strength versus the benchmark looked favorable. 1-month excess return 4.73%; 3-month excess return 4.31%; 6-month excess return 14.14%.,"Model view: the forward return estimate was mildly positive at about 901.39%. Confidence was not explicitly available for this prediction. Technical state is mixed, with price not fully aligned across the major moving averages. RSI is in a steady zone near 59.8. MACD remains on the bullish side. Volatility is elevated at roughly 41.3%. No recent matched news was found for this ticker/date. Relative strength versus the benchmark looked favorable. 1-month excess return 4.73%; 3-month excess return 4.31%; 6-month excess return 14.14%."
2022-11-04,CARR,10.327705991764491,902.4206825811581,,hit,linear_regression,target_5d_return,"Technical state is mixed, with price not fully aligned across the major moving averages. RSI is in a steady zone near 63.4. MACD remains on the bullish side. Volatility is elevated at roughly 36.6%.",No recent matched news was found for this ticker/date.,Relative strength versus the benchmark looked favorable. 1-month excess return 7.42%; 3-month excess return 4.95%; 6-month excess return 15.15%.,"Model view: the forward return estimate was mildly positive at about 902.42%. Confidence was not explicitly available for this prediction. Technical state is mixed, with price not fully aligned across the major moving averages. RSI is in a steady zone near 63.4. MACD remains on the bullish side. Volatility is elevated at roughly 36.6%. No recent matched news was found for this ticker/date. Relative strength versus the benchmark looked favorable. 1-month excess return 7.42%; 3-month excess return 4.95%; 6-month excess return 15.15%."
2022-11-07,CARR,6.262182352563905,904.3761993390209,,hit,linear_regression,target_5d_return,"Technical state is constructive, with price above the 50-day and 200-day averages. MACD remains on the bullish side. Volatility is elevated at roughly 36.8%.",No recent matched news was found for this ticker/date.,Relative strength versus the benchmark looked favorable. 1-month excess return 11.42%; 3-month excess return 5.94%; 6-month excess return 12.21%.,"Model view: the forward return estimate was mildly positive at about 904.38%. Confidence was not explicitly available for this prediction. Technical state is constructive, with price above the 50-day and 200-day averages. MACD remains on the bullish side. Volatility is elevated at roughly 36.8%. No recent matched news was found for this ticker/date. Relative strength versus the benchmark looked favorable. 1-month excess return 11.42%; 3-month excess return 5.94%; 6-month excess return 12.21%."
2022-11-08,CARR,7.099731073514404,907.2914204895402,,hit,linear_regression,target_5d_return,"Technical state is constructive, with price above the 50-day and 200-day averages. MACD remains on the bullish side. Volatility is elevated at roughly 36.1%.",No recent matched news was found for this ticker/date.,Relative strength versus the benchmark looked favorable. 1-month excess return 10.21%; 3-month excess return 5.69%; 6-month excess return 13.02%.,"Model view: the forward return estimate was mildly positive at about 907.29%. Confidence was not explicitly available for this prediction. Technical state is constructive, with price above the 50-day and 200-day averages. MACD remains on the bullish side. Volatility is elevated at roughly 36.1%. No recent matched news was found for this ticker/date. Relative strength versus the benchmark looked favorable. 1-month excess return 10.21%; 3-month excess return 5.69%; 6-month excess return 13.02%."
2022-11-09,CARR,8.725831543007212,912.2155925140071,,hit,linear_regression,target_5d_return,"Technical state is mixed, with price not fully aligned across the major moving averages. RSI is in a steady zone near 60.3. MACD remains on the bullish side. Volatility is elevated at roughly 37.7%.",No recent matched news was found for this ticker/date.,Relative strength versus the benchmark looked favorable. 1-month excess return 10.14%; 3-month excess return 4.63%; 6-month excess return 12.04%.,"Model view: the forward return estimate was mildly positive at about 912.22%. Confidence was not explicitly available for this prediction. Technical state is mixed, with price not fully aligned across the major moving averages. RSI is in a steady zone near 60.3. MACD remains on the bullish side. Volatility is elevated at roughly 37.7%. No recent matched news was found for this ticker/date. Relative strength versus the benchmark looked favorable. 1-month excess return 10.14%; 3-month excess return 4.63%; 6-month excess return 12.04%."
2022-11-10,CARR,-1.0119563738301585,908.7592457099911,,miss,linear_regression,target_5d_return,"Technical state is constructive, with price above the 50-day and 200-day averages. RSI is elevated near 70.2, so chasing strength may add risk. MACD remains on the bullish side. Volatility is elevated at roughly 45.0%.",No recent matched news was found for this ticker/date.,Relative strength versus the benchmark looked favorable. 1-month excess return 13.96%; 3-month excess return 6.52%; 6-month excess return 10.64%.,"Model view: the forward return estimate was mildly positive at about 908.76%. Confidence was not explicitly available for this prediction. Technical state is constructive, with price above the 50-day and 200-day averages. RSI is elevated near 70.2, so chasing strength may add risk. MACD remains on the bullish side. Volatility is elevated at roughly 45.0%. No recent matched news was found for this ticker/date. Relative strength versus the benchmark looked favorable. 1-month excess return 13.96%; 3-month excess return 6.52%; 6-month excess return 10.64%."
2022-11-11,CARR,-1.1701180779315923,909.1176511663591,,miss,linear_regression,target_5d_return,"Technical state is constructive, with price above the 50-day and 200-day averages. RSI is elevated near 72.5, so chasing strength may add risk. MACD remains on the bullish side. Volatility is elevated at roughly 44.5%.",No recent matched news was found for this ticker/date.,Relative strength versus the benchmark looked favorable. 1-month excess return 18.61%; 3-month excess return 7.22%; 6-month excess return 11.39%.,"Model view: the forward return estimate was mildly positive at about 909.12%. Confidence was not explicitly available for this prediction. Technical state is constructive, with price above the 50-day and 200-day averages. RSI is elevated near 72.5, so chasing strength may add risk. MACD remains on the bullish side. Volatility is elevated at roughly 44.5%. No recent matched news was found for this ticker/date. Relative strength versus the benchmark looked favorable. 1-month excess return 18.61%; 3-month excess return 7.22%; 6-month excess return 11.39%."
2022-11-14,CARR,0.6420517665170822,911.858730455009,,hit,linear_regression,target_5d_return,"Technical state is constructive, with price above the 50-day and 200-day averages. MACD remains on the bullish side. Volatility is elevated at roughly 45.5%.",No recent matched news was found for this ticker/date.,Relative strength versus the benchmark looked favorable. 1-month excess return 15.63%; 3-month excess return 6.30%; 6-month excess return 10.66%.,"Model view: the forward return estimate was mildly positive at about 911.86%. Confidence was not explicitly available for this prediction. Technical state is constructive, with price above the 50-day and 200-day averages. MACD remains on the bullish side. Volatility is elevated at roughly 45.5%. No recent matched news was found for this ticker/date. Relative strength versus the benchmark looked favorable. 1-month excess return 15.63%; 3-month excess return 6.30%; 6-month excess return 10.66%."
2022-11-15,CARR,-0.6989798630424704,911.6529816463656,,miss,linear_regression,target_5d_return,"Technical state is constructive, with price above the 50-day and 200-day averages. MACD remains on the bullish side. Volatility is elevated at roughly 45.4%.",No recent matched news was found for this ticker/date.,Relative strength versus the benchmark looked favorable. 1-month excess return 16.08%; 3-month excess return 7.16%; 6-month excess return 12.77%.,"Model view: the forward return estimate was mildly positive at about 911.65%. Confidence was not explicitly available for this prediction. Technical state is constructive, with price above the 50-day and 200-day averages. MACD remains on the bullish side. Volatility is elevated at roughly 45.4%. No recent matched news was found for this ticker/date. Relative strength versus the benchmark looked favorable. 1-month excess return 16.08%; 3-month excess return 7.16%; 6-month excess return 12.77%."
2022-11-16,CARR,0.6839927790373679,915.3225131077685,,hit,linear_regression,target_5d_return,"Technical state is constructive, with price above the 50-day and 200-day averages. MACD remains on the bullish side. Volatility is elevated at roughly 42.3%.",No recent matched news was found for this ticker/date.,Relative strength versus the benchmark looked favorable. 1-month excess return 14.17%; 3-month excess return 6.66%; 6-month excess return 16.54%.,"Model view: the forward return estimate was mildly positive at about 915.32%. Confidence was not explicitly available for this prediction. Technical state is constructive, with price above the 50-day and 200-day averages. MACD remains on the bullish side. Volatility is elevated at roughly 42.3%. No recent matched news was found for this ticker/date. Relative strength versus the benchmark looked favorable. 1-month excess return 14.17%; 3-month excess return 6.66%; 6-month excess return 16.54%."
2022-11-17,CARR,2.718397174855114,915.7752546221886,,hit,linear_regression,target_5d_return,"Technical state is constructive, with price above the 50-day and 200-day averages. RSI is in a steady zone near 62.2. MACD remains on the bullish side. Volatility is elevated at roughly 41.7%.",No recent matched news was found for this ticker/date.,Relative strength versus the benchmark looked favorable. 1-month excess return 16.34%; 3-month excess return 7.95%; 6-month excess return 13.80%.,"Model view: the forward return estimate was mildly positive at about 915.78%. Confidence was not explicitly available for this prediction. Technical state is constructive, with price above the 50-day and 200-day averages. RSI is in a steady zone near 62.2. MACD remains on the bullish side. Volatility is elevated at roughly 41.7%. No recent matched news was found for this ticker/date. Relative strength versus the benchmark looked favorable. 1-month excess return 16.34%; 3-month excess return 7.95%; 6-month excess return 13.80%."
2022-11-18,CARR,-1.3888816509232238,915.0929134079207,,miss,linear_regression,target_5d_return,"Technical state is constructive, with price above the 50-day and 200-day averages. RSI is in a steady zone near 65.0. MACD remains on the bullish side. Volatility is elevated at roughly 41.1%.",No recent matched news was found for this ticker/date.,Relative strength versus the benchmark looked favorable. 1-month excess return 20.56%; 3-month excess return 9.72%; 6-month excess return 14.03%.,"Model view: the forward return estimate was mildly positive at about 915.09%. Confidence was not explicitly available for this prediction. Technical state is constructive, with price above the 50-day and 200-day averages. RSI is in a steady zone near 65.0. MACD remains on the bullish side. Volatility is elevated at roughly 41.1%. No recent matched news was found for this ticker/date. Relative strength versus the benchmark looked favorable. 1-month excess return 20.56%; 3-month excess return 9.72%; 6-month excess return 14.03%."
2022-11-21,CARR,-0.8430142105949279,916.3594565461011,,miss,linear_regression,target_5d_return,"Technical state is constructive, with price above the 50-day and 200-day averages. RSI is in a steady zone near 64.8. MACD remains on the bullish side. Volatility is elevated at roughly 41.2%.",No recent matched news was found for this ticker/date.,Relative strength versus the benchmark looked favorable. 1-month excess return 19.25%; 3-month excess return 10.17%; 6-month excess return 15.26%.,"Model view: the forward return estimate was mildly positive at about 916.36%. Confidence was not explicitly available for this prediction. Technical state is constructive, with price above the 50-day and 200-day averages. RSI is in a steady zone near 64.8. MACD remains on the bullish side. Volatility is elevated at roughly 41.2%. No recent matched news was found for this ticker/date. Relative strength versus the benchmark looked favorable. 1-month excess return 19.25%; 3-month excess return 10.17%; 6-month excess return 15.26%."
2022-11-22,CARR,0.6357828643871688,917.7752189525293,,hit,linear_regression,target_5d_return,"Technical state is constructive, with price above the 50-day and 200-day averages. MACD remains on the bullish side. Volatility is elevated at roughly 39.8%.",No recent matched news was found for this ticker/date.,Relative strength versus the benchmark looked favorable. 1-month excess return 17.26%; 3-month excess return 9.04%; 6-month excess return 14.60%.,"Model view: the forward return estimate was mildly positive at about 917.78%. Confidence was not explicitly available for this prediction. Technical state is constructive, with price above the 50-day and 200-day averages. MACD remains on the bullish side. Volatility is elevated at roughly 39.8%. No recent matched news was found for this ticker/date. Relative strength versus the benchmark looked favorable. 1-month excess return 17.26%; 3-month excess return 9.04%; 6-month excess return 14.60%."
2022-11-23,CARR,1.743660462917318,919.1565101885415,,hit,linear_regression,target_5d_return,"Technical state is constructive, with price above the 50-day and 200-day averages. MACD remains on the bullish side. Volatility is elevated at roughly 39.5%.",No recent matched news was found for this ticker/date.,Relative strength versus the benchmark looked favorable. 1-month excess return 13.87%; 3-month excess return 9.29%; 6-month excess return 14.06%.,"Model view: the forward return estimate was mildly positive at about 919.16%. Confidence was not explicitly available for this prediction. Technical state is constructive, with price above the 50-day and 200-day averages. MACD remains on the bullish side. Volatility is elevated at roughly 39.5%. No recent matched news was found for this ticker/date. Relative strength versus the benchmark looked favorable. 1-month excess return 13.87%; 3-month excess return 9.29%; 6-month excess return 14.06%."
2022-11-25,CARR,1.0631106773042243,920.5396559208344,,hit,linear_regression,target_5d_return,"Technical state is constructive, with price above the 50-day and 200-day averages. MACD remains on the bullish side. Volatility is elevated at roughly 39.4%.",No recent matched news was found for this ticker/date.,Relative strength versus the benchmark looked favorable. 1-month excess return 13.71%; 3-month excess return 10.59%; 6-month excess return 13.12%.,"Model view: the forward return estimate was mildly positive at about 920.54%. Confidence was not explicitly available for this prediction. Technical state is constructive, with price above the 50-day and 200-day averages. MACD remains on the bullish side. Volatility is elevated at roughly 39.4%. No recent matched news was found for this ticker/date. Relative strength versus the benchmark looked favorable. 1-month excess return 13.71%; 3-month excess return 10.59%; 6-month excess return 13.12%."
2022-11-28,CARR,1.039013932056121,923.4518562042084,,hit,linear_regression,target_5d_return,"Technical state is constructive, with price above the 50-day and 200-day averages. RSI is in a steady zone near 59.7. MACD remains on the bearish side. Volatility is elevated at roughly 36.5%.",No recent matched news was found for this ticker/date.,Relative strength versus the benchmark looked favorable. 1-month excess return 10.12%; 3-month excess return 10.63%; 6-month excess return 12.33%.,"Model view: the forward return estimate was mildly positive at about 923.45%. Confidence was not explicitly available for this prediction. Technical state is constructive, with price above the 50-day and 200-day averages. RSI is in a steady zone near 59.7. MACD remains on the bearish side. Volatility is elevated at roughly 36.5%. No recent matched news was found for this ticker/date. Relative strength versus the benchmark looked favorable. 1-month excess return 10.12%; 3-month excess return 10.63%; 6-month excess return 12.33%."
2022-11-29,CARR,-1.1488970467388948,924.3233192054324,,miss,linear_regression,target_5d_return,"Technical state is constructive, with price above the 50-day and 200-day averages. RSI is in a steady zone near 60.6. MACD remains on the bearish side. Volatility is elevated at roughly 36.4%.",No recent matched news was found for this ticker/date.,Relative strength versus the benchmark looked favorable. 1-month excess return 7.28%; 3-month excess return 11.45%; 6-month excess return 15.02%.,"Model view: the forward return estimate was mildly positive at about 924.32%. Confidence was not explicitly available for this prediction. Technical state is constructive, with price above the 50-day and 200-day averages. RSI is in a steady zone near 60.6. MACD remains on the bearish side. Volatility is elevated at roughly 36.4%. No recent matched news was found for this ticker/date. Relative strength versus the benchmark looked favorable. 1-month excess return 7.28%; 3-month excess return 11.45%; 6-month excess return 15.02%."
2022-11-30,CARR,-2.79782913426857,924.8588150531624,,miss,linear_regression,target_5d_return,"Technical state is constructive, with price above the 50-day and 200-day averages. RSI is in a steady zone near 64.0. MACD remains on the bearish side. Volatility is elevated at roughly 36.6%.",No recent matched news was found for this ticker/date.,Relative strength versus the benchmark looked favorable. 1-month excess return 5.96%; 3-month excess return 10.17%; 6-month excess return 14.35%.,"Model view: the forward return estimate was mildly positive at about 924.86%. Confidence was not explicitly available for this prediction. Technical state is constructive, with price above the 50-day and 200-day averages. RSI is in a steady zone near 64.0. MACD remains on the bearish side. Volatility is elevated at roughly 36.6%. No recent matched news was found for this ticker/date. Relative strength versus the benchmark looked favorable. 1-month excess return 5.96%; 3-month excess return 10.17%; 6-month excess return 14.35%."
2022-12-01,CARR,-3.2494971612641366,924.644321568983,,miss,linear_regression,target_5d_return,"Technical state is constructive, with price above the 50-day and 200-day averages. MACD remains on the bearish side. Volatility is elevated at roughly 35.9%.",No recent matched news was found for this ticker/date.,Relative strength versus the benchmark looked favorable. 1-month excess return 7.20%; 3-month excess return 10.10%; 6-month excess return 14.48%.,"Model view: the forward return estimate was mildly positive at about 924.64%. Confidence was not explicitly available for this prediction. Technical state is constructive, with price above the 50-day and 200-day averages. MACD remains on the bearish side. Volatility is elevated at roughly 35.9%. No recent matched news was found for this ticker/date. Relative strength versus the benchmark looked favorable. 1-month excess return 7.20%; 3-month excess return 10.10%; 6-month excess return 14.48%."
2022-12-02,CARR,-3.7153084961367266,925.9099458108143,,miss,linear_regression,target_5d_return,"Technical state is constructive, with price above the 50-day and 200-day averages. RSI is in a steady zone near 64.5. MACD remains on the bearish side. Volatility is elevated at roughly 36.2%.",No recent matched news was found for this ticker/date.,Relative strength versus the benchmark looked favorable. 1-month excess return 5.65%; 3-month excess return 9.13%; 6-month excess return 13.77%.,"Model view: the forward return estimate was mildly positive at about 925.91%. Confidence was not explicitly available for this prediction. Technical state is constructive, with price above the 50-day and 200-day averages. RSI is in a steady zone near 64.5. MACD remains on the bearish side. Volatility is elevated at roughly 36.2%. No recent matched news was found for this ticker/date. Relative strength versus the benchmark looked favorable. 1-month excess return 5.65%; 3-month excess return 9.13%; 6-month excess return 13.77%."
2022-12-05,CARR,-1.1425960218877873,928.1087487034516,,miss,linear_regression,target_5d_return,"Technical state is constructive, with price above the 50-day and 200-day averages. RSI is in a steady zone near 58.0. MACD remains on the bearish side. Volatility is elevated at roughly 36.8%.",No recent matched news was found for this ticker/date.,Relative strength versus the benchmark looked favorable. 1-month excess return 3.37%; 3-month excess return 6.33%; 6-month excess return 13.53%.,"Model view: the forward return estimate was mildly positive at about 928.11%. Confidence was not explicitly available for this prediction. Technical state is constructive, with price above the 50-day and 200-day averages. RSI is in a steady zone near 58.0. MACD remains on the bearish side. Volatility is elevated at roughly 36.8%. No recent matched news was found for this ticker/date. Relative strength versus the benchmark looked favorable. 1-month excess return 3.37%; 3-month excess return 6.33%; 6-month excess return 13.53%."
2022-12-06,CARR,3.0218484965774506,929.2687447253991,,hit,linear_regression,target_5d_return,"Technical state is constructive, with price above the 50-day and 200-day averages. RSI is in a steady zone near 53.3. MACD remains on the bearish side. Volatility is elevated at roughly 37.2%.",No recent matched news was found for this ticker/date.,Relative strength versus the benchmark looked favorable. 1-month excess return 2.11%; 3-month excess return 4.66%; 6-month excess return 12.85%.,"Model view: the forward return estimate was mildly positive at about 929.27%. Confidence was not explicitly available for this prediction. Technical state is constructive, with price above the 50-day and 200-day averages. RSI is in a steady zone near 53.3. MACD remains on the bearish side. Volatility is elevated at roughly 37.2%. No recent matched news was found for this ticker/date. Relative strength versus the benchmark looked favorable. 1-month excess return 2.11%; 3-month excess return 4.66%; 6-month excess return 12.85%."
2022-12-07,CARR,1.6713030998221523,929.4167099385021,,hit,linear_regression,target_5d_return,"Technical state is constructive, with price above the 50-day and 200-day averages. RSI is in a steady zone near 53.6. MACD remains on the bearish side. Volatility is elevated at roughly 37.1%.",No recent matched news was found for this ticker/date.,Relative strength versus the benchmark looked favorable. 1-month excess return 1.48%; 3-month excess return 4.11%; 6-month excess return 13.78%.,"Model view: the forward return estimate was mildly positive at about 929.42%. Confidence was not explicitly available for this prediction. Technical state is constructive, with price above the 50-day and 200-day averages. RSI is in a steady zone near 53.6. MACD remains on the bearish side. Volatility is elevated at roughly 37.1%. No recent matched news was found for this ticker/date. Relative strength versus the benchmark looked favorable. 1-month excess return 1.48%; 3-month excess return 4.11%; 6-month excess return 13.78%."
2022-12-08,CARR,-2.32344630289415,928.4229158274726,,miss,linear_regression,target_5d_return,"Technical state is constructive, with price above the 50-day and 200-day averages. RSI is in a steady zone near 55.8. MACD remains on the bearish side. Volatility is elevated at roughly 35.6%.",No recent matched news was found for this ticker/date.,Relative strength versus the benchmark looked favorable. 1-month excess return 1.23%; 3-month excess return 5.64%; 6-month excess return 13.22%.,"Model view: the forward return estimate was mildly positive at about 928.42%. Confidence was not explicitly available for this prediction. Technical state is constructive, with price above the 50-day and 200-day averages. RSI is in a steady zone near 55.8. MACD remains on the bearish side. Volatility is elevated at roughly 35.6%. No recent matched news was found for this ticker/date. Relative strength versus the benchmark looked favorable. 1-month excess return 1.23%; 3-month excess return 5.64%; 6-month excess return 13.22%."
2022-12-09,CARR,-2.9521163278706575,928.4289724746887,,miss,linear_regression,target_5d_return,"Technical state is constructive, with price above the 50-day and 200-day averages. RSI is in a steady zone near 52.7. MACD remains on the bearish side.",No recent matched news was found for this ticker/date.,Relative strength versus the benchmark looked favorable. 1-month excess return 1.51%; 3-month excess return 6.05%; 6-month excess return 14.30%.,"Model view: the forward return estimate was mildly positive at about 928.43%. Confidence was not explicitly available for this prediction. Technical state is constructive, with price above the 50-day and 200-day averages. RSI is in a steady zone near 52.7. MACD remains on the bearish side. No recent matched news was found for this ticker/date. Relative strength versus the benchmark looked favorable. 1-month excess return 1.51%; 3-month excess return 6.05%; 6-month excess return 14.30%."
2022-12-12,CARR,-4.068419763800923,927.0228417109905,,miss,linear_regression,target_5d_return,"Technical state is constructive, with price above the 50-day and 200-day averages. RSI is in a steady zone near 54.1. MACD remains on the bearish side.",No recent matched news was found for this ticker/date.,Relative strength versus the benchmark looked mixed. 1-month excess return -1.61%; 3-month excess return 4.36%; 6-month excess return 12.10%.,"Model view: the forward return estimate was mildly positive at about 927.02%. Confidence was not explicitly available for this prediction. Technical state is constructive, with price above the 50-day and 200-day averages. RSI is in a steady zone near 54.1. MACD remains on the bearish side. No recent matched news was found for this ticker/date. Relative strength versus the benchmark looked mixed. 1-month excess return -1.61%; 3-month excess return 4.36%; 6-month excess return 12.10%."
2022-12-13,CARR,-6.656138951381719,924.9068641565729,,miss,linear_regression,target_5d_return,"Technical state is constructive, with price above the 50-day and 200-day averages. RSI is in a steady zone near 60.0. MACD remains on the bearish side.",No recent matched news was found for this ticker/date.,Relative strength versus the benchmark looked mixed. 1-month excess return -1.15%; 3-month excess return 8.47%; 6-month excess return 15.81%.,"Model view: the forward return estimate was mildly positive at about 924.91%. Confidence was not explicitly available for this prediction. Technical state is constructive, with price above the 50-day and 200-day averages. RSI is in a steady zone near 60.0. MACD remains on the bearish side. No recent matched news was found for this ticker/date. Relative strength versus the benchmark looked mixed. 1-month excess return -1.15%; 3-month excess return 8.47%; 6-month excess return 15.81%."
2022-12-14,CARR,-3.90410756680053,924.9319427654143,,miss,linear_regression,target_5d_return,"Technical state is constructive, with price above the 50-day and 200-day averages. RSI is in a steady zone near 56.2. MACD remains on the bearish side.",No recent matched news was found for this ticker/date.,Relative strength versus the benchmark looked mixed. 1-month excess return -0.65%; 3-month excess return 6.05%; 6-month excess return 13.77%.,"Model view: the forward return estimate was mildly positive at about 924.93%. Confidence was not explicitly available for this prediction. Technical state is constructive, with price above the 50-day and 200-day averages. RSI is in a steady zone near 56.2. MACD remains on the bearish side. No recent matched news was found for this ticker/date. Relative strength versus the benchmark looked mixed. 1-month excess return -0.65%; 3-month excess return 6.05%; 6-month excess return 13.77%."
2022-12-15,CARR,-1.8370202452079543,-4.50680595978364,,hit,linear_regression,target_5d_return,"Technical state is constructive, with price above the 50-day and 200-day averages. MACD remains on the bearish side.",No recent matched news was found for this ticker/date.,Relative strength versus the benchmark looked mixed. 1-month excess return -2.05%; 3-month excess return 9.82%; 6-month excess return 16.54%.,"Model view: the forward return estimate was mildly negative at about -4.51%. Confidence was not explicitly available for this prediction. Technical state is constructive, with price above the 50-day and 200-day averages. MACD remains on the bearish side. No recent matched news was found for this ticker/date. Relative strength versus the benchmark looked mixed. 1-month excess return -2.05%; 3-month excess return 9.82%; 6-month excess return 16.54%."
2022-12-16,CARR,0.09581057611340871,-3.5944758809912747,,miss,linear_regression,target_5d_return,"Technical state is constructive, with price above the 50-day and 200-day averages. MACD remains on the bearish side.",No recent matched news was found for this ticker/date.,Relative strength versus the benchmark looked mixed. 1-month excess return -2.17%; 3-month excess return 8.87%; 6-month excess return 16.62%.,"Model view: the forward return estimate was mildly negative at about -3.59%. Confidence was not explicitly available for this prediction. Technical state is constructive, with price above the 50-day and 200-day averages. MACD remains on the bearish side. No recent matched news was found for this ticker/date. Relative strength versus the benchmark looked mixed. 1-month excess return -2.17%; 3-month excess return 8.87%; 6-month excess return 16.62%."
2022-12-19,CARR,0.8915636912885994,-3.552092530175705,,miss,linear_regression,target_5d_return,"Technical state is constructive, with price above the 50-day and 200-day averages. MACD remains on the bearish side.",No recent matched news was found for this ticker/date.,Relative strength versus the benchmark looked mixed. 1-month excess return -0.38%; 3-month excess return 10.81%; 6-month excess return 17.21%.,"Model view: the forward return estimate was mildly negative at about -3.55%. Confidence was not explicitly available for this prediction. Technical state is constructive, with price above the 50-day and 200-day averages. MACD remains on the bearish side. No recent matched news was found for this ticker/date. Relative strength versus the benchmark looked mixed. 1-month excess return -0.38%; 3-month excess return 10.81%; 6-month excess return 17.21%."
2022-12-20,CARR,-0.9910559777561723,-4.631607576166835,,hit,linear_regression,target_5d_return,"Technical state is constructive, with price above the 50-day and 200-day averages. MACD remains on the bearish side.",No recent matched news was found for this ticker/date.,Relative strength versus the benchmark looked mixed. 1-month excess return -1.87%; 3-month excess return 9.90%; 6-month excess return 17.74%.,"Model view: the forward return estimate was mildly negative at about -4.63%. Confidence was not explicitly available for this prediction. Technical state is constructive, with price above the 50-day and 200-day averages. MACD remains on the bearish side. No recent matched news was found for this ticker/date. Relative strength versus the benchmark looked mixed. 1-month excess return -1.87%; 3-month excess return 9.90%; 6-month excess return 17.74%."
2022-12-21,CARR,-0.5702106856657729,-5.433803565522772,,hit,linear_regression,target_5d_return,"Technical state is constructive, with price above the 50-day and 200-day averages. MACD remains on the bearish side.",No recent matched news was found for this ticker/date.,Relative strength versus the benchmark looked mixed. 1-month excess return -1.95%; 3-month excess return 13.51%; 6-month excess return 19.23%.,"Model view: the forward return estimate was mildly negative at about -5.43%. Confidence was not explicitly available for this prediction. Technical state is constructive, with price above the 50-day and 200-day averages. MACD remains on the bearish side. No recent matched news was found for this ticker/date. Relative strength versus the benchmark looked mixed. 1-month excess return -1.95%; 3-month excess return 13.51%; 6-month excess return 19.23%."
2022-12-22,CARR,-1.0316705902768009,-4.960659050449926,,hit,linear_regression,target_5d_return,"Technical state is constructive, with price above the 50-day and 200-day averages. MACD remains on the bearish side.",No recent matched news was found for this ticker/date.,Relative strength versus the benchmark looked mixed. 1-month excess return -0.56%; 3-month excess return 12.40%; 6-month excess return 17.62%.,"Model view: the forward return estimate was mildly negative at about -4.96%. Confidence was not explicitly available for this prediction. Technical state is constructive, with price above the 50-day and 200-day averages. MACD remains on the bearish side. No recent matched news was found for this ticker/date. Relative strength versus the benchmark looked mixed. 1-month excess return -0.56%; 3-month excess return 12.40%; 6-month excess return 17.62%."
2022-12-23,CARR,-0.4307257746646753,-5.852164755319413,,hit,linear_regression,target_5d_return,"Technical state is constructive, with price above the 50-day and 200-day averages. MACD remains on the bearish side.",No recent matched news was found for this ticker/date.,Relative strength versus the benchmark looked mixed. 1-month excess return -0.51%; 3-month excess return 13.84%; 6-month excess return 17.62%.,"Model view: the forward return estimate was mildly negative at about -5.85%. Confidence was not explicitly available for this prediction. Technical state is constructive, with price above the 50-day and 200-day averages. MACD remains on the bearish side. No recent matched news was found for this ticker/date. Relative strength versus the benchmark looked mixed. 1-month excess return -0.51%; 3-month excess return 13.84%; 6-month excess return 17.62%."
2022-12-27,CARR,0.3821348256358936,-4.901977013763747,,miss,linear_regression,target_5d_return,"Technical state is constructive, with price above the 50-day and 200-day averages. MACD remains on the bearish side.",No recent matched news was found for this ticker/date.,Relative strength versus the benchmark looked mixed. 1-month excess return -0.07%; 3-month excess return 13.28%; 6-month excess return 16.46%.,"Model view: the forward return estimate was mildly negative at about -4.90%. Confidence was not explicitly available for this prediction. Technical state is constructive, with price above the 50-day and 200-day averages. MACD remains on the bearish side. No recent matched news was found for this ticker/date. Relative strength versus the benchmark looked mixed. 1-month excess return -0.07%; 3-month excess return 13.28%; 6-month excess return 16.46%."
2022-12-28,CARR,1.391600848546637,-3.3660575182238466,,miss,linear_regression,target_5d_return,"Technical state is mixed, with price not fully aligned across the major moving averages. MACD remains on the bearish side.",No recent matched news was found for this ticker/date.,Relative strength versus the benchmark looked mixed. 1-month excess return -0.54%; 3-month excess return 9.33%; 6-month excess return 15.44%.,"Model view: the forward return estimate was mildly negative at about -3.37%. Confidence was not explicitly available for this prediction. Technical state is mixed, with price not fully aligned across the major moving averages. MACD remains on the bearish side. No recent matched news was found for this ticker/date. Relative strength versus the benchmark looked mixed. 1-month excess return -0.54%; 3-month excess return 9.33%; 6-month excess return 15.44%."
2022-12-29,CARR,3.0585487232112074,-6.484476924780913,,miss,linear_regression,target_5d_return,"Technical state is constructive, with price above the 50-day and 200-day averages. MACD remains on the bearish side.",No recent matched news was found for this ticker/date.,Relative strength versus the benchmark looked mixed. 1-month excess return -0.81%; 3-month excess return 11.81%; 6-month excess return 15.79%.,"Model view: the forward return estimate was mildly negative at about -6.48%. Confidence was not explicitly available for this prediction. Technical state is constructive, with price above the 50-day and 200-day averages. MACD remains on the bearish side. No recent matched news was found for this ticker/date. Relative strength versus the benchmark looked mixed. 1-month excess return -0.81%; 3-month excess return 11.81%; 6-month excess return 15.79%."
2022-12-30,CARR,5.454545454545445,-6.360654516582605,,miss,linear_regression,target_5d_return,"Technical state is mixed, with price not fully aligned across the major moving averages. MACD remains on the bearish side.",No recent matched news was found for this ticker/date.,Relative strength versus the benchmark looked mixed. 1-month excess return -0.75%; 3-month excess return 8.98%; 6-month excess return 14.33%.,"Model view: the forward return estimate was mildly negative at about -6.36%. Confidence was not explicitly available for this prediction. Technical state is mixed, with price not fully aligned across the major moving averages. MACD remains on the bearish side. No recent matched news was found for this ticker/date. Relative strength versus the benchmark looked mixed. 1-month excess return -0.75%; 3-month excess return 8.98%; 6-month excess return 14.33%."
2023-01-03,CARR,5.743810032662822,-5.272571774355902,,miss,linear_regression,target_5d_return,"Technical state is mixed, with price not fully aligned across the major moving averages. MACD remains on the bearish side.",No recent matched news was found for this ticker/date.,Relative strength versus the benchmark looked mixed. 1-month excess return -0.83%; 3-month excess return 9.18%; 6-month excess return 15.66%.,"Model view: the forward return estimate was mildly negative at about -5.27%. Confidence was not explicitly available for this prediction. Technical state is mixed, with price not fully aligned across the major moving averages. MACD remains on the bearish side. No recent matched news was found for this ticker/date. Relative strength versus the benchmark looked mixed. 1-month excess return -0.83%; 3-month excess return 9.18%; 6-month excess return 15.66%."
2023-01-04,CARR,7.518439065405502,-4.792210216823924,,miss,linear_regression,target_5d_return,"Technical state is mixed, with price not fully aligned across the major moving averages. MACD remains on the bearish side.",No recent matched news was found for this ticker/date.,Relative strength versus the benchmark looked mixed. 1-month excess return -0.19%; 3-month excess return 7.42%; 6-month excess return 16.12%.,"Model view: the forward return estimate was mildly negative at about -4.79%. Confidence was not explicitly available for this prediction. Technical state is mixed, with price not fully aligned across the major moving averages. MACD remains on the bearish side. No recent matched news was found for this ticker/date. Relative strength versus the benchmark looked mixed. 1-month excess return -0.19%; 3-month excess return 7.42%; 6-month excess return 16.12%."
2023-01-05,CARR,8.95738340969463,-3.9919676240533084,,miss,linear_regression,target_5d_return,"Technical state is mixed, with price not fully aligned across the major moving averages. MACD remains on the bearish side.",No recent matched news was found for this ticker/date.,Relative strength versus the benchmark looked mixed. 1-month excess return -0.01%; 3-month excess return 8.13%; 6-month excess return 16.57%.,"Model view: the forward return estimate was mildly negative at about -3.99%. Confidence was not explicitly available for this prediction. Technical state is mixed, with price not fully aligned across the major moving averages. MACD remains on the bearish side. No recent matched news was found for this ticker/date. Relative strength versus the benchmark looked mixed. 1-month excess return -0.01%; 3-month excess return 8.13%; 6-month excess return 16.57%."
2023-01-06,CARR,6.3528815115080794,-7.890897960065464,,miss,linear_regression,target_5d_return,"Technical state is constructive, with price above the 50-day and 200-day averages. RSI is in a steady zone near 56.0. MACD remains on the bullish side.",No recent matched news was found for this ticker/date.,Relative strength versus the benchmark looked favorable. 1-month excess return 1.76%; 3-month excess return 11.94%; 6-month excess return 19.77%.,"Model view: the forward return estimate was mildly negative at about -7.89%. Confidence was not explicitly available for this prediction. Technical state is constructive, with price above the 50-day and 200-day averages. RSI is in a steady zone near 56.0. MACD remains on the bullish side. No recent matched news was found for this ticker/date. Relative strength versus the benchmark looked favorable. 1-month excess return 1.76%; 3-month excess return 11.94%; 6-month excess return 19.77%."
2023-01-09,CARR,4.436782310748932,-9.870859428946238,,miss,linear_regression,target_5d_return,"Technical state is constructive, with price above the 50-day and 200-day averages. RSI is in a steady zone near 58.0. MACD remains on the bullish side.",No recent matched news was found for this ticker/date.,Relative strength versus the benchmark looked favorable. 1-month excess return 2.36%; 3-month excess return 16.22%; 6-month excess return 18.21%.,"Model view: the forward return estimate was mildly negative at about -9.87%. Confidence was not explicitly available for this prediction. Technical state is constructive, with price above the 50-day and 200-day averages. RSI is in a steady zone near 58.0. MACD remains on the bullish side. No recent matched news was found for this ticker/date. Relative strength versus the benchmark looked favorable. 1-month excess return 2.36%; 3-month excess return 16.22%; 6-month excess return 18.21%."
2023-01-10,CARR,-1.0909080505371094,-12.715575965784613,,hit,linear_regression,target_5d_return,"Technical state is constructive, with price above the 50-day and 200-day averages. RSI is in a steady zone near 60.5. MACD remains on the bullish side.",No recent matched news was found for this ticker/date.,Relative strength versus the benchmark looked favorable. 1-month excess return 2.68%; 3-month excess return 15.12%; 6-month excess return 19.25%.,"Model view: the forward return estimate was mildly negative at about -12.72%. Confidence was not explicitly available for this prediction. Technical state is constructive, with price above the 50-day and 200-day averages. RSI is in a steady zone near 60.5. MACD remains on the bullish side. No recent matched news was found for this ticker/date. Relative strength versus the benchmark looked favorable. 1-month excess return 2.68%; 3-month excess return 15.12%; 6-month excess return 19.25%."
2023-01-11,CARR,-7.25824049341367,-13.809766993790166,,hit,linear_regression,target_5d_return,"Technical state is constructive, with price above the 50-day and 200-day averages. MACD remains on the bullish side.",No recent matched news was found for this ticker/date.,Relative strength versus the benchmark looked favorable. 1-month excess return 4.51%; 3-month excess return 17.98%; 6-month excess return 22.14%.,"Model view: the forward return estimate was mildly negative at about -13.81%. Confidence was not explicitly available for this prediction. Technical state is constructive, with price above the 50-day and 200-day averages. MACD remains on the bullish side. No recent matched news was found for this ticker/date. Relative strength versus the benchmark looked favorable. 1-month excess return 4.51%; 3-month excess return 17.98%; 6-month excess return 22.14%."
2023-01-12,CARR,-5.922652608123268,-14.057689430694186,,hit,linear_regression,target_5d_return,"Technical state is constructive, with price above the 50-day and 200-day averages. MACD remains on the bullish side.",No recent matched news was found for this ticker/date.,Relative strength versus the benchmark looked favorable. 1-month excess return 5.11%; 3-month excess return 18.39%; 6-month excess return 22.07%.,"Model view: the forward return estimate was mildly negative at about -14.06%. Confidence was not explicitly available for this prediction. Technical state is constructive, with price above the 50-day and 200-day averages. MACD remains on the bullish side. No recent matched news was found for this ticker/date. Relative strength versus the benchmark looked favorable. 1-month excess return 5.11%; 3-month excess return 18.39%; 6-month excess return 22.07%."
2023-01-13,CARR,-5.646392441460368,-14.288816184128425,,hit,linear_regression,target_5d_return,"Technical state is constructive, with price above the 50-day and 200-day averages. MACD remains on the bullish side.",No recent matched news was found for this ticker/date.,Relative strength versus the benchmark looked favorable. 1-month excess return 4.35%; 3-month excess return 22.70%; 6-month excess return 23.96%.,"Model view: the forward return estimate was mildly negative at about -14.29%. Confidence was not explicitly available for this prediction. Technical state is constructive, with price above the 50-day and 200-day averages. MACD remains on the bullish side. No recent matched news was found for this ticker/date. Relative strength versus the benchmark looked favorable. 1-month excess return 4.35%; 3-month excess return 22.70%; 6-month excess return 23.96%."
2023-01-17,CARR,-3.808055317224446,-17.275965369865993,,hit,linear_regression,target_5d_return,"Technical state is constructive, with price above the 50-day and 200-day averages. RSI is in a steady zone near 64.9. MACD remains on the bullish side.",No recent matched news was found for this ticker/date.,Relative strength versus the benchmark looked favorable. 1-month excess return 4.13%; 3-month excess return 20.15%; 6-month excess return 23.64%.,"Model view: the forward return estimate was mildly negative at about -17.28%. Confidence was not explicitly available for this prediction. Technical state is constructive, with price above the 50-day and 200-day averages. RSI is in a steady zone near 64.9. MACD remains on the bullish side. No recent matched news was found for this ticker/date. Relative strength versus the benchmark looked favorable. 1-month excess return 4.13%; 3-month excess return 20.15%; 6-month excess return 23.64%."
2023-01-18,CARR,-0.022982849552533047,-17.59379544521716,,hit,linear_regression,target_5d_return,"Technical state is constructive, with price above the 50-day and 200-day averages. RSI is in a steady zone near 51.9. MACD remains on the bullish side.",No recent matched news was found for this ticker/date.,Relative strength versus the benchmark looked favorable. 1-month excess return 2.05%; 3-month excess return 15.67%; 6-month excess return 17.33%.,"Model view: the forward return estimate was mildly negative at about -17.59%. Confidence was not explicitly available for this prediction. Technical state is constructive, with price above the 50-day and 200-day averages. RSI is in a steady zone near 51.9. MACD remains on the bullish side. No recent matched news was found for this ticker/date. Relative strength versus the benchmark looked favorable. 1-month excess return 2.05%; 3-month excess return 15.67%; 6-month excess return 17.33%."
2023-01-19,CARR,4.151757778100396,-16.14659480323045,,miss,linear_regression,target_5d_return,"Technical state is mixed, with price not fully aligned across the major moving averages. MACD remains on the bullish side. Volatility is elevated at roughly 32.0%.",No recent matched news was found for this ticker/date.,Relative strength versus the benchmark looked mixed. 1-month excess return -0.54%; 3-month excess return 10.65%; 6-month excess return 13.68%.,"Model view: the forward return estimate was mildly negative at about -16.15%. Confidence was not explicitly available for this prediction. Technical state is mixed, with price not fully aligned across the major moving averages. MACD remains on the bullish side. Volatility is elevated at roughly 32.0%. No recent matched news was found for this ticker/date. Relative strength versus the benchmark looked mixed. 1-month excess return -0.54%; 3-month excess return 10.65%; 6-month excess return 13.68%."
2023-01-20,CARR,2.466523947821897,-19.204624921721837,,miss,linear_regression,target_5d_return,"Technical state is mixed, with price not fully aligned across the major moving averages. MACD remains on the bearish side. Volatility is elevated at roughly 32.4%.",No recent matched news was found for this ticker/date.,Relative strength versus the benchmark looked mixed. 1-month excess return -1.10%; 3-month excess return 14.60%; 6-month excess return 12.02%.,"Model view: the forward return estimate was mildly negative at about -19.20%. Confidence was not explicitly available for this prediction. Technical state is mixed, with price not fully aligned across the major moving averages. MACD remains on the bearish side. Volatility is elevated at roughly 32.4%. No recent matched news was found for this ticker/date. Relative strength versus the benchmark looked mixed. 1-month excess return -1.10%; 3-month excess return 14.60%; 6-month excess return 12.02%."
2023-01-23,CARR,0.6931678840557565,-25.039865111938305,,miss,linear_regression,target_5d_return,"Technical state is constructive, with price above the 50-day and 200-day averages. RSI is in a steady zone near 51.0. MACD remains on the bearish side. Volatility is elevated at roughly 32.3%.",No recent matched news was found for this ticker/date.,Relative strength versus the benchmark looked favorable. 1-month excess return -0.67%; 3-month excess return 17.45%; 6-month excess return 11.07%.,"Model view: the forward return estimate was mildly negative at about -25.04%. Confidence was not explicitly available for this prediction. Technical state is constructive, with price above the 50-day and 200-day averages. RSI is in a steady zone near 51.0. MACD remains on the bearish side. Volatility is elevated at roughly 32.3%. No recent matched news was found for this ticker/date. Relative strength versus the benchmark looked favorable. 1-month excess return -0.67%; 3-month excess return 17.45%; 6-month excess return 11.07%."
2023-01-24,CARR,4.187638408256933,-25.288638140681265,,miss,linear_regression,target_5d_return,"Technical state is constructive, with price above the 50-day and 200-day averages. RSI is in a steady zone near 53.1. MACD remains on the bearish side. Volatility is elevated at roughly 32.2%.",No recent matched news was found for this ticker/date.,Relative strength versus the benchmark looked favorable. 1-month excess return 0.20%; 3-month excess return 17.25%; 6-month excess return 13.17%.,"Model view: the forward return estimate was mildly negative at about -25.29%. Confidence was not explicitly available for this prediction. Technical state is constructive, with price above the 50-day and 200-day averages. RSI is in a steady zone near 53.1. MACD remains on the bearish side. Volatility is elevated at roughly 32.2%. No recent matched news was found for this ticker/date. Relative strength versus the benchmark looked favorable. 1-month excess return 0.20%; 3-month excess return 17.25%; 6-month excess return 13.17%."
2023-01-25,CARR,6.044590139213213,-24.930793153971898,,miss,linear_regression,target_5d_return,"Technical state is constructive, with price above the 50-day and 200-day averages. RSI is in a steady zone near 52.0. MACD remains on the bearish side. Volatility is elevated at roughly 32.3%.",No recent matched news was found for this ticker/date.,Relative strength versus the benchmark looked favorable. 1-month excess return -0.75%; 3-month excess return 15.68%; 6-month excess return 11.83%.,"Model view: the forward return estimate was mildly negative at about -24.93%. Confidence was not explicitly available for this prediction. Technical state is constructive, with price above the 50-day and 200-day averages. RSI is in a steady zone near 52.0. MACD remains on the bearish side. Volatility is elevated at roughly 32.3%. No recent matched news was found for this ticker/date. Relative strength versus the benchmark looked favorable. 1-month excess return -0.75%; 3-month excess return 15.68%; 6-month excess return 11.83%."
2023-01-26,CARR,7.97250726365526,-24.345231858026956,,miss,linear_regression,target_5d_return,"Technical state is constructive, with price above the 50-day and 200-day averages. RSI is in a steady zone near 52.8. MACD remains on the bearish side. Volatility is elevated at roughly 32.3%.",No recent matched news was found for this ticker/date.,Relative strength versus the benchmark looked mixed. 1-month excess return -1.22%; 3-month excess return 11.95%; 6-month excess return 9.54%.,"Model view: the forward return estimate was mildly negative at about -24.35%. Confidence was not explicitly available for this prediction. Technical state is constructive, with price above the 50-day and 200-day averages. RSI is in a steady zone near 52.8. MACD remains on the bearish side. Volatility is elevated at roughly 32.3%. No recent matched news was found for this ticker/date. Relative strength versus the benchmark looked mixed. 1-month excess return -1.22%; 3-month excess return 11.95%; 6-month excess return 9.54%."
2023-01-27,CARR,7.496562443456201,-24.2802632303301,,miss,linear_regression,target_5d_return,"Technical state is constructive, with price above the 50-day and 200-day averages. RSI is in a steady zone near 52.6. MACD remains on the bearish side. Volatility is elevated at roughly 31.0%.",No recent matched news was found for this ticker/date.,Relative strength versus the benchmark looked mixed. 1-month excess return -2.21%; 3-month excess return 11.25%; 6-month excess return 10.61%.,"Model view: the forward return estimate was mildly negative at about -24.28%. Confidence was not explicitly available for this prediction. Technical state is constructive, with price above the 50-day and 200-day averages. RSI is in a steady zone near 52.6. MACD remains on the bearish side. Volatility is elevated at roughly 31.0%. No recent matched news was found for this ticker/date. Relative strength versus the benchmark looked mixed. 1-month excess return -2.21%; 3-month excess return 11.25%; 6-month excess return 10.61%."
2023-01-30,CARR,5.897199602669279,-26.10962394878286,,miss,linear_regression,target_5d_return,"Technical state is constructive, with price above the 50-day and 200-day averages. RSI is in a steady zone near 52.3. MACD remains on the bearish side. Volatility is elevated at roughly 30.3%.",No recent matched news was found for this ticker/date.,Relative strength versus the benchmark looked favorable. 1-month excess return 0.03%; 3-month excess return 9.61%; 6-month excess return 10.32%.,"Model view: the forward return estimate was mildly negative at about -26.11%. Confidence was not explicitly available for this prediction. Technical state is constructive, with price above the 50-day and 200-day averages. RSI is in a steady zone near 52.3. MACD remains on the bearish side. Volatility is elevated at roughly 30.3%. No recent matched news was found for this ticker/date. Relative strength versus the benchmark looked favorable. 1-month excess return 0.03%; 3-month excess return 9.61%; 6-month excess return 10.32%."
2023-01-31,CARR,-2.503842346173779,-26.12057420604767,,hit,linear_regression,target_5d_return,"Technical state is constructive, with price above the 50-day and 200-day averages. RSI is in a steady zone near 62.5. MACD remains on the bullish side. Volatility is elevated at roughly 33.1%.",No recent matched news was found for this ticker/date.,Relative strength versus the benchmark looked favorable. 1-month excess return 2.80%; 3-month excess return 9.47%; 6-month excess return 13.34%.,"Model view: the forward return estimate was mildly negative at about -26.12%. Confidence was not explicitly available for this prediction. Technical state is constructive, with price above the 50-day and 200-day averages. RSI is in a steady zone near 62.5. MACD remains on the bullish side. Volatility is elevated at roughly 33.1%. No recent matched news was found for this ticker/date. Relative strength versus the benchmark looked favorable. 1-month excess return 2.80%; 3-month excess return 9.47%; 6-month excess return 13.34%."
2023-02-01,CARR,-2.340697942444536,-26.194197867197907,,hit,linear_regression,target_5d_return,"Technical state is constructive, with price above the 50-day and 200-day averages. RSI is in a steady zone near 65.0. MACD remains on the bullish side. Volatility is elevated at roughly 33.2%.",No recent matched news was found for this ticker/date.,Relative strength versus the benchmark looked favorable. 1-month excess return 4.40%; 3-month excess return 9.68%; 6-month excess return 13.56%.,"Model view: the forward return estimate was mildly negative at about -26.19%. Confidence was not explicitly available for this prediction. Technical state is constructive, with price above the 50-day and 200-day averages. RSI is in a steady zone near 65.0. MACD remains on the bullish side. Volatility is elevated at roughly 33.2%. No recent matched news was found for this ticker/date. Relative strength versus the benchmark looked favorable. 1-month excess return 4.40%; 3-month excess return 9.68%; 6-month excess return 13.56%."
2023-02-02,CARR,-4.689163694216525,-28.741949489427164,,hit,linear_regression,target_5d_return,"Technical state is constructive, with price above the 50-day and 200-day averages. MACD remains on the bullish side. Volatility is elevated at roughly 33.7%.",No recent matched news was found for this ticker/date.,Relative strength versus the benchmark looked favorable. 1-month excess return 3.85%; 3-month excess return 10.36%; 6-month excess return 15.14%.,"Model view: the forward return estimate was mildly negative at about -28.74%. Confidence was not explicitly available for this prediction. Technical state is constructive, with price above the 50-day and 200-day averages. MACD remains on the bullish side. Volatility is elevated at roughly 33.7%. No recent matched news was found for this ticker/date. Relative strength versus the benchmark looked favorable. 1-month excess return 3.85%; 3-month excess return 10.36%; 6-month excess return 15.14%."
2023-02-03,CARR,-4.393255673721597,-29.174399583596006,,hit,linear_regression,target_5d_return,"Technical state is constructive, with price above the 50-day and 200-day averages. MACD remains on the bullish side. Volatility is elevated at roughly 33.3%.",No recent matched news was found for this ticker/date.,Relative strength versus the benchmark looked favorable. 1-month excess return 4.09%; 3-month excess return 9.89%; 6-month excess return 12.65%.,"Model view: the forward return estimate was mildly negative at about -29.17%. Confidence was not explicitly available for this prediction. Technical state is constructive, with price above the 50-day and 200-day averages. MACD remains on the bullish side. Volatility is elevated at roughly 33.3%. No recent matched news was found for this ticker/date. Relative strength versus the benchmark looked favorable. 1-month excess return 4.09%; 3-month excess return 9.89%; 6-month excess return 12.65%."
2023-02-06,CARR,-1.538467769652796,-30.096815096692104,,hit,linear_regression,target_5d_return,"Technical state is constructive, with price above the 50-day and 200-day averages. RSI is in a steady zone near 61.4. MACD remains on the bullish side. Volatility is elevated at roughly 31.9%.",No recent matched news was found for this ticker/date.,Relative strength versus the benchmark looked favorable. 1-month excess return 3.09%; 3-month excess return 6.71%; 6-month excess return 11.07%.,"Model view: the forward return estimate was mildly negative at about -30.10%. Confidence was not explicitly available for this prediction. Technical state is constructive, with price above the 50-day and 200-day averages. RSI is in a steady zone near 61.4. MACD remains on the bullish side. Volatility is elevated at roughly 31.9%. No recent matched news was found for this ticker/date. Relative strength versus the benchmark looked favorable. 1-month excess return 3.09%; 3-month excess return 6.71%; 6-month excess return 11.07%."
2023-02-07,CARR,1.6670459307088104,-28.533157094517623,,miss,linear_regression,target_5d_return,"Technical state is constructive, with price above the 50-day and 200-day averages. RSI is in a steady zone near 50.8. MACD remains on the bullish side. Volatility is elevated at roughly 35.1%.",No recent matched news was found for this ticker/date.,Relative strength versus the benchmark looked mixed. 1-month excess return -4.07%; 3-month excess return -0.12%; 6-month excess return 5.35%.,"Model view: the forward return estimate was mildly negative at about -28.53%. Confidence was not explicitly available for this prediction. Technical state is constructive, with price above the 50-day and 200-day averages. RSI is in a steady zone near 50.8. MACD remains on the bullish side. Volatility is elevated at roughly 35.1%. No recent matched news was found for this ticker/date. Relative strength versus the benchmark looked mixed. 1-month excess return -4.07%; 3-month excess return -0.12%; 6-month excess return 5.35%."
2023-02-08,CARR,0.9320864539393181,-27.956690500913247,,miss,linear_regression,target_5d_return,"Technical state is constructive, with price above the 50-day and 200-day averages. RSI is in a steady zone near 54.1. MACD remains on the bullish side. Volatility is elevated at roughly 35.2%.",No recent matched news was found for this ticker/date.,Relative strength versus the benchmark looked favorable. 1-month excess return -2.31%; 3-month excess return 1.72%; 6-month excess return 8.11%.,"Model view: the forward return estimate was mildly negative at about -27.96%. Confidence was not explicitly available for this prediction. Technical state is constructive, with price above the 50-day and 200-day averages. RSI is in a steady zone near 54.1. MACD remains on the bullish side. Volatility is elevated at roughly 35.2%. No recent matched news was found for this ticker/date. Relative strength versus the benchmark looked favorable. 1-month excess return -2.31%; 3-month excess return 1.72%; 6-month excess return 8.11%."
2023-02-09,CARR,0.6901188466773567,-27.345355143172,,miss,linear_regression,target_5d_return,"Technical state is constructive, with price above the 50-day and 200-day averages. RSI is in a steady zone near 53.3. MACD remains on the bearish side. Volatility is elevated at roughly 33.9%.",No recent matched news was found for this ticker/date.,Relative strength versus the benchmark looked favorable. 1-month excess return -2.16%; 3-month excess return 1.90%; 6-month excess return 7.90%.,"Model view: the forward return estimate was mildly negative at about -27.35%. Confidence was not explicitly available for this prediction. Technical state is constructive, with price above the 50-day and 200-day averages. RSI is in a steady zone near 53.3. MACD remains on the bearish side. Volatility is elevated at roughly 33.9%. No recent matched news was found for this ticker/date. Relative strength versus the benchmark looked favorable. 1-month excess return -2.16%; 3-month excess return 1.90%; 6-month excess return 7.90%."
2023-02-10,CARR,0.8699517593556694,-28.119084762043308,,miss,linear_regression,target_5d_return,"Technical state is constructive, with price above the 50-day and 200-day averages. RSI is in a steady zone near 52.7. MACD remains on the bearish side. Volatility is elevated at roughly 33.9%.",No recent matched news was found for this ticker/date.,Relative strength versus the benchmark looked favorable. 1-month excess return -3.98%; 3-month excess return 2.07%; 6-month excess return 6.99%.,"Model view: the forward return estimate was mildly negative at about -28.12%. Confidence was not explicitly available for this prediction. Technical state is constructive, with price above the 50-day and 200-day averages. RSI is in a steady zone near 52.7. MACD remains on the bearish side. Volatility is elevated at roughly 33.9%. No recent matched news was found for this ticker/date. Relative strength versus the benchmark looked favorable. 1-month excess return -3.98%; 3-month excess return 2.07%; 6-month excess return 6.99%."
2023-02-13,CARR,-3.5431268580804143,-26.75920047448896,,hit,linear_regression,target_5d_return,"Technical state is constructive, with price above the 50-day and 200-day averages. RSI is in a steady zone near 56.0. MACD remains on the bearish side. Volatility is elevated at roughly 33.9%.",No recent matched news was found for this ticker/date.,Relative strength versus the benchmark looked mixed. 1-month excess return -3.57%; 3-month excess return -0.09%; 6-month excess return 6.74%.,"Model view: the forward return estimate was mildly negative at about -26.76%. Confidence was not explicitly available for this prediction. Technical state is constructive, with price above the 50-day and 200-day averages. RSI is in a steady zone near 56.0. MACD remains on the bearish side. Volatility is elevated at roughly 33.9%. No recent matched news was found for this ticker/date. Relative strength versus the benchmark looked mixed. 1-month excess return -3.57%; 3-month excess return -0.09%; 6-month excess return 6.74%."
2023-02-14,CARR,-3.3902117389381203,-27.458852041495064,,hit,linear_regression,target_5d_return,"Technical state is constructive, with price above the 50-day and 200-day averages. RSI is in a steady zone near 54.0. MACD remains on the bearish side. Volatility is elevated at roughly 33.8%.",No recent matched news was found for this ticker/date.,Relative strength versus the benchmark looked mixed. 1-month excess return -5.16%; 3-month excess return -2.01%; 6-month excess return 5.46%.,"Model view: the forward return estimate was mildly negative at about -27.46%. Confidence was not explicitly available for this prediction. Technical state is constructive, with price above the 50-day and 200-day averages. RSI is in a steady zone near 54.0. MACD remains on the bearish side. Volatility is elevated at roughly 33.8%. No recent matched news was found for this ticker/date. Relative strength versus the benchmark looked mixed. 1-month excess return -5.16%; 3-month excess return -2.01%; 6-month excess return 5.46%."
2023-02-15,CARR,-2.2647290889709404,-27.268092316662653,,hit,linear_regression,target_5d_return,"Technical state is constructive, with price above the 50-day and 200-day averages. RSI is in a steady zone near 55.9. MACD remains on the bearish side. Volatility is elevated at roughly 30.1%.",No recent matched news was found for this ticker/date.,Relative strength versus the benchmark looked mixed. 1-month excess return -3.94%; 3-month excess return -0.46%; 6-month excess return 6.14%.,"Model view: the forward return estimate was mildly negative at about -27.27%. Confidence was not explicitly available for this prediction. Technical state is constructive, with price above the 50-day and 200-day averages. RSI is in a steady zone near 55.9. MACD remains on the bearish side. Volatility is elevated at roughly 30.1%. No recent matched news was found for this ticker/date. Relative strength versus the benchmark looked mixed. 1-month excess return -3.94%; 3-month excess return -0.46%; 6-month excess return 6.14%."
2023-02-16,CARR,-2.166702525214914,-24.14027073227481,,hit,linear_regression,target_5d_return,"Technical state is constructive, with price above the 50-day and 200-day averages. RSI is in a steady zone near 54.1. MACD remains on the bearish side.",No recent matched news was found for this ticker/date.,Relative strength versus the benchmark looked mixed. 1-month excess return -0.37%; 3-month excess return -0.47%; 6-month excess return 6.86%.,"Model view: the forward return estimate was mildly negative at about -24.14%. Confidence was not explicitly available for this prediction. Technical state is constructive, with price above the 50-day and 200-day averages. RSI is in a steady zone near 54.1. MACD remains on the bearish side. No recent matched news was found for this ticker/date. Relative strength versus the benchmark looked mixed. 1-month excess return -0.37%; 3-month excess return -0.47%; 6-month excess return 6.86%."
2023-02-17,CARR,-0.5749715373988828,-26.463003616403732,,hit,linear_regression,target_5d_return,"Technical state is constructive, with price above the 50-day and 200-day averages. RSI is in a steady zone near 54.1. MACD remains on the bearish side.",No recent matched news was found for this ticker/date.,Relative strength versus the benchmark looked favorable. 1-month excess return 3.12%; 3-month excess return 0.13%; 6-month excess return 6.99%.,"Model view: the forward return estimate was mildly negative at about -26.46%. Confidence was not explicitly available for this prediction. Technical state is constructive, with price above the 50-day and 200-day averages. RSI is in a steady zone near 54.1. MACD remains on the bearish side. No recent matched news was found for this ticker/date. Relative strength versus the benchmark looked favorable. 1-month excess return 3.12%; 3-month excess return 0.13%; 6-month excess return 6.99%."
2023-02-21,CARR,2.737843710040555,-24.832197910364272,,miss,linear_regression,target_5d_return,"Technical state is constructive, with price above the 50-day and 200-day averages. MACD remains on the bearish side.",No recent matched news was found for this ticker/date.,Relative strength versus the benchmark looked favorable. 1-month excess return 2.11%; 3-month excess return 0.62%; 6-month excess return 8.67%.,"Model view: the forward return estimate was mildly negative at about -24.83%. Confidence was not explicitly available for this prediction. Technical state is constructive, with price above the 50-day and 200-day averages. MACD remains on the bearish side. No recent matched news was found for this ticker/date. Relative strength versus the benchmark looked favorable. 1-month excess return 2.11%; 3-month excess return 0.62%; 6-month excess return 8.67%."
2023-02-22,CARR,4.564224192915889,-24.054701760173256,,miss,linear_regression,target_5d_return,"Technical state is mixed, with price not fully aligned across the major moving averages. MACD remains on the bearish side.",No recent matched news was found for this ticker/date.,Relative strength versus the benchmark looked favorable. 1-month excess return 1.23%; 3-month excess return -1.37%; 6-month excess return 8.34%.,"Model view: the forward return estimate was mildly negative at about -24.05%. Confidence was not explicitly available for this prediction. Technical state is mixed, with price not fully aligned across the major moving averages. MACD remains on the bearish side. No recent matched news was found for this ticker/date. Relative strength versus the benchmark looked favorable. 1-month excess return 1.23%; 3-month excess return -1.37%; 6-month excess return 8.34%."
2023-02-23,CARR,3.689537371202478,-24.290839905480535,,miss,linear_regression,target_5d_return,"Technical state is constructive, with price above the 50-day and 200-day averages. MACD remains on the bearish side.",No recent matched news was found for this ticker/date.,Relative strength versus the benchmark looked favorable. 1-month excess return 1.60%; 3-month excess return -0.23%; 6-month excess return 10.08%.,"Model view: the forward return estimate was mildly negative at about -24.29%. Confidence was not explicitly available for this prediction. Technical state is constructive, with price above the 50-day and 200-day averages. MACD remains on the bearish side. No recent matched news was found for this ticker/date. Relative strength versus the benchmark looked favorable. 1-month excess return 1.60%; 3-month excess return -0.23%; 6-month excess return 10.08%."
2023-02-24,CARR,8.000002068988344,-25.454265224997478,,miss,linear_regression,target_5d_return,"Technical state is constructive, with price above the 50-day and 200-day averages. MACD remains on the bearish side.",No recent matched news was found for this ticker/date.,Relative strength versus the benchmark looked favorable. 1-month excess return 2.69%; 3-month excess return 1.38%; 6-month excess return 10.41%.,"Model view: the forward return estimate was mildly negative at about -25.45%. Confidence was not explicitly available for this prediction. Technical state is constructive, with price above the 50-day and 200-day averages. MACD remains on the bearish side. No recent matched news was found for this ticker/date. Relative strength versus the benchmark looked favorable. 1-month excess return 2.69%; 3-month excess return 1.38%; 6-month excess return 10.41%."
2023-02-27,CARR,7.606766132750442,-25.12456820864019,,miss,linear_regression,target_5d_return,"Technical state is constructive, with price above the 50-day and 200-day averages. RSI is in a steady zone near 52.9. MACD remains on the bearish side.",No recent matched news was found for this ticker/date.,Relative strength versus the benchmark looked favorable. 1-month excess return 4.70%; 3-month excess return 2.99%; 6-month excess return 12.32%.,"Model view: the forward return estimate was mildly negative at about -25.12%. Confidence was not explicitly available for this prediction. Technical state is constructive, with price above the 50-day and 200-day averages. RSI is in a steady zone near 52.9. MACD remains on the bearish side. No recent matched news was found for this ticker/date. Relative strength versus the benchmark looked favorable. 1-month excess return 4.70%; 3-month excess return 2.99%; 6-month excess return 12.32%."
2023-02-28,CARR,5.596270322179708,-23.39479943442725,,miss,linear_regression,target_5d_return,"Technical state is constructive, with price above the 50-day and 200-day averages. RSI is in a steady zone near 53.3. MACD remains on the bearish side.",No recent matched news was found for this ticker/date.,Relative strength versus the benchmark looked favorable. 1-month excess return 5.58%; 3-month excess return 3.39%; 6-month excess return 14.16%.,"Model view: the forward return estimate was mildly negative at about -23.39%. Confidence was not explicitly available for this prediction. Technical state is constructive, with price above the 50-day and 200-day averages. RSI is in a steady zone near 53.3. MACD remains on the bearish side. No recent matched news was found for this ticker/date. Relative strength versus the benchmark looked favorable. 1-month excess return 5.58%; 3-month excess return 3.39%; 6-month excess return 14.16%."
2023-03-01,CARR,3.948232575205135,-24.37599994443658,,miss,linear_regression,target_5d_return,"Technical state is constructive, with price above the 50-day and 200-day averages. RSI is in a steady zone near 56.8. MACD remains on the bearish side.",No recent matched news was found for this ticker/date.,Relative strength versus the benchmark looked favorable. 1-month excess return 6.09%; 3-month excess return 5.59%; 6-month excess return 16.69%.,"Model view: the forward return estimate was mildly negative at about -24.38%. Confidence was not explicitly available for this prediction. Technical state is constructive, with price above the 50-day and 200-day averages. RSI is in a steady zone near 56.8. MACD remains on the bearish side. No recent matched news was found for this ticker/date. Relative strength versus the benchmark looked favorable. 1-month excess return 6.09%; 3-month excess return 5.59%; 6-month excess return 16.69%."
2023-03-02,CARR,0.1301830616020183,-26.448914449015213,,miss,linear_regression,target_5d_return,"Technical state is constructive, with price above the 50-day and 200-day averages. RSI is in a steady zone near 59.7. MACD remains on the bullish side.",No recent matched news was found for this ticker/date.,Relative strength versus the benchmark looked favorable. 1-month excess return 3.36%; 3-month excess return 5.31%; 6-month excess return 17.40%.,"Model view: the forward return estimate was mildly negative at about -26.45%. Confidence was not explicitly available for this prediction. Technical state is constructive, with price above the 50-day and 200-day averages. RSI is in a steady zone near 59.7. MACD remains on the bullish side. No recent matched news was found for this ticker/date. Relative strength versus the benchmark looked favorable. 1-month excess return 3.36%; 3-month excess return 5.31%; 6-month excess return 17.40%."
2023-03-03,CARR,-4.498852238314887,-26.870737508039333,,hit,linear_regression,target_5d_return,"Technical state is constructive, with price above the 50-day and 200-day averages. MACD remains on the bullish side.",No recent matched news was found for this ticker/date.,Relative strength versus the benchmark looked favorable. 1-month excess return 5.23%; 3-month excess return 8.69%; 6-month excess return 19.92%.,"Model view: the forward return estimate was mildly negative at about -26.87%. Confidence was not explicitly available for this prediction. Technical state is constructive, with price above the 50-day and 200-day averages. MACD remains on the bullish side. No recent matched news was found for this ticker/date. Relative strength versus the benchmark looked favorable. 1-month excess return 5.23%; 3-month excess return 8.69%; 6-month excess return 19.92%."
2023-03-06,CARR,-7.503102496844671,-26.73285244732947,,hit,linear_regression,target_5d_return,"Technical state is constructive, with price above the 50-day and 200-day averages. MACD remains on the bullish side.",No recent matched news was found for this ticker/date.,Relative strength versus the benchmark looked favorable. 1-month excess return 5.58%; 3-month excess return 8.43%; 6-month excess return 19.54%.,"Model view: the forward return estimate was mildly negative at about -26.73%. Confidence was not explicitly available for this prediction. Technical state is constructive, with price above the 50-day and 200-day averages. MACD remains on the bullish side. No recent matched news was found for this ticker/date. Relative strength versus the benchmark looked favorable. 1-month excess return 5.58%; 3-month excess return 8.43%; 6-month excess return 19.54%."
2023-03-07,CARR,-3.785487415229283,-24.308708492521397,,hit,linear_regression,target_5d_return,"Technical state is constructive, with price above the 50-day and 200-day averages. RSI is in a steady zone near 63.3. MACD remains on the bullish side.",No recent matched news was found for this ticker/date.,Relative strength versus the benchmark looked favorable. 1-month excess return 4.80%; 3-month excess return 8.57%; 6-month excess return 18.60%.,"Model view: the forward return estimate was mildly negative at about -24.31%. Confidence was not explicitly available for this prediction. Technical state is constructive, with price above the 50-day and 200-day averages. RSI is in a steady zone near 63.3. MACD remains on the bullish side. No recent matched news was found for this ticker/date. Relative strength versus the benchmark looked favorable. 1-month excess return 4.80%; 3-month excess return 8.57%; 6-month excess return 18.60%."
2023-03-08,CARR,-8.609407193300434,-26.93895423188676,,hit,linear_regression,target_5d_return,"Technical state is constructive, with price above the 50-day and 200-day averages. RSI is in a steady zone near 62.1. MACD remains on the bullish side.",No recent matched news was found for this ticker/date.,Relative strength versus the benchmark looked favorable. 1-month excess return 5.37%; 3-month excess return 8.51%; 6-month excess return 15.56%.,"Model view: the forward return estimate was mildly negative at about -26.94%. Confidence was not explicitly available for this prediction. Technical state is constructive, with price above the 50-day and 200-day averages. RSI is in a steady zone near 62.1. MACD remains on the bullish side. No recent matched news was found for this ticker/date. Relative strength versus the benchmark looked favorable. 1-month excess return 5.37%; 3-month excess return 8.51%; 6-month excess return 15.56%."
2023-03-09,CARR,-3.6186390648462186,-24.78967906761185,,hit,linear_regression,target_5d_return,"Technical state is constructive, with price above the 50-day and 200-day averages. RSI is in a steady zone near 53.5. MACD remains on the bullish side.",No recent matched news was found for this ticker/date.,Relative strength versus the benchmark looked favorable. 1-month excess return 9.65%; 3-month excess return 7.88%; 6-month excess return 12.80%.,"Model view: the forward return estimate was mildly negative at about -24.79%. Confidence was not explicitly available for this prediction. Technical state is constructive, with price above the 50-day and 200-day averages. RSI is in a steady zone near 53.5. MACD remains on the bullish side. No recent matched news was found for this ticker/date. Relative strength versus the benchmark looked favorable. 1-month excess return 9.65%; 3-month excess return 7.88%; 6-month excess return 12.80%."
2023-03-10,CARR,-4.141103012541025,-23.738382188436525,,hit,linear_regression,target_5d_return,"Technical state is constructive, with price above the 50-day and 200-day averages. RSI is in a steady zone near 50.4. MACD remains on the bullish side.",No recent matched news was found for this ticker/date.,Relative strength versus the benchmark looked favorable. 1-month excess return 7.29%; 3-month excess return 7.78%; 6-month excess return 11.99%.,"Model view: the forward return estimate was mildly negative at about -23.74%. Confidence was not explicitly available for this prediction. Technical state is constructive, with price above the 50-day and 200-day averages. RSI is in a steady zone near 50.4. MACD remains on the bullish side. No recent matched news was found for this ticker/date. Relative strength versus the benchmark looked favorable. 1-month excess return 7.29%; 3-month excess return 7.78%; 6-month excess return 11.99%."
2023-03-13,CARR,0.5363165999258124,-23.85690620825182,,miss,linear_regression,target_5d_return,"Technical state is constructive, with price above the 50-day and 200-day averages. MACD remains on the bearish side.",No recent matched news was found for this ticker/date.,Relative strength versus the benchmark looked favorable. 1-month excess return 4.98%; 3-month excess return 5.72%; 6-month excess return 11.38%.,"Model view: the forward return estimate was mildly negative at about -23.86%. Confidence was not explicitly available for this prediction. Technical state is constructive, with price above the 50-day and 200-day averages. MACD remains on the bearish side. No recent matched news was found for this ticker/date. Relative strength versus the benchmark looked favorable. 1-month excess return 4.98%; 3-month excess return 5.72%; 6-month excess return 11.38%."
2023-03-14,CARR,-1.2021841247225051,-24.65542885886162,,hit,linear_regression,target_5d_return,"Technical state is constructive, with price above the 50-day and 200-day averages. RSI is in a steady zone near 51.3. MACD remains on the bearish side.",No recent matched news was found for this ticker/date.,Relative strength versus the benchmark looked favorable. 1-month excess return 6.07%; 3-month excess return 6.78%; 6-month excess return 12.92%.,"Model view: the forward return estimate was mildly negative at about -24.66%. Confidence was not explicitly available for this prediction. Technical state is constructive, with price above the 50-day and 200-day averages. RSI is in a steady zone near 51.3. MACD remains on the bearish side. No recent matched news was found for this ticker/date. Relative strength versus the benchmark looked favorable. 1-month excess return 6.07%; 3-month excess return 6.78%; 6-month excess return 12.92%."
2023-03-15,CARR,2.008771425302447,-22.536304146539713,,miss,linear_regression,target_5d_return,"Technical state is mixed, with price not fully aligned across the major moving averages. MACD remains on the bearish side. Volatility is elevated at roughly 33.1%.",No recent matched news was found for this ticker/date.,Relative strength versus the benchmark looked favorable. 1-month excess return 1.01%; 3-month excess return 2.55%; 6-month excess return 6.95%.,"Model view: the forward return estimate was mildly negative at about -22.54%. Confidence was not explicitly available for this prediction. Technical state is mixed, with price not fully aligned across the major moving averages. MACD remains on the bearish side. Volatility is elevated at roughly 33.1%. No recent matched news was found for this ticker/date. Relative strength versus the benchmark looked favorable. 1-month excess return 1.01%; 3-month excess return 2.55%; 6-month excess return 6.95%."
2023-03-16,CARR,-0.40467694925414577,-21.774763368142978,,hit,linear_regression,target_5d_return,"Technical state is mixed, with price not fully aligned across the major moving averages. MACD remains on the bearish side. Volatility is elevated at roughly 34.6%.",No recent matched news was found for this ticker/date.,Relative strength versus the benchmark looked favorable. 1-month excess return 2.61%; 3-month excess return 1.86%; 6-month excess return 10.39%.,"Model view: the forward return estimate was mildly negative at about -21.77%. Confidence was not explicitly available for this prediction. Technical state is mixed, with price not fully aligned across the major moving averages. MACD remains on the bearish side. Volatility is elevated at roughly 34.6%. No recent matched news was found for this ticker/date. Relative strength versus the benchmark looked favorable. 1-month excess return 2.61%; 3-month excess return 1.86%; 6-month excess return 10.39%."
2023-03-17,CARR,0.3885672433035614,-20.31075079585173,,miss,linear_regression,target_5d_return,"Technical state is mixed, with price not fully aligned across the major moving averages. MACD remains on the bearish side. Volatility is elevated at roughly 35.0%.",No recent matched news was found for this ticker/date.,Relative strength versus the benchmark looked favorable. 1-month excess return 1.61%; 3-month excess return 1.87%; 6-month excess return 7.96%.,"Model view: the forward return estimate was mildly negative at about -20.31%. Confidence was not explicitly available for this prediction. Technical state is mixed, with price not fully aligned across the major moving averages. MACD remains on the bearish side. Volatility is elevated at roughly 35.0%. No recent matched news was found for this ticker/date. Relative strength versus the benchmark looked favorable. 1-month excess return 1.61%; 3-month excess return 1.87%; 6-month excess return 7.96%."
2023-03-20,CARR,-1.5336795191463581,-20.678574839992052,,hit,linear_regression,target_5d_return,"Technical state is constructive, with price above the 50-day and 200-day averages. MACD remains on the bearish side. Volatility is elevated at roughly 36.5%.",No recent matched news was found for this ticker/date.,Relative strength versus the benchmark looked favorable. 1-month excess return 2.68%; 3-month excess return 4.56%; 6-month excess return 15.00%.,"Model view: the forward return estimate was mildly negative at about -20.68%. Confidence was not explicitly available for this prediction. Technical state is constructive, with price above the 50-day and 200-day averages. MACD remains on the bearish side. Volatility is elevated at roughly 36.5%. No recent matched news was found for this ticker/date. Relative strength versus the benchmark looked favorable. 1-month excess return 2.68%; 3-month excess return 4.56%; 6-month excess return 15.00%."
2023-03-21,CARR,-0.9955768923535446,-20.97126500753628,,hit,linear_regression,target_5d_return,"Technical state is constructive, with price above the 50-day and 200-day averages. RSI is in a steady zone near 50.1. MACD remains on the bearish side. Volatility is elevated at roughly 34.7%.",No recent matched news was found for this ticker/date.,Relative strength versus the benchmark looked favorable. 1-month excess return 1.65%; 3-month excess return 4.30%; 6-month excess return 13.84%.,"Model view: the forward return estimate was mildly negative at about -20.97%. Confidence was not explicitly available for this prediction. Technical state is constructive, with price above the 50-day and 200-day averages. RSI is in a steady zone near 50.1. MACD remains on the bearish side. Volatility is elevated at roughly 34.7%. No recent matched news was found for this ticker/date. Relative strength versus the benchmark looked favorable. 1-month excess return 1.65%; 3-month excess return 4.30%; 6-month excess return 13.84%."
2023-03-22,CARR,2.7161628670221427,-18.917006409985312,,miss,linear_regression,target_5d_return,"Technical state is mixed, with price not fully aligned across the major moving averages. MACD remains on the bearish side. Volatility is elevated at roughly 35.7%.",No recent matched news was found for this ticker/date.,Relative strength versus the benchmark looked favorable. 1-month excess return 2.16%; 3-month excess return 3.33%; 6-month excess return 14.81%.,"Model view: the forward return estimate was mildly negative at about -18.92%. Confidence was not explicitly available for this prediction. Technical state is mixed, with price not fully aligned across the major moving averages. MACD remains on the bearish side. Volatility is elevated at roughly 35.7%. No recent matched news was found for this ticker/date. Relative strength versus the benchmark looked favorable. 1-month excess return 2.16%; 3-month excess return 3.33%; 6-month excess return 14.81%."
2023-03-23,CARR,1.783297808426254,-20.016942291553,,miss,linear_regression,target_5d_return,"Technical state is mixed, with price not fully aligned across the major moving averages. MACD remains on the bearish side. Volatility is elevated at roughly 35.0%.",No recent matched news was found for this ticker/date.,Relative strength versus the benchmark looked favorable. 1-month excess return 2.61%; 3-month excess return 3.37%; 6-month excess return 13.99%.,"Model view: the forward return estimate was mildly negative at about -20.02%. Confidence was not explicitly available for this prediction. Technical state is mixed, with price not fully aligned across the major moving averages. MACD remains on the bearish side. Volatility is elevated at roughly 35.0%. No recent matched news was found for this ticker/date. Relative strength versus the benchmark looked favorable. 1-month excess return 2.61%; 3-month excess return 3.37%; 6-month excess return 13.99%."
2023-03-24,CARR,4.166671009446077,-19.76396692439362,,miss,linear_regression,target_5d_return,"Technical state is mixed, with price not fully aligned across the major moving averages. MACD remains on the bearish side. Volatility is elevated at roughly 35.1%.",No recent matched news was found for this ticker/date.,Relative strength versus the benchmark looked favorable. 1-month excess return 0.06%; 3-month excess return 1.91%; 6-month excess return 16.06%.,"Model view: the forward return estimate was mildly negative at about -19.76%. Confidence was not explicitly available for this prediction. Technical state is mixed, with price not fully aligned across the major moving averages. MACD remains on the bearish side. Volatility is elevated at roughly 35.1%. No recent matched news was found for this ticker/date. Relative strength versus the benchmark looked favorable. 1-month excess return 0.06%; 3-month excess return 1.91%; 6-month excess return 16.06%."
2023-03-27,CARR,3.1376961931990133,-20.453304014816574,,miss,linear_regression,target_5d_return,"Technical state is mixed, with price not fully aligned across the major moving averages. MACD remains on the bearish side. Volatility is elevated at roughly 34.8%.",No recent matched news was found for this ticker/date.,Relative strength versus the benchmark looked favorable. 1-month excess return 0.13%; 3-month excess return 2.21%; 6-month excess return 15.46%.,"Model view: the forward return estimate was mildly negative at about -20.45%. Confidence was not explicitly available for this prediction. Technical state is mixed, with price not fully aligned across the major moving averages. MACD remains on the bearish side. Volatility is elevated at roughly 34.8%. No recent matched news was found for this ticker/date. Relative strength versus the benchmark looked favorable. 1-month excess return 0.13%; 3-month excess return 2.21%; 6-month excess return 15.46%."
2023-03-28,CARR,-4.156425944919695,-20.06125069476287,,hit,linear_regression,target_5d_return,"Technical state is mixed, with price not fully aligned across the major moving averages. MACD remains on the bearish side. Volatility is elevated at roughly 35.0%.",No recent matched news was found for this ticker/date.,Relative strength versus the benchmark looked favorable. 1-month excess return 0.07%; 3-month excess return 3.77%; 6-month excess return 18.76%.,"Model view: the forward return estimate was mildly negative at about -20.06%. Confidence was not explicitly available for this prediction. Technical state is mixed, with price not fully aligned across the major moving averages. MACD remains on the bearish side. Volatility is elevated at roughly 35.0%. No recent matched news was found for this ticker/date. Relative strength versus the benchmark looked favorable. 1-month excess return 0.07%; 3-month excess return 3.77%; 6-month excess return 18.76%."
2023-03-29,CARR,-7.227859226073763,-21.150988373172645,,hit,linear_regression,target_5d_return,"Technical state is constructive, with price above the 50-day and 200-day averages. RSI is in a steady zone near 52.4. MACD remains on the bearish side. Volatility is elevated at roughly 35.0%.",No recent matched news was found for this ticker/date.,Relative strength versus the benchmark looked favorable. 1-month excess return -0.48%; 3-month excess return 3.18%; 6-month excess return 17.72%.,"Model view: the forward return estimate was mildly negative at about -21.15%. Confidence was not explicitly available for this prediction. Technical state is constructive, with price above the 50-day and 200-day averages. RSI is in a steady zone near 52.4. MACD remains on the bearish side. Volatility is elevated at roughly 35.0%. No recent matched news was found for this ticker/date. Relative strength versus the benchmark looked favorable. 1-month excess return -0.48%; 3-month excess return 3.18%; 6-month excess return 17.72%."
2023-03-30,CARR,-7.296520080713542,-22.424172479948304,,hit,linear_regression,target_5d_return,"Technical state is constructive, with price above the 50-day and 200-day averages. RSI is in a steady zone near 50.8. MACD remains on the bearish side. Volatility is elevated at roughly 34.9%.",No recent matched news was found for this ticker/date.,Relative strength versus the benchmark looked favorable. 1-month excess return -3.33%; 3-month excess return 2.94%; 6-month excess return 13.26%.,"Model view: the forward return estimate was mildly negative at about -22.42%. Confidence was not explicitly available for this prediction. Technical state is constructive, with price above the 50-day and 200-day averages. RSI is in a steady zone near 50.8. MACD remains on the bearish side. Volatility is elevated at roughly 34.9%. No recent matched news was found for this ticker/date. Relative strength versus the benchmark looked favorable. 1-month excess return -3.33%; 3-month excess return 2.94%; 6-month excess return 13.26%."
2023-03-31,CARR,-7.540985274184598,-22.979250830652475,,hit,linear_regression,target_5d_return,"Technical state is constructive, with price above the 50-day and 200-day averages. RSI is in a steady zone near 54.3. MACD remains on the bullish side. Volatility is elevated at roughly 32.5%.",No recent matched news was found for this ticker/date.,Relative strength versus the benchmark looked favorable. 1-month excess return -3.63%; 3-month excess return 2.57%; 6-month excess return 15.63%.,"Model view: the forward return estimate was mildly negative at about -22.98%. Confidence was not explicitly available for this prediction. Technical state is constructive, with price above the 50-day and 200-day averages. RSI is in a steady zone near 54.3. MACD remains on the bullish side. Volatility is elevated at roughly 32.5%. No recent matched news was found for this ticker/date. Relative strength versus the benchmark looked favorable. 1-month excess return -3.63%; 3-month excess return 2.57%; 6-month excess return 15.63%."
2023-04-03,CARR,-4.749394252940064,-25.346463009887152,,hit,linear_regression,target_5d_return,"Technical state is constructive, with price above the 50-day and 200-day averages. RSI is in a steady zone near 53.9. MACD remains on the bullish side. Volatility is elevated at roughly 32.0%.",No recent matched news was found for this ticker/date.,Relative strength versus the benchmark looked favorable. 1-month excess return -6.09%; 3-month excess return 3.30%; 6-month excess return 13.48%.,"Model view: the forward return estimate was mildly negative at about -25.35%. Confidence was not explicitly available for this prediction. Technical state is constructive, with price above the 50-day and 200-day averages. RSI is in a steady zone near 53.9. MACD remains on the bullish side. Volatility is elevated at roughly 32.0%. No recent matched news was found for this ticker/date. Relative strength versus the benchmark looked favorable. 1-month excess return -6.09%; 3-month excess return 3.30%; 6-month excess return 13.48%."
2023-04-04,CARR,2.261602318738287,-21.0234815074543,,miss,linear_regression,target_5d_return,"Technical state is mixed, with price not fully aligned across the major moving averages. MACD remains on the bearish side. Volatility is elevated at roughly 38.0%.",No recent matched news was found for this ticker/date.,Relative strength versus the benchmark looked mixed. 1-month excess return -12.34%; 3-month excess return -4.19%; 6-month excess return 5.11%.,"Model view: the forward return estimate was mildly negative at about -21.02%. Confidence was not explicitly available for this prediction. Technical state is mixed, with price not fully aligned across the major moving averages. MACD remains on the bearish side. Volatility is elevated at roughly 38.0%. No recent matched news was found for this ticker/date. Relative strength versus the benchmark looked mixed. 1-month excess return -12.34%; 3-month excess return -4.19%; 6-month excess return 5.11%."
2023-04-05,CARR,4.750593996409291,-22.358829842008436,,miss,linear_regression,target_5d_return,"Technical state is mixed, with price not fully aligned across the major moving averages. RSI is weak near 37.1. MACD remains on the bearish side. Volatility is elevated at roughly 38.3%.",No recent matched news was found for this ticker/date.,Relative strength versus the benchmark looked mixed. 1-month excess return -13.80%; 3-month excess return -6.08%; 6-month excess return 1.26%.,"Model view: the forward return estimate was mildly negative at about -22.36%. Confidence was not explicitly available for this prediction. Technical state is mixed, with price not fully aligned across the major moving averages. RSI is weak near 37.1. MACD remains on the bearish side. Volatility is elevated at roughly 38.3%. No recent matched news was found for this ticker/date. Relative strength versus the benchmark looked mixed. 1-month excess return -13.80%; 3-month excess return -6.08%; 6-month excess return 1.26%."
2023-04-06,CARR,5.980861353182654,-22.37926839227027,,miss,linear_regression,target_5d_return,"Technical state is mixed, with price not fully aligned across the major moving averages. RSI is weak near 36.0. MACD remains on the bearish side. Volatility is elevated at roughly 37.5%.",No recent matched news was found for this ticker/date.,Relative strength versus the benchmark looked mixed. 1-month excess return -14.36%; 3-month excess return -7.18%; 6-month excess return 0.96%.,"Model view: the forward return estimate was mildly negative at about -22.38%. Confidence was not explicitly available for this prediction. Technical state is mixed, with price not fully aligned across the major moving averages. RSI is weak near 36.0. MACD remains on the bearish side. Volatility is elevated at roughly 37.5%. No recent matched news was found for this ticker/date. Relative strength versus the benchmark looked mixed. 1-month excess return -14.36%; 3-month excess return -7.18%; 6-month excess return 0.96%."
2023-04-10,CARR,5.839246489959904,-21.496571752686577,,miss,linear_regression,target_5d_return,"Technical state is mixed, with price not fully aligned across the major moving averages. RSI is weak near 39.2. MACD remains on the bearish side. Volatility is elevated at roughly 37.9%.",No recent matched news was found for this ticker/date.,Relative strength versus the benchmark looked mixed. 1-month excess return -12.93%; 3-month excess return -7.47%; 6-month excess return 3.94%.,"Model view: the forward return estimate was mildly negative at about -21.50%. Confidence was not explicitly available for this prediction. Technical state is mixed, with price not fully aligned across the major moving averages. RSI is weak near 39.2. MACD remains on the bearish side. Volatility is elevated at roughly 37.9%. No recent matched news was found for this ticker/date. Relative strength versus the benchmark looked mixed. 1-month excess return -12.93%; 3-month excess return -7.47%; 6-month excess return 3.94%."
2023-04-11,CARR,2.9641564842796786,-19.306125600066984,,miss,linear_regression,target_5d_return,"Technical state is mixed, with price not fully aligned across the major moving averages. MACD remains on the bearish side. Volatility is elevated at roughly 39.0%.",No recent matched news was found for this ticker/date.,Relative strength versus the benchmark looked mixed. 1-month excess return -10.77%; 3-month excess return -5.59%; 6-month excess return 10.26%.,"Model view: the forward return estimate was mildly negative at about -19.31%. Confidence was not explicitly available for this prediction. Technical state is mixed, with price not fully aligned across the major moving averages. MACD remains on the bearish side. Volatility is elevated at roughly 39.0%. No recent matched news was found for this ticker/date. Relative strength versus the benchmark looked mixed. 1-month excess return -10.77%; 3-month excess return -5.59%; 6-month excess return 10.26%."
2023-04-12,CARR,2.553577100544846,-21.76255296756538,,miss,linear_regression,target_5d_return,"Technical state is mixed, with price not fully aligned across the major moving averages. MACD remains on the bearish side. Volatility is elevated at roughly 38.2%.",No recent matched news was found for this ticker/date.,Relative strength versus the benchmark looked mixed. 1-month excess return -7.87%; 3-month excess return -4.79%; 6-month excess return 9.88%.,"Model view: the forward return estimate was mildly negative at about -21.76%. Confidence was not explicitly available for this prediction. Technical state is mixed, with price not fully aligned across the major moving averages. MACD remains on the bearish side. Volatility is elevated at roughly 38.2%. No recent matched news was found for this ticker/date. Relative strength versus the benchmark looked mixed. 1-month excess return -7.87%; 3-month excess return -4.79%; 6-month excess return 9.88%."
2023-04-13,CARR,2.902500313566403,-22.181072563094403,,miss,linear_regression,target_5d_return,"Technical state is mixed, with price not fully aligned across the major moving averages. MACD remains on the bearish side. Volatility is elevated at roughly 33.0%.",No recent matched news was found for this ticker/date.,Relative strength versus the benchmark looked mixed. 1-month excess return -9.11%; 3-month excess return -6.90%; 6-month excess return 9.91%.,"Model view: the forward return estimate was mildly negative at about -22.18%. Confidence was not explicitly available for this prediction. Technical state is mixed, with price not fully aligned across the major moving averages. MACD remains on the bearish side. Volatility is elevated at roughly 33.0%. No recent matched news was found for this ticker/date. Relative strength versus the benchmark looked mixed. 1-month excess return -9.11%; 3-month excess return -6.90%; 6-month excess return 9.91%."
2023-04-14,CARR,2.0767539491804765,-21.68634906079189,,miss,linear_regression,target_5d_return,"Technical state is mixed, with price not fully aligned across the major moving averages. RSI is in a steady zone near 50.3. MACD remains on the bullish side. Volatility is elevated at roughly 31.6%.",No recent matched news was found for this ticker/date.,Relative strength versus the benchmark looked mixed. 1-month excess return -3.65%; 3-month excess return -5.99%; 6-month excess return 11.33%.,"Model view: the forward return estimate was mildly negative at about -21.69%. Confidence was not explicitly available for this prediction. Technical state is mixed, with price not fully aligned across the major moving averages. RSI is in a steady zone near 50.3. MACD remains on the bullish side. Volatility is elevated at roughly 31.6%. No recent matched news was found for this ticker/date. Relative strength versus the benchmark looked mixed. 1-month excess return -3.65%; 3-month excess return -5.99%; 6-month excess return 11.33%."
2023-04-17,CARR,-6.343533892225817,-21.251445018281487,,hit,linear_regression,target_5d_return,"Technical state is mixed, with price not fully aligned across the major moving averages. RSI is in a steady zone near 52.9. MACD remains on the bullish side. Volatility is elevated at roughly 31.2%.",No recent matched news was found for this ticker/date.,Relative strength versus the benchmark looked mixed. 1-month excess return -3.86%; 3-month excess return -6.23%; 6-month excess return 15.36%.,"Model view: the forward return estimate was mildly negative at about -21.25%. Confidence was not explicitly available for this prediction. Technical state is mixed, with price not fully aligned across the major moving averages. RSI is in a steady zone near 52.9. MACD remains on the bullish side. Volatility is elevated at roughly 31.2%. No recent matched news was found for this ticker/date. Relative strength versus the benchmark looked mixed. 1-month excess return -3.86%; 3-month excess return -6.23%; 6-month excess return 15.36%."
2023-04-18,CARR,-5.556798933621465,-22.052564662545894,,hit,linear_regression,target_5d_return,"Technical state is mixed, with price not fully aligned across the major moving averages. RSI is in a steady zone near 53.1. MACD remains on the bullish side.",No recent matched news was found for this ticker/date.,Relative strength versus the benchmark looked mixed. 1-month excess return -3.32%; 3-month excess return -5.43%; 6-month excess return 13.83%.,"Model view: the forward return estimate was mildly negative at about -22.05%. Confidence was not explicitly available for this prediction. Technical state is mixed, with price not fully aligned across the major moving averages. RSI is in a steady zone near 53.1. MACD remains on the bullish side. No recent matched news was found for this ticker/date. Relative strength versus the benchmark looked mixed. 1-month excess return -3.32%; 3-month excess return -5.43%; 6-month excess return 13.83%."
2023-04-19,CARR,-9.626496354877778,-24.27566780943686,,hit,linear_regression,target_5d_return,"Technical state is constructive, with price above the 50-day and 200-day averages. RSI is in a steady zone near 54.1. MACD remains on the bullish side.",No recent matched news was found for this ticker/date.,Relative strength versus the benchmark looked mixed. 1-month excess return -4.81%; 3-month excess return -2.42%; 6-month excess return 13.61%.,"Model view: the forward return estimate was mildly negative at about -24.28%. Confidence was not explicitly available for this prediction. Technical state is constructive, with price above the 50-day and 200-day averages. RSI is in a steady zone near 54.1. MACD remains on the bullish side. No recent matched news was found for this ticker/date. Relative strength versus the benchmark looked mixed. 1-month excess return -4.81%; 3-month excess return -2.42%; 6-month excess return 13.61%."
2023-04-20,CARR,-8.638170761077479,-24.522336759078932,,hit,linear_regression,target_5d_return,"Technical state is constructive, with price above the 50-day and 200-day averages. RSI is in a steady zone near 56.5. MACD remains on the bullish side.",No recent matched news was found for this ticker/date.,Relative strength versus the benchmark looked favorable. 1-month excess return -2.45%; 3-month excess return 2.34%; 6-month excess return 13.98%.,"Model view: the forward return estimate was mildly negative at about -24.52%. Confidence was not explicitly available for this prediction. Technical state is constructive, with price above the 50-day and 200-day averages. RSI is in a steady zone near 56.5. MACD remains on the bullish side. No recent matched news was found for this ticker/date. Relative strength versus the benchmark looked favorable. 1-month excess return -2.45%; 3-month excess return 2.34%; 6-month excess return 13.98%."
2023-04-21,CARR,-7.518800163858197,-22.541964772771145,,hit,linear_regression,target_5d_return,"Technical state is constructive, with price above the 50-day and 200-day averages. RSI is in a steady zone near 55.2. MACD remains on the bullish side.",No recent matched news was found for this ticker/date.,Relative strength versus the benchmark looked favorable. 1-month excess return -2.29%; 3-month excess return 2.13%; 6-month excess return 17.80%.,"Model view: the forward return estimate was mildly negative at about -22.54%. Confidence was not explicitly available for this prediction. Technical state is constructive, with price above the 50-day and 200-day averages. RSI is in a steady zone near 55.2. MACD remains on the bullish side. No recent matched news was found for this ticker/date. Relative strength versus the benchmark looked favorable. 1-month excess return -2.29%; 3-month excess return 2.13%; 6-month excess return 17.80%."
2023-04-24,CARR,-1.8125497989482597,-15.6159674359094,,hit,linear_regression,target_5d_return,"Technical state is mixed, with price not fully aligned across the major moving averages. RSI is weak near 37.4. MACD remains on the bullish side. Volatility is elevated at roughly 38.7%.",No recent matched news was found for this ticker/date.,Relative strength versus the benchmark looked mixed. 1-month excess return -9.89%; 3-month excess return -6.09%; 6-month excess return 10.22%.,"Model view: the forward return estimate was mildly negative at about -15.62%. Confidence was not explicitly available for this prediction. Technical state is mixed, with price not fully aligned across the major moving averages. RSI is weak near 37.4. MACD remains on the bullish side. Volatility is elevated at roughly 38.7%. No recent matched news was found for this ticker/date. Relative strength versus the benchmark looked mixed. 1-month excess return -9.89%; 3-month excess return -6.09%; 6-month excess return 10.22%."
2023-04-25,CARR,-1.1814744886710193,-18.91447134081081,,hit,linear_regression,target_5d_return,"Technical state is mixed, with price not fully aligned across the major moving averages. RSI is weak near 39.9. MACD remains on the bearish side. Volatility is elevated at roughly 38.7%.",No recent matched news was found for this ticker/date.,Relative strength versus the benchmark looked mixed. 1-month excess return -6.27%; 3-month excess return -4.61%; 6-month excess return 11.77%.,"Model view: the forward return estimate was mildly negative at about -18.91%. Confidence was not explicitly available for this prediction. Technical state is mixed, with price not fully aligned across the major moving averages. RSI is weak near 39.9. MACD remains on the bearish side. Volatility is elevated at roughly 38.7%. No recent matched news was found for this ticker/date. Relative strength versus the benchmark looked mixed. 1-month excess return -6.27%; 3-month excess return -4.61%; 6-month excess return 11.77%."
2023-04-26,CARR,1.0824074051482446,-18.57150029745744,,miss,linear_regression,target_5d_return,"Technical state is soft, with price below the 50-day and 200-day averages. RSI is weak near 33.8. MACD remains on the bearish side. Volatility is elevated at roughly 40.6%.",No recent matched news was found for this ticker/date.,Relative strength versus the benchmark looked mixed. 1-month excess return -10.24%; 3-month excess return -7.54%; 6-month excess return 6.68%.,"Model view: the forward return estimate was mildly negative at about -18.57%. Confidence was not explicitly available for this prediction. Technical state is soft, with price below the 50-day and 200-day averages. RSI is weak near 33.8. MACD remains on the bearish side. Volatility is elevated at roughly 40.6%. No recent matched news was found for this ticker/date. Relative strength versus the benchmark looked mixed. 1-month excess return -10.24%; 3-month excess return -7.54%; 6-month excess return 6.68%."
2023-04-27,CARR,-0.8683082930563524,-21.566853726236126,,hit,linear_regression,target_5d_return,"Technical state is soft, with price below the 50-day and 200-day averages. RSI is weak near 38.7. MACD remains on the bearish side. Volatility is elevated at roughly 41.0%.",No recent matched news was found for this ticker/date.,Relative strength versus the benchmark looked mixed. 1-month excess return -11.56%; 3-month excess return -6.90%; 6-month excess return 4.10%.,"Model view: the forward return estimate was mildly negative at about -21.57%. Confidence was not explicitly available for this prediction. Technical state is soft, with price below the 50-day and 200-day averages. RSI is weak near 38.7. MACD remains on the bearish side. Volatility is elevated at roughly 41.0%. No recent matched news was found for this ticker/date. Relative strength versus the benchmark looked mixed. 1-month excess return -11.56%; 3-month excess return -6.90%; 6-month excess return 4.10%."
2023-04-28,CARR,1.339075507837273,-21.833567745316806,,miss,linear_regression,target_5d_return,"Technical state is soft, with price below the 50-day and 200-day averages. MACD remains on the bearish side. Volatility is elevated at roughly 41.3%.",No recent matched news was found for this ticker/date.,Relative strength versus the benchmark looked mixed. 1-month excess return -11.47%; 3-month excess return -6.59%; 6-month excess return 3.79%.,"Model view: the forward return estimate was mildly negative at about -21.83%. Confidence was not explicitly available for this prediction. Technical state is soft, with price below the 50-day and 200-day averages. MACD remains on the bearish side. Volatility is elevated at roughly 41.3%. No recent matched news was found for this ticker/date. Relative strength versus the benchmark looked mixed. 1-month excess return -11.47%; 3-month excess return -6.59%; 6-month excess return 3.79%."
2023-05-01,CARR,3.473403859061719,-22.078428522541817,,miss,linear_regression,target_5d_return,"Technical state is soft, with price below the 50-day and 200-day averages. RSI is weak near 38.2. MACD remains on the bearish side. Volatility is elevated at roughly 40.9%.",No recent matched news was found for this ticker/date.,Relative strength versus the benchmark looked weak. 1-month excess return -11.63%; 3-month excess return -9.22%; 6-month excess return -0.64%.,"Model view: the forward return estimate was mildly negative at about -22.08%. Confidence was not explicitly available for this prediction. Technical state is soft, with price below the 50-day and 200-day averages. RSI is weak near 38.2. MACD remains on the bearish side. Volatility is elevated at roughly 40.9%. No recent matched news was found for this ticker/date. Relative strength versus the benchmark looked weak. 1-month excess return -11.63%; 3-month excess return -9.22%; 6-month excess return -0.64%."
2023-05-02,CARR,2.29555019483052,-22.55680260030265,,miss,linear_regression,target_5d_return,"Technical state is soft, with price below the 50-day and 200-day averages. MACD remains on the bearish side. Volatility is elevated at roughly 41.6%.",No recent matched news was found for this ticker/date.,Relative strength versus the benchmark looked weak. 1-month excess return -8.97%; 3-month excess return -9.24%; 6-month excess return -0.95%.,"Model view: the forward return estimate was mildly negative at about -22.56%. Confidence was not explicitly available for this prediction. Technical state is soft, with price below the 50-day and 200-day averages. MACD remains on the bearish side. Volatility is elevated at roughly 41.6%. No recent matched news was found for this ticker/date. Relative strength versus the benchmark looked weak. 1-month excess return -8.97%; 3-month excess return -9.24%; 6-month excess return -0.95%."
2023-05-03,CARR,4.843031567478495,-20.368474921932165,,miss,linear_regression,target_5d_return,"Technical state is soft, with price below the 50-day and 200-day averages. RSI is weak near 39.2. MACD remains on the bearish side. Volatility is elevated at roughly 36.1%.",No recent matched news was found for this ticker/date.,Relative strength versus the benchmark looked weak. 1-month excess return -9.36%; 3-month excess return -10.24%; 6-month excess return -2.27%.,"Model view: the forward return estimate was mildly negative at about -20.37%. Confidence was not explicitly available for this prediction. Technical state is soft, with price below the 50-day and 200-day averages. RSI is weak near 39.2. MACD remains on the bearish side. Volatility is elevated at roughly 36.1%. No recent matched news was found for this ticker/date. Relative strength versus the benchmark looked weak. 1-month excess return -9.36%; 3-month excess return -10.24%; 6-month excess return -2.27%."
2023-05-04,CARR,4.209254066086898,-20.138419575589094,,miss,linear_regression,target_5d_return,"Technical state is soft, with price below the 50-day and 200-day averages. RSI is weak near 39.2. MACD remains on the bearish side. Volatility is elevated at roughly 35.6%.",No recent matched news was found for this ticker/date.,Relative strength versus the benchmark looked weak. 1-month excess return -3.30%; 3-month excess return -9.97%; 6-month excess return -1.77%.,"Model view: the forward return estimate was mildly negative at about -20.14%. Confidence was not explicitly available for this prediction. Technical state is soft, with price below the 50-day and 200-day averages. RSI is weak near 39.2. MACD remains on the bearish side. Volatility is elevated at roughly 35.6%. No recent matched news was found for this ticker/date. Relative strength versus the benchmark looked weak. 1-month excess return -3.30%; 3-month excess return -9.97%; 6-month excess return -1.77%."
2023-05-05,CARR,0.04719315068333341,-21.155363781369378,,miss,linear_regression,target_5d_return,"Technical state is mixed, with price not fully aligned across the major moving averages. MACD remains on the bearish side. Volatility is elevated at roughly 37.3%.",No recent matched news was found for this ticker/date.,Relative strength versus the benchmark looked weak. 1-month excess return -0.52%; 3-month excess return -9.65%; 6-month excess return -1.67%.,"Model view: the forward return estimate was mildly negative at about -21.16%. Confidence was not explicitly available for this prediction. Technical state is mixed, with price not fully aligned across the major moving averages. MACD remains on the bearish side. Volatility is elevated at roughly 37.3%. No recent matched news was found for this ticker/date. Relative strength versus the benchmark looked weak. 1-month excess return -0.52%; 3-month excess return -9.65%; 6-month excess return -1.67%."
2023-05-08,CARR,0.49296456969945,-24.01121972781265,,miss,linear_regression,target_5d_return,"Technical state is mixed, with price not fully aligned across the major moving averages. MACD remains on the bearish side. Volatility is elevated at roughly 37.1%.",No recent matched news was found for this ticker/date.,Relative strength versus the benchmark looked mixed. 1-month excess return 1.05%; 3-month excess return -8.36%; 6-month excess return -3.05%.,"Model view: the forward return estimate was mildly negative at about -24.01%. Confidence was not explicitly available for this prediction. Technical state is mixed, with price not fully aligned across the major moving averages. MACD remains on the bearish side. Volatility is elevated at roughly 37.1%. No recent matched news was found for this ticker/date. Relative strength versus the benchmark looked mixed. 1-month excess return 1.05%; 3-month excess return -8.36%; 6-month excess return -3.05%."
2023-05-09,CARR,-1.4726443931617261,-25.427498244530124,,hit,linear_regression,target_5d_return,"Technical state is mixed, with price not fully aligned across the major moving averages. MACD remains on the bullish side. Volatility is elevated at roughly 35.6%.",No recent matched news was found for this ticker/date.,Relative strength versus the benchmark looked mixed. 1-month excess return 0.82%; 3-month excess return -2.58%; 6-month excess return -2.97%.,"Model view: the forward return estimate was mildly negative at about -25.43%. Confidence was not explicitly available for this prediction. Technical state is mixed, with price not fully aligned across the major moving averages. MACD remains on the bullish side. Volatility is elevated at roughly 35.6%. No recent matched news was found for this ticker/date. Relative strength versus the benchmark looked mixed. 1-month excess return 0.82%; 3-month excess return -2.58%; 6-month excess return -2.97%."
2023-05-10,CARR,-0.4178279886841274,-25.498866832911187,,hit,linear_regression,target_5d_return,"Technical state is mixed, with price not fully aligned across the major moving averages. RSI is in a steady zone near 50.9. MACD remains on the bullish side. Volatility is elevated at roughly 35.6%.",No recent matched news was found for this ticker/date.,Relative strength versus the benchmark looked weak. 1-month excess return -1.75%; 3-month excess return -4.88%; 6-month excess return -3.64%.,"Model view: the forward return estimate was mildly negative at about -25.50%. Confidence was not explicitly available for this prediction. Technical state is mixed, with price not fully aligned across the major moving averages. RSI is in a steady zone near 50.9. MACD remains on the bullish side. Volatility is elevated at roughly 35.6%. No recent matched news was found for this ticker/date. Relative strength versus the benchmark looked weak. 1-month excess return -1.75%; 3-month excess return -4.88%; 6-month excess return -3.64%."
2023-05-11,CARR,1.0273140506614542,-26.560032958239663,,miss,linear_regression,target_5d_return,"Technical state is mixed, with price not fully aligned across the major moving averages. MACD remains on the bullish side. Volatility is elevated at roughly 35.5%.",No recent matched news was found for this ticker/date.,Relative strength versus the benchmark looked weak. 1-month excess return -3.35%; 3-month excess return -5.87%; 6-month excess return -4.44%.,"Model view: the forward return estimate was mildly negative at about -26.56%. Confidence was not explicitly available for this prediction. Technical state is mixed, with price not fully aligned across the major moving averages. MACD remains on the bullish side. Volatility is elevated at roughly 35.5%. No recent matched news was found for this ticker/date. Relative strength versus the benchmark looked weak. 1-month excess return -3.35%; 3-month excess return -5.87%; 6-month excess return -4.44%."
2023-05-12,CARR,0.9198098481444594,-25.863030079522982,,miss,linear_regression,target_5d_return,"Technical state is mixed, with price not fully aligned across the major moving averages. MACD remains on the bullish side. Volatility is elevated at roughly 35.6%.",No recent matched news was found for this ticker/date.,Relative strength versus the benchmark looked weak. 1-month excess return -3.43%; 3-month excess return -6.26%; 6-month excess return -4.86%.,"Model view: the forward return estimate was mildly negative at about -25.86%. Confidence was not explicitly available for this prediction. Technical state is mixed, with price not fully aligned across the major moving averages. MACD remains on the bullish side. Volatility is elevated at roughly 35.6%. No recent matched news was found for this ticker/date. Relative strength versus the benchmark looked weak. 1-month excess return -3.43%; 3-month excess return -6.26%; 6-month excess return -4.86%."
2023-05-15,CARR,-0.8876455405869565,-26.306425817633787,,hit,linear_regression,target_5d_return,"Technical state is mixed, with price not fully aligned across the major moving averages. MACD remains on the bullish side. Volatility is elevated at roughly 35.5%.",No recent matched news was found for this ticker/date.,Relative strength versus the benchmark looked weak. 1-month excess return -3.49%; 3-month excess return -5.82%; 6-month excess return -6.16%.,"Model view: the forward return estimate was mildly negative at about -26.31%. Confidence was not explicitly available for this prediction. Technical state is mixed, with price not fully aligned across the major moving averages. MACD remains on the bullish side. Volatility is elevated at roughly 35.5%. No recent matched news was found for this ticker/date. Relative strength versus the benchmark looked weak. 1-month excess return -3.49%; 3-month excess return -5.82%; 6-month excess return -6.16%."
2023-05-16,CARR,-1.5183942613922752,-25.06007766864992,,hit,linear_regression,target_5d_return,"Technical state is soft, with price below the 50-day and 200-day averages. MACD remains on the bullish side. Volatility is elevated at roughly 35.8%.",No recent matched news was found for this ticker/date.,Relative strength versus the benchmark looked weak. 1-month excess return -4.98%; 3-month excess return -6.01%; 6-month excess return -8.10%.,"Model view: the forward return estimate was mildly negative at about -25.06%. Confidence was not explicitly available for this prediction. Technical state is soft, with price below the 50-day and 200-day averages. MACD remains on the bullish side. Volatility is elevated at roughly 35.8%. No recent matched news was found for this ticker/date. Relative strength versus the benchmark looked weak. 1-month excess return -4.98%; 3-month excess return -6.01%; 6-month excess return -8.10%."
2023-05-17,CARR,-3.7296089321889103,-25.645299304139545,,hit,linear_regression,target_5d_return,"Technical state is mixed, with price not fully aligned across the major moving averages. RSI is in a steady zone near 50.4. MACD remains on the bullish side. Volatility is elevated at roughly 36.5%.",No recent matched news was found for this ticker/date.,Relative strength versus the benchmark looked weak. 1-month excess return -4.50%; 3-month excess return -5.93%; 6-month excess return -6.65%.,"Model view: the forward return estimate was mildly negative at about -25.65%. Confidence was not explicitly available for this prediction. Technical state is mixed, with price not fully aligned across the major moving averages. RSI is in a steady zone near 50.4. MACD remains on the bullish side. Volatility is elevated at roughly 36.5%. No recent matched news was found for this ticker/date. Relative strength versus the benchmark looked weak. 1-month excess return -4.50%; 3-month excess return -5.93%; 6-month excess return -6.65%."
2023-05-18,CARR,-4.783914196730288,-26.53191176536279,,hit,linear_regression,target_5d_return,"Technical state is mixed, with price not fully aligned across the major moving averages. RSI is in a steady zone near 52.7. MACD remains on the bullish side. Volatility is elevated at roughly 36.5%.",No recent matched news was found for this ticker/date.,Relative strength versus the benchmark looked weak. 1-month excess return -5.03%; 3-month excess return -7.00%; 6-month excess return -7.61%.,"Model view: the forward return estimate was mildly negative at about -26.53%. Confidence was not explicitly available for this prediction. Technical state is mixed, with price not fully aligned across the major moving averages. RSI is in a steady zone near 52.7. MACD remains on the bullish side. Volatility is elevated at roughly 36.5%. No recent matched news was found for this ticker/date. Relative strength versus the benchmark looked weak. 1-month excess return -5.03%; 3-month excess return -7.00%; 6-month excess return -7.61%."
2023-05-19,CARR,-4.440293258300554,-27.719844757533938,,hit,linear_regression,target_5d_return,"Technical state is mixed, with price not fully aligned across the major moving averages. MACD remains on the bullish side. Volatility is elevated at roughly 36.6%.",No recent matched news was found for this ticker/date.,Relative strength versus the benchmark looked weak. 1-month excess return -7.35%; 3-month excess return -8.14%; 6-month excess return -8.25%.,"Model view: the forward return estimate was mildly negative at about -27.72%. Confidence was not explicitly available for this prediction. Technical state is mixed, with price not fully aligned across the major moving averages. MACD remains on the bullish side. Volatility is elevated at roughly 36.6%. No recent matched news was found for this ticker/date. Relative strength versus the benchmark looked weak. 1-month excess return -7.35%; 3-month excess return -8.14%; 6-month excess return -8.25%."
2023-05-22,CARR,-1.602640349481288,-27.345775818917087,,hit,linear_regression,target_5d_return,"Technical state is mixed, with price not fully aligned across the major moving averages. MACD remains on the bullish side.",No recent matched news was found for this ticker/date.,Relative strength versus the benchmark looked weak. 1-month excess return -7.80%; 3-month excess return -8.10%; 6-month excess return -7.60%.,"Model view: the forward return estimate was mildly negative at about -27.35%. Confidence was not explicitly available for this prediction. Technical state is mixed, with price not fully aligned across the major moving averages. MACD remains on the bullish side. No recent matched news was found for this ticker/date. Relative strength versus the benchmark looked weak. 1-month excess return -7.80%; 3-month excess return -8.10%; 6-month excess return -7.60%."
2023-05-23,CARR,-1.4695177555279826,-24.838358156685626,,hit,linear_regression,target_5d_return,"Technical state is soft, with price below the 50-day and 200-day averages. MACD remains on the bullish side.",No recent matched news was found for this ticker/date.,Relative strength versus the benchmark looked weak. 1-month excess return -1.37%; 3-month excess return -8.66%; 6-month excess return -10.02%.,"Model view: the forward return estimate was mildly negative at about -24.84%. Confidence was not explicitly available for this prediction. Technical state is soft, with price below the 50-day and 200-day averages. MACD remains on the bullish side. No recent matched news was found for this ticker/date. Relative strength versus the benchmark looked weak. 1-month excess return -1.37%; 3-month excess return -8.66%; 6-month excess return -10.02%."
2023-05-24,CARR,0.48426335746751814,-24.456677433152077,,miss,linear_regression,target_5d_return,"Technical state is soft, with price below the 50-day and 200-day averages. MACD remains on the bearish side.",No recent matched news was found for this ticker/date.,Relative strength versus the benchmark looked weak. 1-month excess return -3.62%; 3-month excess return -9.66%; 6-month excess return -10.01%.,"Model view: the forward return estimate was mildly negative at about -24.46%. Confidence was not explicitly available for this prediction. Technical state is soft, with price below the 50-day and 200-day averages. MACD remains on the bearish side. No recent matched news was found for this ticker/date. Relative strength versus the benchmark looked weak. 1-month excess return -3.62%; 3-month excess return -9.66%; 6-month excess return -10.01%."
2023-05-25,CARR,5.436887918178068,-24.792765299148652,,miss,linear_regression,target_5d_return,"Technical state is soft, with price below the 50-day and 200-day averages. MACD remains on the bearish side.",No recent matched news was found for this ticker/date.,Relative strength versus the benchmark looked weak. 1-month excess return -1.20%; 3-month excess return -11.47%; 6-month excess return -10.09%.,"Model view: the forward return estimate was mildly negative at about -24.79%. Confidence was not explicitly available for this prediction. Technical state is soft, with price below the 50-day and 200-day averages. MACD remains on the bearish side. No recent matched news was found for this ticker/date. Relative strength versus the benchmark looked weak. 1-month excess return -1.20%; 3-month excess return -11.47%; 6-month excess return -10.09%."
2023-05-26,CARR,5.649306450896674,-24.668460329699695,,miss,linear_regression,target_5d_return,"Technical state is soft, with price below the 50-day and 200-day averages. RSI is weak near 38.4. MACD remains on the bearish side.",No recent matched news was found for this ticker/date.,Relative strength versus the benchmark looked weak. 1-month excess return -3.24%; 3-month excess return -14.63%; 6-month excess return -11.74%.,"Model view: the forward return estimate was mildly negative at about -24.67%. Confidence was not explicitly available for this prediction. Technical state is soft, with price below the 50-day and 200-day averages. RSI is weak near 38.4. MACD remains on the bearish side. No recent matched news was found for this ticker/date. Relative strength versus the benchmark looked weak. 1-month excess return -3.24%; 3-month excess return -14.63%; 6-month excess return -11.74%."
2023-05-30,CARR,5.029936464960705,-23.93466768685742,,miss,linear_regression,target_5d_return,"Technical state is soft, with price below the 50-day and 200-day averages. MACD remains on the bearish side.",No recent matched news was found for this ticker/date.,Relative strength versus the benchmark looked weak. 1-month excess return -1.20%; 3-month excess return -13.29%; 6-month excess return -9.94%.,"Model view: the forward return estimate was mildly negative at about -23.93%. Confidence was not explicitly available for this prediction. Technical state is soft, with price below the 50-day and 200-day averages. MACD remains on the bearish side. No recent matched news was found for this ticker/date. Relative strength versus the benchmark looked weak. 1-month excess return -1.20%; 3-month excess return -13.29%; 6-month excess return -9.94%."
2023-05-31,CARR,11.491434652559441,-22.20627662870228,,miss,linear_regression,target_5d_return,"Technical state is soft, with price below the 50-day and 200-day averages. MACD remains on the bearish side.",No recent matched news was found for this ticker/date.,Relative strength versus the benchmark looked weak. 1-month excess return -1.21%; 3-month excess return -16.11%; 6-month excess return -11.04%.,"Model view: the forward return estimate was mildly negative at about -22.21%. Confidence was not explicitly available for this prediction. Technical state is soft, with price below the 50-day and 200-day averages. MACD remains on the bearish side. No recent matched news was found for this ticker/date. Relative strength versus the benchmark looked weak. 1-month excess return -1.21%; 3-month excess return -16.11%; 6-month excess return -11.04%."
2023-06-01,CARR,9.879514395472523,-23.944318391544353,,miss,linear_regression,target_5d_return,"Technical state is soft, with price below the 50-day and 200-day averages. MACD remains on the bearish side.",No recent matched news was found for this ticker/date.,Relative strength versus the benchmark looked weak. 1-month excess return -3.43%; 3-month excess return -16.00%; 6-month excess return -11.32%.,"Model view: the forward return estimate was mildly negative at about -23.94%. Confidence was not explicitly available for this prediction. Technical state is soft, with price below the 50-day and 200-day averages. MACD remains on the bearish side. No recent matched news was found for this ticker/date. Relative strength versus the benchmark looked weak. 1-month excess return -3.43%; 3-month excess return -16.00%; 6-month excess return -11.32%."
2023-06-02,CARR,4.28176949620791,-25.445692532192517,,miss,linear_regression,target_5d_return,"Technical state is constructive, with price above the 50-day and 200-day averages. RSI is in a steady zone near 56.7. MACD remains on the bullish side.",No recent matched news was found for this ticker/date.,Relative strength versus the benchmark looked mixed. 1-month excess return 0.82%; 3-month excess return -15.02%; 6-month excess return -7.00%.,"Model view: the forward return estimate was mildly negative at about -25.45%. Confidence was not explicitly available for this prediction. Technical state is constructive, with price above the 50-day and 200-day averages. RSI is in a steady zone near 56.7. MACD remains on the bullish side. No recent matched news was found for this ticker/date. Relative strength versus the benchmark looked mixed. 1-month excess return 0.82%; 3-month excess return -15.02%; 6-month excess return -7.00%."
2023-06-05,CARR,6.087965327934586,-25.532308394594846,,miss,linear_regression,target_5d_return,"Technical state is constructive, with price above the 50-day and 200-day averages. RSI is in a steady zone near 55.1. MACD remains on the bullish side.",No recent matched news was found for this ticker/date.,Relative strength versus the benchmark looked weak. 1-month excess return -0.36%; 3-month excess return -16.29%; 6-month excess return -8.65%.,"Model view: the forward return estimate was mildly negative at about -25.53%. Confidence was not explicitly available for this prediction. Technical state is constructive, with price above the 50-day and 200-day averages. RSI is in a steady zone near 55.1. MACD remains on the bullish side. No recent matched news was found for this ticker/date. Relative strength versus the benchmark looked weak. 1-month excess return -0.36%; 3-month excess return -16.29%; 6-month excess return -8.65%."
2023-06-06,CARR,6.659069749719304,-26.856342658460317,,miss,linear_regression,target_5d_return,"Technical state is constructive, with price above the 50-day and 200-day averages. RSI is in a steady zone near 58.5. MACD remains on the bullish side.",No recent matched news was found for this ticker/date.,Relative strength versus the benchmark looked weak. 1-month excess return -0.32%; 3-month excess return -15.25%; 6-month excess return -7.02%.,"Model view: the forward return estimate was mildly negative at about -26.86%. Confidence was not explicitly available for this prediction. Technical state is constructive, with price above the 50-day and 200-day averages. RSI is in a steady zone near 58.5. MACD remains on the bullish side. No recent matched news was found for this ticker/date. Relative strength versus the benchmark looked weak. 1-month excess return -0.32%; 3-month excess return -15.25%; 6-month excess return -7.02%."
2023-06-07,CARR,1.2280732281358064,-28.845002541727276,,miss,linear_regression,target_5d_return,"Technical state is constructive, with price above the 50-day and 200-day averages. MACD remains on the bullish side.",No recent matched news was found for this ticker/date.,Relative strength versus the benchmark looked mixed. 1-month excess return 3.66%; 3-month excess return -10.73%; 6-month excess return -2.51%.,"Model view: the forward return estimate was mildly negative at about -28.85%. Confidence was not explicitly available for this prediction. Technical state is constructive, with price above the 50-day and 200-day averages. MACD remains on the bullish side. No recent matched news was found for this ticker/date. Relative strength versus the benchmark looked mixed. 1-month excess return 3.66%; 3-month excess return -10.73%; 6-month excess return -2.51%."
2023-06-08,CARR,2.061408931712405,-30.50481727144779,,miss,linear_regression,target_5d_return,"Technical state is constructive, with price above the 50-day and 200-day averages. MACD remains on the bullish side.",No recent matched news was found for this ticker/date.,Relative strength versus the benchmark looked mixed. 1-month excess return 2.13%; 3-month excess return -10.79%; 6-month excess return -2.94%.,"Model view: the forward return estimate was mildly negative at about -30.50%. Confidence was not explicitly available for this prediction. Technical state is constructive, with price above the 50-day and 200-day averages. MACD remains on the bullish side. No recent matched news was found for this ticker/date. Relative strength versus the benchmark looked mixed. 1-month excess return 2.13%; 3-month excess return -10.79%; 6-month excess return -2.94%."
2023-06-09,CARR,3.487862820452481,-30.783610506747344,,miss,linear_regression,target_5d_return,"Technical state is constructive, with price above the 50-day and 200-day averages. RSI is in a steady zone near 63.6. MACD remains on the bullish side.",No recent matched news was found for this ticker/date.,Relative strength versus the benchmark looked mixed. 1-month excess return 0.98%; 3-month excess return -12.12%; 6-month excess return -4.17%.,"Model view: the forward return estimate was mildly negative at about -30.78%. Confidence was not explicitly available for this prediction. Technical state is constructive, with price above the 50-day and 200-day averages. RSI is in a steady zone near 63.6. MACD remains on the bullish side. No recent matched news was found for this ticker/date. Relative strength versus the benchmark looked mixed. 1-month excess return 0.98%; 3-month excess return -12.12%; 6-month excess return -4.17%."
2023-06-12,CARR,3.8839160117395854,-32.299691582044105,,miss,linear_regression,target_5d_return,"Technical state is constructive, with price above the 50-day and 200-day averages. MACD remains on the bullish side.",No recent matched news was found for this ticker/date.,Relative strength versus the benchmark looked mixed. 1-month excess return 1.72%; 3-month excess return -10.18%; 6-month excess return -4.04%.,"Model view: the forward return estimate was mildly negative at about -32.30%. Confidence was not explicitly available for this prediction. Technical state is constructive, with price above the 50-day and 200-day averages. MACD remains on the bullish side. No recent matched news was found for this ticker/date. Relative strength versus the benchmark looked mixed. 1-month excess return 1.72%; 3-month excess return -10.18%; 6-month excess return -4.04%."
2023-06-13,CARR,3.1002795568687125,-34.01252214342987,,miss,linear_regression,target_5d_return,"Technical state is constructive, with price above the 50-day and 200-day averages. MACD remains on the bullish side.",No recent matched news was found for this ticker/date.,Relative strength versus the benchmark looked mixed. 1-month excess return 4.19%; 3-month excess return -9.25%; 6-month excess return -2.28%.,"Model view: the forward return estimate was mildly negative at about -34.01%. Confidence was not explicitly available for this prediction. Technical state is constructive, with price above the 50-day and 200-day averages. MACD remains on the bullish side. No recent matched news was found for this ticker/date. Relative strength versus the benchmark looked mixed. 1-month excess return 4.19%; 3-month excess return -9.25%; 6-month excess return -2.28%."
2023-06-14,CARR,3.6828439526842116,-34.148839095252704,,miss,linear_regression,target_5d_return,"Technical state is constructive, with price above the 50-day and 200-day averages. RSI is in a steady zone near 64.6. MACD remains on the bullish side.",No recent matched news was found for this ticker/date.,Relative strength versus the benchmark looked mixed. 1-month excess return 1.99%; 3-month excess return -5.68%; 6-month excess return -2.82%.,"Model view: the forward return estimate was mildly negative at about -34.15%. Confidence was not explicitly available for this prediction. Technical state is constructive, with price above the 50-day and 200-day averages. RSI is in a steady zone near 64.6. MACD remains on the bullish side. No recent matched news was found for this ticker/date. Relative strength versus the benchmark looked mixed. 1-month excess return 1.99%; 3-month excess return -5.68%; 6-month excess return -2.82%."
2023-06-15,CARR,3.244517171956951,-36.02461871708974,,miss,linear_regression,target_5d_return,"Technical state is constructive, with price above the 50-day and 200-day averages. MACD remains on the bullish side.",No recent matched news was found for this ticker/date.,Relative strength versus the benchmark looked mixed. 1-month excess return 2.51%; 3-month excess return -7.16%; 6-month excess return -5.10%.,"Model view: the forward return estimate was mildly negative at about -36.02%. Confidence was not explicitly available for this prediction. Technical state is constructive, with price above the 50-day and 200-day averages. MACD remains on the bullish side. No recent matched news was found for this ticker/date. Relative strength versus the benchmark looked mixed. 1-month excess return 2.51%; 3-month excess return -7.16%; 6-month excess return -5.10%."
2023-06-16,CARR,3.732935068532317,-35.201687378718724,,miss,linear_regression,target_5d_return,"Technical state is constructive, with price above the 50-day and 200-day averages. MACD remains on the bullish side.",No recent matched news was found for this ticker/date.,Relative strength versus the benchmark looked mixed. 1-month excess return 3.04%; 3-month excess return -5.45%; 6-month excess return -3.34%.,"Model view: the forward return estimate was mildly negative at about -35.20%. Confidence was not explicitly available for this prediction. Technical state is constructive, with price above the 50-day and 200-day averages. MACD remains on the bullish side. No recent matched news was found for this ticker/date. Relative strength versus the benchmark looked mixed. 1-month excess return 3.04%; 3-month excess return -5.45%; 6-month excess return -3.34%."
2023-06-20,CARR,3.948752455395854,-36.685625788177795,,miss,linear_regression,target_5d_return,"Technical state is constructive, with price above the 50-day and 200-day averages. RSI is elevated near 70.3, so chasing strength may add risk. MACD remains on the bullish side.",No recent matched news was found for this ticker/date.,Relative strength versus the benchmark looked mixed. 1-month excess return 5.30%; 3-month excess return -5.26%; 6-month excess return -0.51%.,"Model view: the forward return estimate was mildly negative at about -36.69%. Confidence was not explicitly available for this prediction. Technical state is constructive, with price above the 50-day and 200-day averages. RSI is elevated near 70.3, so chasing strength may add risk. MACD remains on the bullish side. No recent matched news was found for this ticker/date. Relative strength versus the benchmark looked mixed. 1-month excess return 5.30%; 3-month excess return -5.26%; 6-month excess return -0.51%."
2023-06-21,CARR,2.281207893559345,-36.970108195658916,,miss,linear_regression,target_5d_return,"Technical state is constructive, with price above the 50-day and 200-day averages. RSI is elevated near 72.4, so chasing strength may add risk. MACD remains on the bullish side.",No recent matched news was found for this ticker/date.,Relative strength versus the benchmark looked favorable. 1-month excess return 8.37%; 3-month excess return -2.37%; 6-month excess return 2.13%.,"Model view: the forward return estimate was mildly negative at about -36.97%. Confidence was not explicitly available for this prediction. Technical state is constructive, with price above the 50-day and 200-day averages. RSI is elevated near 72.4, so chasing strength may add risk. MACD remains on the bullish side. No recent matched news was found for this ticker/date. Relative strength versus the benchmark looked favorable. 1-month excess return 8.37%; 3-month excess return -2.37%; 6-month excess return 2.13%."
2023-06-22,CARR,3.4057690082074155,-36.77888535072958,,miss,linear_regression,target_5d_return,"Technical state is constructive, with price above the 50-day and 200-day averages. MACD remains on the bullish side.",No recent matched news was found for this ticker/date.,Relative strength versus the benchmark looked favorable. 1-month excess return 8.16%; 3-month excess return -2.96%; 6-month excess return 0.55%.,"Model view: the forward return estimate was mildly negative at about -36.78%. Confidence was not explicitly available for this prediction. Technical state is constructive, with price above the 50-day and 200-day averages. MACD remains on the bullish side. No recent matched news was found for this ticker/date. Relative strength versus the benchmark looked favorable. 1-month excess return 8.16%; 3-month excess return -2.96%; 6-month excess return 0.55%."
2023-06-23,CARR,3.4547343886985216,-35.53281325025842,,miss,linear_regression,target_5d_return,"Technical state is constructive, with price above the 50-day and 200-day averages. MACD remains on the bullish side.",No recent matched news was found for this ticker/date.,Relative strength versus the benchmark looked favorable. 1-month excess return 10.73%; 3-month excess return -1.73%; 6-month excess return 1.86%.,"Model view: the forward return estimate was mildly negative at about -35.53%. Confidence was not explicitly available for this prediction. Technical state is constructive, with price above the 50-day and 200-day averages. MACD remains on the bullish side. No recent matched news was found for this ticker/date. Relative strength versus the benchmark looked favorable. 1-month excess return 10.73%; 3-month excess return -1.73%; 6-month excess return 1.86%."
2023-06-26,CARR,2.8994444097115046,-36.88769378146004,,miss,linear_regression,target_5d_return,"Technical state is constructive, with price above the 50-day and 200-day averages. RSI is elevated near 72.2, so chasing strength may add risk. MACD remains on the bullish side.",No recent matched news was found for this ticker/date.,Relative strength versus the benchmark looked favorable. 1-month excess return 12.36%; 3-month excess return 1.26%; 6-month excess return 3.41%.,"Model view: the forward return estimate was mildly negative at about -36.89%. Confidence was not explicitly available for this prediction. Technical state is constructive, with price above the 50-day and 200-day averages. RSI is elevated near 72.2, so chasing strength may add risk. MACD remains on the bullish side. No recent matched news was found for this ticker/date. Relative strength versus the benchmark looked favorable. 1-month excess return 12.36%; 3-month excess return 1.26%; 6-month excess return 3.41%."
2023-06-27,CARR,-0.5051525389395461,-35.506749683481544,,hit,linear_regression,target_5d_return,"Technical state is constructive, with price above the 50-day and 200-day averages. RSI is elevated near 75.1, so chasing strength may add risk. MACD remains on the bullish side.",No recent matched news was found for this ticker/date.,Relative strength versus the benchmark looked favorable. 1-month excess return 14.49%; 3-month excess return 1.22%; 6-month excess return 3.75%.,"Model view: the forward return estimate was mildly negative at about -35.51%. Confidence was not explicitly available for this prediction. Technical state is constructive, with price above the 50-day and 200-day averages. RSI is elevated near 75.1, so chasing strength may add risk. MACD remains on the bullish side. No recent matched news was found for this ticker/date. Relative strength versus the benchmark looked favorable. 1-month excess return 14.49%; 3-month excess return 1.22%; 6-month excess return 3.75%."
2023-06-28,CARR,-0.5068937582054289,-34.219700511662346,,hit,linear_regression,target_5d_return,"Technical state is constructive, with price above the 50-day and 200-day averages. RSI is elevated near 73.5, so chasing strength may add risk. MACD remains on the bullish side.",No recent matched news was found for this ticker/date.,Relative strength versus the benchmark looked favorable. 1-month excess return 16.29%; 3-month excess return -0.52%; 6-month excess return 3.62%.,"Model view: the forward return estimate was mildly negative at about -34.22%. Confidence was not explicitly available for this prediction. Technical state is constructive, with price above the 50-day and 200-day averages. RSI is elevated near 73.5, so chasing strength may add risk. MACD remains on the bullish side. No recent matched news was found for this ticker/date. Relative strength versus the benchmark looked favorable. 1-month excess return 16.29%; 3-month excess return -0.52%; 6-month excess return 3.62%."
2023-06-29,CARR,-0.32329731660066807,-34.61173068438944,,hit,linear_regression,target_5d_return,"Technical state is constructive, with price above the 50-day and 200-day averages. RSI is elevated near 74.1, so chasing strength may add risk. MACD remains on the bullish side.",No recent matched news was found for this ticker/date.,Relative strength versus the benchmark looked favorable. 1-month excess return 14.26%; 3-month excess return -0.12%; 6-month excess return 3.35%.,"Model view: the forward return estimate was mildly negative at about -34.61%. Confidence was not explicitly available for this prediction. Technical state is constructive, with price above the 50-day and 200-day averages. RSI is elevated near 74.1, so chasing strength may add risk. MACD remains on the bullish side. No recent matched news was found for this ticker/date. Relative strength versus the benchmark looked favorable. 1-month excess return 14.26%; 3-month excess return -0.12%; 6-month excess return 3.35%."
2023-06-30,CARR,3.118083415022044,-34.66450207241406,,miss,linear_regression,target_5d_return,"Technical state is constructive, with price above the 50-day and 200-day averages. RSI is elevated near 74.9, so chasing strength may add risk. MACD remains on the bullish side.",No recent matched news was found for this ticker/date.,Relative strength versus the benchmark looked favorable. 1-month excess return 15.45%; 3-month excess return 0.43%; 6-month excess return 3.71%.,"Model view: the forward return estimate was mildly negative at about -34.66%. Confidence was not explicitly available for this prediction. Technical state is constructive, with price above the 50-day and 200-day averages. RSI is elevated near 74.9, so chasing strength may add risk. MACD remains on the bullish side. No recent matched news was found for this ticker/date. Relative strength versus the benchmark looked favorable. 1-month excess return 15.45%; 3-month excess return 0.43%; 6-month excess return 3.71%."
2023-07-03,CARR,5.915265847955187,-34.921056354426206,,miss,linear_regression,target_5d_return,"Technical state is constructive, with price above the 50-day and 200-day averages. RSI is elevated near 76.1, so chasing strength may add risk. MACD remains on the bullish side.",No recent matched news was found for this ticker/date.,Relative strength versus the benchmark looked favorable. 1-month excess return 15.29%; 3-month excess return 0.87%; 6-month excess return 3.75%.,"Model view: the forward return estimate was mildly negative at about -34.92%. Confidence was not explicitly available for this prediction. Technical state is constructive, with price above the 50-day and 200-day averages. RSI is elevated near 76.1, so chasing strength may add risk. MACD remains on the bullish side. No recent matched news was found for this ticker/date. Relative strength versus the benchmark looked favorable. 1-month excess return 15.29%; 3-month excess return 0.87%; 6-month excess return 3.75%."
2023-07-05,CARR,7.879766696098089,-33.31827855447766,,miss,linear_regression,target_5d_return,"Technical state is constructive, with price above the 50-day and 200-day averages. MACD remains on the bullish side.",No recent matched news was found for this ticker/date.,Relative strength versus the benchmark looked favorable. 1-month excess return 9.82%; 3-month excess return -0.07%; 6-month excess return 3.48%.,"Model view: the forward return estimate was mildly negative at about -33.32%. Confidence was not explicitly available for this prediction. Technical state is constructive, with price above the 50-day and 200-day averages. MACD remains on the bullish side. No recent matched news was found for this ticker/date. Relative strength versus the benchmark looked favorable. 1-month excess return 9.82%; 3-month excess return -0.07%; 6-month excess return 3.48%."
2023-07-06,CARR,8.253513882715048,-35.29535761097858,,miss,linear_regression,target_5d_return,"Technical state is constructive, with price above the 50-day and 200-day averages. MACD remains on the bullish side.",No recent matched news was found for this ticker/date.,Relative strength versus the benchmark looked favorable. 1-month excess return 10.70%; 3-month excess return 6.84%; 6-month excess return 2.55%.,"Model view: the forward return estimate was mildly negative at about -35.30%. Confidence was not explicitly available for this prediction. Technical state is constructive, with price above the 50-day and 200-day averages. MACD remains on the bullish side. No recent matched news was found for this ticker/date. Relative strength versus the benchmark looked favorable. 1-month excess return 10.70%; 3-month excess return 6.84%; 6-month excess return 2.55%."
2023-07-07,CARR,9.142505887145603,-35.20722878312011,,miss,linear_regression,target_5d_return,"Technical state is constructive, with price above the 50-day and 200-day averages. MACD remains on the bearish side.",No recent matched news was found for this ticker/date.,Relative strength versus the benchmark looked favorable. 1-month excess return 10.06%; 3-month excess return 9.60%; 6-month excess return 3.08%.,"Model view: the forward return estimate was mildly negative at about -35.21%. Confidence was not explicitly available for this prediction. Technical state is constructive, with price above the 50-day and 200-day averages. MACD remains on the bearish side. No recent matched news was found for this ticker/date. Relative strength versus the benchmark looked favorable. 1-month excess return 10.06%; 3-month excess return 9.60%; 6-month excess return 3.08%."
2023-07-10,CARR,6.437774404630736,-34.901709099090745,,miss,linear_regression,target_5d_return,"Technical state is constructive, with price above the 50-day and 200-day averages. RSI is elevated near 75.1, so chasing strength may add risk. MACD remains on the bullish side.",No recent matched news was found for this ticker/date.,Relative strength versus the benchmark looked favorable. 1-month excess return 9.36%; 3-month excess return 15.18%; 6-month excess return 7.57%.,"Model view: the forward return estimate was mildly negative at about -34.90%. Confidence was not explicitly available for this prediction. Technical state is constructive, with price above the 50-day and 200-day averages. RSI is elevated near 75.1, so chasing strength may add risk. MACD remains on the bullish side. No recent matched news was found for this ticker/date. Relative strength versus the benchmark looked favorable. 1-month excess return 9.36%; 3-month excess return 15.18%; 6-month excess return 7.57%."
2023-07-11,CARR,4.226418261258114,-33.49459171898,,miss,linear_regression,target_5d_return,"Technical state is constructive, with price above the 50-day and 200-day averages. RSI is elevated near 79.8, so chasing strength may add risk. MACD remains on the bullish side.",No recent matched news was found for this ticker/date.,Relative strength versus the benchmark looked favorable. 1-month excess return 13.14%; 3-month excess return 17.27%; 6-month excess return 8.87%.,"Model view: the forward return estimate was mildly negative at about -33.49%. Confidence was not explicitly available for this prediction. Technical state is constructive, with price above the 50-day and 200-day averages. RSI is elevated near 79.8, so chasing strength may add risk. MACD remains on the bullish side. No recent matched news was found for this ticker/date. Relative strength versus the benchmark looked favorable. 1-month excess return 13.14%; 3-month excess return 17.27%; 6-month excess return 8.87%."
2023-07-12,CARR,3.9721397830922323,-31.60986898374555,,miss,linear_regression,target_5d_return,"Technical state is constructive, with price above the 50-day and 200-day averages. RSI is elevated near 80.0, so chasing strength may add risk. MACD remains on the bullish side.",No recent matched news was found for this ticker/date.,Relative strength versus the benchmark looked favorable. 1-month excess return 13.53%; 3-month excess return 13.20%; 6-month excess return 7.12%.,"Model view: the forward return estimate was mildly negative at about -31.61%. Confidence was not explicitly available for this prediction. Technical state is constructive, with price above the 50-day and 200-day averages. RSI is elevated near 80.0, so chasing strength may add risk. MACD remains on the bullish side. No recent matched news was found for this ticker/date. Relative strength versus the benchmark looked favorable. 1-month excess return 13.53%; 3-month excess return 13.20%; 6-month excess return 7.12%."
2023-07-13,CARR,2.9179203091628247,-33.01681929597486,,miss,linear_regression,target_5d_return,"Technical state is constructive, with price above the 50-day and 200-day averages. RSI is elevated near 80.0, so chasing strength may add risk. MACD remains on the bullish side.",No recent matched news was found for this ticker/date.,Relative strength versus the benchmark looked favorable. 1-month excess return 12.28%; 3-month excess return 10.93%; 6-month excess return 5.62%.,"Model view: the forward return estimate was mildly negative at about -33.02%. Confidence was not explicitly available for this prediction. Technical state is constructive, with price above the 50-day and 200-day averages. RSI is elevated near 80.0, so chasing strength may add risk. MACD remains on the bullish side. No recent matched news was found for this ticker/date. Relative strength versus the benchmark looked favorable. 1-month excess return 12.28%; 3-month excess return 10.93%; 6-month excess return 5.62%."
2023-07-14,CARR,-0.16716224430316506,-33.64483467888456,,hit,linear_regression,target_5d_return,"Technical state is constructive, with price above the 50-day and 200-day averages. RSI is elevated near 81.8, so chasing strength may add risk. MACD remains on the bullish side.",No recent matched news was found for this ticker/date.,Relative strength versus the benchmark looked favorable. 1-month excess return 12.26%; 3-month excess return 13.40%; 6-month excess return 5.57%.,"Model view: the forward return estimate was mildly negative at about -33.64%. Confidence was not explicitly available for this prediction. Technical state is constructive, with price above the 50-day and 200-day averages. RSI is elevated near 81.8, so chasing strength may add risk. MACD remains on the bullish side. No recent matched news was found for this ticker/date. Relative strength versus the benchmark looked favorable. 1-month excess return 12.26%; 3-month excess return 13.40%; 6-month excess return 5.57%."
2023-07-17,CARR,-1.3746333964851254,-32.64196358395112,,hit,linear_regression,target_5d_return,"Technical state is constructive, with price above the 50-day and 200-day averages. RSI is elevated near 83.3, so chasing strength may add risk. MACD remains on the bullish side.",No recent matched news was found for this ticker/date.,Relative strength versus the benchmark looked favorable. 1-month excess return 15.06%; 3-month excess return 13.87%; 6-month excess return 7.03%.,"Model view: the forward return estimate was mildly negative at about -32.64%. Confidence was not explicitly available for this prediction. Technical state is constructive, with price above the 50-day and 200-day averages. RSI is elevated near 83.3, so chasing strength may add risk. MACD remains on the bullish side. No recent matched news was found for this ticker/date. Relative strength versus the benchmark looked favorable. 1-month excess return 15.06%; 3-month excess return 13.87%; 6-month excess return 7.03%."
2023-07-18,CARR,-2.4076788389619797,-32.23290494646388,,hit,linear_regression,target_5d_return,"Technical state is constructive, with price above the 50-day and 200-day averages. RSI is elevated near 84.7, so chasing strength may add risk. MACD remains on the bullish side.",No recent matched news was found for this ticker/date.,Relative strength versus the benchmark looked favorable. 1-month excess return 16.09%; 3-month excess return 13.64%; 6-month excess return 6.47%.,"Model view: the forward return estimate was mildly negative at about -32.23%. Confidence was not explicitly available for this prediction. Technical state is constructive, with price above the 50-day and 200-day averages. RSI is elevated near 84.7, so chasing strength may add risk. MACD remains on the bullish side. No recent matched news was found for this ticker/date. Relative strength versus the benchmark looked favorable. 1-month excess return 16.09%; 3-month excess return 13.64%; 6-month excess return 6.47%."
2023-07-19,CARR,-1.4484867711229255,-31.703840938296857,,hit,linear_regression,target_5d_return,"Technical state is constructive, with price above the 50-day and 200-day averages. RSI is elevated near 84.6, so chasing strength may add risk. MACD remains on the bullish side.",No recent matched news was found for this ticker/date.,Relative strength versus the benchmark looked favorable. 1-month excess return 14.60%; 3-month excess return 13.34%; 6-month excess return 7.19%.,"Model view: the forward return estimate was mildly negative at about -31.70%. Confidence was not explicitly available for this prediction. Technical state is constructive, with price above the 50-day and 200-day averages. RSI is elevated near 84.6, so chasing strength may add risk. MACD remains on the bullish side. No recent matched news was found for this ticker/date. Relative strength versus the benchmark looked favorable. 1-month excess return 14.60%; 3-month excess return 13.34%; 6-month excess return 7.19%."
2023-07-20,CARR,3.804649534881843,-28.293683745101227,,miss,linear_regression,target_5d_return,"Technical state is constructive, with price above the 50-day and 200-day averages. RSI is elevated near 78.6, so chasing strength may add risk. MACD remains on the bullish side.",No recent matched news was found for this ticker/date.,Relative strength versus the benchmark looked favorable. 1-month excess return 11.82%; 3-month excess return 12.34%; 6-month excess return 10.11%.,"Model view: the forward return estimate was mildly negative at about -28.29%. Confidence was not explicitly available for this prediction. Technical state is constructive, with price above the 50-day and 200-day averages. RSI is elevated near 78.6, so chasing strength may add risk. MACD remains on the bullish side. No recent matched news was found for this ticker/date. Relative strength versus the benchmark looked favorable. 1-month excess return 11.82%; 3-month excess return 12.34%; 6-month excess return 10.11%."
2023-07-21,CARR,9.74884033203125,-26.986340206348622,,miss,linear_regression,target_5d_return,"Technical state is constructive, with price above the 50-day and 200-day averages. MACD remains on the bullish side.",No recent matched news was found for this ticker/date.,Relative strength versus the benchmark looked favorable. 1-month excess return 7.88%; 3-month excess return 8.61%; 6-month excess return 11.89%.,"Model view: the forward return estimate was mildly negative at about -26.99%. Confidence was not explicitly available for this prediction. Technical state is constructive, with price above the 50-day and 200-day averages. MACD remains on the bullish side. No recent matched news was found for this ticker/date. Relative strength versus the benchmark looked favorable. 1-month excess return 7.88%; 3-month excess return 8.61%; 6-month excess return 11.89%."
2023-07-24,CARR,10.667157995313904,-25.801675836223048,,miss,linear_regression,target_5d_return,"Technical state is constructive, with price above the 50-day and 200-day averages. RSI is elevated near 70.0, so chasing strength may add risk. MACD remains on the bullish side.",No recent matched news was found for this ticker/date.,Relative strength versus the benchmark looked favorable. 1-month excess return 8.78%; 3-month excess return 8.76%; 6-month excess return 11.66%.,"Model view: the forward return estimate was mildly negative at about -25.80%. Confidence was not explicitly available for this prediction. Technical state is constructive, with price above the 50-day and 200-day averages. RSI is elevated near 70.0, so chasing strength may add risk. MACD remains on the bullish side. No recent matched news was found for this ticker/date. Relative strength versus the benchmark looked favorable. 1-month excess return 8.78%; 3-month excess return 8.76%; 6-month excess return 11.66%."
2023-07-25,CARR,10.92561566744501,-27.499499001848243,,miss,linear_regression,target_5d_return,"Technical state is constructive, with price above the 50-day and 200-day averages. RSI is elevated near 70.4, so chasing strength may add risk. MACD remains on the bearish side.",No recent matched news was found for this ticker/date.,Relative strength versus the benchmark looked favorable. 1-month excess return 7.45%; 3-month excess return 18.16%; 6-month excess return 10.87%.,"Model view: the forward return estimate was mildly negative at about -27.50%. Confidence was not explicitly available for this prediction. Technical state is constructive, with price above the 50-day and 200-day averages. RSI is elevated near 70.4, so chasing strength may add risk. MACD remains on the bearish side. No recent matched news was found for this ticker/date. Relative strength versus the benchmark looked favorable. 1-month excess return 7.45%; 3-month excess return 18.16%; 6-month excess return 10.87%."
2023-07-26,CARR,8.359359198144055,-28.655240254427433,,miss,linear_regression,target_5d_return,"Technical state is constructive, with price above the 50-day and 200-day averages. RSI is elevated near 72.5, so chasing strength may add risk. MACD remains on the bearish side.",No recent matched news was found for this ticker/date.,Relative strength versus the benchmark looked favorable. 1-month excess return 6.73%; 3-month excess return 16.40%; 6-month excess return 10.71%.,"Model view: the forward return estimate was mildly negative at about -28.66%. Confidence was not explicitly available for this prediction. Technical state is constructive, with price above the 50-day and 200-day averages. RSI is elevated near 72.5, so chasing strength may add risk. MACD remains on the bearish side. No recent matched news was found for this ticker/date. Relative strength versus the benchmark looked favorable. 1-month excess return 6.73%; 3-month excess return 16.40%; 6-month excess return 10.71%."
2023-07-27,CARR,2.3788519367772487,-25.467827916143797,,miss,linear_regression,target_5d_return,"Technical state is constructive, with price above the 50-day and 200-day averages. RSI is elevated near 79.6, so chasing strength may add risk. MACD remains on the bearish side.",No recent matched news was found for this ticker/date.,Relative strength versus the benchmark looked favorable. 1-month excess return 11.33%; 3-month excess return 27.66%; 6-month excess return 17.40%.,"Model view: the forward return estimate was mildly negative at about -25.47%. Confidence was not explicitly available for this prediction. Technical state is constructive, with price above the 50-day and 200-day averages. RSI is elevated near 79.6, so chasing strength may add risk. MACD remains on the bearish side. No recent matched news was found for this ticker/date. Relative strength versus the benchmark looked favorable. 1-month excess return 11.33%; 3-month excess return 27.66%; 6-month excess return 17.40%."
2023-07-28,CARR,-3.237836570717234,-23.996103177313053,,hit,linear_regression,target_5d_return,"Technical state is constructive, with price above the 50-day and 200-day averages. RSI is elevated near 83.9, so chasing strength may add risk. MACD remains on the bullish side.",No recent matched news was found for this ticker/date.,Relative strength versus the benchmark looked favorable. 1-month excess return 15.30%; 3-month excess return 31.44%; 6-month excess return 22.22%.,"Model view: the forward return estimate was mildly negative at about -24.00%. Confidence was not explicitly available for this prediction. Technical state is constructive, with price above the 50-day and 200-day averages. RSI is elevated near 83.9, so chasing strength may add risk. MACD remains on the bullish side. No recent matched news was found for this ticker/date. Relative strength versus the benchmark looked favorable. 1-month excess return 15.30%; 3-month excess return 31.44%; 6-month excess return 22.22%."
2023-07-31,CARR,-2.434929943772446,-25.273087657632182,,hit,linear_regression,target_5d_return,"Technical state is constructive, with price above the 50-day and 200-day averages. RSI is elevated near 84.7, so chasing strength may add risk. MACD remains on the bullish side.",No recent matched news was found for this ticker/date.,Relative strength versus the benchmark looked favorable. 1-month excess return 15.81%; 3-month excess return 32.28%; 6-month excess return 23.70%.,"Model view: the forward return estimate was mildly negative at about -25.27%. Confidence was not explicitly available for this prediction. Technical state is constructive, with price above the 50-day and 200-day averages. RSI is elevated near 84.7, so chasing strength may add risk. MACD remains on the bullish side. No recent matched news was found for this ticker/date. Relative strength versus the benchmark looked favorable. 1-month excess return 15.81%; 3-month excess return 32.28%; 6-month excess return 23.70%."
2023-08-01,CARR,-4.03010013070123,-25.04635215622347,,hit,linear_regression,target_5d_return,"Technical state is constructive, with price above the 50-day and 200-day averages. RSI is elevated near 85.1, so chasing strength may add risk. MACD remains on the bullish side.",No recent matched news was found for this ticker/date.,Relative strength versus the benchmark looked favorable. 1-month excess return 17.33%; 3-month excess return 35.41%; 6-month excess return 23.32%.,"Model view: the forward return estimate was mildly negative at about -25.05%. Confidence was not explicitly available for this prediction. Technical state is constructive, with price above the 50-day and 200-day averages. RSI is elevated near 85.1, so chasing strength may add risk. MACD remains on the bullish side. No recent matched news was found for this ticker/date. Relative strength versus the benchmark looked favorable. 1-month excess return 17.33%; 3-month excess return 35.41%; 6-month excess return 23.32%."
2023-08-02,CARR,-4.781281310124086,-24.953384937217955,,hit,linear_regression,target_5d_return,"Technical state is constructive, with price above the 50-day and 200-day averages. RSI is elevated near 78.2, so chasing strength may add risk. MACD remains on the bullish side.",No recent matched news was found for this ticker/date.,Relative strength versus the benchmark looked favorable. 1-month excess return 16.52%; 3-month excess return 31.48%; 6-month excess return 18.79%.,"Model view: the forward return estimate was mildly negative at about -24.95%. Confidence was not explicitly available for this prediction. Technical state is constructive, with price above the 50-day and 200-day averages. RSI is elevated near 78.2, so chasing strength may add risk. MACD remains on the bullish side. No recent matched news was found for this ticker/date. Relative strength versus the benchmark looked favorable. 1-month excess return 16.52%; 3-month excess return 31.48%; 6-month excess return 18.79%."
2023-08-03,CARR,-4.647154938299735,-24.572622607435342,,hit,linear_regression,target_5d_return,"Technical state is constructive, with price above the 50-day and 200-day averages. RSI is elevated near 71.5, so chasing strength may add risk. MACD remains on the bullish side.",No recent matched news was found for this ticker/date.,Relative strength versus the benchmark looked favorable. 1-month excess return 16.70%; 3-month excess return 31.39%; 6-month excess return 16.68%.,"Model view: the forward return estimate was mildly negative at about -24.57%. Confidence was not explicitly available for this prediction. Technical state is constructive, with price above the 50-day and 200-day averages. RSI is elevated near 71.5, so chasing strength may add risk. MACD remains on the bullish side. No recent matched news was found for this ticker/date. Relative strength versus the benchmark looked favorable. 1-month excess return 16.70%; 3-month excess return 31.39%; 6-month excess return 16.68%."
2023-08-04,CARR,-2.697969281930712,-22.8960934073613,,hit,linear_regression,target_5d_return,"Technical state is constructive, with price above the 50-day and 200-day averages. RSI is in a steady zone near 64.5. MACD remains on the bullish side.",No recent matched news was found for this ticker/date.,Relative strength versus the benchmark looked favorable. 1-month excess return 14.70%; 3-month excess return 28.61%; 6-month excess return 13.95%.,"Model view: the forward return estimate was mildly negative at about -22.90%. Confidence was not explicitly available for this prediction. Technical state is constructive, with price above the 50-day and 200-day averages. RSI is in a steady zone near 64.5. MACD remains on the bullish side. No recent matched news was found for this ticker/date. Relative strength versus the benchmark looked favorable. 1-month excess return 14.70%; 3-month excess return 28.61%; 6-month excess return 13.95%."
2023-08-07,CARR,-3.5800311032433085,-23.2718901064217,,hit,linear_regression,target_5d_return,"Technical state is constructive, with price above the 50-day and 200-day averages. MACD remains on the bearish side.",No recent matched news was found for this ticker/date.,Relative strength versus the benchmark looked favorable. 1-month excess return 15.00%; 3-month excess return 27.83%; 6-month excess return 14.61%.,"Model view: the forward return estimate was mildly negative at about -23.27%. Confidence was not explicitly available for this prediction. Technical state is constructive, with price above the 50-day and 200-day averages. MACD remains on the bearish side. No recent matched news was found for this ticker/date. Relative strength versus the benchmark looked favorable. 1-month excess return 15.00%; 3-month excess return 27.83%; 6-month excess return 14.61%."
2023-08-08,CARR,-3.4500776499284402,-23.182203327974527,,hit,linear_regression,target_5d_return,"Technical state is constructive, with price above the 50-day and 200-day averages. RSI is in a steady zone near 63.4. MACD remains on the bearish side.",No recent matched news was found for this ticker/date.,Relative strength versus the benchmark looked favorable. 1-month excess return 9.90%; 3-month excess return 25.99%; 6-month excess return 14.90%.,"Model view: the forward return estimate was mildly negative at about -23.18%. Confidence was not explicitly available for this prediction. Technical state is constructive, with price above the 50-day and 200-day averages. RSI is in a steady zone near 63.4. MACD remains on the bearish side. No recent matched news was found for this ticker/date. Relative strength versus the benchmark looked favorable. 1-month excess return 9.90%; 3-month excess return 25.99%; 6-month excess return 14.90%."
2023-08-09,CARR,-3.0092568221167126,-20.31385935615649,,hit,linear_regression,target_5d_return,"Technical state is constructive, with price above the 50-day and 200-day averages. RSI is in a steady zone near 56.4. MACD remains on the bearish side.",No recent matched news was found for this ticker/date.,Relative strength versus the benchmark looked favorable. 1-month excess return 5.23%; 3-month excess return 22.80%; 6-month excess return 19.17%.,"Model view: the forward return estimate was mildly negative at about -20.31%. Confidence was not explicitly available for this prediction. Technical state is constructive, with price above the 50-day and 200-day averages. RSI is in a steady zone near 56.4. MACD remains on the bearish side. No recent matched news was found for this ticker/date. Relative strength versus the benchmark looked favorable. 1-month excess return 5.23%; 3-month excess return 22.80%; 6-month excess return 19.17%."
2023-08-10,CARR,-4.241881270924885,-21.03049566824621,,hit,linear_regression,target_5d_return,"Technical state is constructive, with price above the 50-day and 200-day averages. RSI is in a steady zone near 52.6. MACD remains on the bearish side.",No recent matched news was found for this ticker/date.,Relative strength versus the benchmark looked favorable. 1-month excess return 4.28%; 3-month excess return 20.53%; 6-month excess return 14.35%.,"Model view: the forward return estimate was mildly negative at about -21.03%. Confidence was not explicitly available for this prediction. Technical state is constructive, with price above the 50-day and 200-day averages. RSI is in a steady zone near 52.6. MACD remains on the bearish side. No recent matched news was found for this ticker/date. Relative strength versus the benchmark looked favorable. 1-month excess return 4.28%; 3-month excess return 20.53%; 6-month excess return 14.35%."
2023-08-11,CARR,-3.871086587032857,-20.377592721868872,,hit,linear_regression,target_5d_return,"Technical state is constructive, with price above the 50-day and 200-day averages. RSI is in a steady zone near 53.2. MACD remains on the bearish side.",No recent matched news was found for this ticker/date.,Relative strength versus the benchmark looked favorable. 1-month excess return 5.45%; 3-month excess return 21.55%; 6-month excess return 14.21%.,"Model view: the forward return estimate was mildly negative at about -20.38%. Confidence was not explicitly available for this prediction. Technical state is constructive, with price above the 50-day and 200-day averages. RSI is in a steady zone near 53.2. MACD remains on the bearish side. No recent matched news was found for this ticker/date. Relative strength versus the benchmark looked favorable. 1-month excess return 5.45%; 3-month excess return 21.55%; 6-month excess return 14.21%."
2023-08-14,CARR,-4.3734393840047066,-20.976118919016734,,hit,linear_regression,target_5d_return,"Technical state is constructive, with price above the 50-day and 200-day averages. RSI is in a steady zone near 55.4. MACD remains on the bearish side.",No recent matched news was found for this ticker/date.,Relative strength versus the benchmark looked favorable. 1-month excess return 4.30%; 3-month excess return 23.25%; 6-month excess return 15.17%.,"Model view: the forward return estimate was mildly negative at about -20.98%. Confidence was not explicitly available for this prediction. Technical state is constructive, with price above the 50-day and 200-day averages. RSI is in a steady zone near 55.4. MACD remains on the bearish side. No recent matched news was found for this ticker/date. Relative strength versus the benchmark looked favorable. 1-month excess return 4.30%; 3-month excess return 23.25%; 6-month excess return 15.17%."
2023-08-15,CARR,-2.9056138148081168,-19.919261771972607,,hit,linear_regression,target_5d_return,"Technical state is constructive, with price above the 50-day and 200-day averages. RSI is in a steady zone near 52.0. MACD remains on the bearish side.",No recent matched news was found for this ticker/date.,Relative strength versus the benchmark looked favorable. 1-month excess return 3.30%; 3-month excess return 22.17%; 6-month excess return 14.65%.,"Model view: the forward return estimate was mildly negative at about -19.92%. Confidence was not explicitly available for this prediction. Technical state is constructive, with price above the 50-day and 200-day averages. RSI is in a steady zone near 52.0. MACD remains on the bearish side. No recent matched news was found for this ticker/date. Relative strength versus the benchmark looked favorable. 1-month excess return 3.30%; 3-month excess return 22.17%; 6-month excess return 14.65%."
2023-08-16,CARR,1.3952603350490422,-18.048091131278206,,miss,linear_regression,target_5d_return,"Technical state is constructive, with price above the 50-day and 200-day averages. MACD remains on the bearish side.",No recent matched news was found for this ticker/date.,Relative strength versus the benchmark looked favorable. 1-month excess return 1.81%; 3-month excess return 22.06%; 6-month excess return 14.16%.,"Model view: the forward return estimate was mildly negative at about -18.05%. Confidence was not explicitly available for this prediction. Technical state is constructive, with price above the 50-day and 200-day averages. MACD remains on the bearish side. No recent matched news was found for this ticker/date. Relative strength versus the benchmark looked favorable. 1-month excess return 1.81%; 3-month excess return 22.06%; 6-month excess return 14.16%."
2023-08-17,CARR,1.6588144783618919,-16.780634173945863,,miss,linear_regression,target_5d_return,"Technical state is constructive, with price above the 50-day and 200-day averages. MACD remains on the bearish side. Volatility is elevated at roughly 30.1%.",No recent matched news was found for this ticker/date.,Relative strength versus the benchmark looked favorable. 1-month excess return 0.24%; 3-month excess return 18.61%; 6-month excess return 11.33%.,"Model view: the forward return estimate was mildly negative at about -16.78%. Confidence was not explicitly available for this prediction. Technical state is constructive, with price above the 50-day and 200-day averages. MACD remains on the bearish side. Volatility is elevated at roughly 30.1%. No recent matched news was found for this ticker/date. Relative strength versus the benchmark looked favorable. 1-month excess return 0.24%; 3-month excess return 18.61%; 6-month excess return 11.33%."
2023-08-18,CARR,3.053008216425024,-17.73986931469893,,miss,linear_regression,target_5d_return,"Technical state is constructive, with price above the 50-day and 200-day averages. MACD remains on the bearish side.",No recent matched news was found for this ticker/date.,Relative strength versus the benchmark looked favorable. 1-month excess return 1.13%; 3-month excess return 19.26%; 6-month excess return 11.14%.,"Model view: the forward return estimate was mildly negative at about -17.74%. Confidence was not explicitly available for this prediction. Technical state is constructive, with price above the 50-day and 200-day averages. MACD remains on the bearish side. No recent matched news was found for this ticker/date. Relative strength versus the benchmark looked favorable. 1-month excess return 1.13%; 3-month excess return 19.26%; 6-month excess return 11.14%."
2023-08-21,CARR,3.7334329128122734,-18.077707402913752,,miss,linear_regression,target_5d_return,"Technical state is constructive, with price above the 50-day and 200-day averages. MACD remains on the bearish side.",No recent matched news was found for this ticker/date.,Relative strength versus the benchmark looked favorable. 1-month excess return 2.51%; 3-month excess return 20.21%; 6-month excess return 10.58%.,"Model view: the forward return estimate was mildly negative at about -18.08%. Confidence was not explicitly available for this prediction. Technical state is constructive, with price above the 50-day and 200-day averages. MACD remains on the bearish side. No recent matched news was found for this ticker/date. Relative strength versus the benchmark looked favorable. 1-month excess return 2.51%; 3-month excess return 20.21%; 6-month excess return 10.58%."
2023-08-22,CARR,5.5018571123578,-18.761706502553643,,miss,linear_regression,target_5d_return,"Technical state is constructive, with price above the 50-day and 200-day averages. MACD remains on the bearish side.",No recent matched news was found for this ticker/date.,Relative strength versus the benchmark looked favorable. 1-month excess return 3.51%; 3-month excess return 22.16%; 6-month excess return 12.98%.,"Model view: the forward return estimate was mildly negative at about -18.76%. Confidence was not explicitly available for this prediction. Technical state is constructive, with price above the 50-day and 200-day averages. MACD remains on the bearish side. No recent matched news was found for this ticker/date. Relative strength versus the benchmark looked favorable. 1-month excess return 3.51%; 3-month excess return 22.16%; 6-month excess return 12.98%."
2023-08-23,CARR,3.530691253126328,-20.428698938214247,,miss,linear_regression,target_5d_return,"Technical state is constructive, with price above the 50-day and 200-day averages. RSI is in a steady zone near 53.1. MACD remains on the bearish side. Volatility is elevated at roughly 31.0%.",No recent matched news was found for this ticker/date.,Relative strength versus the benchmark looked favorable. 1-month excess return 5.22%; 3-month excess return 26.10%; 6-month excess return 15.59%.,"Model view: the forward return estimate was mildly negative at about -20.43%. Confidence was not explicitly available for this prediction. Technical state is constructive, with price above the 50-day and 200-day averages. RSI is in a steady zone near 53.1. MACD remains on the bearish side. Volatility is elevated at roughly 31.0%. No recent matched news was found for this ticker/date. Relative strength versus the benchmark looked favorable. 1-month excess return 5.22%; 3-month excess return 26.10%; 6-month excess return 15.59%."
2023-08-24,CARR,6.526980229640111,-19.932603609184476,,miss,linear_regression,target_5d_return,"Technical state is constructive, with price above the 50-day and 200-day averages. MACD remains on the bearish side.",No recent matched news was found for this ticker/date.,Relative strength versus the benchmark looked favorable. 1-month excess return 3.17%; 3-month excess return 24.25%; 6-month excess return 12.26%.,"Model view: the forward return estimate was mildly negative at about -19.93%. Confidence was not explicitly available for this prediction. Technical state is constructive, with price above the 50-day and 200-day averages. MACD remains on the bearish side. No recent matched news was found for this ticker/date. Relative strength versus the benchmark looked favorable. 1-month excess return 3.17%; 3-month excess return 24.25%; 6-month excess return 12.26%."
2023-08-25,CARR,5.3071576602164106,-21.728730785551768,,miss,linear_regression,target_5d_return,"Technical state is constructive, with price above the 50-day and 200-day averages. RSI is in a steady zone near 51.9. MACD remains on the bearish side.",No recent matched news was found for this ticker/date.,Relative strength versus the benchmark looked favorable. 1-month excess return -0.25%; 3-month excess return 27.43%; 6-month excess return 13.37%.,"Model view: the forward return estimate was mildly negative at about -21.73%. Confidence was not explicitly available for this prediction. Technical state is constructive, with price above the 50-day and 200-day averages. RSI is in a steady zone near 51.9. MACD remains on the bearish side. No recent matched news was found for this ticker/date. Relative strength versus the benchmark looked favorable. 1-month excess return -0.25%; 3-month excess return 27.43%; 6-month excess return 13.37%."
2023-08-28,CARR,1.5295995659331707,-23.81185999238381,,miss,linear_regression,target_5d_return,"Technical state is constructive, with price above the 50-day and 200-day averages. RSI is in a steady zone near 54.3. MACD remains on the bearish side.",No recent matched news was found for this ticker/date.,Relative strength versus the benchmark looked favorable. 1-month excess return -2.70%; 3-month excess return 30.46%; 6-month excess return 12.28%.,"Model view: the forward return estimate was mildly negative at about -23.81%. Confidence was not explicitly available for this prediction. Technical state is constructive, with price above the 50-day and 200-day averages. RSI is in a steady zone near 54.3. MACD remains on the bearish side. No recent matched news was found for this ticker/date. Relative strength versus the benchmark looked favorable. 1-month excess return -2.70%; 3-month excess return 30.46%; 6-month excess return 12.28%."
2023-08-29,CARR,-0.634243844784832,-26.43208793193555,,hit,linear_regression,target_5d_return,"Technical state is constructive, with price above the 50-day and 200-day averages. RSI is in a steady zone near 59.2. MACD remains on the bearish side.",No recent matched news was found for this ticker/date.,Relative strength versus the benchmark looked favorable. 1-month excess return -2.77%; 3-month excess return 29.05%; 6-month excess return 12.72%.,"Model view: the forward return estimate was mildly negative at about -26.43%. Confidence was not explicitly available for this prediction. Technical state is constructive, with price above the 50-day and 200-day averages. RSI is in a steady zone near 59.2. MACD remains on the bearish side. No recent matched news was found for this ticker/date. Relative strength versus the benchmark looked favorable. 1-month excess return -2.77%; 3-month excess return 29.05%; 6-month excess return 12.72%."
2023-08-30,CARR,0.12241989235854955,-28.618077495593162,,miss,linear_regression,target_5d_return,"Technical state is constructive, with price above the 50-day and 200-day averages. RSI is in a steady zone near 60.7. MACD remains on the bullish side.",No recent matched news was found for this ticker/date.,Relative strength versus the benchmark looked favorable. 1-month excess return -3.18%; 3-month excess return 31.87%; 6-month excess return 11.20%.,"Model view: the forward return estimate was mildly negative at about -28.62%. Confidence was not explicitly available for this prediction. Technical state is constructive, with price above the 50-day and 200-day averages. RSI is in a steady zone near 60.7. MACD remains on the bullish side. No recent matched news was found for this ticker/date. Relative strength versus the benchmark looked favorable. 1-month excess return -3.18%; 3-month excess return 31.87%; 6-month excess return 11.20%."
2023-08-31,CARR,2.1061776647585573,-28.560357308115506,,miss,linear_regression,target_5d_return,"Technical state is constructive, with price above the 50-day and 200-day averages. RSI is in a steady zone near 61.7. MACD remains on the bullish side.",No recent matched news was found for this ticker/date.,Relative strength versus the benchmark looked favorable. 1-month excess return -2.66%; 3-month excess return 31.66%; 6-month excess return 11.42%.,"Model view: the forward return estimate was mildly negative at about -28.56%. Confidence was not explicitly available for this prediction. Technical state is constructive, with price above the 50-day and 200-day averages. RSI is in a steady zone near 61.7. MACD remains on the bullish side. No recent matched news was found for this ticker/date. Relative strength versus the benchmark looked favorable. 1-month excess return -2.66%; 3-month excess return 31.66%; 6-month excess return 11.42%."
2023-09-01,CARR,1.7259234099101572,-28.94873420134244,,miss,linear_regression,target_5d_return,"Technical state is constructive, with price above the 50-day and 200-day averages. RSI is in a steady zone near 63.6. MACD remains on the bullish side.",No recent matched news was found for this ticker/date.,Relative strength versus the benchmark looked favorable. 1-month excess return -0.84%; 3-month excess return 27.92%; 6-month excess return 9.54%.,"Model view: the forward return estimate was mildly negative at about -28.95%. Confidence was not explicitly available for this prediction. Technical state is constructive, with price above the 50-day and 200-day averages. RSI is in a steady zone near 63.6. MACD remains on the bullish side. No recent matched news was found for this ticker/date. Relative strength versus the benchmark looked favorable. 1-month excess return -0.84%; 3-month excess return 27.92%; 6-month excess return 9.54%."
2023-09-05,CARR,0.2835938803653626,-26.758704335697963,,miss,linear_regression,target_5d_return,"Technical state is constructive, with price above the 50-day and 200-day averages. RSI is in a steady zone near 54.8. MACD remains on the bullish side.",No recent matched news was found for this ticker/date.,Relative strength versus the benchmark looked favorable. 1-month excess return -1.77%; 3-month excess return 25.40%; 6-month excess return 5.54%.,"Model view: the forward return estimate was mildly negative at about -26.76%. Confidence was not explicitly available for this prediction. Technical state is constructive, with price above the 50-day and 200-day averages. RSI is in a steady zone near 54.8. MACD remains on the bullish side. No recent matched news was found for this ticker/date. Relative strength versus the benchmark looked favorable. 1-month excess return -1.77%; 3-month excess return 25.40%; 6-month excess return 5.54%."
2023-09-06,CARR,-2.0567372624623936,-26.96375866821763,,hit,linear_regression,target_5d_return,"Technical state is constructive, with price above the 50-day and 200-day averages. RSI is in a steady zone near 54.7. MACD remains on the bullish side.",No recent matched news was found for this ticker/date.,Relative strength versus the benchmark looked favorable. 1-month excess return -1.95%; 3-month excess return 24.36%; 6-month excess return 6.57%.,"Model view: the forward return estimate was mildly negative at about -26.96%. Confidence was not explicitly available for this prediction. Technical state is constructive, with price above the 50-day and 200-day averages. RSI is in a steady zone near 54.7. MACD remains on the bullish side. No recent matched news was found for this ticker/date. Relative strength versus the benchmark looked favorable. 1-month excess return -1.95%; 3-month excess return 24.36%; 6-month excess return 6.57%."
2023-09-07,CARR,-4.349347909985668,-26.282334292728798,,hit,linear_regression,target_5d_return,"Technical state is constructive, with price above the 50-day and 200-day averages. RSI is in a steady zone near 58.4. MACD remains on the bullish side.",No recent matched news was found for this ticker/date.,Relative strength versus the benchmark looked favorable. 1-month excess return 0.60%; 3-month excess return 21.26%; 6-month excess return 9.27%.,"Model view: the forward return estimate was mildly negative at about -26.28%. Confidence was not explicitly available for this prediction. Technical state is constructive, with price above the 50-day and 200-day averages. RSI is in a steady zone near 58.4. MACD remains on the bullish side. No recent matched news was found for this ticker/date. Relative strength versus the benchmark looked favorable. 1-month excess return 0.60%; 3-month excess return 21.26%; 6-month excess return 9.27%."
2023-09-08,CARR,-7.159905853843506,-24.677368765068657,,hit,linear_regression,target_5d_return,"Technical state is constructive, with price above the 50-day and 200-day averages. RSI is in a steady zone near 63.7. MACD remains on the bullish side.",No recent matched news was found for this ticker/date.,Relative strength versus the benchmark looked favorable. 1-month excess return 4.49%; 3-month excess return 24.83%; 6-month excess return 13.34%.,"Model view: the forward return estimate was mildly negative at about -24.68%. Confidence was not explicitly available for this prediction. Technical state is constructive, with price above the 50-day and 200-day averages. RSI is in a steady zone near 63.7. MACD remains on the bullish side. No recent matched news was found for this ticker/date. Relative strength versus the benchmark looked favorable. 1-month excess return 4.49%; 3-month excess return 24.83%; 6-month excess return 13.34%."
2023-09-11,CARR,-7.719713849804355,-25.00583414273033,,hit,linear_regression,target_5d_return,"Technical state is constructive, with price above the 50-day and 200-day averages. RSI is in a steady zone near 64.7. MACD remains on the bullish side.",No recent matched news was found for this ticker/date.,Relative strength versus the benchmark looked favorable. 1-month excess return 5.83%; 3-month excess return 25.79%; 6-month excess return 12.96%.,"Model view: the forward return estimate was mildly negative at about -25.01%. Confidence was not explicitly available for this prediction. Technical state is constructive, with price above the 50-day and 200-day averages. RSI is in a steady zone near 64.7. MACD remains on the bullish side. No recent matched news was found for this ticker/date. Relative strength versus the benchmark looked favorable. 1-month excess return 5.83%; 3-month excess return 25.79%; 6-month excess return 12.96%."
2023-09-12,CARR,-4.825032288060472,-21.65405593793333,,hit,linear_regression,target_5d_return,"Technical state is constructive, with price above the 50-day and 200-day averages. RSI is in a steady zone near 52.1. MACD remains on the bullish side.",No recent matched news was found for this ticker/date.,Relative strength versus the benchmark looked favorable. 1-month excess return 1.76%; 3-month excess return 20.64%; 6-month excess return 10.68%.,"Model view: the forward return estimate was mildly negative at about -21.65%. Confidence was not explicitly available for this prediction. Technical state is constructive, with price above the 50-day and 200-day averages. RSI is in a steady zone near 52.1. MACD remains on the bullish side. No recent matched news was found for this ticker/date. Relative strength versus the benchmark looked favorable. 1-month excess return 1.76%; 3-month excess return 20.64%; 6-month excess return 10.68%."
2023-09-13,CARR,-2.5524978359327988,-20.535060818352314,,hit,linear_regression,target_5d_return,"Technical state is mixed, with price not fully aligned across the major moving averages. MACD remains on the bearish side. Volatility is elevated at roughly 30.7%.",No recent matched news was found for this ticker/date.,Relative strength versus the benchmark looked favorable. 1-month excess return -1.06%; 3-month excess return 15.85%; 6-month excess return 6.74%.,"Model view: the forward return estimate was mildly negative at about -20.54%. Confidence was not explicitly available for this prediction. Technical state is mixed, with price not fully aligned across the major moving averages. MACD remains on the bearish side. Volatility is elevated at roughly 30.7%. No recent matched news was found for this ticker/date. Relative strength versus the benchmark looked favorable. 1-month excess return -1.06%; 3-month excess return 15.85%; 6-month excess return 6.74%."
2023-09-14,CARR,-4.017525594731596,-19.515367780814394,,hit,linear_regression,target_5d_return,"Technical state is mixed, with price not fully aligned across the major moving averages. MACD remains on the bearish side. Volatility is elevated at roughly 30.3%.",No recent matched news was found for this ticker/date.,Relative strength versus the benchmark looked favorable. 1-month excess return -2.87%; 3-month excess return 15.57%; 6-month excess return 10.74%.,"Model view: the forward return estimate was mildly negative at about -19.52%. Confidence was not explicitly available for this prediction. Technical state is mixed, with price not fully aligned across the major moving averages. MACD remains on the bearish side. Volatility is elevated at roughly 30.3%. No recent matched news was found for this ticker/date. Relative strength versus the benchmark looked favorable. 1-month excess return -2.87%; 3-month excess return 15.57%; 6-month excess return 10.74%."
2023-09-15,CARR,-2.919574328529917,-19.574573325091286,,hit,linear_regression,target_5d_return,"Technical state is mixed, with price not fully aligned across the major moving averages. MACD remains on the bearish side.",No recent matched news was found for this ticker/date.,Relative strength versus the benchmark looked favorable. 1-month excess return -1.19%; 3-month excess return 16.53%; 6-month excess return 10.10%.,"Model view: the forward return estimate was mildly negative at about -19.57%. Confidence was not explicitly available for this prediction. Technical state is mixed, with price not fully aligned across the major moving averages. MACD remains on the bearish side. No recent matched news was found for this ticker/date. Relative strength versus the benchmark looked favorable. 1-month excess return -1.19%; 3-month excess return 16.53%; 6-month excess return 10.10%."
2023-09-18,CARR,-1.489239874394832,-19.770775975350496,,hit,linear_regression,target_5d_return,"Technical state is mixed, with price not fully aligned across the major moving averages. MACD remains on the bearish side.",No recent matched news was found for this ticker/date.,Relative strength versus the benchmark looked favorable. 1-month excess return 0.41%; 3-month excess return 15.05%; 6-month excess return 10.62%.,"Model view: the forward return estimate was mildly negative at about -19.77%. Confidence was not explicitly available for this prediction. Technical state is mixed, with price not fully aligned across the major moving averages. MACD remains on the bearish side. No recent matched news was found for this ticker/date. Relative strength versus the benchmark looked favorable. 1-month excess return 0.41%; 3-month excess return 15.05%; 6-month excess return 10.62%."
2023-09-19,CARR,-2.098416500347755,-20.123565710729515,,hit,linear_regression,target_5d_return,"Technical state is mixed, with price not fully aligned across the major moving averages. MACD remains on the bearish side.",No recent matched news was found for this ticker/date.,Relative strength versus the benchmark looked favorable. 1-month excess return -0.95%; 3-month excess return 11.87%; 6-month excess return 7.23%.,"Model view: the forward return estimate was mildly negative at about -20.12%. Confidence was not explicitly available for this prediction. Technical state is mixed, with price not fully aligned across the major moving averages. MACD remains on the bearish side. No recent matched news was found for this ticker/date. Relative strength versus the benchmark looked favorable. 1-month excess return -0.95%; 3-month excess return 11.87%; 6-month excess return 7.23%."
2023-09-20,CARR,2.3221251300030055,-20.440980209190677,,miss,linear_regression,target_5d_return,"Technical state is mixed, with price not fully aligned across the major moving averages. MACD remains on the bearish side.",No recent matched news was found for this ticker/date.,Relative strength versus the benchmark looked favorable. 1-month excess return 0.28%; 3-month excess return 10.79%; 6-month excess return 9.13%.,"Model view: the forward return estimate was mildly negative at about -20.44%. Confidence was not explicitly available for this prediction. Technical state is mixed, with price not fully aligned across the major moving averages. MACD remains on the bearish side. No recent matched news was found for this ticker/date. Relative strength versus the benchmark looked favorable. 1-month excess return 0.28%; 3-month excess return 10.79%; 6-month excess return 9.13%."
2023-09-21,CARR,6.4307404206719765,-19.587703149926263,,miss,linear_regression,target_5d_return,"Technical state is mixed, with price not fully aligned across the major moving averages. RSI is weak near 36.0. MACD remains on the bearish side.",No recent matched news was found for this ticker/date.,Relative strength versus the benchmark looked favorable. 1-month excess return -1.14%; 3-month excess return 10.99%; 6-month excess return 8.98%.,"Model view: the forward return estimate was mildly negative at about -19.59%. Confidence was not explicitly available for this prediction. Technical state is mixed, with price not fully aligned across the major moving averages. RSI is weak near 36.0. MACD remains on the bearish side. No recent matched news was found for this ticker/date. Relative strength versus the benchmark looked favorable. 1-month excess return -1.14%; 3-month excess return 10.99%; 6-month excess return 8.98%."
2023-09-22,CARR,4.407039678696711,-20.04474243123071,,miss,linear_regression,target_5d_return,"Technical state is mixed, with price not fully aligned across the major moving averages. RSI is weak near 38.0. MACD remains on the bearish side.",No recent matched news was found for this ticker/date.,Relative strength versus the benchmark looked favorable. 1-month excess return -1.82%; 3-month excess return 10.69%; 6-month excess return 9.88%.,"Model view: the forward return estimate was mildly negative at about -20.04%. Confidence was not explicitly available for this prediction. Technical state is mixed, with price not fully aligned across the major moving averages. RSI is weak near 38.0. MACD remains on the bearish side. No recent matched news was found for this ticker/date. Relative strength versus the benchmark looked favorable. 1-month excess return -1.82%; 3-month excess return 10.69%; 6-month excess return 9.88%."
2023-09-25,CARR,1.8290397699619376,-22.202063137087244,,miss,linear_regression,target_5d_return,"Technical state is mixed, with price not fully aligned across the major moving averages. MACD remains on the bearish side.",No recent matched news was found for this ticker/date.,Relative strength versus the benchmark looked favorable. 1-month excess return 0.08%; 3-month excess return 10.02%; 6-month excess return 12.35%.,"Model view: the forward return estimate was mildly negative at about -22.20%. Confidence was not explicitly available for this prediction. Technical state is mixed, with price not fully aligned across the major moving averages. MACD remains on the bearish side. No recent matched news was found for this ticker/date. Relative strength versus the benchmark looked favorable. 1-month excess return 0.08%; 3-month excess return 10.02%; 6-month excess return 12.35%."
2023-09-26,CARR,1.5174492005633589,-19.35288337775939,,miss,linear_regression,target_5d_return,"Technical state is mixed, with price not fully aligned across the major moving averages. RSI is weak near 38.8. MACD remains on the bearish side.",No recent matched news was found for this ticker/date.,Relative strength versus the benchmark looked favorable. 1-month excess return -1.35%; 3-month excess return 8.91%; 6-month excess return 11.15%.,"Model view: the forward return estimate was mildly negative at about -19.35%. Confidence was not explicitly available for this prediction. Technical state is mixed, with price not fully aligned across the major moving averages. RSI is weak near 38.8. MACD remains on the bearish side. No recent matched news was found for this ticker/date. Relative strength versus the benchmark looked favorable. 1-month excess return -1.35%; 3-month excess return 8.91%; 6-month excess return 11.15%."
2023-09-27,CARR,-0.8533064725465112,-23.8906090481403,,hit,linear_regression,target_5d_return,"Technical state is mixed, with price not fully aligned across the major moving averages. RSI is in a steady zone near 51.0. MACD remains on the bearish side. Volatility is elevated at roughly 30.6%.",No recent matched news was found for this ticker/date.,Relative strength versus the benchmark looked favorable. 1-month excess return 2.56%; 3-month excess return 14.09%; 6-month excess return 15.02%.,"Model view: the forward return estimate was mildly negative at about -23.89%. Confidence was not explicitly available for this prediction. Technical state is mixed, with price not fully aligned across the major moving averages. RSI is in a steady zone near 51.0. MACD remains on the bearish side. Volatility is elevated at roughly 30.6%. No recent matched news was found for this ticker/date. Relative strength versus the benchmark looked favorable. 1-month excess return 2.56%; 3-month excess return 14.09%; 6-month excess return 15.02%."
2023-09-28,CARR,-4.343940587827544,-24.48333211859964,,hit,linear_regression,target_5d_return,"Technical state is constructive, with price above the 50-day and 200-day averages. RSI is in a steady zone near 54.6. MACD remains on the bearish side. Volatility is elevated at roughly 31.1%.",No recent matched news was found for this ticker/date.,Relative strength versus the benchmark looked favorable. 1-month excess return 3.16%; 3-month excess return 15.24%; 6-month excess return 16.50%.,"Model view: the forward return estimate was mildly negative at about -24.48%. Confidence was not explicitly available for this prediction. Technical state is constructive, with price above the 50-day and 200-day averages. RSI is in a steady zone near 54.6. MACD remains on the bearish side. Volatility is elevated at roughly 31.1%. No recent matched news was found for this ticker/date. Relative strength versus the benchmark looked favorable. 1-month excess return 3.16%; 3-month excess return 15.24%; 6-month excess return 16.50%."
2023-09-29,CARR,-1.6666702371863962,-22.625681795322727,,hit,linear_regression,target_5d_return,"Technical state is mixed, with price not fully aligned across the major moving averages. RSI is in a steady zone near 51.2. MACD remains on the bullish side. Volatility is elevated at roughly 31.3%.",No recent matched news was found for this ticker/date.,Relative strength versus the benchmark looked favorable. 1-month excess return 1.76%; 3-month excess return 14.62%; 6-month excess return 16.54%.,"Model view: the forward return estimate was mildly negative at about -22.63%. Confidence was not explicitly available for this prediction. Technical state is mixed, with price not fully aligned across the major moving averages. RSI is in a steady zone near 51.2. MACD remains on the bullish side. Volatility is elevated at roughly 31.3%. No recent matched news was found for this ticker/date. Relative strength versus the benchmark looked favorable. 1-month excess return 1.76%; 3-month excess return 14.62%; 6-month excess return 16.54%."
2023-10-02,CARR,0.8431068051582669,-24.06415583146117,,miss,linear_regression,target_5d_return,"Technical state is mixed, with price not fully aligned across the major moving averages. MACD remains on the bullish side. Volatility is elevated at roughly 31.2%.",No recent matched news was found for this ticker/date.,Relative strength versus the benchmark looked favorable. 1-month excess return 0.08%; 3-month excess return 12.80%; 6-month excess return 14.84%.,"Model view: the forward return estimate was mildly negative at about -24.06%. Confidence was not explicitly available for this prediction. Technical state is mixed, with price not fully aligned across the major moving averages. MACD remains on the bullish side. Volatility is elevated at roughly 31.2%. No recent matched news was found for this ticker/date. Relative strength versus the benchmark looked favorable. 1-month excess return 0.08%; 3-month excess return 12.80%; 6-month excess return 14.84%."
2023-10-03,CARR,3.550070431484875,-21.96961716452376,,miss,linear_regression,target_5d_return,"Technical state is mixed, with price not fully aligned across the major moving averages. MACD remains on the bearish side. Volatility is elevated at roughly 30.6%.",No recent matched news was found for this ticker/date.,Relative strength versus the benchmark looked favorable. 1-month excess return -1.04%; 3-month excess return 13.55%; 6-month excess return 14.53%.,"Model view: the forward return estimate was mildly negative at about -21.97%. Confidence was not explicitly available for this prediction. Technical state is mixed, with price not fully aligned across the major moving averages. MACD remains on the bearish side. Volatility is elevated at roughly 30.6%. No recent matched news was found for this ticker/date. Relative strength versus the benchmark looked favorable. 1-month excess return -1.04%; 3-month excess return 13.55%; 6-month excess return 14.53%."
2023-10-04,CARR,2.618568557394818,-19.62193624072564,,miss,linear_regression,target_5d_return,"Technical state is mixed, with price not fully aligned across the major moving averages. MACD remains on the bullish side. Volatility is elevated at roughly 31.6%.",No recent matched news was found for this ticker/date.,Relative strength versus the benchmark looked favorable. 1-month excess return 2.28%; 3-month excess return 14.66%; 6-month excess return 23.38%.,"Model view: the forward return estimate was mildly negative at about -19.62%. Confidence was not explicitly available for this prediction. Technical state is mixed, with price not fully aligned across the major moving averages. MACD remains on the bullish side. Volatility is elevated at roughly 31.6%. No recent matched news was found for this ticker/date. Relative strength versus the benchmark looked favorable. 1-month excess return 2.28%; 3-month excess return 14.66%; 6-month excess return 23.38%."
2023-10-05,CARR,1.8127476193785963,-16.132795278912944,,miss,linear_regression,target_5d_return,"Technical state is mixed, with price not fully aligned across the major moving averages. MACD remains on the bearish side. Volatility is elevated at roughly 31.7%.",No recent matched news was found for this ticker/date.,Relative strength versus the benchmark looked favorable. 1-month excess return -0.21%; 3-month excess return 11.70%; 6-month excess return 22.99%.,"Model view: the forward return estimate was mildly negative at about -16.13%. Confidence was not explicitly available for this prediction. Technical state is mixed, with price not fully aligned across the major moving averages. MACD remains on the bearish side. Volatility is elevated at roughly 31.7%. No recent matched news was found for this ticker/date. Relative strength versus the benchmark looked favorable. 1-month excess return -0.21%; 3-month excess return 11.70%; 6-month excess return 22.99%."
2023-10-06,CARR,-3.168749898096701,-15.630457238358806,,hit,linear_regression,target_5d_return,"Technical state is mixed, with price not fully aligned across the major moving averages. MACD remains on the bearish side. Volatility is elevated at roughly 30.7%.",No recent matched news was found for this ticker/date.,Relative strength versus the benchmark looked favorable. 1-month excess return -1.70%; 3-month excess return 8.22%; 6-month excess return 24.91%.,"Model view: the forward return estimate was mildly negative at about -15.63%. Confidence was not explicitly available for this prediction. Technical state is mixed, with price not fully aligned across the major moving averages. MACD remains on the bearish side. Volatility is elevated at roughly 30.7%. No recent matched news was found for this ticker/date. Relative strength versus the benchmark looked favorable. 1-month excess return -1.70%; 3-month excess return 8.22%; 6-month excess return 24.91%."
2023-10-09,CARR,-3.3987621161876924,-18.261648350180955,,hit,linear_regression,target_5d_return,"Technical state is mixed, with price not fully aligned across the major moving averages. RSI is in a steady zone near 51.4. MACD remains on the bullish side. Volatility is elevated at roughly 31.2%.",No recent matched news was found for this ticker/date.,Relative strength versus the benchmark looked favorable. 1-month excess return -3.23%; 3-month excess return 6.12%; 6-month excess return 24.54%.,"Model view: the forward return estimate was mildly negative at about -18.26%. Confidence was not explicitly available for this prediction. Technical state is mixed, with price not fully aligned across the major moving averages. RSI is in a steady zone near 51.4. MACD remains on the bullish side. Volatility is elevated at roughly 31.2%. No recent matched news was found for this ticker/date. Relative strength versus the benchmark looked favorable. 1-month excess return -3.23%; 3-month excess return 6.12%; 6-month excess return 24.54%."
2023-10-10,CARR,-4.547089004558091,-21.026750735167205,,hit,linear_regression,target_5d_return,"Technical state is mixed, with price not fully aligned across the major moving averages. RSI is in a steady zone near 53.1. MACD remains on the bullish side.",No recent matched news was found for this ticker/date.,Relative strength versus the benchmark looked favorable. 1-month excess return -2.86%; 3-month excess return 6.90%; 6-month excess return 21.28%.,"Model view: the forward return estimate was mildly negative at about -21.03%. Confidence was not explicitly available for this prediction. Technical state is mixed, with price not fully aligned across the major moving averages. RSI is in a steady zone near 53.1. MACD remains on the bullish side. No recent matched news was found for this ticker/date. Relative strength versus the benchmark looked favorable. 1-month excess return -2.86%; 3-month excess return 6.90%; 6-month excess return 21.28%."
2023-10-11,CARR,-10.510348489334975,-22.31293327196574,,hit,linear_regression,target_5d_return,"Technical state is constructive, with price above the 50-day and 200-day averages. RSI is in a steady zone near 55.7. MACD remains on the bullish side.",No recent matched news was found for this ticker/date.,Relative strength versus the benchmark looked favorable. 1-month excess return 1.23%; 3-month excess return 8.44%; 6-month excess return 20.83%.,"Model view: the forward return estimate was mildly negative at about -22.31%. Confidence was not explicitly available for this prediction. Technical state is constructive, with price above the 50-day and 200-day averages. RSI is in a steady zone near 55.7. MACD remains on the bullish side. No recent matched news was found for this ticker/date. Relative strength versus the benchmark looked favorable. 1-month excess return 1.23%; 3-month excess return 8.44%; 6-month excess return 20.83%."
2023-10-12,CARR,-10.058736395524171,-21.031323847201215,,hit,linear_regression,target_5d_return,"Technical state is mixed, with price not fully aligned across the major moving averages. MACD remains on the bullish side.",No recent matched news was found for this ticker/date.,Relative strength versus the benchmark looked favorable. 1-month excess return 1.51%; 3-month excess return 4.64%; 6-month excess return 18.60%.,"Model view: the forward return estimate was mildly negative at about -21.03%. Confidence was not explicitly available for this prediction. Technical state is mixed, with price not fully aligned across the major moving averages. MACD remains on the bullish side. No recent matched news was found for this ticker/date. Relative strength versus the benchmark looked favorable. 1-month excess return 1.51%; 3-month excess return 4.64%; 6-month excess return 18.60%."
2023-10-13,CARR,-8.143079303968726,-18.541553749535176,,hit,linear_regression,target_5d_return,"Technical state is mixed, with price not fully aligned across the major moving averages. MACD remains on the bearish side. Volatility is elevated at roughly 31.3%.",No recent matched news was found for this ticker/date.,Relative strength versus the benchmark looked favorable. 1-month excess return 0.21%; 3-month excess return 0.63%; 6-month excess return 14.05%.,"Model view: the forward return estimate was mildly negative at about -18.54%. Confidence was not explicitly available for this prediction. Technical state is mixed, with price not fully aligned across the major moving averages. MACD remains on the bearish side. Volatility is elevated at roughly 31.3%. No recent matched news was found for this ticker/date. Relative strength versus the benchmark looked favorable. 1-month excess return 0.21%; 3-month excess return 0.63%; 6-month excess return 14.05%."
2023-10-16,CARR,-8.748826702506873,0.6670159514145978,,miss,linear_regression,target_5d_return,"Technical state is mixed, with price not fully aligned across the major moving averages. MACD remains on the bearish side. Volatility is elevated at roughly 31.7%.",No recent matched news was found for this ticker/date.,Relative strength versus the benchmark looked favorable. 1-month excess return -0.41%; 3-month excess return 0.24%; 6-month excess return 13.38%.,"Model view: the forward return estimate was mildly positive at about 0.67%. Confidence was not explicitly available for this prediction. Technical state is mixed, with price not fully aligned across the major moving averages. MACD remains on the bearish side. Volatility is elevated at roughly 31.7%. No recent matched news was found for this ticker/date. Relative strength versus the benchmark looked favorable. 1-month excess return -0.41%; 3-month excess return 0.24%; 6-month excess return 13.38%."
2023-10-17,CARR,-8.979205790147816,0.9026920614492439,,miss,linear_regression,target_5d_return,"Technical state is mixed, with price not fully aligned across the major moving averages. MACD remains on the bearish side. Volatility is elevated at roughly 31.5%.",No recent matched news was found for this ticker/date.,Relative strength versus the benchmark looked favorable. 1-month excess return -0.64%; 3-month excess return 0.01%; 6-month excess return 12.79%.,"Model view: the forward return estimate was mildly positive at about 0.90%. Confidence was not explicitly available for this prediction. Technical state is mixed, with price not fully aligned across the major moving averages. MACD remains on the bearish side. Volatility is elevated at roughly 31.5%. No recent matched news was found for this ticker/date. Relative strength versus the benchmark looked favorable. 1-month excess return -0.64%; 3-month excess return 0.01%; 6-month excess return 12.79%."
2023-10-18,CARR,-6.20139684092873,1.8241135092088652,,miss,linear_regression,target_5d_return,"Technical state is mixed, with price not fully aligned across the major moving averages. RSI is weak near 34.7. MACD remains on the bearish side. Volatility is elevated at roughly 36.4%.",No recent matched news was found for this ticker/date.,Relative strength versus the benchmark looked mixed. 1-month excess return -3.65%; 3-month excess return -3.38%; 6-month excess return 7.63%.,"Model view: the forward return estimate was mildly positive at about 1.82%. Confidence was not explicitly available for this prediction. Technical state is mixed, with price not fully aligned across the major moving averages. RSI is weak near 34.7. MACD remains on the bearish side. Volatility is elevated at roughly 36.4%. No recent matched news was found for this ticker/date. Relative strength versus the benchmark looked mixed. 1-month excess return -3.65%; 3-month excess return -3.38%; 6-month excess return 7.63%."
2023-10-19,CARR,-5.306119334941006,2.5781523588005024,,miss,linear_regression,target_5d_return,"Technical state is mixed, with price not fully aligned across the major moving averages. RSI is weak near 31.9. MACD remains on the bearish side. Volatility is elevated at roughly 36.4%.",No recent matched news was found for this ticker/date.,Relative strength versus the benchmark looked mixed. 1-month excess return -5.84%; 3-month excess return -3.13%; 6-month excess return 4.41%.,"Model view: the forward return estimate was mildly positive at about 2.58%. Confidence was not explicitly available for this prediction. Technical state is mixed, with price not fully aligned across the major moving averages. RSI is weak near 31.9. MACD remains on the bearish side. Volatility is elevated at roughly 36.4%. No recent matched news was found for this ticker/date. Relative strength versus the benchmark looked mixed. 1-month excess return -5.84%; 3-month excess return -3.13%; 6-month excess return 4.41%."
2023-10-20,CARR,-3.686824408247835,2.697376184736833,,miss,linear_regression,target_5d_return,"Technical state is soft, with price below the 50-day and 200-day averages. RSI is weak near 30.2. MACD remains on the bearish side. Volatility is elevated at roughly 36.4%.",No recent matched news was found for this ticker/date.,Relative strength versus the benchmark looked mixed. 1-month excess return -5.40%; 3-month excess return -3.01%; 6-month excess return 4.55%.,"Model view: the forward return estimate was mildly positive at about 2.70%. Confidence was not explicitly available for this prediction. Technical state is soft, with price below the 50-day and 200-day averages. RSI is weak near 30.2. MACD remains on the bearish side. Volatility is elevated at roughly 36.4%. No recent matched news was found for this ticker/date. Relative strength versus the benchmark looked mixed. 1-month excess return -5.40%; 3-month excess return -3.01%; 6-month excess return 4.55%."
2023-10-23,CARR,-2.3298991095159427,3.453885316685125,,miss,linear_regression,target_5d_return,"Technical state is mixed, with price not fully aligned across the major moving averages. RSI is weak near 31.4. MACD remains on the bearish side. Volatility is elevated at roughly 36.0%.",No recent matched news was found for this ticker/date.,Relative strength versus the benchmark looked mixed. 1-month excess return -5.58%; 3-month excess return -2.33%; 6-month excess return 13.76%.,"Model view: the forward return estimate was mildly positive at about 3.45%. Confidence was not explicitly available for this prediction. Technical state is mixed, with price not fully aligned across the major moving averages. RSI is weak near 31.4. MACD remains on the bearish side. Volatility is elevated at roughly 36.0%. No recent matched news was found for this ticker/date. Relative strength versus the benchmark looked mixed. 1-month excess return -5.58%; 3-month excess return -2.33%; 6-month excess return 13.76%."
2023-10-24,CARR,-1.0176566208485727,2.8966550682017607,,miss,linear_regression,target_5d_return,"Technical state is soft, with price below the 50-day and 200-day averages. RSI is weak near 30.5. MACD remains on the bearish side. Volatility is elevated at roughly 35.7%.",No recent matched news was found for this ticker/date.,Relative strength versus the benchmark looked mixed. 1-month excess return -7.77%; 3-month excess return -4.50%; 6-month excess return 9.46%.,"Model view: the forward return estimate was mildly positive at about 2.90%. Confidence was not explicitly available for this prediction. Technical state is soft, with price below the 50-day and 200-day averages. RSI is weak near 30.5. MACD remains on the bearish side. Volatility is elevated at roughly 35.7%. No recent matched news was found for this ticker/date. Relative strength versus the benchmark looked mixed. 1-month excess return -7.77%; 3-month excess return -4.50%; 6-month excess return 9.46%."
2023-10-25,CARR,5.569725512101198,4.807512296843265,,hit,linear_regression,target_5d_return,"Technical state is soft, with price below the 50-day and 200-day averages. RSI is weak near 27.9. MACD remains on the bearish side. Volatility is elevated at roughly 31.2%.",No recent matched news was found for this ticker/date.,Relative strength versus the benchmark looked mixed. 1-month excess return -8.47%; 3-month excess return -9.39%; 6-month excess return 12.42%.,"Model view: the forward return estimate was mildly positive at about 4.81%. Confidence was not explicitly available for this prediction. Technical state is soft, with price below the 50-day and 200-day averages. RSI is weak near 27.9. MACD remains on the bearish side. Volatility is elevated at roughly 31.2%. No recent matched news was found for this ticker/date. Relative strength versus the benchmark looked mixed. 1-month excess return -8.47%; 3-month excess return -9.39%; 6-month excess return 12.42%."
2023-10-26,CARR,7.693964606516457,7.667863432199277,,hit,linear_regression,target_5d_return,"Technical state is soft, with price below the 50-day and 200-day averages. RSI is weak near 26.4. MACD remains on the bearish side. Volatility is elevated at roughly 30.0%.",No recent matched news was found for this ticker/date.,Relative strength versus the benchmark looked mixed. 1-month excess return -12.23%; 3-month excess return -11.61%; 6-month excess return 11.86%.,"Model view: the forward return estimate was mildly positive at about 7.67%. Confidence was not explicitly available for this prediction. Technical state is soft, with price below the 50-day and 200-day averages. RSI is weak near 26.4. MACD remains on the bearish side. Volatility is elevated at roughly 30.0%. No recent matched news was found for this ticker/date. Relative strength versus the benchmark looked mixed. 1-month excess return -12.23%; 3-month excess return -11.61%; 6-month excess return 11.86%."
2023-10-27,CARR,8.66666404149865,5.852067253252778,,hit,linear_regression,target_5d_return,"Technical state is soft, with price below the 50-day and 200-day averages. RSI is weak near 27.1. MACD remains on the bearish side. Volatility is elevated at roughly 30.2%.",No recent matched news was found for this ticker/date.,Relative strength versus the benchmark looked mixed. 1-month excess return -12.73%; 3-month excess return -11.61%; 6-month excess return 12.43%.,"Model view: the forward return estimate was mildly positive at about 5.85%. Confidence was not explicitly available for this prediction. Technical state is soft, with price below the 50-day and 200-day averages. RSI is weak near 27.1. MACD remains on the bearish side. Volatility is elevated at roughly 30.2%. No recent matched news was found for this ticker/date. Relative strength versus the benchmark looked mixed. 1-month excess return -12.73%; 3-month excess return -11.61%; 6-month excess return 12.43%."
2023-10-30,CARR,6.122021514184395,5.502506280033537,,hit,linear_regression,target_5d_return,"Technical state is soft, with price below the 50-day and 200-day averages. RSI is weak near 32.5. MACD remains on the bearish side. Volatility is elevated at roughly 31.7%.",No recent matched news was found for this ticker/date.,Relative strength versus the benchmark looked mixed. 1-month excess return -11.42%; 3-month excess return -11.84%; 6-month excess return 15.04%.,"Model view: the forward return estimate was mildly positive at about 5.50%. Confidence was not explicitly available for this prediction. Technical state is soft, with price below the 50-day and 200-day averages. RSI is weak near 32.5. MACD remains on the bearish side. Volatility is elevated at roughly 31.7%. No recent matched news was found for this ticker/date. Relative strength versus the benchmark looked mixed. 1-month excess return -11.42%; 3-month excess return -11.84%; 6-month excess return 15.04%."
2023-10-31,CARR,5.8539675292903715,5.1770334004357546,,hit,linear_regression,target_5d_return,"Technical state is soft, with price below the 50-day and 200-day averages. RSI is weak near 34.2. MACD remains on the bearish side. Volatility is elevated at roughly 31.7%.",No recent matched news was found for this ticker/date.,Relative strength versus the benchmark looked mixed. 1-month excess return -10.48%; 3-month excess return -12.08%; 6-month excess return 12.20%.,"Model view: the forward return estimate was mildly positive at about 5.18%. Confidence was not explicitly available for this prediction. Technical state is soft, with price below the 50-day and 200-day averages. RSI is weak near 34.2. MACD remains on the bearish side. Volatility is elevated at roughly 31.7%. No recent matched news was found for this ticker/date. Relative strength versus the benchmark looked mixed. 1-month excess return -10.48%; 3-month excess return -12.08%; 6-month excess return 12.20%."
2023-11-01,CARR,2.5976659675615466,4.379472582797967,,hit,linear_regression,target_5d_return,"Technical state is mixed, with price not fully aligned across the major moving averages. MACD remains on the bearish side. Volatility is elevated at roughly 34.8%.",No recent matched news was found for this ticker/date.,Relative strength versus the benchmark looked mixed. 1-month excess return -7.47%; 3-month excess return -8.71%; 6-month excess return 17.25%.,"Model view: the forward return estimate was mildly positive at about 4.38%. Confidence was not explicitly available for this prediction. Technical state is mixed, with price not fully aligned across the major moving averages. MACD remains on the bearish side. Volatility is elevated at roughly 34.8%. No recent matched news was found for this ticker/date. Relative strength versus the benchmark looked mixed. 1-month excess return -7.47%; 3-month excess return -8.71%; 6-month excess return 17.25%."
2023-11-02,CARR,0.9205504767569872,2.516165542773501,,hit,linear_regression,target_5d_return,"Technical state is mixed, with price not fully aligned across the major moving averages. MACD remains on the bullish side. Volatility is elevated at roughly 34.5%.",No recent matched news was found for this ticker/date.,Relative strength versus the benchmark looked mixed. 1-month excess return -9.92%; 3-month excess return -8.90%; 6-month excess return 15.23%.,"Model view: the forward return estimate was mildly positive at about 2.52%. Confidence was not explicitly available for this prediction. Technical state is mixed, with price not fully aligned across the major moving averages. MACD remains on the bullish side. Volatility is elevated at roughly 34.5%. No recent matched news was found for this ticker/date. Relative strength versus the benchmark looked mixed. 1-month excess return -9.92%; 3-month excess return -8.90%; 6-month excess return 15.23%."
2023-11-03,CARR,1.919654154237893,3.6109810509064397,,hit,linear_regression,target_5d_return,"Technical state is mixed, with price not fully aligned across the major moving averages. MACD remains on the bullish side. Volatility is elevated at roughly 34.3%.",No recent matched news was found for this ticker/date.,Relative strength versus the benchmark looked mixed. 1-month excess return -8.01%; 3-month excess return -9.49%; 6-month excess return 13.83%.,"Model view: the forward return estimate was mildly positive at about 3.61%. Confidence was not explicitly available for this prediction. Technical state is mixed, with price not fully aligned across the major moving averages. MACD remains on the bullish side. Volatility is elevated at roughly 34.3%. No recent matched news was found for this ticker/date. Relative strength versus the benchmark looked mixed. 1-month excess return -8.01%; 3-month excess return -9.49%; 6-month excess return 13.83%."
2023-11-06,CARR,1.332799209954727,2.43908631098551,,hit,linear_regression,target_5d_return,"Technical state is mixed, with price not fully aligned across the major moving averages. MACD remains on the bullish side. Volatility is elevated at roughly 33.7%.",No recent matched news was found for this ticker/date.,Relative strength versus the benchmark looked mixed. 1-month excess return -8.82%; 3-month excess return -9.48%; 6-month excess return 12.46%.,"Model view: the forward return estimate was mildly positive at about 2.44%. Confidence was not explicitly available for this prediction. Technical state is mixed, with price not fully aligned across the major moving averages. MACD remains on the bullish side. Volatility is elevated at roughly 33.7%. No recent matched news was found for this ticker/date. Relative strength versus the benchmark looked mixed. 1-month excess return -8.82%; 3-month excess return -9.48%; 6-month excess return 12.46%."
2023-11-07,CARR,4.677900048884087,1.829041096176945,,hit,linear_regression,target_5d_return,"Technical state is mixed, with price not fully aligned across the major moving averages. MACD remains on the bullish side. Volatility is elevated at roughly 33.5%.",No recent matched news was found for this ticker/date.,Relative strength versus the benchmark looked mixed. 1-month excess return -9.35%; 3-month excess return -8.16%; 6-month excess return 11.62%.,"Model view: the forward return estimate was mildly positive at about 1.83%. Confidence was not explicitly available for this prediction. Technical state is mixed, with price not fully aligned across the major moving averages. MACD remains on the bullish side. Volatility is elevated at roughly 33.5%. No recent matched news was found for this ticker/date. Relative strength versus the benchmark looked mixed. 1-month excess return -9.35%; 3-month excess return -8.16%; 6-month excess return 11.62%."
2023-11-08,CARR,2.7477874194655305,1.820146126927477,,hit,linear_regression,target_5d_return,"Technical state is mixed, with price not fully aligned across the major moving averages. RSI is in a steady zone near 51.2. MACD remains on the bullish side. Volatility is elevated at roughly 33.5%.",No recent matched news was found for this ticker/date.,Relative strength versus the benchmark looked mixed. 1-month excess return -8.67%; 3-month excess return -6.05%; 6-month excess return 12.34%.,"Model view: the forward return estimate was mildly positive at about 1.82%. Confidence was not explicitly available for this prediction. Technical state is mixed, with price not fully aligned across the major moving averages. RSI is in a steady zone near 51.2. MACD remains on the bullish side. Volatility is elevated at roughly 33.5%. No recent matched news was found for this ticker/date. Relative strength versus the benchmark looked mixed. 1-month excess return -8.67%; 3-month excess return -6.05%; 6-month excess return 12.34%."
2023-11-09,CARR,4.461629955154045,2.1563256304439102,,hit,linear_regression,target_5d_return,"Technical state is mixed, with price not fully aligned across the major moving averages. MACD remains on the bullish side. Volatility is elevated at roughly 32.4%.",No recent matched news was found for this ticker/date.,Relative strength versus the benchmark looked mixed. 1-month excess return -9.44%; 3-month excess return -6.57%; 6-month excess return 12.47%.,"Model view: the forward return estimate was mildly positive at about 2.16%. Confidence was not explicitly available for this prediction. Technical state is mixed, with price not fully aligned across the major moving averages. MACD remains on the bullish side. Volatility is elevated at roughly 32.4%. No recent matched news was found for this ticker/date. Relative strength versus the benchmark looked mixed. 1-month excess return -9.44%; 3-month excess return -6.57%; 6-month excess return 12.47%."
2023-11-10,CARR,3.3398081955400505,2.2383388391122248,,hit,linear_regression,target_5d_return,"Technical state is mixed, with price not fully aligned across the major moving averages. RSI is in a steady zone near 53.9. MACD remains on the bullish side. Volatility is elevated at roughly 31.3%.",No recent matched news was found for this ticker/date.,Relative strength versus the benchmark looked mixed. 1-month excess return -7.06%; 3-month excess return -6.40%; 6-month excess return 14.40%.,"Model view: the forward return estimate was mildly positive at about 2.24%. Confidence was not explicitly available for this prediction. Technical state is mixed, with price not fully aligned across the major moving averages. RSI is in a steady zone near 53.9. MACD remains on the bullish side. Volatility is elevated at roughly 31.3%. No recent matched news was found for this ticker/date. Relative strength versus the benchmark looked mixed. 1-month excess return -7.06%; 3-month excess return -6.40%; 6-month excess return 14.40%."
2023-11-13,CARR,5.202201800785788,2.0637441323567254,,hit,linear_regression,target_5d_return,"Technical state is mixed, with price not fully aligned across the major moving averages. RSI is in a steady zone near 50.9. MACD remains on the bullish side. Volatility is elevated at roughly 31.1%.",No recent matched news was found for this ticker/date.,Relative strength versus the benchmark looked mixed. 1-month excess return -5.11%; 3-month excess return -7.44%; 6-month excess return 12.41%.,"Model view: the forward return estimate was mildly positive at about 2.06%. Confidence was not explicitly available for this prediction. Technical state is mixed, with price not fully aligned across the major moving averages. RSI is in a steady zone near 50.9. MACD remains on the bullish side. Volatility is elevated at roughly 31.1%. No recent matched news was found for this ticker/date. Relative strength versus the benchmark looked mixed. 1-month excess return -5.11%; 3-month excess return -7.44%; 6-month excess return 12.41%."
2023-11-14,CARR,-0.15148992420808138,1.8211586015053822,,miss,linear_regression,target_5d_return,"Technical state is constructive, with price above the 50-day and 200-day averages. RSI is in a steady zone near 59.1. MACD remains on the bullish side. Volatility is elevated at roughly 34.0%.",No recent matched news was found for this ticker/date.,Relative strength versus the benchmark looked mixed. 1-month excess return -3.55%; 3-month excess return -5.08%; 6-month excess return 15.93%.,"Model view: the forward return estimate was mildly positive at about 1.82%. Confidence was not explicitly available for this prediction. Technical state is constructive, with price above the 50-day and 200-day averages. RSI is in a steady zone near 59.1. MACD remains on the bullish side. Volatility is elevated at roughly 34.0%. No recent matched news was found for this ticker/date. Relative strength versus the benchmark looked mixed. 1-month excess return -3.55%; 3-month excess return -5.08%; 6-month excess return 15.93%."
2023-11-15,CARR,0.7640908071404162,2.391648771347257,,hit,linear_regression,target_5d_return,"Technical state is mixed, with price not fully aligned across the major moving averages. RSI is in a steady zone near 56.6. MACD remains on the bullish side.",No recent matched news was found for this ticker/date.,Relative strength versus the benchmark looked mixed. 1-month excess return -4.17%; 3-month excess return -4.41%; 6-month excess return 13.73%.,"Model view: the forward return estimate was mildly positive at about 2.39%. Confidence was not explicitly available for this prediction. Technical state is mixed, with price not fully aligned across the major moving averages. RSI is in a steady zone near 56.6. MACD remains on the bullish side. No recent matched news was found for this ticker/date. Relative strength versus the benchmark looked mixed. 1-month excess return -4.17%; 3-month excess return -4.41%; 6-month excess return 13.73%."
2023-11-16,CARR,0.5694746304530041,2.9278457905782034,,hit,linear_regression,target_5d_return,"Technical state is constructive, with price above the 50-day and 200-day averages. RSI is in a steady zone near 58.0. MACD remains on the bullish side.",No recent matched news was found for this ticker/date.,Relative strength versus the benchmark looked favorable. 1-month excess return 0.37%; 3-month excess return -4.47%; 6-month excess return 14.34%.,"Model view: the forward return estimate was mildly positive at about 2.93%. Confidence was not explicitly available for this prediction. Technical state is constructive, with price above the 50-day and 200-day averages. RSI is in a steady zone near 58.0. MACD remains on the bullish side. No recent matched news was found for this ticker/date. Relative strength versus the benchmark looked favorable. 1-month excess return 0.37%; 3-month excess return -4.47%; 6-month excess return 14.34%."
2023-11-17,CARR,-2.0293156826057257,3.735423395485224,,miss,linear_regression,target_5d_return,"Technical state is constructive, with price above the 50-day and 200-day averages. RSI is in a steady zone near 60.2. MACD remains on the bullish side.",No recent matched news was found for this ticker/date.,Relative strength versus the benchmark looked favorable. 1-month excess return 2.89%; 3-month excess return -3.27%; 6-month excess return 16.64%.,"Model view: the forward return estimate was mildly positive at about 3.74%. Confidence was not explicitly available for this prediction. Technical state is constructive, with price above the 50-day and 200-day averages. RSI is in a steady zone near 60.2. MACD remains on the bullish side. No recent matched news was found for this ticker/date. Relative strength versus the benchmark looked favorable. 1-month excess return 2.89%; 3-month excess return -3.27%; 6-month excess return 16.64%."
2023-11-20,CARR,-3.657397049621036,3.7566530346910127,,miss,linear_regression,target_5d_return,"Technical state is constructive, with price above the 50-day and 200-day averages. RSI is in a steady zone near 61.7. MACD remains on the bullish side.",No recent matched news was found for this ticker/date.,Relative strength versus the benchmark looked favorable. 1-month excess return 3.13%; 3-month excess return -4.07%; 6-month excess return 17.82%.,"Model view: the forward return estimate was mildly positive at about 3.76%. Confidence was not explicitly available for this prediction. Technical state is constructive, with price above the 50-day and 200-day averages. RSI is in a steady zone near 61.7. MACD remains on the bullish side. No recent matched news was found for this ticker/date. Relative strength versus the benchmark looked favorable. 1-month excess return 3.13%; 3-month excess return -4.07%; 6-month excess return 17.82%."
2023-11-21,CARR,-0.9861567651772041,3.323031019785631,,miss,linear_regression,target_5d_return,"Technical state is constructive, with price above the 50-day and 200-day averages. RSI is in a steady zone near 56.4. MACD remains on the bullish side.",No recent matched news was found for this ticker/date.,Relative strength versus the benchmark looked favorable. 1-month excess return 0.95%; 3-month excess return -6.83%; 6-month excess return 17.60%.,"Model view: the forward return estimate was mildly positive at about 3.32%. Confidence was not explicitly available for this prediction. Technical state is constructive, with price above the 50-day and 200-day averages. RSI is in a steady zone near 56.4. MACD remains on the bullish side. No recent matched news was found for this ticker/date. Relative strength versus the benchmark looked favorable. 1-month excess return 0.95%; 3-month excess return -6.83%; 6-month excess return 17.60%."
2023-11-22,CARR,-1.4976320673504184,4.166916556494989,,miss,linear_regression,target_5d_return,"Technical state is constructive, with price above the 50-day and 200-day averages. RSI is in a steady zone near 56.5. MACD remains on the bullish side.",No recent matched news was found for this ticker/date.,Relative strength versus the benchmark looked favorable. 1-month excess return 2.12%; 3-month excess return -6.32%; 6-month excess return 17.00%.,"Model view: the forward return estimate was mildly positive at about 4.17%. Confidence was not explicitly available for this prediction. Technical state is constructive, with price above the 50-day and 200-day averages. RSI is in a steady zone near 56.5. MACD remains on the bullish side. No recent matched news was found for this ticker/date. Relative strength versus the benchmark looked favorable. 1-month excess return 2.12%; 3-month excess return -6.32%; 6-month excess return 17.00%."
2023-11-24,CARR,0.453004304530924,5.132085464220083,,hit,linear_regression,target_5d_return,"Technical state is constructive, with price above the 50-day and 200-day averages. RSI is in a steady zone near 57.6. MACD remains on the bullish side.",No recent matched news was found for this ticker/date.,Relative strength versus the benchmark looked favorable. 1-month excess return 3.59%; 3-month excess return -7.21%; 6-month excess return 18.76%.,"Model view: the forward return estimate was mildly positive at about 5.13%. Confidence was not explicitly available for this prediction. Technical state is constructive, with price above the 50-day and 200-day averages. RSI is in a steady zone near 57.6. MACD remains on the bullish side. No recent matched news was found for this ticker/date. Relative strength versus the benchmark looked favorable. 1-month excess return 3.59%; 3-month excess return -7.21%; 6-month excess return 18.76%."
2023-11-27,CARR,2.5316450139550417,5.542476877077455,,hit,linear_regression,target_5d_return,"Technical state is constructive, with price above the 50-day and 200-day averages. RSI is in a steady zone near 52.3. MACD remains on the bullish side.",No recent matched news was found for this ticker/date.,Relative strength versus the benchmark looked favorable. 1-month excess return 2.18%; 3-month excess return -8.82%; 6-month excess return 19.28%.,"Model view: the forward return estimate was mildly positive at about 5.54%. Confidence was not explicitly available for this prediction. Technical state is constructive, with price above the 50-day and 200-day averages. RSI is in a steady zone near 52.3. MACD remains on the bullish side. No recent matched news was found for this ticker/date. Relative strength versus the benchmark looked favorable. 1-month excess return 2.18%; 3-month excess return -8.82%; 6-month excess return 19.28%."
2023-11-28,CARR,1.8206442131752931,5.2400166425119465,,hit,linear_regression,target_5d_return,"Technical state is mixed, with price not fully aligned across the major moving averages. MACD remains on the bullish side.",No recent matched news was found for this ticker/date.,Relative strength versus the benchmark looked favorable. 1-month excess return 0.24%; 3-month excess return -10.35%; 6-month excess return 15.36%.,"Model view: the forward return estimate was mildly positive at about 5.24%. Confidence was not explicitly available for this prediction. Technical state is mixed, with price not fully aligned across the major moving averages. MACD remains on the bullish side. No recent matched news was found for this ticker/date. Relative strength versus the benchmark looked favorable. 1-month excess return 0.24%; 3-month excess return -10.35%; 6-month excess return 15.36%."
2023-11-29,CARR,1.5322720764009201,6.078370366314218,,hit,linear_regression,target_5d_return,"Technical state is constructive, with price above the 50-day and 200-day averages. RSI is in a steady zone near 52.6. MACD remains on the bullish side.",No recent matched news was found for this ticker/date.,Relative strength versus the benchmark looked favorable. 1-month excess return 0.81%; 3-month excess return -9.52%; 6-month excess return 18.82%.,"Model view: the forward return estimate was mildly positive at about 6.08%. Confidence was not explicitly available for this prediction. Technical state is constructive, with price above the 50-day and 200-day averages. RSI is in a steady zone near 52.6. MACD remains on the bullish side. No recent matched news was found for this ticker/date. Relative strength versus the benchmark looked favorable. 1-month excess return 0.81%; 3-month excess return -9.52%; 6-month excess return 18.82%."
2023-11-30,CARR,1.7898389560474293,6.562521852420766,,hit,linear_regression,target_5d_return,"Technical state is constructive, with price above the 50-day and 200-day averages. RSI is in a steady zone near 51.1. MACD remains on the bullish side.",No recent matched news was found for this ticker/date.,Relative strength versus the benchmark looked mixed. 1-month excess return -0.15%; 3-month excess return -10.90%; 6-month excess return 16.99%.,"Model view: the forward return estimate was mildly positive at about 6.56%. Confidence was not explicitly available for this prediction. Technical state is constructive, with price above the 50-day and 200-day averages. RSI is in a steady zone near 51.1. MACD remains on the bullish side. No recent matched news was found for this ticker/date. Relative strength versus the benchmark looked mixed. 1-month excess return -0.15%; 3-month excess return -10.90%; 6-month excess return 16.99%."
2023-12-01,CARR,3.8519338407363213,5.3558868710645635,,hit,linear_regression,target_5d_return,"Technical state is constructive, with price above the 50-day and 200-day averages. RSI is in a steady zone near 57.8. MACD remains on the bullish side.",No recent matched news was found for this ticker/date.,Relative strength versus the benchmark looked mixed. 1-month excess return -1.45%; 3-month excess return -9.87%; 6-month excess return 15.24%.,"Model view: the forward return estimate was mildly positive at about 5.36%. Confidence was not explicitly available for this prediction. Technical state is constructive, with price above the 50-day and 200-day averages. RSI is in a steady zone near 57.8. MACD remains on the bullish side. No recent matched news was found for this ticker/date. Relative strength versus the benchmark looked mixed. 1-month excess return -1.45%; 3-month excess return -9.87%; 6-month excess return 15.24%."
2023-12-04,CARR,4.657691210454984,4.765751477439387,,hit,linear_regression,target_5d_return,"Technical state is constructive, with price above the 50-day and 200-day averages. RSI is in a steady zone near 58.9. MACD remains on the bullish side.",No recent matched news was found for this ticker/date.,Relative strength versus the benchmark looked favorable. 1-month excess return 0.93%; 3-month excess return -6.90%; 6-month excess return 16.81%.,"Model view: the forward return estimate was mildly positive at about 4.77%. Confidence was not explicitly available for this prediction. Technical state is constructive, with price above the 50-day and 200-day averages. RSI is in a steady zone near 58.9. MACD remains on the bullish side. No recent matched news was found for this ticker/date. Relative strength versus the benchmark looked favorable. 1-month excess return 0.93%; 3-month excess return -6.90%; 6-month excess return 16.81%."
2023-12-05,CARR,7.152372375989691,4.512808297939082,,hit,linear_regression,target_5d_return,"Technical state is constructive, with price above the 50-day and 200-day averages. RSI is in a steady zone near 53.1. MACD remains on the bullish side.",No recent matched news was found for this ticker/date.,Relative strength versus the benchmark looked mixed. 1-month excess return -1.01%; 3-month excess return -9.12%; 6-month excess return 13.20%.,"Model view: the forward return estimate was mildly positive at about 4.51%. Confidence was not explicitly available for this prediction. Technical state is constructive, with price above the 50-day and 200-day averages. RSI is in a steady zone near 53.1. MACD remains on the bullish side. No recent matched news was found for this ticker/date. Relative strength versus the benchmark looked mixed. 1-month excess return -1.01%; 3-month excess return -9.12%; 6-month excess return 13.20%."
2023-12-06,CARR,5.263159788469607,4.532463926309092,,hit,linear_regression,target_5d_return,"Technical state is constructive, with price above the 50-day and 200-day averages. RSI is in a steady zone near 55.5. MACD remains on the bullish side.",No recent matched news was found for this ticker/date.,Relative strength versus the benchmark looked favorable. 1-month excess return 1.04%; 3-month excess return -9.61%; 6-month excess return 9.66%.,"Model view: the forward return estimate was mildly positive at about 4.53%. Confidence was not explicitly available for this prediction. Technical state is constructive, with price above the 50-day and 200-day averages. RSI is in a steady zone near 55.5. MACD remains on the bullish side. No recent matched news was found for this ticker/date. Relative strength versus the benchmark looked favorable. 1-month excess return 1.04%; 3-month excess return -9.61%; 6-month excess return 9.66%."
2023-12-07,CARR,11.19304604265363,4.307103169545763,,hit,linear_regression,target_5d_return,"Technical state is constructive, with price above the 50-day and 200-day averages. RSI is in a steady zone near 54.7. MACD remains on the bullish side.",No recent matched news was found for this ticker/date.,Relative strength versus the benchmark looked mixed. 1-month excess return -0.09%; 3-month excess return -12.70%; 6-month excess return 9.20%.,"Model view: the forward return estimate was mildly positive at about 4.31%. Confidence was not explicitly available for this prediction. Technical state is constructive, with price above the 50-day and 200-day averages. RSI is in a steady zone near 54.7. MACD remains on the bullish side. No recent matched news was found for this ticker/date. Relative strength versus the benchmark looked mixed. 1-month excess return -0.09%; 3-month excess return -12.70%; 6-month excess return 9.20%."
2023-12-08,CARR,3.727160043838307,4.463075333869156,,hit,linear_regression,target_5d_return,"Technical state is constructive, with price above the 50-day and 200-day averages. MACD remains on the bullish side.",No recent matched news was found for this ticker/date.,Relative strength versus the benchmark looked favorable. 1-month excess return 3.19%; 3-month excess return -8.86%; 6-month excess return 14.95%.,"Model view: the forward return estimate was mildly positive at about 4.46%. Confidence was not explicitly available for this prediction. Technical state is constructive, with price above the 50-day and 200-day averages. MACD remains on the bullish side. No recent matched news was found for this ticker/date. Relative strength versus the benchmark looked favorable. 1-month excess return 3.19%; 3-month excess return -8.86%; 6-month excess return 14.95%."
2023-12-11,CARR,1.4477167963334203,2.239354934646137,,hit,linear_regression,target_5d_return,"Technical state is constructive, with price above the 50-day and 200-day averages. MACD remains on the bullish side.",No recent matched news was found for this ticker/date.,Relative strength versus the benchmark looked favorable. 1-month excess return 4.44%; 3-month excess return -4.70%; 6-month excess return 15.58%.,"Model view: the forward return estimate was mildly positive at about 2.24%. Confidence was not explicitly available for this prediction. Technical state is constructive, with price above the 50-day and 200-day averages. MACD remains on the bullish side. No recent matched news was found for this ticker/date. Relative strength versus the benchmark looked favorable. 1-month excess return 4.44%; 3-month excess return -4.70%; 6-month excess return 15.58%."
2023-12-12,CARR,1.1716666535740217,1.5545211530196426,,hit,linear_regression,target_5d_return,"Technical state is constructive, with price above the 50-day and 200-day averages. MACD remains on the bullish side.",No recent matched news was found for this ticker/date.,Relative strength versus the benchmark looked favorable. 1-month excess return 3.99%; 3-month excess return -2.00%; 6-month excess return 14.12%.,"Model view: the forward return estimate was mildly positive at about 1.55%. Confidence was not explicitly available for this prediction. Technical state is constructive, with price above the 50-day and 200-day averages. MACD remains on the bullish side. No recent matched news was found for this ticker/date. Relative strength versus the benchmark looked favorable. 1-month excess return 3.99%; 3-month excess return -2.00%; 6-month excess return 14.12%."
2023-12-13,CARR,0.3584243112437546,1.5797015513248738,,hit,linear_regression,target_5d_return,"Technical state is constructive, with price above the 50-day and 200-day averages. MACD remains on the bullish side.",No recent matched news was found for this ticker/date.,Relative strength versus the benchmark looked favorable. 1-month excess return 2.61%; 3-month excess return -2.59%; 6-month excess return 13.19%.,"Model view: the forward return estimate was mildly positive at about 1.58%. Confidence was not explicitly available for this prediction. Technical state is constructive, with price above the 50-day and 200-day averages. MACD remains on the bullish side. No recent matched news was found for this ticker/date. Relative strength versus the benchmark looked favorable. 1-month excess return 2.61%; 3-month excess return -2.59%; 6-month excess return 13.19%."
2023-12-14,CARR,-3.213744533602514,0.5134174053314653,,miss,linear_regression,target_5d_return,"Technical state is constructive, with price above the 50-day and 200-day averages. RSI is elevated near 74.0, so chasing strength may add risk. MACD remains on the bullish side.",No recent matched news was found for this ticker/date.,Relative strength versus the benchmark looked favorable. 1-month excess return 6.14%; 3-month excess return 1.87%; 6-month excess return 19.73%.,"Model view: the forward return estimate was mildly positive at about 0.51%. Confidence was not explicitly available for this prediction. Technical state is constructive, with price above the 50-day and 200-day averages. RSI is elevated near 74.0, so chasing strength may add risk. MACD remains on the bullish side. No recent matched news was found for this ticker/date. Relative strength versus the benchmark looked favorable. 1-month excess return 6.14%; 3-month excess return 1.87%; 6-month excess return 19.73%."
2023-12-15,CARR,-0.40119195811538777,-0.4027201568806974,,hit,linear_regression,target_5d_return,"Technical state is constructive, with price above the 50-day and 200-day averages. MACD remains on the bullish side. Volatility is elevated at roughly 31.2%.",No recent matched news was found for this ticker/date.,Relative strength versus the benchmark looked favorable. 1-month excess return 4.68%; 3-month excess return -0.44%; 6-month excess return 15.42%.,"Model view: the forward return estimate was mildly negative at about -0.40%. Confidence was not explicitly available for this prediction. Technical state is constructive, with price above the 50-day and 200-day averages. MACD remains on the bullish side. Volatility is elevated at roughly 31.2%. No recent matched news was found for this ticker/date. Relative strength versus the benchmark looked favorable. 1-month excess return 4.68%; 3-month excess return -0.44%; 6-month excess return 15.42%."
2023-12-18,CARR,1.19802735250929,-0.647356868825483,,miss,linear_regression,target_5d_return,"Technical state is constructive, with price above the 50-day and 200-day averages. RSI is in a steady zone near 62.2. MACD remains on the bullish side. Volatility is elevated at roughly 31.5%.",No recent matched news was found for this ticker/date.,Relative strength versus the benchmark looked favorable. 1-month excess return 2.47%; 3-month excess return -1.25%; 6-month excess return 11.25%.,"Model view: the forward return estimate was mildly negative at about -0.65%. Confidence was not explicitly available for this prediction. Technical state is constructive, with price above the 50-day and 200-day averages. RSI is in a steady zone near 62.2. MACD remains on the bullish side. Volatility is elevated at roughly 31.5%. No recent matched news was found for this ticker/date. Relative strength versus the benchmark looked favorable. 1-month excess return 2.47%; 3-month excess return -1.25%; 6-month excess return 11.25%."
2023-12-19,CARR,1.386202978703488,-1.1525070709176077,,miss,linear_regression,target_5d_return,"Technical state is constructive, with price above the 50-day and 200-day averages. RSI is in a steady zone near 62.9. MACD remains on the bullish side. Volatility is elevated at roughly 31.5%.",No recent matched news was found for this ticker/date.,Relative strength versus the benchmark looked favorable. 1-month excess return 1.32%; 3-month excess return -2.45%; 6-month excess return 8.96%.,"Model view: the forward return estimate was mildly negative at about -1.15%. Confidence was not explicitly available for this prediction. Technical state is constructive, with price above the 50-day and 200-day averages. RSI is in a steady zone near 62.9. MACD remains on the bullish side. Volatility is elevated at roughly 31.5%. No recent matched news was found for this ticker/date. Relative strength versus the benchmark looked favorable. 1-month excess return 1.32%; 3-month excess return -2.45%; 6-month excess return 8.96%."
2023-12-20,CARR,2.928570338657921,1.2881888510181412,,hit,linear_regression,target_5d_return,"Technical state is constructive, with price above the 50-day and 200-day averages. RSI is in a steady zone near 57.6. MACD remains on the bullish side. Volatility is elevated at roughly 31.6%.",No recent matched news was found for this ticker/date.,Relative strength versus the benchmark looked favorable. 1-month excess return 1.46%; 3-month excess return -1.54%; 6-month excess return 10.19%.,"Model view: the forward return estimate was mildly positive at about 1.29%. Confidence was not explicitly available for this prediction. Technical state is constructive, with price above the 50-day and 200-day averages. RSI is in a steady zone near 57.6. MACD remains on the bullish side. Volatility is elevated at roughly 31.6%. No recent matched news was found for this ticker/date. Relative strength versus the benchmark looked favorable. 1-month excess return 1.46%; 3-month excess return -1.54%; 6-month excess return 10.19%."
2023-12-21,CARR,0.9311359997254964,0.03586137081470031,,hit,linear_regression,target_5d_return,"Technical state is constructive, with price above the 50-day and 200-day averages. RSI is in a steady zone near 60.9. MACD remains on the bullish side. Volatility is elevated at roughly 32.0%.",No recent matched news was found for this ticker/date.,Relative strength versus the benchmark looked favorable. 1-month excess return 3.64%; 3-month excess return -1.74%; 6-month excess return 9.78%.,"Model view: the forward return estimate was mildly positive at about 0.04%. Confidence was not explicitly available for this prediction. Technical state is constructive, with price above the 50-day and 200-day averages. RSI is in a steady zone near 60.9. MACD remains on the bullish side. Volatility is elevated at roughly 32.0%. No recent matched news was found for this ticker/date. Relative strength versus the benchmark looked favorable. 1-month excess return 3.64%; 3-month excess return -1.74%; 6-month excess return 9.78%."
2023-12-22,CARR,-1.1383497873055703,0.25676444697534595,,miss,linear_regression,target_5d_return,"Technical state is constructive, with price above the 50-day and 200-day averages. RSI is in a steady zone near 61.5. MACD remains on the bullish side. Volatility is elevated at roughly 32.0%.",No recent matched news was found for this ticker/date.,Relative strength versus the benchmark looked favorable. 1-month excess return 4.14%; 3-month excess return -2.63%; 6-month excess return 8.04%.,"Model view: the forward return estimate was mildly positive at about 0.26%. Confidence was not explicitly available for this prediction. Technical state is constructive, with price above the 50-day and 200-day averages. RSI is in a steady zone near 61.5. MACD remains on the bullish side. Volatility is elevated at roughly 32.0%. No recent matched news was found for this ticker/date. Relative strength versus the benchmark looked favorable. 1-month excess return 4.14%; 3-month excess return -2.63%; 6-month excess return 8.04%."
2023-12-26,CARR,-4.422000629451627,-0.1356185562278186,,hit,linear_regression,target_5d_return,"Technical state is constructive, with price above the 50-day and 200-day averages. RSI is in a steady zone near 62.8. MACD remains on the bullish side. Volatility is elevated at roughly 31.1%.",No recent matched news was found for this ticker/date.,Relative strength versus the benchmark looked favorable. 1-month excess return 3.94%; 3-month excess return -2.34%; 6-month excess return 7.43%.,"Model view: the forward return estimate was mildly negative at about -0.14%. Confidence was not explicitly available for this prediction. Technical state is constructive, with price above the 50-day and 200-day averages. RSI is in a steady zone near 62.8. MACD remains on the bullish side. Volatility is elevated at roughly 31.1%. No recent matched news was found for this ticker/date. Relative strength versus the benchmark looked favorable. 1-month excess return 3.94%; 3-month excess return -2.34%; 6-month excess return 7.43%."
2023-12-27,CARR,-3.9806148938249186,0.23930235944037992,,miss,linear_regression,target_5d_return,"Technical state is constructive, with price above the 50-day and 200-day averages. RSI is in a steady zone near 64.0. MACD remains on the bullish side. Volatility is elevated at roughly 30.6%.",No recent matched news was found for this ticker/date.,Relative strength versus the benchmark looked favorable. 1-month excess return 5.97%; 3-month excess return -6.57%; 6-month excess return 8.37%.,"Model view: the forward return estimate was mildly positive at about 0.24%. Confidence was not explicitly available for this prediction. Technical state is constructive, with price above the 50-day and 200-day averages. RSI is in a steady zone near 64.0. MACD remains on the bullish side. Volatility is elevated at roughly 30.6%. No recent matched news was found for this ticker/date. Relative strength versus the benchmark looked favorable. 1-month excess return 5.97%; 3-month excess return -6.57%; 6-month excess return 8.37%."
2023-12-28,CARR,-3.331016983477142,0.7056993207276675,,miss,linear_regression,target_5d_return,"Technical state is constructive, with price above the 50-day and 200-day averages. RSI is in a steady zone near 63.1. MACD remains on the bullish side. Volatility is elevated at roughly 30.7%.",No recent matched news was found for this ticker/date.,Relative strength versus the benchmark looked favorable. 1-month excess return 6.88%; 3-month excess return -8.22%; 6-month excess return 7.66%.,"Model view: the forward return estimate was mildly positive at about 0.71%. Confidence was not explicitly available for this prediction. Technical state is constructive, with price above the 50-day and 200-day averages. RSI is in a steady zone near 63.1. MACD remains on the bullish side. Volatility is elevated at roughly 30.7%. No recent matched news was found for this ticker/date. Relative strength versus the benchmark looked favorable. 1-month excess return 6.88%; 3-month excess return -8.22%; 6-month excess return 7.66%."
2023-12-29,CARR,-1.7928678508540408,0.16310131061314326,,miss,linear_regression,target_5d_return,"Technical state is constructive, with price above the 50-day and 200-day averages. RSI is in a steady zone near 61.8. MACD remains on the bullish side. Volatility is elevated at roughly 30.6%.",No recent matched news was found for this ticker/date.,Relative strength versus the benchmark looked favorable. 1-month excess return 5.48%; 3-month excess return -7.15%; 6-month excess return 8.32%.,"Model view: the forward return estimate was mildly positive at about 0.16%. Confidence was not explicitly available for this prediction. Technical state is constructive, with price above the 50-day and 200-day averages. RSI is in a steady zone near 61.8. MACD remains on the bullish side. Volatility is elevated at roughly 30.6%. No recent matched news was found for this ticker/date. Relative strength versus the benchmark looked favorable. 1-month excess return 5.48%; 3-month excess return -7.15%; 6-month excess return 8.32%."
2024-01-02,CARR,0.6200150033494278,0.581406472670352,,hit,linear_regression,target_5d_return,"Technical state is constructive, with price above the 50-day and 200-day averages. RSI is in a steady zone near 55.3. MACD remains on the bearish side. Volatility is elevated at roughly 30.7%.",No recent matched news was found for this ticker/date.,Relative strength versus the benchmark looked favorable. 1-month excess return 5.16%; 3-month excess return -7.06%; 6-month excess return 6.45%.,"Model view: the forward return estimate was mildly positive at about 0.58%. Confidence was not explicitly available for this prediction. Technical state is constructive, with price above the 50-day and 200-day averages. RSI is in a steady zone near 55.3. MACD remains on the bearish side. Volatility is elevated at roughly 30.7%. No recent matched news was found for this ticker/date. Relative strength versus the benchmark looked favorable. 1-month excess return 5.16%; 3-month excess return -7.06%; 6-month excess return 6.45%."
2024-01-03,CARR,3.8979951369212174,0.3818555190711236,,hit,linear_regression,target_5d_return,"Technical state is constructive, with price above the 50-day and 200-day averages. MACD remains on the bearish side. Volatility is elevated at roughly 32.6%.",No recent matched news was found for this ticker/date.,Relative strength versus the benchmark looked favorable. 1-month excess return 1.04%; 3-month excess return -8.62%; 6-month excess return 5.69%.,"Model view: the forward return estimate was mildly positive at about 0.38%. Confidence was not explicitly available for this prediction. Technical state is constructive, with price above the 50-day and 200-day averages. MACD remains on the bearish side. Volatility is elevated at roughly 32.6%. No recent matched news was found for this ticker/date. Relative strength versus the benchmark looked favorable. 1-month excess return 1.04%; 3-month excess return -8.62%; 6-month excess return 5.69%."
2024-01-04,CARR,2.487384786412372,1.0399625531412369,,hit,linear_regression,target_5d_return,"Technical state is constructive, with price above the 50-day and 200-day averages. RSI is in a steady zone near 50.0. MACD remains on the bearish side. Volatility is elevated at roughly 32.0%.",No recent matched news was found for this ticker/date.,Relative strength versus the benchmark looked favorable. 1-month excess return 1.47%; 3-month excess return -8.45%; 6-month excess return 6.72%.,"Model view: the forward return estimate was mildly positive at about 1.04%. Confidence was not explicitly available for this prediction. Technical state is constructive, with price above the 50-day and 200-day averages. RSI is in a steady zone near 50.0. MACD remains on the bearish side. Volatility is elevated at roughly 32.0%. No recent matched news was found for this ticker/date. Relative strength versus the benchmark looked favorable. 1-month excess return 1.47%; 3-month excess return -8.45%; 6-month excess return 6.72%."
2024-01-05,CARR,0.7537655415363886,1.1285645323659068,,hit,linear_regression,target_5d_return,"Technical state is constructive, with price above the 50-day and 200-day averages. RSI is in a steady zone near 51.3. MACD remains on the bearish side. Volatility is elevated at roughly 31.9%.",No recent matched news was found for this ticker/date.,Relative strength versus the benchmark looked favorable. 1-month excess return 3.52%; 3-month excess return -6.15%; 6-month excess return 6.23%.,"Model view: the forward return estimate was mildly positive at about 1.13%. Confidence was not explicitly available for this prediction. Technical state is constructive, with price above the 50-day and 200-day averages. RSI is in a steady zone near 51.3. MACD remains on the bearish side. Volatility is elevated at roughly 31.9%. No recent matched news was found for this ticker/date. Relative strength versus the benchmark looked favorable. 1-month excess return 3.52%; 3-month excess return -6.15%; 6-month excess return 6.23%."
2024-01-08,CARR,-1.0102795344257176,-0.10124289627673033,,hit,linear_regression,target_5d_return,"Technical state is constructive, with price above the 50-day and 200-day averages. RSI is in a steady zone near 54.8. MACD remains on the bearish side. Volatility is elevated at roughly 32.1%.",No recent matched news was found for this ticker/date.,Relative strength versus the benchmark looked favorable. 1-month excess return 2.06%; 3-month excess return -6.59%; 6-month excess return 2.11%.,"Model view: the forward return estimate was mildly negative at about -0.10%. Confidence was not explicitly available for this prediction. Technical state is constructive, with price above the 50-day and 200-day averages. RSI is in a steady zone near 54.8. MACD remains on the bearish side. Volatility is elevated at roughly 32.1%. No recent matched news was found for this ticker/date. Relative strength versus the benchmark looked favorable. 1-month excess return 2.06%; 3-month excess return -6.59%; 6-month excess return 2.11%."
2024-01-09,CARR,-3.0633765618683806,1.342469339976958,,miss,linear_regression,target_5d_return,"Technical state is constructive, with price above the 50-day and 200-day averages. RSI is in a steady zone near 56.6. MACD remains on the bearish side.",No recent matched news was found for this ticker/date.,Relative strength versus the benchmark looked favorable. 1-month excess return 4.08%; 3-month excess return -6.30%; 6-month excess return 0.16%.,"Model view: the forward return estimate was mildly positive at about 1.34%. Confidence was not explicitly available for this prediction. Technical state is constructive, with price above the 50-day and 200-day averages. RSI is in a steady zone near 56.6. MACD remains on the bearish side. No recent matched news was found for this ticker/date. Relative strength versus the benchmark looked favorable. 1-month excess return 4.08%; 3-month excess return -6.30%; 6-month excess return 0.16%."
2024-01-10,CARR,-2.875174199378383,0.561132801866415,,miss,linear_regression,target_5d_return,"Technical state is constructive, with price above the 50-day and 200-day averages. RSI is in a steady zone near 57.7. MACD remains on the bearish side.",No recent matched news was found for this ticker/date.,Relative strength versus the benchmark looked mixed. 1-month excess return -0.35%; 3-month excess return -6.77%; 6-month excess return 0.50%.,"Model view: the forward return estimate was mildly positive at about 0.56%. Confidence was not explicitly available for this prediction. Technical state is constructive, with price above the 50-day and 200-day averages. RSI is in a steady zone near 57.7. MACD remains on the bearish side. No recent matched news was found for this ticker/date. Relative strength versus the benchmark looked mixed. 1-month excess return -0.35%; 3-month excess return -6.77%; 6-month excess return 0.50%."
2024-01-11,CARR,-1.7235306572577103,0.6571613681852366,,miss,linear_regression,target_5d_return,"Technical state is constructive, with price above the 50-day and 200-day averages. RSI is in a steady zone near 56.5. MACD remains on the bearish side.",No recent matched news was found for this ticker/date.,Relative strength versus the benchmark looked mixed. 1-month excess return -1.49%; 3-month excess return -7.73%; 6-month excess return 1.06%.,"Model view: the forward return estimate was mildly positive at about 0.66%. Confidence was not explicitly available for this prediction. Technical state is constructive, with price above the 50-day and 200-day averages. RSI is in a steady zone near 56.5. MACD remains on the bearish side. No recent matched news was found for this ticker/date. Relative strength versus the benchmark looked mixed. 1-month excess return -1.49%; 3-month excess return -7.73%; 6-month excess return 1.06%."
2024-01-12,CARR,0.3206275510023726,0.4091097867730462,,hit,linear_regression,target_5d_return,"Technical state is constructive, with price above the 50-day and 200-day averages. RSI is in a steady zone near 51.8. MACD remains on the bearish side.",No recent matched news was found for this ticker/date.,Relative strength versus the benchmark looked weak. 1-month excess return -2.99%; 3-month excess return -6.86%; 6-month excess return -1.84%.,"Model view: the forward return estimate was mildly positive at about 0.41%. Confidence was not explicitly available for this prediction. Technical state is constructive, with price above the 50-day and 200-day averages. RSI is in a steady zone near 51.8. MACD remains on the bearish side. No recent matched news was found for this ticker/date. Relative strength versus the benchmark looked weak. 1-month excess return -2.99%; 3-month excess return -6.86%; 6-month excess return -1.84%."
2024-01-16,CARR,0.10743307955294323,2.2153812373995003,,hit,linear_regression,target_5d_return,"Technical state is constructive, with price above the 50-day and 200-day averages. RSI is in a steady zone near 50.0. MACD remains on the bearish side.",No recent matched news was found for this ticker/date.,Relative strength versus the benchmark looked weak. 1-month excess return -0.84%; 3-month excess return -3.85%; 6-month excess return -3.02%.,"Model view: the forward return estimate was mildly positive at about 2.22%. Confidence was not explicitly available for this prediction. Technical state is constructive, with price above the 50-day and 200-day averages. RSI is in a steady zone near 50.0. MACD remains on the bearish side. No recent matched news was found for this ticker/date. Relative strength versus the benchmark looked weak. 1-month excess return -0.84%; 3-month excess return -3.85%; 6-month excess return -3.02%."
2024-01-17,CARR,-0.16345831882152995,1.7257315197118737,,miss,linear_regression,target_5d_return,"Technical state is constructive, with price above the 50-day and 200-day averages. MACD remains on the bearish side.",No recent matched news was found for this ticker/date.,Relative strength versus the benchmark looked weak. 1-month excess return -6.45%; 3-month excess return -4.77%; 6-month excess return -4.33%.,"Model view: the forward return estimate was mildly positive at about 1.73%. Confidence was not explicitly available for this prediction. Technical state is constructive, with price above the 50-day and 200-day averages. MACD remains on the bearish side. No recent matched news was found for this ticker/date. Relative strength versus the benchmark looked weak. 1-month excess return -6.45%; 3-month excess return -4.77%; 6-month excess return -4.33%."
2024-01-18,CARR,1.6425989573069177,1.6025629456444954,,hit,linear_regression,target_5d_return,"Technical state is constructive, with price above the 50-day and 200-day averages. MACD remains on the bearish side.",No recent matched news was found for this ticker/date.,Relative strength versus the benchmark looked weak. 1-month excess return -4.48%; 3-month excess return -4.60%; 6-month excess return -4.40%.,"Model view: the forward return estimate was mildly positive at about 1.60%. Confidence was not explicitly available for this prediction. Technical state is constructive, with price above the 50-day and 200-day averages. MACD remains on the bearish side. No recent matched news was found for this ticker/date. Relative strength versus the benchmark looked weak. 1-month excess return -4.48%; 3-month excess return -4.60%; 6-month excess return -4.40%."
2024-01-19,CARR,-0.6621380449349235,0.85686635218106,,miss,linear_regression,target_5d_return,"Technical state is constructive, with price above the 50-day and 200-day averages. RSI is in a steady zone near 50.7. MACD remains on the bearish side.",No recent matched news was found for this ticker/date.,Relative strength versus the benchmark looked weak. 1-month excess return -3.33%; 3-month excess return -0.74%; 6-month excess return -4.47%.,"Model view: the forward return estimate was mildly positive at about 0.86%. Confidence was not explicitly available for this prediction. Technical state is constructive, with price above the 50-day and 200-day averages. RSI is in a steady zone near 50.7. MACD remains on the bearish side. No recent matched news was found for this ticker/date. Relative strength versus the benchmark looked weak. 1-month excess return -3.33%; 3-month excess return -0.74%; 6-month excess return -4.47%."
2024-01-22,CARR,-0.017752701682138827,1.2864325296224177,,miss,linear_regression,target_5d_return,"Technical state is constructive, with price above the 50-day and 200-day averages. RSI is in a steady zone near 53.4. MACD remains on the bearish side.",No recent matched news was found for this ticker/date.,Relative strength versus the benchmark looked mixed. 1-month excess return -2.57%; 3-month excess return 1.56%; 6-month excess return -2.13%.,"Model view: the forward return estimate was mildly positive at about 1.29%. Confidence was not explicitly available for this prediction. Technical state is constructive, with price above the 50-day and 200-day averages. RSI is in a steady zone near 53.4. MACD remains on the bearish side. No recent matched news was found for this ticker/date. Relative strength versus the benchmark looked mixed. 1-month excess return -2.57%; 3-month excess return 1.56%; 6-month excess return -2.13%."
2024-01-23,CARR,0.7512108474134083,0.22719252088389758,,hit,linear_regression,target_5d_return,"Technical state is constructive, with price above the 50-day and 200-day averages. RSI is in a steady zone near 50.6. MACD remains on the bearish side.",No recent matched news was found for this ticker/date.,Relative strength versus the benchmark looked mixed. 1-month excess return -3.77%; 3-month excess return 0.65%; 6-month excess return -2.88%.,"Model view: the forward return estimate was mildly positive at about 0.23%. Confidence was not explicitly available for this prediction. Technical state is constructive, with price above the 50-day and 200-day averages. RSI is in a steady zone near 50.6. MACD remains on the bearish side. No recent matched news was found for this ticker/date. Relative strength versus the benchmark looked mixed. 1-month excess return -3.77%; 3-month excess return 0.65%; 6-month excess return -2.88%."
2024-01-24,CARR,-0.4729891403614239,0.9147772481930354,,miss,linear_regression,target_5d_return,"Technical state is constructive, with price above the 50-day and 200-day averages. MACD remains on the bearish side.",No recent matched news was found for this ticker/date.,Relative strength versus the benchmark looked weak. 1-month excess return -6.12%; 3-month excess return -2.11%; 6-month excess return -4.59%.,"Model view: the forward return estimate was mildly positive at about 0.91%. Confidence was not explicitly available for this prediction. Technical state is constructive, with price above the 50-day and 200-day averages. MACD remains on the bearish side. No recent matched news was found for this ticker/date. Relative strength versus the benchmark looked weak. 1-month excess return -6.12%; 3-month excess return -2.11%; 6-month excess return -4.59%."
2024-01-25,CARR,-1.2786382581134847,-0.300917782444876,,hit,linear_regression,target_5d_return,"Technical state is constructive, with price above the 50-day and 200-day averages. RSI is in a steady zone near 53.1. MACD remains on the bearish side.",No recent matched news was found for this ticker/date.,Relative strength versus the benchmark looked mixed. 1-month excess return -4.42%; 3-month excess return 1.71%; 6-month excess return -3.67%.,"Model view: the forward return estimate was mildly negative at about -0.30%. Confidence was not explicitly available for this prediction. Technical state is constructive, with price above the 50-day and 200-day averages. RSI is in a steady zone near 53.1. MACD remains on the bearish side. No recent matched news was found for this ticker/date. Relative strength versus the benchmark looked mixed. 1-month excess return -4.42%; 3-month excess return 1.71%; 6-month excess return -3.67%."
2024-01-26,CARR,2.287876952197676,-1.2194240571673791,,miss,linear_regression,target_5d_return,"Technical state is constructive, with price above the 50-day and 200-day averages. MACD remains on the bearish side.",No recent matched news was found for this ticker/date.,Relative strength versus the benchmark looked mixed. 1-month excess return -5.91%; 3-month excess return 1.19%; 6-month excess return -9.98%.,"Model view: the forward return estimate was mildly negative at about -1.22%. Confidence was not explicitly available for this prediction. Technical state is constructive, with price above the 50-day and 200-day averages. MACD remains on the bearish side. No recent matched news was found for this ticker/date. Relative strength versus the benchmark looked mixed. 1-month excess return -5.91%; 3-month excess return 1.19%; 6-month excess return -9.98%."
2024-01-29,CARR,-0.08879959250281955,-2.238843252607473,,hit,linear_regression,target_5d_return,"Technical state is constructive, with price above the 50-day and 200-day averages. RSI is in a steady zone near 52.9. MACD remains on the bearish side.",No recent matched news was found for this ticker/date.,Relative strength versus the benchmark looked mixed. 1-month excess return -5.65%; 3-month excess return 2.23%; 6-month excess return -12.07%.,"Model view: the forward return estimate was mildly negative at about -2.24%. Confidence was not explicitly available for this prediction. Technical state is constructive, with price above the 50-day and 200-day averages. RSI is in a steady zone near 52.9. MACD remains on the bearish side. No recent matched news was found for this ticker/date. Relative strength versus the benchmark looked mixed. 1-month excess return -5.65%; 3-month excess return 2.23%; 6-month excess return -12.07%."
2024-01-30,CARR,-3.586011702648384,-2.2249363158499937,,hit,linear_regression,target_5d_return,"Technical state is constructive, with price above the 50-day and 200-day averages. RSI is in a steady zone near 53.0. MACD remains on the bearish side.",No recent matched news was found for this ticker/date.,Relative strength versus the benchmark looked mixed. 1-month excess return -5.29%; 3-month excess return 1.57%; 6-month excess return -12.66%.,"Model view: the forward return estimate was mildly negative at about -2.22%. Confidence was not explicitly available for this prediction. Technical state is constructive, with price above the 50-day and 200-day averages. RSI is in a steady zone near 53.0. MACD remains on the bearish side. No recent matched news was found for this ticker/date. Relative strength versus the benchmark looked mixed. 1-month excess return -5.29%; 3-month excess return 1.57%; 6-month excess return -12.66%."
2024-01-31,CARR,-1.6084760887296823,-0.6406021474119092,,hit,linear_regression,target_5d_return,"Technical state is mixed, with price not fully aligned across the major moving averages. MACD remains on the bearish side.",No recent matched news was found for this ticker/date.,Relative strength versus the benchmark looked weak. 1-month excess return -6.38%; 3-month excess return -0.73%; 6-month excess return -14.34%.,"Model view: the forward return estimate was mildly negative at about -0.64%. Confidence was not explicitly available for this prediction. Technical state is mixed, with price not fully aligned across the major moving averages. MACD remains on the bearish side. No recent matched news was found for this ticker/date. Relative strength versus the benchmark looked weak. 1-month excess return -6.38%; 3-month excess return -0.73%; 6-month excess return -14.34%."
2024-02-01,CARR,-0.9534066879692271,-1.0388797751158285,,hit,linear_regression,target_5d_return,"Technical state is constructive, with price above the 50-day and 200-day averages. MACD remains on the bearish side.",No recent matched news was found for this ticker/date.,Relative strength versus the benchmark looked weak. 1-month excess return -5.13%; 3-month excess return -0.41%; 6-month excess return -14.47%.,"Model view: the forward return estimate was mildly negative at about -1.04%. Confidence was not explicitly available for this prediction. Technical state is constructive, with price above the 50-day and 200-day averages. MACD remains on the bearish side. No recent matched news was found for this ticker/date. Relative strength versus the benchmark looked weak. 1-month excess return -5.13%; 3-month excess return -0.41%; 6-month excess return -14.47%."
2024-02-02,CARR,-1.3561121421588163,0.017889626825815075,,miss,linear_regression,target_5d_return,"Technical state is constructive, with price above the 50-day and 200-day averages. RSI is in a steady zone near 55.0. MACD remains on the bearish side.",No recent matched news was found for this ticker/date.,Relative strength versus the benchmark looked weak. 1-month excess return -2.03%; 3-month excess return -2.62%; 6-month excess return -12.43%.,"Model view: the forward return estimate was mildly positive at about 0.02%. Confidence was not explicitly available for this prediction. Technical state is constructive, with price above the 50-day and 200-day averages. RSI is in a steady zone near 55.0. MACD remains on the bearish side. No recent matched news was found for this ticker/date. Relative strength versus the benchmark looked weak. 1-month excess return -2.03%; 3-month excess return -2.62%; 6-month excess return -12.43%."
2024-02-05,CARR,-0.3910369935465452,0.11429731203536386,,miss,linear_regression,target_5d_return,"Technical state is constructive, with price above the 50-day and 200-day averages. RSI is in a steady zone near 52.1. MACD remains on the bearish side.",No recent matched news was found for this ticker/date.,Relative strength versus the benchmark looked weak. 1-month excess return -3.99%; 3-month excess return -1.77%; 6-month excess return -11.73%.,"Model view: the forward return estimate was mildly positive at about 0.11%. Confidence was not explicitly available for this prediction. Technical state is constructive, with price above the 50-day and 200-day averages. RSI is in a steady zone near 52.1. MACD remains on the bearish side. No recent matched news was found for this ticker/date. Relative strength versus the benchmark looked weak. 1-month excess return -3.99%; 3-month excess return -1.77%; 6-month excess return -11.73%."
2024-02-06,CARR,-0.6260359859889375,0.03550425442410787,,miss,linear_regression,target_5d_return,"Technical state is mixed, with price not fully aligned across the major moving averages. MACD remains on the bearish side.",No recent matched news was found for this ticker/date.,Relative strength versus the benchmark looked weak. 1-month excess return -8.12%; 3-month excess return -6.19%; 6-month excess return -16.17%.,"Model view: the forward return estimate was mildly positive at about 0.04%. Confidence was not explicitly available for this prediction. Technical state is mixed, with price not fully aligned across the major moving averages. MACD remains on the bearish side. No recent matched news was found for this ticker/date. Relative strength versus the benchmark looked weak. 1-month excess return -8.12%; 3-month excess return -6.19%; 6-month excess return -16.17%."
2024-02-07,CARR,2.1735057201323293,1.19697651156417,,hit,linear_regression,target_5d_return,"Technical state is mixed, with price not fully aligned across the major moving averages. MACD remains on the bearish side.",No recent matched news was found for this ticker/date.,Relative strength versus the benchmark looked weak. 1-month excess return -9.55%; 3-month excess return -7.30%; 6-month excess return -17.23%.,"Model view: the forward return estimate was mildly positive at about 1.20%. Confidence was not explicitly available for this prediction. Technical state is mixed, with price not fully aligned across the major moving averages. MACD remains on the bearish side. No recent matched news was found for this ticker/date. Relative strength versus the benchmark looked weak. 1-month excess return -9.55%; 3-month excess return -7.30%; 6-month excess return -17.23%."
2024-02-08,CARR,1.7980345787818486,0.01026190664051052,,hit,linear_regression,target_5d_return,"Technical state is mixed, with price not fully aligned across the major moving averages. MACD remains on the bearish side.",No recent matched news was found for this ticker/date.,Relative strength versus the benchmark looked weak. 1-month excess return -8.35%; 3-month excess return -5.00%; 6-month excess return -13.81%.,"Model view: the forward return estimate was mildly positive at about 0.01%. Confidence was not explicitly available for this prediction. Technical state is mixed, with price not fully aligned across the major moving averages. MACD remains on the bearish side. No recent matched news was found for this ticker/date. Relative strength versus the benchmark looked weak. 1-month excess return -8.35%; 3-month excess return -5.00%; 6-month excess return -13.81%."
2024-02-09,CARR,-3.588641995656794,0.10408114088356735,,miss,linear_regression,target_5d_return,"Technical state is constructive, with price above the 50-day and 200-day averages. RSI is in a steady zone near 51.9. MACD remains on the bearish side.",No recent matched news was found for this ticker/date.,Relative strength versus the benchmark looked weak. 1-month excess return -7.00%; 3-month excess return -4.76%; 6-month excess return -11.32%.,"Model view: the forward return estimate was mildly positive at about 0.10%. Confidence was not explicitly available for this prediction. Technical state is constructive, with price above the 50-day and 200-day averages. RSI is in a steady zone near 51.9. MACD remains on the bearish side. No recent matched news was found for this ticker/date. Relative strength versus the benchmark looked weak. 1-month excess return -7.00%; 3-month excess return -4.76%; 6-month excess return -11.32%."
2024-02-12,CARR,-4.657388593347422,-0.15284851469310246,,hit,linear_regression,target_5d_return,"Technical state is constructive, with price above the 50-day and 200-day averages. RSI is in a steady zone near 52.0. MACD remains on the bearish side.",No recent matched news was found for this ticker/date.,Relative strength versus the benchmark looked weak. 1-month excess return -6.62%; 3-month excess return -4.38%; 6-month excess return -11.57%.,"Model view: the forward return estimate was mildly negative at about -0.15%. Confidence was not explicitly available for this prediction. Technical state is constructive, with price above the 50-day and 200-day averages. RSI is in a steady zone near 52.0. MACD remains on the bearish side. No recent matched news was found for this ticker/date. Relative strength versus the benchmark looked weak. 1-month excess return -6.62%; 3-month excess return -4.38%; 6-month excess return -11.57%."
2024-02-13,CARR,-0.3705776513170278,0.7515278339474597,,miss,linear_regression,target_5d_return,"Technical state is mixed, with price not fully aligned across the major moving averages. MACD remains on the bearish side.",No recent matched news was found for this ticker/date.,Relative strength versus the benchmark looked weak. 1-month excess return -7.51%; 3-month excess return -7.33%; 6-month excess return -13.92%.,"Model view: the forward return estimate was mildly positive at about 0.75%. Confidence was not explicitly available for this prediction. Technical state is mixed, with price not fully aligned across the major moving averages. MACD remains on the bearish side. No recent matched news was found for this ticker/date. Relative strength versus the benchmark looked weak. 1-month excess return -7.51%; 3-month excess return -7.33%; 6-month excess return -13.92%."
2024-02-14,CARR,-2.0909118652343794,-0.12062532878138432,,hit,linear_regression,target_5d_return,"Technical state is mixed, with price not fully aligned across the major moving averages. MACD remains on the bearish side. Volatility is elevated at roughly 30.4%.",No recent matched news was found for this ticker/date.,Relative strength versus the benchmark looked weak. 1-month excess return -6.51%; 3-month excess return -5.34%; 6-month excess return -13.34%.,"Model view: the forward return estimate was mildly negative at about -0.12%. Confidence was not explicitly available for this prediction. Technical state is mixed, with price not fully aligned across the major moving averages. MACD remains on the bearish side. Volatility is elevated at roughly 30.4%. No recent matched news was found for this ticker/date. Relative strength versus the benchmark looked weak. 1-month excess return -6.51%; 3-month excess return -5.34%; 6-month excess return -13.34%."
2024-02-15,CARR,-3.3006217650362935,-0.10653910784327314,,hit,linear_regression,target_5d_return,"Technical state is constructive, with price above the 50-day and 200-day averages. RSI is in a steady zone near 52.3. MACD remains on the bearish side. Volatility is elevated at roughly 31.1%.",No recent matched news was found for this ticker/date.,Relative strength versus the benchmark looked weak. 1-month excess return -4.50%; 3-month excess return -5.79%; 6-month excess return -11.31%.,"Model view: the forward return estimate was mildly negative at about -0.11%. Confidence was not explicitly available for this prediction. Technical state is constructive, with price above the 50-day and 200-day averages. RSI is in a steady zone near 52.3. MACD remains on the bearish side. Volatility is elevated at roughly 31.1%. No recent matched news was found for this ticker/date. Relative strength versus the benchmark looked weak. 1-month excess return -4.50%; 3-month excess return -5.79%; 6-month excess return -11.31%."
2024-02-16,CARR,0.0,0.22487173787976278,,miss,linear_regression,target_5d_return,"Technical state is mixed, with price not fully aligned across the major moving averages. MACD remains on the bearish side. Volatility is elevated at roughly 33.6%.",No recent matched news was found for this ticker/date.,Relative strength versus the benchmark looked weak. 1-month excess return -7.35%; 3-month excess return -7.96%; 6-month excess return -12.76%.,"Model view: the forward return estimate was mildly positive at about 0.22%. Confidence was not explicitly available for this prediction. Technical state is mixed, with price not fully aligned across the major moving averages. MACD remains on the bearish side. Volatility is elevated at roughly 33.6%. No recent matched news was found for this ticker/date. Relative strength versus the benchmark looked weak. 1-month excess return -7.35%; 3-month excess return -7.96%; 6-month excess return -12.76%."
2024-02-20,CARR,3.013289539875963,0.7275778467235304,,hit,linear_regression,target_5d_return,"Technical state is mixed, with price not fully aligned across the major moving averages. MACD remains on the bearish side. Volatility is elevated at roughly 33.6%.",No recent matched news was found for this ticker/date.,Relative strength versus the benchmark looked weak. 1-month excess return -7.37%; 3-month excess return -8.92%; 6-month excess return -13.74%.,"Model view: the forward return estimate was mildly positive at about 0.73%. Confidence was not explicitly available for this prediction. Technical state is mixed, with price not fully aligned across the major moving averages. MACD remains on the bearish side. Volatility is elevated at roughly 33.6%. No recent matched news was found for this ticker/date. Relative strength versus the benchmark looked weak. 1-month excess return -7.37%; 3-month excess return -8.92%; 6-month excess return -13.74%."
2024-02-21,CARR,1.8411713880255087,1.0582264259510161,,hit,linear_regression,target_5d_return,"Technical state is mixed, with price not fully aligned across the major moving averages. MACD remains on the bearish side. Volatility is elevated at roughly 33.6%.",No recent matched news was found for this ticker/date.,Relative strength versus the benchmark looked weak. 1-month excess return -7.38%; 3-month excess return -9.26%; 6-month excess return -12.81%.,"Model view: the forward return estimate was mildly positive at about 1.06%. Confidence was not explicitly available for this prediction. Technical state is mixed, with price not fully aligned across the major moving averages. MACD remains on the bearish side. Volatility is elevated at roughly 33.6%. No recent matched news was found for this ticker/date. Relative strength versus the benchmark looked weak. 1-month excess return -7.38%; 3-month excess return -9.26%; 6-month excess return -12.81%."
2024-02-22,CARR,3.2126339943444826,0.6065350030453479,,hit,linear_regression,target_5d_return,"Technical state is mixed, with price not fully aligned across the major moving averages. MACD remains on the bearish side. Volatility is elevated at roughly 33.2%.",No recent matched news was found for this ticker/date.,Relative strength versus the benchmark looked weak. 1-month excess return -8.39%; 3-month excess return -11.29%; 6-month excess return -15.79%.,"Model view: the forward return estimate was mildly positive at about 0.61%. Confidence was not explicitly available for this prediction. Technical state is mixed, with price not fully aligned across the major moving averages. MACD remains on the bearish side. Volatility is elevated at roughly 33.2%. No recent matched news was found for this ticker/date. Relative strength versus the benchmark looked weak. 1-month excess return -8.39%; 3-month excess return -11.29%; 6-month excess return -15.79%."
2024-02-23,CARR,4.169738541919976,1.7206308692830241,,hit,linear_regression,target_5d_return,"Technical state is mixed, with price not fully aligned across the major moving averages. MACD remains on the bearish side. Volatility is elevated at roughly 32.0%.",No recent matched news was found for this ticker/date.,Relative strength versus the benchmark looked weak. 1-month excess return -6.06%; 3-month excess return -9.33%; 6-month excess return -16.57%.,"Model view: the forward return estimate was mildly positive at about 1.72%. Confidence was not explicitly available for this prediction. Technical state is mixed, with price not fully aligned across the major moving averages. MACD remains on the bearish side. Volatility is elevated at roughly 32.0%. No recent matched news was found for this ticker/date. Relative strength versus the benchmark looked weak. 1-month excess return -6.06%; 3-month excess return -9.33%; 6-month excess return -16.57%."
2024-02-26,CARR,5.8333361590350075,1.079400670493822,,hit,linear_regression,target_5d_return,"Technical state is mixed, with price not fully aligned across the major moving averages. MACD remains on the bearish side. Volatility is elevated at roughly 31.6%.",No recent matched news was found for this ticker/date.,Relative strength versus the benchmark looked weak. 1-month excess return -7.80%; 3-month excess return -8.85%; 6-month excess return -15.69%.,"Model view: the forward return estimate was mildly positive at about 1.08%. Confidence was not explicitly available for this prediction. Technical state is mixed, with price not fully aligned across the major moving averages. MACD remains on the bearish side. Volatility is elevated at roughly 31.6%. No recent matched news was found for this ticker/date. Relative strength versus the benchmark looked weak. 1-month excess return -7.80%; 3-month excess return -8.85%; 6-month excess return -15.69%."
2024-02-27,CARR,2.81613228793256,1.2220302129209806,,hit,linear_regression,target_5d_return,"Technical state is mixed, with price not fully aligned across the major moving averages. RSI is in a steady zone near 50.5. MACD remains on the bearish side. Volatility is elevated at roughly 32.0%.",No recent matched news was found for this ticker/date.,Relative strength versus the benchmark looked weak. 1-month excess return -4.80%; 3-month excess return -7.48%; 6-month excess return -15.24%.,"Model view: the forward return estimate was mildly positive at about 1.22%. Confidence was not explicitly available for this prediction. Technical state is mixed, with price not fully aligned across the major moving averages. RSI is in a steady zone near 50.5. MACD remains on the bearish side. Volatility is elevated at roughly 32.0%. No recent matched news was found for this ticker/date. Relative strength versus the benchmark looked weak. 1-month excess return -4.80%; 3-month excess return -7.48%; 6-month excess return -15.24%."
2024-02-28,CARR,5.405410865408955,0.9719774081197236,,hit,linear_regression,target_5d_return,"Technical state is mixed, with price not fully aligned across the major moving averages. MACD remains on the bullish side. Volatility is elevated at roughly 32.0%.",No recent matched news was found for this ticker/date.,Relative strength versus the benchmark looked weak. 1-month excess return -5.79%; 3-month excess return -6.37%; 6-month excess return -15.80%.,"Model view: the forward return estimate was mildly positive at about 0.97%. Confidence was not explicitly available for this prediction. Technical state is mixed, with price not fully aligned across the major moving averages. MACD remains on the bullish side. Volatility is elevated at roughly 32.0%. No recent matched news was found for this ticker/date. Relative strength versus the benchmark looked weak. 1-month excess return -5.79%; 3-month excess return -6.37%; 6-month excess return -15.80%."
2024-02-29,CARR,7.142852240403608,0.9147848426974895,,hit,linear_regression,target_5d_return,"Technical state is mixed, with price not fully aligned across the major moving averages. RSI is in a steady zone near 53.1. MACD remains on the bullish side. Volatility is elevated at roughly 30.8%.",No recent matched news was found for this ticker/date.,Relative strength versus the benchmark looked weak. 1-month excess return -4.82%; 3-month excess return -4.04%; 6-month excess return -15.24%.,"Model view: the forward return estimate was mildly positive at about 0.91%. Confidence was not explicitly available for this prediction. Technical state is mixed, with price not fully aligned across the major moving averages. RSI is in a steady zone near 53.1. MACD remains on the bullish side. Volatility is elevated at roughly 30.8%. No recent matched news was found for this ticker/date. Relative strength versus the benchmark looked weak. 1-month excess return -4.82%; 3-month excess return -4.04%; 6-month excess return -15.24%."
2024-03-01,CARR,2.816153344616623,0.3786283477058169,,hit,linear_regression,target_5d_return,"Technical state is constructive, with price above the 50-day and 200-day averages. RSI is in a steady zone near 57.0. MACD remains on the bullish side. Volatility is elevated at roughly 30.8%.",No recent matched news was found for this ticker/date.,Relative strength versus the benchmark looked weak. 1-month excess return -3.02%; 3-month excess return -4.70%; 6-month excess return -15.03%.,"Model view: the forward return estimate was mildly positive at about 0.38%. Confidence was not explicitly available for this prediction. Technical state is constructive, with price above the 50-day and 200-day averages. RSI is in a steady zone near 57.0. MACD remains on the bullish side. Volatility is elevated at roughly 30.8%. No recent matched news was found for this ticker/date. Relative strength versus the benchmark looked weak. 1-month excess return -3.02%; 3-month excess return -4.70%; 6-month excess return -15.03%."
2024-03-04,CARR,-0.017501550242193797,0.3655261102308137,,miss,linear_regression,target_5d_return,"Technical state is constructive, with price above the 50-day and 200-day averages. RSI is in a steady zone near 59.8. MACD remains on the bullish side. Volatility is elevated at roughly 30.1%.",No recent matched news was found for this ticker/date.,Relative strength versus the benchmark looked weak. 1-month excess return -1.91%; 3-month excess return -2.28%; 6-month excess return -14.31%.,"Model view: the forward return estimate was mildly positive at about 0.37%. Confidence was not explicitly available for this prediction. Technical state is constructive, with price above the 50-day and 200-day averages. RSI is in a steady zone near 59.8. MACD remains on the bullish side. Volatility is elevated at roughly 30.1%. No recent matched news was found for this ticker/date. Relative strength versus the benchmark looked weak. 1-month excess return -1.91%; 3-month excess return -2.28%; 6-month excess return -14.31%."
2024-03-05,CARR,2.314899045341501,0.823661203128612,,hit,linear_regression,target_5d_return,"Technical state is constructive, with price above the 50-day and 200-day averages. RSI is in a steady zone near 56.6. MACD remains on the bullish side. Volatility is elevated at roughly 30.1%.",No recent matched news was found for this ticker/date.,Relative strength versus the benchmark looked weak. 1-month excess return -2.95%; 3-month excess return -4.17%; 6-month excess return -14.73%.,"Model view: the forward return estimate was mildly positive at about 0.82%. Confidence was not explicitly available for this prediction. Technical state is constructive, with price above the 50-day and 200-day averages. RSI is in a steady zone near 56.6. MACD remains on the bullish side. Volatility is elevated at roughly 30.1%. No recent matched news was found for this ticker/date. Relative strength versus the benchmark looked weak. 1-month excess return -2.95%; 3-month excess return -4.17%; 6-month excess return -14.73%."
2024-03-06,CARR,0.2425491799854962,1.0982735711548237,,hit,linear_regression,target_5d_return,"Technical state is constructive, with price above the 50-day and 200-day averages. RSI is in a steady zone near 61.1. MACD remains on the bullish side.",No recent matched news was found for this ticker/date.,Relative strength versus the benchmark looked weak. 1-month excess return -0.94%; 3-month excess return -3.68%; 6-month excess return -11.19%.,"Model view: the forward return estimate was mildly positive at about 1.10%. Confidence was not explicitly available for this prediction. Technical state is constructive, with price above the 50-day and 200-day averages. RSI is in a steady zone near 61.1. MACD remains on the bullish side. No recent matched news was found for this ticker/date. Relative strength versus the benchmark looked weak. 1-month excess return -0.94%; 3-month excess return -3.68%; 6-month excess return -11.19%."
2024-03-07,CARR,-3.7615413811382226,-0.5614196824896273,,hit,linear_regression,target_5d_return,"Technical state is constructive, with price above the 50-day and 200-day averages. MACD remains on the bullish side.",No recent matched news was found for this ticker/date.,Relative strength versus the benchmark looked mixed. 1-month excess return 5.41%; 3-month excess return 0.49%; 6-month excess return -9.83%.,"Model view: the forward return estimate was mildly negative at about -0.56%. Confidence was not explicitly available for this prediction. Technical state is constructive, with price above the 50-day and 200-day averages. MACD remains on the bullish side. No recent matched news was found for this ticker/date. Relative strength versus the benchmark looked mixed. 1-month excess return 5.41%; 3-month excess return 0.49%; 6-month excess return -9.83%."
2024-03-08,CARR,-1.7226529080840658,1.1789788491592597,,miss,linear_regression,target_5d_return,"Technical state is constructive, with price above the 50-day and 200-day averages. RSI is in a steady zone near 59.1. MACD remains on the bullish side. Volatility is elevated at roughly 30.3%.",No recent matched news was found for this ticker/date.,Relative strength versus the benchmark looked weak. 1-month excess return 5.08%; 3-month excess return -3.06%; 6-month excess return -13.66%.,"Model view: the forward return estimate was mildly positive at about 1.18%. Confidence was not explicitly available for this prediction. Technical state is constructive, with price above the 50-day and 200-day averages. RSI is in a steady zone near 59.1. MACD remains on the bullish side. Volatility is elevated at roughly 30.3%. No recent matched news was found for this ticker/date. Relative strength versus the benchmark looked weak. 1-month excess return 5.08%; 3-month excess return -3.06%; 6-month excess return -13.66%."
2024-03-11,CARR,-0.07000510317574093,-0.19812985860949928,,hit,linear_regression,target_5d_return,"Technical state is constructive, with price above the 50-day and 200-day averages. RSI is in a steady zone near 54.8. MACD remains on the bullish side. Volatility is elevated at roughly 30.5%.",No recent matched news was found for this ticker/date.,Relative strength versus the benchmark looked weak. 1-month excess return 1.17%; 3-month excess return -3.57%; 6-month excess return -17.40%.,"Model view: the forward return estimate was mildly negative at about -0.20%. Confidence was not explicitly available for this prediction. Technical state is constructive, with price above the 50-day and 200-day averages. RSI is in a steady zone near 54.8. MACD remains on the bullish side. Volatility is elevated at roughly 30.5%. No recent matched news was found for this ticker/date. Relative strength versus the benchmark looked weak. 1-month excess return 1.17%; 3-month excess return -3.57%; 6-month excess return -17.40%."
2024-03-12,CARR,1.0017236633373505,0.33907645871251413,,hit,linear_regression,target_5d_return,"Technical state is constructive, with price above the 50-day and 200-day averages. RSI is in a steady zone near 57.5. MACD remains on the bullish side. Volatility is elevated at roughly 30.8%.",No recent matched news was found for this ticker/date.,Relative strength versus the benchmark looked weak. 1-month excess return 0.26%; 3-month excess return -7.56%; 6-month excess return -17.04%.,"Model view: the forward return estimate was mildly positive at about 0.34%. Confidence was not explicitly available for this prediction. Technical state is constructive, with price above the 50-day and 200-day averages. RSI is in a steady zone near 57.5. MACD remains on the bullish side. Volatility is elevated at roughly 30.8%. No recent matched news was found for this ticker/date. Relative strength versus the benchmark looked weak. 1-month excess return 0.26%; 3-month excess return -7.56%; 6-month excess return -17.04%."
2024-03-13,CARR,1.1925313159874662,2.1749932474965044,,hit,linear_regression,target_5d_return,"Technical state is constructive, with price above the 50-day and 200-day averages. RSI is in a steady zone near 57.3. MACD remains on the bullish side.",No recent matched news was found for this ticker/date.,Relative strength versus the benchmark looked weak. 1-month excess return 0.24%; 3-month excess return -8.30%; 6-month excess return -13.46%.,"Model view: the forward return estimate was mildly positive at about 2.17%. Confidence was not explicitly available for this prediction. Technical state is constructive, with price above the 50-day and 200-day averages. RSI is in a steady zone near 57.3. MACD remains on the bullish side. No recent matched news was found for this ticker/date. Relative strength versus the benchmark looked weak. 1-month excess return 0.24%; 3-month excess return -8.30%; 6-month excess return -13.46%."
2024-03-14,CARR,4.379686374781655,2.6898824918225324,,hit,linear_regression,target_5d_return,"Technical state is constructive, with price above the 50-day and 200-day averages. RSI is in a steady zone near 54.5. MACD remains on the bullish side.",No recent matched news was found for this ticker/date.,Relative strength versus the benchmark looked weak. 1-month excess return 1.94%; 3-month excess return -9.18%; 6-month excess return -11.59%.,"Model view: the forward return estimate was mildly positive at about 2.69%. Confidence was not explicitly available for this prediction. Technical state is constructive, with price above the 50-day and 200-day averages. RSI is in a steady zone near 54.5. MACD remains on the bullish side. No recent matched news was found for this ticker/date. Relative strength versus the benchmark looked weak. 1-month excess return 1.94%; 3-month excess return -9.18%; 6-month excess return -11.59%."
2024-03-15,CARR,1.419809612836631,2.8723917365877165,,hit,linear_regression,target_5d_return,"Technical state is constructive, with price above the 50-day and 200-day averages. RSI is in a steady zone near 53.2. MACD remains on the bullish side.",No recent matched news was found for this ticker/date.,Relative strength versus the benchmark looked mixed. 1-month excess return 1.17%; 3-month excess return -6.44%; 6-month excess return -9.37%.,"Model view: the forward return estimate was mildly positive at about 2.87%. Confidence was not explicitly available for this prediction. Technical state is constructive, with price above the 50-day and 200-day averages. RSI is in a steady zone near 53.2. MACD remains on the bullish side. No recent matched news was found for this ticker/date. Relative strength versus the benchmark looked mixed. 1-month excess return 1.17%; 3-month excess return -6.44%; 6-month excess return -9.37%."
2024-03-18,CARR,0.47285545530451056,4.092159741992742,,hit,linear_regression,target_5d_return,"Technical state is constructive, with price above the 50-day and 200-day averages. RSI is in a steady zone near 53.4. MACD remains on the bullish side.",No recent matched news was found for this ticker/date.,Relative strength versus the benchmark looked weak. 1-month excess return -0.63%; 3-month excess return -11.95%; 6-month excess return -10.86%.,"Model view: the forward return estimate was mildly positive at about 4.09%. Confidence was not explicitly available for this prediction. Technical state is constructive, with price above the 50-day and 200-day averages. RSI is in a steady zone near 53.4. MACD remains on the bullish side. No recent matched news was found for this ticker/date. Relative strength versus the benchmark looked weak. 1-month excess return -0.63%; 3-month excess return -11.95%; 6-month excess return -10.86%."
2024-03-19,CARR,-1.6073848051761375,3.694649344531215,,miss,linear_regression,target_5d_return,"Technical state is constructive, with price above the 50-day and 200-day averages. RSI is in a steady zone near 59.5. MACD remains on the bullish side.",No recent matched news was found for this ticker/date.,Relative strength versus the benchmark looked mixed. 1-month excess return 4.69%; 3-month excess return -7.81%; 6-month excess return -8.71%.,"Model view: the forward return estimate was mildly positive at about 3.69%. Confidence was not explicitly available for this prediction. Technical state is constructive, with price above the 50-day and 200-day averages. RSI is in a steady zone near 59.5. MACD remains on the bullish side. No recent matched news was found for this ticker/date. Relative strength versus the benchmark looked mixed. 1-month excess return 4.69%; 3-month excess return -7.81%; 6-month excess return -8.71%."
2024-03-20,CARR,-1.4859076741611243,3.554521862612875,,miss,linear_regression,target_5d_return,"Technical state is constructive, with price above the 50-day and 200-day averages. RSI is in a steady zone near 59.8. MACD remains on the bullish side.",No recent matched news was found for this ticker/date.,Relative strength versus the benchmark looked weak. 1-month excess return 4.49%; 3-month excess return -7.00%; 6-month excess return -8.75%.,"Model view: the forward return estimate was mildly positive at about 3.55%. Confidence was not explicitly available for this prediction. Technical state is constructive, with price above the 50-day and 200-day averages. RSI is in a steady zone near 59.8. MACD remains on the bullish side. No recent matched news was found for this ticker/date. Relative strength versus the benchmark looked weak. 1-month excess return 4.49%; 3-month excess return -7.00%; 6-month excess return -8.75%."
2024-03-21,CARR,-2.825139811652666,2.2242220947751123,,miss,linear_regression,target_5d_return,"Technical state is constructive, with price above the 50-day and 200-day averages. RSI is in a steady zone near 64.6. MACD remains on the bullish side.",No recent matched news was found for this ticker/date.,Relative strength versus the benchmark looked mixed. 1-month excess return 5.92%; 3-month excess return -4.88%; 6-month excess return -7.86%.,"Model view: the forward return estimate was mildly positive at about 2.22%. Confidence was not explicitly available for this prediction. Technical state is constructive, with price above the 50-day and 200-day averages. RSI is in a steady zone near 64.6. MACD remains on the bullish side. No recent matched news was found for this ticker/date. Relative strength versus the benchmark looked mixed. 1-month excess return 5.92%; 3-month excess return -4.88%; 6-month excess return -7.86%."
2024-03-22,CARR,-0.7950208773249812,2.5354818517337656,,miss,linear_regression,target_5d_return,"Technical state is constructive, with price above the 50-day and 200-day averages. RSI is in a steady zone near 53.8. MACD remains on the bullish side.",No recent matched news was found for this ticker/date.,Relative strength versus the benchmark looked weak. 1-month excess return 4.74%; 3-month excess return -8.09%; 6-month excess return -10.34%.,"Model view: the forward return estimate was mildly positive at about 2.54%. Confidence was not explicitly available for this prediction. Technical state is constructive, with price above the 50-day and 200-day averages. RSI is in a steady zone near 53.8. MACD remains on the bullish side. No recent matched news was found for this ticker/date. Relative strength versus the benchmark looked weak. 1-month excess return 4.74%; 3-month excess return -8.09%; 6-month excess return -10.34%."
2024-03-25,CARR,-0.9935501227757992,2.1838982542857956,,miss,linear_regression,target_5d_return,"Technical state is constructive, with price above the 50-day and 200-day averages. RSI is in a steady zone near 51.5. MACD remains on the bullish side.",No recent matched news was found for this ticker/date.,Relative strength versus the benchmark looked weak. 1-month excess return 3.46%; 3-month excess return -9.26%; 6-month excess return -11.89%.,"Model view: the forward return estimate was mildly positive at about 2.18%. Confidence was not explicitly available for this prediction. Technical state is constructive, with price above the 50-day and 200-day averages. RSI is in a steady zone near 51.5. MACD remains on the bullish side. No recent matched news was found for this ticker/date. Relative strength versus the benchmark looked weak. 1-month excess return 3.46%; 3-month excess return -9.26%; 6-month excess return -11.89%."
2024-03-26,CARR,-1.0427568287654454,2.442799944426407,,miss,linear_regression,target_5d_return,"Technical state is constructive, with price above the 50-day and 200-day averages. RSI is in a steady zone near 52.3. MACD remains on the bearish side.",No recent matched news was found for this ticker/date.,Relative strength versus the benchmark looked weak. 1-month excess return 4.08%; 3-month excess return -8.72%; 6-month excess return -12.17%.,"Model view: the forward return estimate was mildly positive at about 2.44%. Confidence was not explicitly available for this prediction. Technical state is constructive, with price above the 50-day and 200-day averages. RSI is in a steady zone near 52.3. MACD remains on the bearish side. No recent matched news was found for this ticker/date. Relative strength versus the benchmark looked weak. 1-month excess return 4.08%; 3-month excess return -8.72%; 6-month excess return -12.17%."
2024-03-27,CARR,-3.172679995444583,1.731433327791978,,miss,linear_regression,target_5d_return,"Technical state is constructive, with price above the 50-day and 200-day averages. RSI is in a steady zone near 52.9. MACD remains on the bearish side.",No recent matched news was found for this ticker/date.,Relative strength versus the benchmark looked weak. 1-month excess return 1.61%; 3-month excess return -9.57%; 6-month excess return -13.00%.,"Model view: the forward return estimate was mildly positive at about 1.73%. Confidence was not explicitly available for this prediction. Technical state is constructive, with price above the 50-day and 200-day averages. RSI is in a steady zone near 52.9. MACD remains on the bearish side. No recent matched news was found for this ticker/date. Relative strength versus the benchmark looked weak. 1-month excess return 1.61%; 3-month excess return -9.57%; 6-month excess return -13.00%."
2024-03-28,CARR,-2.9072809398815402,1.6204114313989515,,miss,linear_regression,target_5d_return,"Technical state is constructive, with price above the 50-day and 200-day averages. RSI is in a steady zone near 55.1. MACD remains on the bearish side.",No recent matched news was found for this ticker/date.,Relative strength versus the benchmark looked weak. 1-month excess return 2.82%; 3-month excess return -9.17%; 6-month excess return -16.82%.,"Model view: the forward return estimate was mildly positive at about 1.62%. Confidence was not explicitly available for this prediction. Technical state is constructive, with price above the 50-day and 200-day averages. RSI is in a steady zone near 55.1. MACD remains on the bearish side. No recent matched news was found for this ticker/date. Relative strength versus the benchmark looked weak. 1-month excess return 2.82%; 3-month excess return -9.17%; 6-month excess return -16.82%."
2024-04-01,CARR,0.7665481097776761,1.1042463849074005,,hit,linear_regression,target_5d_return,"Technical state is constructive, with price above the 50-day and 200-day averages. RSI is in a steady zone near 51.0. MACD remains on the bearish side.",No recent matched news was found for this ticker/date.,Relative strength versus the benchmark looked weak. 1-month excess return 0.46%; 3-month excess return -10.03%; 6-month excess return -19.35%.,"Model view: the forward return estimate was mildly positive at about 1.10%. Confidence was not explicitly available for this prediction. Technical state is constructive, with price above the 50-day and 200-day averages. RSI is in a steady zone near 51.0. MACD remains on the bearish side. No recent matched news was found for this ticker/date. Relative strength versus the benchmark looked weak. 1-month excess return 0.46%; 3-month excess return -10.03%; 6-month excess return -19.35%."
2024-04-02,CARR,2.3063404769137374,1.1773000880125828,,hit,linear_regression,target_5d_return,"Technical state is constructive, with price above the 50-day and 200-day averages. MACD remains on the bearish side.",No recent matched news was found for this ticker/date.,Relative strength versus the benchmark looked weak. 1-month excess return -0.56%; 3-month excess return -10.32%; 6-month excess return -18.55%.,"Model view: the forward return estimate was mildly positive at about 1.18%. Confidence was not explicitly available for this prediction. Technical state is constructive, with price above the 50-day and 200-day averages. MACD remains on the bearish side. No recent matched news was found for this ticker/date. Relative strength versus the benchmark looked weak. 1-month excess return -0.56%; 3-month excess return -10.32%; 6-month excess return -18.55%."
2024-04-03,CARR,-0.08781039386448475,0.9808713853344634,,miss,linear_regression,target_5d_return,"Technical state is constructive, with price above the 50-day and 200-day averages. MACD remains on the bearish side.",No recent matched news was found for this ticker/date.,Relative strength versus the benchmark looked weak. 1-month excess return -1.75%; 3-month excess return -9.12%; 6-month excess return -17.21%.,"Model view: the forward return estimate was mildly positive at about 0.98%. Confidence was not explicitly available for this prediction. Technical state is constructive, with price above the 50-day and 200-day averages. MACD remains on the bearish side. No recent matched news was found for this ticker/date. Relative strength versus the benchmark looked weak. 1-month excess return -1.75%; 3-month excess return -9.12%; 6-month excess return -17.21%."
2024-04-04,CARR,1.3786937847822145,0.9968358414341018,,hit,linear_regression,target_5d_return,"Technical state is mixed, with price not fully aligned across the major moving averages. MACD remains on the bearish side.",No recent matched news was found for this ticker/date.,Relative strength versus the benchmark looked weak. 1-month excess return -2.45%; 3-month excess return -7.72%; 6-month excess return -17.35%.,"Model view: the forward return estimate was mildly positive at about 1.00%. Confidence was not explicitly available for this prediction. Technical state is mixed, with price not fully aligned across the major moving averages. MACD remains on the bearish side. No recent matched news was found for this ticker/date. Relative strength versus the benchmark looked weak. 1-month excess return -2.45%; 3-month excess return -7.72%; 6-month excess return -17.35%."
2024-04-05,CARR,0.7087199426146329,-0.4589845902611507,,miss,linear_regression,target_5d_return,"Technical state is constructive, with price above the 50-day and 200-day averages. MACD remains on the bearish side.",No recent matched news was found for this ticker/date.,Relative strength versus the benchmark looked weak. 1-month excess return -3.90%; 3-month excess return -9.23%; 6-month excess return -18.75%.,"Model view: the forward return estimate was mildly negative at about -0.46%. Confidence was not explicitly available for this prediction. Technical state is constructive, with price above the 50-day and 200-day averages. MACD remains on the bearish side. No recent matched news was found for this ticker/date. Relative strength versus the benchmark looked weak. 1-month excess return -3.90%; 3-month excess return -9.23%; 6-month excess return -18.75%."
2024-04-08,CARR,-4.1148012825666385,-0.8380647910937689,,hit,linear_regression,target_5d_return,"Technical state is constructive, with price above the 50-day and 200-day averages. RSI is in a steady zone near 54.0. MACD remains on the bearish side.",No recent matched news was found for this ticker/date.,Relative strength versus the benchmark looked weak. 1-month excess return -3.59%; 3-month excess return -7.06%; 6-month excess return -14.16%.,"Model view: the forward return estimate was mildly negative at about -0.84%. Confidence was not explicitly available for this prediction. Technical state is constructive, with price above the 50-day and 200-day averages. RSI is in a steady zone near 54.0. MACD remains on the bearish side. No recent matched news was found for this ticker/date. Relative strength versus the benchmark looked weak. 1-month excess return -3.59%; 3-month excess return -7.06%; 6-month excess return -14.16%."
2024-04-09,CARR,-5.764932461937711,-1.221239272894946,,hit,linear_regression,target_5d_return,"Technical state is constructive, with price above the 50-day and 200-day averages. RSI is in a steady zone near 55.2. MACD remains on the bearish side.",No recent matched news was found for this ticker/date.,Relative strength versus the benchmark looked weak. 1-month excess return -1.36%; 3-month excess return -6.44%; 6-month excess return -13.91%.,"Model view: the forward return estimate was mildly negative at about -1.22%. Confidence was not explicitly available for this prediction. Technical state is constructive, with price above the 50-day and 200-day averages. RSI is in a steady zone near 55.2. MACD remains on the bearish side. No recent matched news was found for this ticker/date. Relative strength versus the benchmark looked weak. 1-month excess return -1.36%; 3-month excess return -6.44%; 6-month excess return -13.91%."
2024-04-10,CARR,-4.640533341487085,-1.2734800794444374,,hit,linear_regression,target_5d_return,"Technical state is constructive, with price above the 50-day and 200-day averages. MACD remains on the bearish side.",No recent matched news was found for this ticker/date.,Relative strength versus the benchmark looked weak. 1-month excess return -1.00%; 3-month excess return -8.48%; 6-month excess return -15.60%.,"Model view: the forward return estimate was mildly negative at about -1.27%. Confidence was not explicitly available for this prediction. Technical state is constructive, with price above the 50-day and 200-day averages. MACD remains on the bearish side. No recent matched news was found for this ticker/date. Relative strength versus the benchmark looked weak. 1-month excess return -1.00%; 3-month excess return -8.48%; 6-month excess return -15.60%."
2024-04-11,CARR,-5.722355925275324,-1.406870218025856,,hit,linear_regression,target_5d_return,"Technical state is constructive, with price above the 50-day and 200-day averages. MACD remains on the bearish side.",No recent matched news was found for this ticker/date.,Relative strength versus the benchmark looked weak. 1-month excess return -2.43%; 3-month excess return -9.44%; 6-month excess return -17.08%.,"Model view: the forward return estimate was mildly negative at about -1.41%. Confidence was not explicitly available for this prediction. Technical state is constructive, with price above the 50-day and 200-day averages. MACD remains on the bearish side. No recent matched news was found for this ticker/date. Relative strength versus the benchmark looked weak. 1-month excess return -2.43%; 3-month excess return -9.44%; 6-month excess return -17.08%."
2024-04-12,CARR,-5.823366228721438,-0.8637448981888389,,hit,linear_regression,target_5d_return,"Technical state is constructive, with price above the 50-day and 200-day averages. MACD remains on the bearish side.",No recent matched news was found for this ticker/date.,Relative strength versus the benchmark looked weak. 1-month excess return -0.76%; 3-month excess return -7.29%; 6-month excess return -15.69%.,"Model view: the forward return estimate was mildly negative at about -0.86%. Confidence was not explicitly available for this prediction. Technical state is constructive, with price above the 50-day and 200-day averages. MACD remains on the bearish side. No recent matched news was found for this ticker/date. Relative strength versus the benchmark looked weak. 1-month excess return -0.76%; 3-month excess return -7.29%; 6-month excess return -15.69%."
2024-04-15,CARR,-3.3177067850025277,-0.045749461281940906,,hit,linear_regression,target_5d_return,"Technical state is mixed, with price not fully aligned across the major moving averages. MACD remains on the bearish side.",No recent matched news was found for this ticker/date.,Relative strength versus the benchmark looked weak. 1-month excess return -1.19%; 3-month excess return -7.06%; 6-month excess return -14.53%.,"Model view: the forward return estimate was mildly negative at about -0.05%. Confidence was not explicitly available for this prediction. Technical state is mixed, with price not fully aligned across the major moving averages. MACD remains on the bearish side. No recent matched news was found for this ticker/date. Relative strength versus the benchmark looked weak. 1-month excess return -1.19%; 3-month excess return -7.06%; 6-month excess return -14.53%."
2024-04-16,CARR,0.6939391522329696,-1.24029703206345,,miss,linear_regression,target_5d_return,"Technical state is soft, with price below the 50-day and 200-day averages. RSI is weak near 39.0. MACD remains on the bearish side.",No recent matched news was found for this ticker/date.,Relative strength versus the benchmark looked weak. 1-month excess return -2.48%; 3-month excess return -7.97%; 6-month excess return -12.55%.,"Model view: the forward return estimate was mildly negative at about -1.24%. Confidence was not explicitly available for this prediction. Technical state is soft, with price below the 50-day and 200-day averages. RSI is weak near 39.0. MACD remains on the bearish side. No recent matched news was found for this ticker/date. Relative strength versus the benchmark looked weak. 1-month excess return -2.48%; 3-month excess return -7.97%; 6-month excess return -12.55%."
2024-04-17,CARR,0.9585261894261343,-0.04944806282507619,,miss,linear_regression,target_5d_return,"Technical state is soft, with price below the 50-day and 200-day averages. RSI is weak near 37.0. MACD remains on the bearish side.",No recent matched news was found for this ticker/date.,Relative strength versus the benchmark looked weak. 1-month excess return -2.25%; 3-month excess return -7.44%; 6-month excess return -12.76%.,"Model view: the forward return estimate was mildly negative at about -0.05%. Confidence was not explicitly available for this prediction. Technical state is soft, with price below the 50-day and 200-day averages. RSI is weak near 37.0. MACD remains on the bearish side. No recent matched news was found for this ticker/date. Relative strength versus the benchmark looked weak. 1-month excess return -2.25%; 3-month excess return -7.44%; 6-month excess return -12.76%."
2024-04-18,CARR,12.04571033442059,-0.008763329756806937,,miss,linear_regression,target_5d_return,"Technical state is soft, with price below the 50-day and 200-day averages. RSI is weak near 33.8. MACD remains on the bearish side.",No recent matched news was found for this ticker/date.,Relative strength versus the benchmark looked weak. 1-month excess return -5.22%; 3-month excess return -8.44%; 6-month excess return -13.66%.,"Model view: the forward return estimate was mildly negative at about -0.01%. Confidence was not explicitly available for this prediction. Technical state is soft, with price below the 50-day and 200-day averages. RSI is weak near 33.8. MACD remains on the bearish side. No recent matched news was found for this ticker/date. Relative strength versus the benchmark looked weak. 1-month excess return -5.22%; 3-month excess return -8.44%; 6-month excess return -13.66%."
2024-04-19,CARR,13.020738613203232,1.3068919177529033,,hit,linear_regression,target_5d_return,"Technical state is soft, with price below the 50-day and 200-day averages. RSI is weak near 34.8. MACD remains on the bearish side.",No recent matched news was found for this ticker/date.,Relative strength versus the benchmark looked weak. 1-month excess return -3.44%; 3-month excess return -6.87%; 6-month excess return -8.41%.,"Model view: the forward return estimate was mildly positive at about 1.31%. Confidence was not explicitly available for this prediction. Technical state is soft, with price below the 50-day and 200-day averages. RSI is weak near 34.8. MACD remains on the bearish side. No recent matched news was found for this ticker/date. Relative strength versus the benchmark looked weak. 1-month excess return -3.44%; 3-month excess return -6.87%; 6-month excess return -8.41%."
2024-04-22,CARR,16.952630238085643,1.0698700076906782,,hit,linear_regression,target_5d_return,"Technical state is soft, with price below the 50-day and 200-day averages. RSI is weak near 35.5. MACD remains on the bearish side.",No recent matched news was found for this ticker/date.,Relative strength versus the benchmark looked weak. 1-month excess return -5.73%; 3-month excess return -8.11%; 6-month excess return -7.71%.,"Model view: the forward return estimate was mildly positive at about 1.07%. Confidence was not explicitly available for this prediction. Technical state is soft, with price below the 50-day and 200-day averages. RSI is weak near 35.5. MACD remains on the bearish side. No recent matched news was found for this ticker/date. Relative strength versus the benchmark looked weak. 1-month excess return -5.73%; 3-month excess return -8.11%; 6-month excess return -7.71%."
2024-04-23,CARR,11.516145011076052,0.6559236548321471,,hit,linear_regression,target_5d_return,"Technical state is mixed, with price not fully aligned across the major moving averages. MACD remains on the bearish side.",No recent matched news was found for this ticker/date.,Relative strength versus the benchmark looked weak. 1-month excess return -1.71%; 3-month excess return -5.69%; 6-month excess return -5.91%.,"Model view: the forward return estimate was mildly positive at about 0.66%. Confidence was not explicitly available for this prediction. Technical state is mixed, with price not fully aligned across the major moving averages. MACD remains on the bearish side. No recent matched news was found for this ticker/date. Relative strength versus the benchmark looked weak. 1-month excess return -1.71%; 3-month excess return -5.69%; 6-month excess return -5.91%."
2024-04-24,CARR,11.593935404506617,-0.23503038120250386,,miss,linear_regression,target_5d_return,"Technical state is soft, with price below the 50-day and 200-day averages. MACD remains on the bearish side.",No recent matched news was found for this ticker/date.,Relative strength versus the benchmark looked weak. 1-month excess return -1.72%; 3-month excess return -4.51%; 6-month excess return -7.31%.,"Model view: the forward return estimate was mildly negative at about -0.24%. Confidence was not explicitly available for this prediction. Technical state is soft, with price below the 50-day and 200-day averages. MACD remains on the bearish side. No recent matched news was found for this ticker/date. Relative strength versus the benchmark looked weak. 1-month excess return -1.72%; 3-month excess return -4.51%; 6-month excess return -7.31%."
2024-04-25,CARR,1.889311532306004,-3.9572365726346215,,miss,linear_regression,target_5d_return,"Technical state is constructive, with price above the 50-day and 200-day averages. RSI is in a steady zone near 64.3. MACD remains on the bullish side. Volatility is elevated at roughly 40.3%.",No recent matched news was found for this ticker/date.,Relative strength versus the benchmark looked favorable. 1-month excess return 6.89%; 3-month excess return 3.08%; 6-month excess return 5.36%.,"Model view: the forward return estimate was mildly negative at about -3.96%. Confidence was not explicitly available for this prediction. Technical state is constructive, with price above the 50-day and 200-day averages. RSI is in a steady zone near 64.3. MACD remains on the bullish side. Volatility is elevated at roughly 40.3%. No recent matched news was found for this ticker/date. Relative strength versus the benchmark looked favorable. 1-month excess return 6.89%; 3-month excess return 3.08%; 6-month excess return 5.36%."
2024-04-26,CARR,2.628099425765118,-7.262164531590401,,miss,linear_regression,target_5d_return,"Technical state is constructive, with price above the 50-day and 200-day averages. MACD remains on the bullish side. Volatility is elevated at roughly 40.4%.",No recent matched news was found for this ticker/date.,Relative strength versus the benchmark looked favorable. 1-month excess return 7.71%; 3-month excess return 4.75%; 6-month excess return 6.85%.,"Model view: the forward return estimate was mildly negative at about -7.26%. Confidence was not explicitly available for this prediction. Technical state is constructive, with price above the 50-day and 200-day averages. MACD remains on the bullish side. Volatility is elevated at roughly 40.4%. No recent matched news was found for this ticker/date. Relative strength versus the benchmark looked favorable. 1-month excess return 7.71%; 3-month excess return 4.75%; 6-month excess return 6.85%."
2024-04-29,CARR,2.1527643020734066,-9.178357496862702,,miss,linear_regression,target_5d_return,"Technical state is constructive, with price above the 50-day and 200-day averages. RSI is elevated near 71.2, so chasing strength may add risk. MACD remains on the bullish side. Volatility is elevated at roughly 41.8%.",No recent matched news was found for this ticker/date.,Relative strength versus the benchmark looked favorable. 1-month excess return 10.35%; 3-month excess return 7.52%; 6-month excess return 11.45%.,"Model view: the forward return estimate was mildly negative at about -9.18%. Confidence was not explicitly available for this prediction. Technical state is constructive, with price above the 50-day and 200-day averages. RSI is elevated near 71.2, so chasing strength may add risk. MACD remains on the bullish side. Volatility is elevated at roughly 41.8%. No recent matched news was found for this ticker/date. Relative strength versus the benchmark looked favorable. 1-month excess return 10.35%; 3-month excess return 7.52%; 6-month excess return 11.45%."
2024-04-30,CARR,4.504798149539968,-8.330626446704088,,miss,linear_regression,target_5d_return,"Technical state is constructive, with price above the 50-day and 200-day averages. MACD remains on the bullish side. Volatility is elevated at roughly 42.3%.",No recent matched news was found for this ticker/date.,Relative strength versus the benchmark looked favorable. 1-month excess return 11.01%; 3-month excess return 6.89%; 6-month excess return 9.95%.,"Model view: the forward return estimate was mildly negative at about -8.33%. Confidence was not explicitly available for this prediction. Technical state is constructive, with price above the 50-day and 200-day averages. MACD remains on the bullish side. Volatility is elevated at roughly 42.3%. No recent matched news was found for this ticker/date. Relative strength versus the benchmark looked favorable. 1-month excess return 11.01%; 3-month excess return 6.89%; 6-month excess return 9.95%."
2024-05-01,CARR,5.219238682029559,-8.881060850799365,,miss,linear_regression,target_5d_return,"Technical state is constructive, with price above the 50-day and 200-day averages. RSI is in a steady zone near 63.7. MACD remains on the bullish side. Volatility is elevated at roughly 42.5%.",No recent matched news was found for this ticker/date.,Relative strength versus the benchmark looked favorable. 1-month excess return 11.17%; 3-month excess return 8.09%; 6-month excess return 8.58%.,"Model view: the forward return estimate was mildly negative at about -8.88%. Confidence was not explicitly available for this prediction. Technical state is constructive, with price above the 50-day and 200-day averages. RSI is in a steady zone near 63.7. MACD remains on the bullish side. Volatility is elevated at roughly 42.5%. No recent matched news was found for this ticker/date. Relative strength versus the benchmark looked favorable. 1-month excess return 11.17%; 3-month excess return 8.09%; 6-month excess return 8.58%."
2024-05-02,CARR,7.056119681591078,-6.703709518849579,,miss,linear_regression,target_5d_return,"Technical state is constructive, with price above the 50-day and 200-day averages. RSI is in a steady zone near 62.8. MACD remains on the bullish side. Volatility is elevated at roughly 41.7%.",No recent matched news was found for this ticker/date.,Relative strength versus the benchmark looked favorable. 1-month excess return 9.78%; 3-month excess return 6.39%; 6-month excess return 7.03%.,"Model view: the forward return estimate was mildly negative at about -6.70%. Confidence was not explicitly available for this prediction. Technical state is constructive, with price above the 50-day and 200-day averages. RSI is in a steady zone near 62.8. MACD remains on the bullish side. Volatility is elevated at roughly 41.7%. No recent matched news was found for this ticker/date. Relative strength versus the benchmark looked favorable. 1-month excess return 9.78%; 3-month excess return 6.39%; 6-month excess return 7.03%."
2024-05-03,CARR,5.492027442473724,-6.341305347779518,,miss,linear_regression,target_5d_return,"Technical state is constructive, with price above the 50-day and 200-day averages. MACD remains on the bullish side. Volatility is elevated at roughly 41.9%.",No recent matched news was found for this ticker/date.,Relative strength versus the benchmark looked favorable. 1-month excess return 11.49%; 3-month excess return 5.90%; 6-month excess return 4.03%.,"Model view: the forward return estimate was mildly negative at about -6.34%. Confidence was not explicitly available for this prediction. Technical state is constructive, with price above the 50-day and 200-day averages. MACD remains on the bullish side. Volatility is elevated at roughly 41.9%. No recent matched news was found for this ticker/date. Relative strength versus the benchmark looked favorable. 1-month excess return 11.49%; 3-month excess return 5.90%; 6-month excess return 4.03%."
2024-05-06,CARR,0.42148654815974407,-6.444592059528753,,miss,linear_regression,target_5d_return,"Technical state is constructive, with price above the 50-day and 200-day averages. RSI is elevated near 70.6, so chasing strength may add risk. MACD remains on the bullish side. Volatility is elevated at roughly 42.4%.",No recent matched news was found for this ticker/date.,Relative strength versus the benchmark looked favorable. 1-month excess return 13.87%; 3-month excess return 8.98%; 6-month excess return 8.25%.,"Model view: the forward return estimate was mildly negative at about -6.44%. Confidence was not explicitly available for this prediction. Technical state is constructive, with price above the 50-day and 200-day averages. RSI is elevated near 70.6, so chasing strength may add risk. MACD remains on the bullish side. Volatility is elevated at roughly 42.4%. No recent matched news was found for this ticker/date. Relative strength versus the benchmark looked favorable. 1-month excess return 13.87%; 3-month excess return 8.98%; 6-month excess return 8.25%."
2024-05-07,CARR,1.0893198334450682,-7.306867592001546,,miss,linear_regression,target_5d_return,"Technical state is constructive, with price above the 50-day and 200-day averages. RSI is elevated near 71.0, so chasing strength may add risk. MACD remains on the bullish side. Volatility is elevated at roughly 42.4%.",No recent matched news was found for this ticker/date.,Relative strength versus the benchmark looked favorable. 1-month excess return 11.37%; 3-month excess return 13.61%; 6-month excess return 8.16%.,"Model view: the forward return estimate was mildly negative at about -7.31%. Confidence was not explicitly available for this prediction. Technical state is constructive, with price above the 50-day and 200-day averages. RSI is elevated near 71.0, so chasing strength may add risk. MACD remains on the bullish side. Volatility is elevated at roughly 42.4%. No recent matched news was found for this ticker/date. Relative strength versus the benchmark looked favorable. 1-month excess return 11.37%; 3-month excess return 13.61%; 6-month excess return 8.16%."
2024-05-08,CARR,2.3169111331508008,-6.789215650991999,,miss,linear_regression,target_5d_return,"Technical state is constructive, with price above the 50-day and 200-day averages. RSI is elevated near 71.1, so chasing strength may add risk. MACD remains on the bullish side. Volatility is elevated at roughly 41.3%.",No recent matched news was found for this ticker/date.,Relative strength versus the benchmark looked favorable. 1-month excess return 11.06%; 3-month excess return 15.61%; 6-month excess return 9.14%.,"Model view: the forward return estimate was mildly negative at about -6.79%. Confidence was not explicitly available for this prediction. Technical state is constructive, with price above the 50-day and 200-day averages. RSI is elevated near 71.1, so chasing strength may add risk. MACD remains on the bullish side. Volatility is elevated at roughly 41.3%. No recent matched news was found for this ticker/date. Relative strength versus the benchmark looked favorable. 1-month excess return 11.06%; 3-month excess return 15.61%; 6-month excess return 9.14%."
2024-05-09,CARR,-0.3678692085040902,-6.953173608680829,,hit,linear_regression,target_5d_return,"Technical state is constructive, with price above the 50-day and 200-day averages. RSI is elevated near 73.2, so chasing strength may add risk. MACD remains on the bullish side. Volatility is elevated at roughly 41.2%.",No recent matched news was found for this ticker/date.,Relative strength versus the benchmark looked favorable. 1-month excess return 13.51%; 3-month excess return 14.11%; 6-month excess return 10.18%.,"Model view: the forward return estimate was mildly negative at about -6.95%. Confidence was not explicitly available for this prediction. Technical state is constructive, with price above the 50-day and 200-day averages. RSI is elevated near 73.2, so chasing strength may add risk. MACD remains on the bullish side. Volatility is elevated at roughly 41.2%. No recent matched news was found for this ticker/date. Relative strength versus the benchmark looked favorable. 1-month excess return 13.51%; 3-month excess return 14.11%; 6-month excess return 10.18%."
2024-05-10,CARR,-0.4122086153685589,-5.457702120718637,,hit,linear_regression,target_5d_return,"Technical state is constructive, with price above the 50-day and 200-day averages. RSI is elevated near 73.8, so chasing strength may add risk. MACD remains on the bullish side. Volatility is elevated at roughly 41.2%.",No recent matched news was found for this ticker/date.,Relative strength versus the benchmark looked favorable. 1-month excess return 15.12%; 3-month excess return 13.02%; 6-month excess return 9.37%.,"Model view: the forward return estimate was mildly negative at about -5.46%. Confidence was not explicitly available for this prediction. Technical state is constructive, with price above the 50-day and 200-day averages. RSI is elevated near 73.8, so chasing strength may add risk. MACD remains on the bullish side. Volatility is elevated at roughly 41.2%. No recent matched news was found for this ticker/date. Relative strength versus the benchmark looked favorable. 1-month excess return 15.12%; 3-month excess return 13.02%; 6-month excess return 9.37%."
2024-05-13,CARR,2.564902034687,-5.241224287585944,,miss,linear_regression,target_5d_return,"Technical state is constructive, with price above the 50-day and 200-day averages. MACD remains on the bullish side. Volatility is elevated at roughly 40.6%.",No recent matched news was found for this ticker/date.,Relative strength versus the benchmark looked favorable. 1-month excess return 11.22%; 3-month excess return 10.82%; 6-month excess return 7.46%.,"Model view: the forward return estimate was mildly negative at about -5.24%. Confidence was not explicitly available for this prediction. Technical state is constructive, with price above the 50-day and 200-day averages. MACD remains on the bullish side. Volatility is elevated at roughly 40.6%. No recent matched news was found for this ticker/date. Relative strength versus the benchmark looked favorable. 1-month excess return 11.22%; 3-month excess return 10.82%; 6-month excess return 7.46%."
2024-05-14,CARR,1.9396584882829027,-5.494942385545849,,miss,linear_regression,target_5d_return,"Technical state is constructive, with price above the 50-day and 200-day averages. MACD remains on the bullish side. Volatility is elevated at roughly 39.9%.",No recent matched news was found for this ticker/date.,Relative strength versus the benchmark looked favorable. 1-month excess return 13.37%; 3-month excess return 14.40%; 6-month excess return 7.32%.,"Model view: the forward return estimate was mildly negative at about -5.49%. Confidence was not explicitly available for this prediction. Technical state is constructive, with price above the 50-day and 200-day averages. MACD remains on the bullish side. Volatility is elevated at roughly 39.9%. No recent matched news was found for this ticker/date. Relative strength versus the benchmark looked favorable. 1-month excess return 13.37%; 3-month excess return 14.40%; 6-month excess return 7.32%."
2024-05-15,CARR,-0.6838975026836169,-4.73689706188106,,hit,linear_regression,target_5d_return,"Technical state is constructive, with price above the 50-day and 200-day averages. RSI is elevated near 70.7, so chasing strength may add risk. MACD remains on the bullish side. Volatility is elevated at roughly 39.3%.",No recent matched news was found for this ticker/date.,Relative strength versus the benchmark looked favorable. 1-month excess return 14.95%; 3-month excess return 13.39%; 6-month excess return 8.79%.,"Model view: the forward return estimate was mildly negative at about -4.74%. Confidence was not explicitly available for this prediction. Technical state is constructive, with price above the 50-day and 200-day averages. RSI is elevated near 70.7, so chasing strength may add risk. MACD remains on the bullish side. Volatility is elevated at roughly 39.3%. No recent matched news was found for this ticker/date. Relative strength versus the benchmark looked favorable. 1-month excess return 14.95%; 3-month excess return 13.39%; 6-month excess return 8.79%."
2024-05-16,CARR,-1.0000023475060127,-3.9251308086838756,,hit,linear_regression,target_5d_return,"Technical state is constructive, with price above the 50-day and 200-day averages. MACD remains on the bullish side. Volatility is elevated at roughly 39.0%.",No recent matched news was found for this ticker/date.,Relative strength versus the benchmark looked favorable. 1-month excess return 14.17%; 3-month excess return 10.64%; 6-month excess return 5.19%.,"Model view: the forward return estimate was mildly negative at about -3.93%. Confidence was not explicitly available for this prediction. Technical state is constructive, with price above the 50-day and 200-day averages. MACD remains on the bullish side. Volatility is elevated at roughly 39.0%. No recent matched news was found for this ticker/date. Relative strength versus the benchmark looked favorable. 1-month excess return 14.17%; 3-month excess return 10.64%; 6-month excess return 5.19%."
2024-05-17,CARR,0.6438726771898384,-3.4311966392957856,,miss,linear_regression,target_5d_return,"Technical state is constructive, with price above the 50-day and 200-day averages. MACD remains on the bullish side. Volatility is elevated at roughly 39.0%.",No recent matched news was found for this ticker/date.,Relative strength versus the benchmark looked favorable. 1-month excess return 16.15%; 3-month excess return 14.77%; 6-month excess return 6.80%.,"Model view: the forward return estimate was mildly negative at about -3.43%. Confidence was not explicitly available for this prediction. Technical state is constructive, with price above the 50-day and 200-day averages. MACD remains on the bullish side. Volatility is elevated at roughly 39.0%. No recent matched news was found for this ticker/date. Relative strength versus the benchmark looked favorable. 1-month excess return 16.15%; 3-month excess return 14.77%; 6-month excess return 6.80%."
2024-05-20,CARR,-1.985457898359777,-4.537773703604651,,hit,linear_regression,target_5d_return,"Technical state is constructive, with price above the 50-day and 200-day averages. MACD remains on the bullish side. Volatility is elevated at roughly 38.9%.",No recent matched news was found for this ticker/date.,Relative strength versus the benchmark looked favorable. 1-month excess return 16.21%; 3-month excess return 16.77%; 6-month excess return 7.49%.,"Model view: the forward return estimate was mildly negative at about -4.54%. Confidence was not explicitly available for this prediction. Technical state is constructive, with price above the 50-day and 200-day averages. MACD remains on the bullish side. Volatility is elevated at roughly 38.9%. No recent matched news was found for this ticker/date. Relative strength versus the benchmark looked favorable. 1-month excess return 16.21%; 3-month excess return 16.77%; 6-month excess return 7.49%."
2024-05-21,CARR,-4.756873252509219,-5.024601829078429,,hit,linear_regression,target_5d_return,"Technical state is constructive, with price above the 50-day and 200-day averages. MACD remains on the bullish side. Volatility is elevated at roughly 38.4%.",No recent matched news was found for this ticker/date.,Relative strength versus the benchmark looked favorable. 1-month excess return 17.09%; 3-month excess return 16.26%; 6-month excess return 6.52%.,"Model view: the forward return estimate was mildly negative at about -5.02%. Confidence was not explicitly available for this prediction. Technical state is constructive, with price above the 50-day and 200-day averages. MACD remains on the bullish side. Volatility is elevated at roughly 38.4%. No recent matched news was found for this ticker/date. Relative strength versus the benchmark looked favorable. 1-month excess return 17.09%; 3-month excess return 16.26%; 6-month excess return 6.52%."
2024-05-22,CARR,-3.0757434865574917,-5.138823901659131,,hit,linear_regression,target_5d_return,"Technical state is constructive, with price above the 50-day and 200-day averages. RSI is in a steady zone near 64.1. MACD remains on the bullish side. Volatility is elevated at roughly 38.8%.",No recent matched news was found for this ticker/date.,Relative strength versus the benchmark looked favorable. 1-month excess return 13.74%; 3-month excess return 16.96%; 6-month excess return 5.26%.,"Model view: the forward return estimate was mildly negative at about -5.14%. Confidence was not explicitly available for this prediction. Technical state is constructive, with price above the 50-day and 200-day averages. RSI is in a steady zone near 64.1. MACD remains on the bullish side. Volatility is elevated at roughly 38.8%. No recent matched news was found for this ticker/date. Relative strength versus the benchmark looked favorable. 1-month excess return 13.74%; 3-month excess return 16.96%; 6-month excess return 5.26%."
2024-05-23,CARR,-1.8026416082645547,-0.15192919908659652,,hit,linear_regression,target_5d_return,"Technical state is constructive, with price above the 50-day and 200-day averages. RSI is in a steady zone near 58.3. MACD remains on the bearish side.",No recent matched news was found for this ticker/date.,Relative strength versus the benchmark looked favorable. 1-month excess return 13.41%; 3-month excess return 15.16%; 6-month excess return 5.92%.,"Model view: the forward return estimate was mildly negative at about -0.15%. Confidence was not explicitly available for this prediction. Technical state is constructive, with price above the 50-day and 200-day averages. RSI is in a steady zone near 58.3. MACD remains on the bearish side. No recent matched news was found for this ticker/date. Relative strength versus the benchmark looked favorable. 1-month excess return 13.41%; 3-month excess return 15.16%; 6-month excess return 5.92%."
2024-05-24,CARR,-5.575018678361121,-3.7055325525265714,,hit,linear_regression,target_5d_return,"Technical state is constructive, with price above the 50-day and 200-day averages. RSI is in a steady zone near 63.0. MACD remains on the bearish side.",No recent matched news was found for this ticker/date.,Relative strength versus the benchmark looked favorable. 1-month excess return 4.54%; 3-month excess return 16.92%; 6-month excess return 8.05%.,"Model view: the forward return estimate was mildly negative at about -3.71%. Confidence was not explicitly available for this prediction. Technical state is constructive, with price above the 50-day and 200-day averages. RSI is in a steady zone near 63.0. MACD remains on the bearish side. No recent matched news was found for this ticker/date. Relative strength versus the benchmark looked favorable. 1-month excess return 4.54%; 3-month excess return 16.92%; 6-month excess return 8.05%."
2024-05-28,CARR,-5.257457565252144,-2.9757282177525624,,hit,linear_regression,target_5d_return,"Technical state is constructive, with price above the 50-day and 200-day averages. RSI is in a steady zone near 57.7. MACD remains on the bearish side.",No recent matched news was found for this ticker/date.,Relative strength versus the benchmark looked favorable. 1-month excess return 2.63%; 3-month excess return 12.95%; 6-month excess return 5.63%.,"Model view: the forward return estimate was mildly negative at about -2.98%. Confidence was not explicitly available for this prediction. Technical state is constructive, with price above the 50-day and 200-day averages. RSI is in a steady zone near 57.7. MACD remains on the bearish side. No recent matched news was found for this ticker/date. Relative strength versus the benchmark looked favorable. 1-month excess return 2.63%; 3-month excess return 12.95%; 6-month excess return 5.63%."
2024-05-29,CARR,0.1585515690581074,-2.910526882051201,,miss,linear_regression,target_5d_return,"Technical state is constructive, with price above the 50-day and 200-day averages. RSI is in a steady zone near 50.4. MACD remains on the bearish side.",No recent matched news was found for this ticker/date.,Relative strength versus the benchmark looked favorable. 1-month excess return -2.59%; 3-month excess return 11.20%; 6-month excess return 5.15%.,"Model view: the forward return estimate was mildly negative at about -2.91%. Confidence was not explicitly available for this prediction. Technical state is constructive, with price above the 50-day and 200-day averages. RSI is in a steady zone near 50.4. MACD remains on the bearish side. No recent matched news was found for this ticker/date. Relative strength versus the benchmark looked favorable. 1-month excess return -2.59%; 3-month excess return 11.20%; 6-month excess return 5.15%."
2024-05-30,CARR,-1.3577527759390584,-2.5930212984128147,,hit,linear_regression,target_5d_return,"Technical state is constructive, with price above the 50-day and 200-day averages. RSI is in a steady zone near 51.5. MACD remains on the bearish side.",No recent matched news was found for this ticker/date.,Relative strength versus the benchmark looked favorable. 1-month excess return -1.11%; 3-month excess return 11.07%; 6-month excess return 7.76%.,"Model view: the forward return estimate was mildly negative at about -2.59%. Confidence was not explicitly available for this prediction. Technical state is constructive, with price above the 50-day and 200-day averages. RSI is in a steady zone near 51.5. MACD remains on the bearish side. No recent matched news was found for this ticker/date. Relative strength versus the benchmark looked favorable. 1-month excess return -1.11%; 3-month excess return 11.07%; 6-month excess return 7.76%."
2024-05-31,CARR,-0.7596131550372309,-3.5404857993561905,,hit,linear_regression,target_5d_return,"Technical state is constructive, with price above the 50-day and 200-day averages. RSI is in a steady zone near 50.8. MACD remains on the bearish side.",No recent matched news was found for this ticker/date.,Relative strength versus the benchmark looked favorable. 1-month excess return -1.98%; 3-month excess return 9.12%; 6-month excess return 5.03%.,"Model view: the forward return estimate was mildly negative at about -3.54%. Confidence was not explicitly available for this prediction. Technical state is constructive, with price above the 50-day and 200-day averages. RSI is in a steady zone near 50.8. MACD remains on the bearish side. No recent matched news was found for this ticker/date. Relative strength versus the benchmark looked favorable. 1-month excess return -1.98%; 3-month excess return 9.12%; 6-month excess return 5.03%."
2024-06-03,CARR,0.8872386226303375,-2.56220041249955,,miss,linear_regression,target_5d_return,"Technical state is constructive, with price above the 50-day and 200-day averages. MACD remains on the bearish side.",No recent matched news was found for this ticker/date.,Relative strength versus the benchmark looked favorable. 1-month excess return -2.79%; 3-month excess return 5.44%; 6-month excess return 3.63%.,"Model view: the forward return estimate was mildly negative at about -2.56%. Confidence was not explicitly available for this prediction. Technical state is constructive, with price above the 50-day and 200-day averages. MACD remains on the bearish side. No recent matched news was found for this ticker/date. Relative strength versus the benchmark looked favorable. 1-month excess return -2.79%; 3-month excess return 5.44%; 6-month excess return 3.63%."
2024-06-04,CARR,1.1914469345231327,-2.363667551719934,,miss,linear_regression,target_5d_return,"Technical state is constructive, with price above the 50-day and 200-day averages. MACD remains on the bearish side.",No recent matched news was found for this ticker/date.,Relative strength versus the benchmark looked mixed. 1-month excess return -4.67%; 3-month excess return 4.07%; 6-month excess return -0.02%.,"Model view: the forward return estimate was mildly negative at about -2.36%. Confidence was not explicitly available for this prediction. Technical state is constructive, with price above the 50-day and 200-day averages. MACD remains on the bearish side. No recent matched news was found for this ticker/date. Relative strength versus the benchmark looked mixed. 1-month excess return -4.67%; 3-month excess return 4.07%; 6-month excess return -0.02%."
2024-06-05,CARR,1.9154648085259796,-3.9957231362708256,,miss,linear_regression,target_5d_return,"Technical state is constructive, with price above the 50-day and 200-day averages. RSI is in a steady zone near 51.4. MACD remains on the bearish side.",No recent matched news was found for this ticker/date.,Relative strength versus the benchmark looked favorable. 1-month excess return -4.93%; 3-month excess return 4.55%; 6-month excess return 1.05%.,"Model view: the forward return estimate was mildly negative at about -4.00%. Confidence was not explicitly available for this prediction. Technical state is constructive, with price above the 50-day and 200-day averages. RSI is in a steady zone near 51.4. MACD remains on the bearish side. No recent matched news was found for this ticker/date. Relative strength versus the benchmark looked favorable. 1-month excess return -4.93%; 3-month excess return 4.55%; 6-month excess return 1.05%."
2024-06-06,CARR,2.4167768042471005,-4.133559763212986,,miss,linear_regression,target_5d_return,"Technical state is constructive, with price above the 50-day and 200-day averages. MACD remains on the bearish side.",No recent matched news was found for this ticker/date.,Relative strength versus the benchmark looked favorable. 1-month excess return -6.14%; 3-month excess return 1.08%; 6-month excess return 1.73%.,"Model view: the forward return estimate was mildly negative at about -4.13%. Confidence was not explicitly available for this prediction. Technical state is constructive, with price above the 50-day and 200-day averages. MACD remains on the bearish side. No recent matched news was found for this ticker/date. Relative strength versus the benchmark looked favorable. 1-month excess return -6.14%; 3-month excess return 1.08%; 6-month excess return 1.73%."
2024-06-07,CARR,2.6152119495956194,-4.7253218645676895,,miss,linear_regression,target_5d_return,"Technical state is constructive, with price above the 50-day and 200-day averages. MACD remains on the bearish side.",No recent matched news was found for this ticker/date.,Relative strength versus the benchmark looked favorable. 1-month excess return -5.72%; 3-month excess return 3.69%; 6-month excess return 0.84%.,"Model view: the forward return estimate was mildly negative at about -4.73%. Confidence was not explicitly available for this prediction. Technical state is constructive, with price above the 50-day and 200-day averages. MACD remains on the bearish side. No recent matched news was found for this ticker/date. Relative strength versus the benchmark looked favorable. 1-month excess return -5.72%; 3-month excess return 3.69%; 6-month excess return 0.84%."
2024-06-10,CARR,4.125362637169605,-5.387361803529004,,miss,linear_regression,target_5d_return,"Technical state is constructive, with price above the 50-day and 200-day averages. MACD remains on the bearish side.",No recent matched news was found for this ticker/date.,Relative strength versus the benchmark looked favorable. 1-month excess return -7.12%; 3-month excess return 4.68%; 6-month excess return 1.32%.,"Model view: the forward return estimate was mildly negative at about -5.39%. Confidence was not explicitly available for this prediction. Technical state is constructive, with price above the 50-day and 200-day averages. MACD remains on the bearish side. No recent matched news was found for this ticker/date. Relative strength versus the benchmark looked favorable. 1-month excess return -7.12%; 3-month excess return 4.68%; 6-month excess return 1.32%."
2024-06-11,CARR,6.000001968876001,-5.808611243653451,,miss,linear_regression,target_5d_return,"Technical state is constructive, with price above the 50-day and 200-day averages. MACD remains on the bearish side.",No recent matched news was found for this ticker/date.,Relative strength versus the benchmark looked mixed. 1-month excess return -8.43%; 3-month excess return 3.19%; 6-month excess return -4.52%.,"Model view: the forward return estimate was mildly negative at about -5.81%. Confidence was not explicitly available for this prediction. Technical state is constructive, with price above the 50-day and 200-day averages. MACD remains on the bearish side. No recent matched news was found for this ticker/date. Relative strength versus the benchmark looked mixed. 1-month excess return -8.43%; 3-month excess return 3.19%; 6-month excess return -4.52%."
2024-06-12,CARR,-0.24851823476328416,-6.074972063581952,,hit,linear_regression,target_5d_return,"Technical state is constructive, with price above the 50-day and 200-day averages. RSI is in a steady zone near 56.6. MACD remains on the bearish side.",No recent matched news was found for this ticker/date.,Relative strength versus the benchmark looked mixed. 1-month excess return -3.86%; 3-month excess return 6.35%; 6-month excess return -2.15%.,"Model view: the forward return estimate was mildly negative at about -6.07%. Confidence was not explicitly available for this prediction. Technical state is constructive, with price above the 50-day and 200-day averages. RSI is in a steady zone near 56.6. MACD remains on the bearish side. No recent matched news was found for this ticker/date. Relative strength versus the benchmark looked mixed. 1-month excess return -3.86%; 3-month excess return 6.35%; 6-month excess return -2.15%."
2024-06-13,CARR,-1.7346469467668268,-7.7732570848395985,,hit,linear_regression,target_5d_return,"Technical state is constructive, with price above the 50-day and 200-day averages. RSI is in a steady zone near 54.8. MACD remains on the bearish side.",No recent matched news was found for this ticker/date.,Relative strength versus the benchmark looked mixed. 1-month excess return -5.14%; 3-month excess return 6.31%; 6-month excess return -3.26%.,"Model view: the forward return estimate was mildly negative at about -7.77%. Confidence was not explicitly available for this prediction. Technical state is constructive, with price above the 50-day and 200-day averages. RSI is in a steady zone near 54.8. MACD remains on the bearish side. No recent matched news was found for this ticker/date. Relative strength versus the benchmark looked mixed. 1-month excess return -5.14%; 3-month excess return 6.31%; 6-month excess return -3.26%."
2024-06-14,CARR,0.43511854846349785,-7.598688892163984,,miss,linear_regression,target_5d_return,"Technical state is constructive, with price above the 50-day and 200-day averages. RSI is in a steady zone near 56.2. MACD remains on the bearish side.",No recent matched news was found for this ticker/date.,Relative strength versus the benchmark looked mixed. 1-month excess return -4.68%; 3-month excess return 6.63%; 6-month excess return -0.05%.,"Model view: the forward return estimate was mildly negative at about -7.60%. Confidence was not explicitly available for this prediction. Technical state is constructive, with price above the 50-day and 200-day averages. RSI is in a steady zone near 56.2. MACD remains on the bearish side. No recent matched news was found for this ticker/date. Relative strength versus the benchmark looked mixed. 1-month excess return -4.68%; 3-month excess return 6.63%; 6-month excess return -0.05%."
2024-06-17,CARR,-1.827399249409134,-8.03807602472883,,hit,linear_regression,target_5d_return,"Technical state is constructive, with price above the 50-day and 200-day averages. RSI is in a steady zone near 59.1. MACD remains on the bullish side.",No recent matched news was found for this ticker/date.,Relative strength versus the benchmark looked mixed. 1-month excess return -3.31%; 3-month excess return 7.70%; 6-month excess return -5.22%.,"Model view: the forward return estimate was mildly negative at about -8.04%. Confidence was not explicitly available for this prediction. Technical state is constructive, with price above the 50-day and 200-day averages. RSI is in a steady zone near 59.1. MACD remains on the bullish side. No recent matched news was found for this ticker/date. Relative strength versus the benchmark looked mixed. 1-month excess return -3.31%; 3-month excess return 7.70%; 6-month excess return -5.22%."
2024-06-18,CARR,-4.351796343927338,-7.872218806872183,,hit,linear_regression,target_5d_return,"Technical state is constructive, with price above the 50-day and 200-day averages. RSI is in a steady zone near 61.3. MACD remains on the bullish side.",No recent matched news was found for this ticker/date.,Relative strength versus the benchmark looked mixed. 1-month excess return -2.86%; 3-month excess return 6.35%; 6-month excess return -1.80%.,"Model view: the forward return estimate was mildly negative at about -7.87%. Confidence was not explicitly available for this prediction. Technical state is constructive, with price above the 50-day and 200-day averages. RSI is in a steady zone near 61.3. MACD remains on the bullish side. No recent matched news was found for this ticker/date. Relative strength versus the benchmark looked mixed. 1-month excess return -2.86%; 3-month excess return 6.35%; 6-month excess return -1.80%."
2024-06-20,CARR,-1.5415784173913094,-7.5150347087150555,,hit,linear_regression,target_5d_return,"Technical state is constructive, with price above the 50-day and 200-day averages. RSI is in a steady zone near 53.6. MACD remains on the bullish side.",No recent matched news was found for this ticker/date.,Relative strength versus the benchmark looked mixed. 1-month excess return -5.89%; 3-month excess return 4.86%; 6-month excess return -2.32%.,"Model view: the forward return estimate was mildly negative at about -7.52%. Confidence was not explicitly available for this prediction. Technical state is constructive, with price above the 50-day and 200-day averages. RSI is in a steady zone near 53.6. MACD remains on the bullish side. No recent matched news was found for this ticker/date. Relative strength versus the benchmark looked mixed. 1-month excess return -5.89%; 3-month excess return 4.86%; 6-month excess return -2.32%."
2024-06-21,CARR,0.31806736568404936,-5.56913016414959,,miss,linear_regression,target_5d_return,"Technical state is constructive, with price above the 50-day and 200-day averages. MACD remains on the bearish side.",No recent matched news was found for this ticker/date.,Relative strength versus the benchmark looked mixed. 1-month excess return -7.77%; 3-month excess return 0.87%; 6-month excess return -4.18%.,"Model view: the forward return estimate was mildly negative at about -5.57%. Confidence was not explicitly available for this prediction. Technical state is constructive, with price above the 50-day and 200-day averages. MACD remains on the bearish side. No recent matched news was found for this ticker/date. Relative strength versus the benchmark looked mixed. 1-month excess return -7.77%; 3-month excess return 0.87%; 6-month excess return -4.18%."
2024-06-24,CARR,-4.224038130211561,-4.969475351468723,,hit,linear_regression,target_5d_return,"Technical state is constructive, with price above the 50-day and 200-day averages. RSI is in a steady zone near 54.7. MACD remains on the bearish side.",No recent matched news was found for this ticker/date.,Relative strength versus the benchmark looked mixed. 1-month excess return -3.85%; 3-month excess return 7.27%; 6-month excess return -0.94%.,"Model view: the forward return estimate was mildly negative at about -4.97%. Confidence was not explicitly available for this prediction. Technical state is constructive, with price above the 50-day and 200-day averages. RSI is in a steady zone near 54.7. MACD remains on the bearish side. No recent matched news was found for this ticker/date. Relative strength versus the benchmark looked mixed. 1-month excess return -3.85%; 3-month excess return 7.27%; 6-month excess return -0.94%."
2024-06-25,CARR,-1.7206295461757337,-5.506563264652391,,hit,linear_regression,target_5d_return,"Technical state is constructive, with price above the 50-day and 200-day averages. RSI is in a steady zone near 51.7. MACD remains on the bearish side.",No recent matched news was found for this ticker/date.,Relative strength versus the benchmark looked mixed. 1-month excess return -4.60%; 3-month excess return 6.29%; 6-month excess return -3.40%.,"Model view: the forward return estimate was mildly negative at about -5.51%. Confidence was not explicitly available for this prediction. Technical state is constructive, with price above the 50-day and 200-day averages. RSI is in a steady zone near 51.7. MACD remains on the bearish side. No recent matched news was found for this ticker/date. Relative strength versus the benchmark looked mixed. 1-month excess return -4.60%; 3-month excess return 6.29%; 6-month excess return -3.40%."
2024-06-26,CARR,0.9544996313956222,-5.463704409813778,,miss,linear_regression,target_5d_return,"Technical state is constructive, with price above the 50-day and 200-day averages. MACD remains on the bearish side.",No recent matched news was found for this ticker/date.,Relative strength versus the benchmark looked mixed. 1-month excess return -7.61%; 3-month excess return 3.69%; 6-month excess return -5.48%.,"Model view: the forward return estimate was mildly negative at about -5.46%. Confidence was not explicitly available for this prediction. Technical state is constructive, with price above the 50-day and 200-day averages. MACD remains on the bearish side. No recent matched news was found for this ticker/date. Relative strength versus the benchmark looked mixed. 1-month excess return -7.61%; 3-month excess return 3.69%; 6-month excess return -5.48%."
2024-06-27,CARR,0.01581865618043299,-4.009966894745623,,miss,linear_regression,target_5d_return,"Technical state is constructive, with price above the 50-day and 200-day averages. MACD remains on the bearish side.",No recent matched news was found for this ticker/date.,Relative strength versus the benchmark looked mixed. 1-month excess return -5.66%; 3-month excess return 4.82%; 6-month excess return -5.19%.,"Model view: the forward return estimate was mildly negative at about -4.01%. Confidence was not explicitly available for this prediction. Technical state is constructive, with price above the 50-day and 200-day averages. MACD remains on the bearish side. No recent matched news was found for this ticker/date. Relative strength versus the benchmark looked mixed. 1-month excess return -5.66%; 3-month excess return 4.82%; 6-month excess return -5.19%."
2024-06-28,CARR,0.07926321434559291,-2.423831197718541,,miss,linear_regression,target_5d_return,"Technical state is constructive, with price above the 50-day and 200-day averages. MACD remains on the bearish side.",No recent matched news was found for this ticker/date.,Relative strength versus the benchmark looked mixed. 1-month excess return -3.38%; 3-month excess return 4.47%; 6-month excess return -5.04%.,"Model view: the forward return estimate was mildly negative at about -2.42%. Confidence was not explicitly available for this prediction. Technical state is constructive, with price above the 50-day and 200-day averages. MACD remains on the bearish side. No recent matched news was found for this ticker/date. Relative strength versus the benchmark looked mixed. 1-month excess return -3.38%; 3-month excess return 4.47%; 6-month excess return -5.04%."
2024-07-01,CARR,0.630047463707073,-2.669462588985808,,miss,linear_regression,target_5d_return,"Technical state is mixed, with price not fully aligned across the major moving averages. MACD remains on the bearish side.",No recent matched news was found for this ticker/date.,Relative strength versus the benchmark looked mixed. 1-month excess return -6.61%; 3-month excess return 3.42%; 6-month excess return -7.06%.,"Model view: the forward return estimate was mildly negative at about -2.67%. Confidence was not explicitly available for this prediction. Technical state is mixed, with price not fully aligned across the major moving averages. MACD remains on the bearish side. No recent matched news was found for this ticker/date. Relative strength versus the benchmark looked mixed. 1-month excess return -6.61%; 3-month excess return 3.42%; 6-month excess return -7.06%."
2024-07-02,CARR,1.2255238271946522,-2.9061856743983787,,miss,linear_regression,target_5d_return,"Technical state is mixed, with price not fully aligned across the major moving averages. MACD remains on the bearish side.",No recent matched news was found for this ticker/date.,Relative strength versus the benchmark looked mixed. 1-month excess return -4.68%; 3-month excess return 4.83%; 6-month excess return -6.14%.,"Model view: the forward return estimate was mildly negative at about -2.91%. Confidence was not explicitly available for this prediction. Technical state is mixed, with price not fully aligned across the major moving averages. MACD remains on the bearish side. No recent matched news was found for this ticker/date. Relative strength versus the benchmark looked mixed. 1-month excess return -4.68%; 3-month excess return 4.83%; 6-month excess return -6.14%."
2024-07-03,CARR,4.648604822243874,-2.6130170682428284,,miss,linear_regression,target_5d_return,"Technical state is constructive, with price above the 50-day and 200-day averages. RSI is in a steady zone near 50.8. MACD remains on the bearish side.",No recent matched news was found for this ticker/date.,Relative strength versus the benchmark looked mixed. 1-month excess return -2.09%; 3-month excess return 5.28%; 6-month excess return -4.36%.,"Model view: the forward return estimate was mildly negative at about -2.61%. Confidence was not explicitly available for this prediction. Technical state is constructive, with price above the 50-day and 200-day averages. RSI is in a steady zone near 50.8. MACD remains on the bearish side. No recent matched news was found for this ticker/date. Relative strength versus the benchmark looked mixed. 1-month excess return -2.09%; 3-month excess return 5.28%; 6-month excess return -4.36%."
2024-07-05,CARR,4.364323605755027,-2.4826365110005115,,miss,linear_regression,target_5d_return,"Technical state is mixed, with price not fully aligned across the major moving averages. MACD remains on the bearish side.",No recent matched news was found for this ticker/date.,Relative strength versus the benchmark looked mixed. 1-month excess return -1.75%; 3-month excess return 5.10%; 6-month excess return -3.16%.,"Model view: the forward return estimate was mildly negative at about -2.48%. Confidence was not explicitly available for this prediction. Technical state is mixed, with price not fully aligned across the major moving averages. MACD remains on the bearish side. No recent matched news was found for this ticker/date. Relative strength versus the benchmark looked mixed. 1-month excess return -1.75%; 3-month excess return 5.10%; 6-month excess return -3.16%."
2024-07-08,CARR,6.700458531075104,-1.692320549838796,,miss,linear_regression,target_5d_return,"Technical state is mixed, with price not fully aligned across the major moving averages. MACD remains on the bearish side.",No recent matched news was found for this ticker/date.,Relative strength versus the benchmark looked mixed. 1-month excess return -3.88%; 3-month excess return 4.75%; 6-month excess return -5.05%.,"Model view: the forward return estimate was mildly negative at about -1.69%. Confidence was not explicitly available for this prediction. Technical state is mixed, with price not fully aligned across the major moving averages. MACD remains on the bearish side. No recent matched news was found for this ticker/date. Relative strength versus the benchmark looked mixed. 1-month excess return -3.88%; 3-month excess return 4.75%; 6-month excess return -5.05%."
2024-07-09,CARR,12.184935344893578,-0.8765801724145539,,miss,linear_regression,target_5d_return,"Technical state is mixed, with price not fully aligned across the major moving averages. MACD remains on the bearish side.",No recent matched news was found for this ticker/date.,Relative strength versus the benchmark looked weak. 1-month excess return -4.26%; 3-month excess return 0.52%; 6-month excess return -7.03%.,"Model view: the forward return estimate was mildly negative at about -0.88%. Confidence was not explicitly available for this prediction. Technical state is mixed, with price not fully aligned across the major moving averages. MACD remains on the bearish side. No recent matched news was found for this ticker/date. Relative strength versus the benchmark looked weak. 1-month excess return -4.26%; 3-month excess return 0.52%; 6-month excess return -7.03%."
2024-07-10,CARR,6.257867063555134,-1.2356418500984296,,miss,linear_regression,target_5d_return,"Technical state is mixed, with price not fully aligned across the major moving averages. RSI is in a steady zone near 51.8. MACD remains on the bearish side.",No recent matched news was found for this ticker/date.,Relative strength versus the benchmark looked weak. 1-month excess return -3.68%; 3-month excess return 1.37%; 6-month excess return -5.54%.,"Model view: the forward return estimate was mildly negative at about -1.24%. Confidence was not explicitly available for this prediction. Technical state is mixed, with price not fully aligned across the major moving averages. RSI is in a steady zone near 51.8. MACD remains on the bearish side. No recent matched news was found for this ticker/date. Relative strength versus the benchmark looked weak. 1-month excess return -3.68%; 3-month excess return 1.37%; 6-month excess return -5.54%."
2024-07-11,CARR,0.9637093123872065,-2.2040161272434977,,miss,linear_regression,target_5d_return,"Technical state is constructive, with price above the 50-day and 200-day averages. RSI is in a steady zone near 62.0. MACD remains on the bullish side. Volatility is elevated at roughly 30.3%.",No recent matched news was found for this ticker/date.,Relative strength versus the benchmark looked mixed. 1-month excess return 2.33%; 3-month excess return 8.54%; 6-month excess return -0.62%.,"Model view: the forward return estimate was mildly negative at about -2.20%. Confidence was not explicitly available for this prediction. Technical state is constructive, with price above the 50-day and 200-day averages. RSI is in a steady zone near 62.0. MACD remains on the bullish side. Volatility is elevated at roughly 30.3%. No recent matched news was found for this ticker/date. Relative strength versus the benchmark looked mixed. 1-month excess return 2.33%; 3-month excess return 8.54%; 6-month excess return -0.62%."
2024-07-12,CARR,0.3636331269235349,-3.2939490285022393,,miss,linear_regression,target_5d_return,"Technical state is constructive, with price above the 50-day and 200-day averages. RSI is in a steady zone near 60.0. MACD remains on the bullish side.",No recent matched news was found for this ticker/date.,Relative strength versus the benchmark looked mixed. 1-month excess return 2.19%; 3-month excess return 8.48%; 6-month excess return -1.78%.,"Model view: the forward return estimate was mildly negative at about -3.29%. Confidence was not explicitly available for this prediction. Technical state is constructive, with price above the 50-day and 200-day averages. RSI is in a steady zone near 60.0. MACD remains on the bullish side. No recent matched news was found for this ticker/date. Relative strength versus the benchmark looked mixed. 1-month excess return 2.19%; 3-month excess return 8.48%; 6-month excess return -1.78%."
2024-07-15,CARR,0.9501178501326812,-5.86474444898557,,miss,linear_regression,target_5d_return,"Technical state is constructive, with price above the 50-day and 200-day averages. RSI is in a steady zone near 64.1. MACD remains on the bullish side.",No recent matched news was found for this ticker/date.,Relative strength versus the benchmark looked favorable. 1-month excess return 0.92%; 3-month excess return 8.60%; 6-month excess return 0.58%.,"Model view: the forward return estimate was mildly negative at about -5.86%. Confidence was not explicitly available for this prediction. Technical state is constructive, with price above the 50-day and 200-day averages. RSI is in a steady zone near 64.1. MACD remains on the bullish side. No recent matched news was found for this ticker/date. Relative strength versus the benchmark looked favorable. 1-month excess return 0.92%; 3-month excess return 8.60%; 6-month excess return 0.58%."
2024-07-16,CARR,-2.3039505919167924,-7.791685917270962,,hit,linear_regression,target_5d_return,"Technical state is constructive, with price above the 50-day and 200-day averages. RSI is elevated near 70.2, so chasing strength may add risk. MACD remains on the bullish side. Volatility is elevated at roughly 30.8%.",No recent matched news was found for this ticker/date.,Relative strength versus the benchmark looked favorable. 1-month excess return 5.10%; 3-month excess return 14.04%; 6-month excess return 5.97%.,"Model view: the forward return estimate was mildly negative at about -7.79%. Confidence was not explicitly available for this prediction. Technical state is constructive, with price above the 50-day and 200-day averages. RSI is elevated near 70.2, so chasing strength may add risk. MACD remains on the bullish side. Volatility is elevated at roughly 30.8%. No recent matched news was found for this ticker/date. Relative strength versus the benchmark looked favorable. 1-month excess return 5.10%; 3-month excess return 14.04%; 6-month excess return 5.97%."
2024-07-17,CARR,-2.352772897609645,-8.648471895715126,,hit,linear_regression,target_5d_return,"Technical state is constructive, with price above the 50-day and 200-day averages. RSI is in a steady zone near 60.1. MACD remains on the bullish side. Volatility is elevated at roughly 33.3%.",No recent matched news was found for this ticker/date.,Relative strength versus the benchmark looked favorable. 1-month excess return 2.45%; 3-month excess return 12.82%; 6-month excess return 3.75%.,"Model view: the forward return estimate was mildly negative at about -8.65%. Confidence was not explicitly available for this prediction. Technical state is constructive, with price above the 50-day and 200-day averages. RSI is in a steady zone near 60.1. MACD remains on the bullish side. Volatility is elevated at roughly 33.3%. No recent matched news was found for this ticker/date. Relative strength versus the benchmark looked favorable. 1-month excess return 2.45%; 3-month excess return 12.82%; 6-month excess return 3.75%."
2024-07-18,CARR,-3.310963638569031,-7.341763324062995,,hit,linear_regression,target_5d_return,"Technical state is constructive, with price above the 50-day and 200-day averages. RSI is in a steady zone near 58.1. MACD remains on the bullish side. Volatility is elevated at roughly 33.4%.",No recent matched news was found for this ticker/date.,Relative strength versus the benchmark looked favorable. 1-month excess return 1.97%; 3-month excess return 13.17%; 6-month excess return 4.76%.,"Model view: the forward return estimate was mildly negative at about -7.34%. Confidence was not explicitly available for this prediction. Technical state is constructive, with price above the 50-day and 200-day averages. RSI is in a steady zone near 58.1. MACD remains on the bullish side. Volatility is elevated at roughly 33.4%. No recent matched news was found for this ticker/date. Relative strength versus the benchmark looked favorable. 1-month excess return 1.97%; 3-month excess return 13.17%; 6-month excess return 4.76%."
2024-07-19,CARR,0.800118955901663,-7.602548257584971,,miss,linear_regression,target_5d_return,"Technical state is constructive, with price above the 50-day and 200-day averages. RSI is in a steady zone near 55.0. MACD remains on the bullish side. Volatility is elevated at roughly 32.6%.",No recent matched news was found for this ticker/date.,Relative strength versus the benchmark looked favorable. 1-month excess return 0.74%; 3-month excess return 14.15%; 6-month excess return 4.35%.,"Model view: the forward return estimate was mildly negative at about -7.60%. Confidence was not explicitly available for this prediction. Technical state is constructive, with price above the 50-day and 200-day averages. RSI is in a steady zone near 55.0. MACD remains on the bullish side. Volatility is elevated at roughly 32.6%. No recent matched news was found for this ticker/date. Relative strength versus the benchmark looked favorable. 1-month excess return 0.74%; 3-month excess return 14.15%; 6-month excess return 4.35%."
2024-07-22,CARR,-0.558819490320539,-8.31953391640716,,hit,linear_regression,target_5d_return,"Technical state is constructive, with price above the 50-day and 200-day averages. RSI is in a steady zone near 60.0. MACD remains on the bullish side. Volatility is elevated at roughly 32.6%.",No recent matched news was found for this ticker/date.,Relative strength versus the benchmark looked favorable. 1-month excess return 4.51%; 3-month excess return 15.01%; 6-month excess return 6.69%.,"Model view: the forward return estimate was mildly negative at about -8.32%. Confidence was not explicitly available for this prediction. Technical state is constructive, with price above the 50-day and 200-day averages. RSI is in a steady zone near 60.0. MACD remains on the bullish side. Volatility is elevated at roughly 32.6%. No recent matched news was found for this ticker/date. Relative strength versus the benchmark looked favorable. 1-month excess return 4.51%; 3-month excess return 15.01%; 6-month excess return 6.69%."
2024-07-23,CARR,-1.2304033677961734,-6.741108939169259,,hit,linear_regression,target_5d_return,"Technical state is constructive, with price above the 50-day and 200-day averages. RSI is in a steady zone near 60.7. MACD remains on the bullish side. Volatility is elevated at roughly 31.3%.",No recent matched news was found for this ticker/date.,Relative strength versus the benchmark looked favorable. 1-month excess return 7.14%; 3-month excess return 16.45%; 6-month excess return 6.67%.,"Model view: the forward return estimate was mildly negative at about -6.74%. Confidence was not explicitly available for this prediction. Technical state is constructive, with price above the 50-day and 200-day averages. RSI is in a steady zone near 60.7. MACD remains on the bullish side. Volatility is elevated at roughly 31.3%. No recent matched news was found for this ticker/date. Relative strength versus the benchmark looked favorable. 1-month excess return 7.14%; 3-month excess return 16.45%; 6-month excess return 6.67%."
2024-07-24,CARR,3.212612237022028,-6.8883054221247955,,miss,linear_regression,target_5d_return,"Technical state is constructive, with price above the 50-day and 200-day averages. RSI is in a steady zone near 52.1. MACD remains on the bullish side. Volatility is elevated at roughly 33.6%.",No recent matched news was found for this ticker/date.,Relative strength versus the benchmark looked favorable. 1-month excess return 2.73%; 3-month excess return 12.70%; 6-month excess return 6.43%.,"Model view: the forward return estimate was mildly negative at about -6.89%. Confidence was not explicitly available for this prediction. Technical state is constructive, with price above the 50-day and 200-day averages. RSI is in a steady zone near 52.1. MACD remains on the bullish side. Volatility is elevated at roughly 33.6%. No recent matched news was found for this ticker/date. Relative strength versus the benchmark looked favorable. 1-month excess return 2.73%; 3-month excess return 12.70%; 6-month excess return 6.43%."
2024-07-25,CARR,1.8972631386690475,-5.902861569530239,,miss,linear_regression,target_5d_return,"Technical state is constructive, with price above the 50-day and 200-day averages. MACD remains on the bearish side. Volatility is elevated at roughly 33.7%.",No recent matched news was found for this ticker/date.,Relative strength versus the benchmark looked favorable. 1-month excess return 2.95%; 3-month excess return 11.85%; 6-month excess return 7.00%.,"Model view: the forward return estimate was mildly negative at about -5.90%. Confidence was not explicitly available for this prediction. Technical state is constructive, with price above the 50-day and 200-day averages. MACD remains on the bearish side. Volatility is elevated at roughly 33.7%. No recent matched news was found for this ticker/date. Relative strength versus the benchmark looked favorable. 1-month excess return 2.95%; 3-month excess return 11.85%; 6-month excess return 7.00%."
2024-07-26,CARR,-4.1635391708354845,-5.166756864568925,,hit,linear_regression,target_5d_return,"Technical state is constructive, with price above the 50-day and 200-day averages. RSI is in a steady zone near 54.3. MACD remains on the bearish side. Volatility is elevated at roughly 35.1%.",No recent matched news was found for this ticker/date.,Relative strength versus the benchmark looked favorable. 1-month excess return 6.76%; 3-month excess return 3.48%; 6-month excess return 7.02%.,"Model view: the forward return estimate was mildly negative at about -5.17%. Confidence was not explicitly available for this prediction. Technical state is constructive, with price above the 50-day and 200-day averages. RSI is in a steady zone near 54.3. MACD remains on the bearish side. Volatility is elevated at roughly 35.1%. No recent matched news was found for this ticker/date. Relative strength versus the benchmark looked favorable. 1-month excess return 6.76%; 3-month excess return 3.48%; 6-month excess return 7.02%."
2024-07-29,CARR,-6.018934256442643,-5.450276879948234,,hit,linear_regression,target_5d_return,"Technical state is constructive, with price above the 50-day and 200-day averages. RSI is in a steady zone near 56.6. MACD remains on the bearish side. Volatility is elevated at roughly 35.2%.",No recent matched news was found for this ticker/date.,Relative strength versus the benchmark looked favorable. 1-month excess return 7.57%; 3-month excess return 4.60%; 6-month excess return 10.11%.,"Model view: the forward return estimate was mildly negative at about -5.45%. Confidence was not explicitly available for this prediction. Technical state is constructive, with price above the 50-day and 200-day averages. RSI is in a steady zone near 56.6. MACD remains on the bearish side. Volatility is elevated at roughly 35.2%. No recent matched news was found for this ticker/date. Relative strength versus the benchmark looked favorable. 1-month excess return 7.57%; 3-month excess return 4.60%; 6-month excess return 10.11%."
2024-07-30,CARR,-4.879135252317079,-5.334451411616492,,hit,linear_regression,target_5d_return,"Technical state is constructive, with price above the 50-day and 200-day averages. RSI is in a steady zone near 55.9. MACD remains on the bearish side. Volatility is elevated at roughly 34.3%.",No recent matched news was found for this ticker/date.,Relative strength versus the benchmark looked favorable. 1-month excess return 7.31%; 3-month excess return 1.29%; 6-month excess return 9.43%.,"Model view: the forward return estimate was mildly negative at about -5.33%. Confidence was not explicitly available for this prediction. Technical state is constructive, with price above the 50-day and 200-day averages. RSI is in a steady zone near 55.9. MACD remains on the bearish side. Volatility is elevated at roughly 34.3%. No recent matched news was found for this ticker/date. Relative strength versus the benchmark looked favorable. 1-month excess return 7.31%; 3-month excess return 1.29%; 6-month excess return 9.43%."
2024-07-31,CARR,-7.341065856986773,-5.68167615093256,,hit,linear_regression,target_5d_return,"Technical state is constructive, with price above the 50-day and 200-day averages. RSI is in a steady zone near 57.9. MACD remains on the bullish side. Volatility is elevated at roughly 34.1%.",No recent matched news was found for this ticker/date.,Relative strength versus the benchmark looked favorable. 1-month excess return 9.10%; 3-month excess return 1.12%; 6-month excess return 8.78%.,"Model view: the forward return estimate was mildly negative at about -5.68%. Confidence was not explicitly available for this prediction. Technical state is constructive, with price above the 50-day and 200-day averages. RSI is in a steady zone near 57.9. MACD remains on the bullish side. Volatility is elevated at roughly 34.1%. No recent matched news was found for this ticker/date. Relative strength versus the benchmark looked favorable. 1-month excess return 9.10%; 3-month excess return 1.12%; 6-month excess return 8.78%."
2024-08-01,CARR,-2.391756373073939,-4.771201413301248,,hit,linear_regression,target_5d_return,"Technical state is constructive, with price above the 50-day and 200-day averages. RSI is in a steady zone near 50.6. MACD remains on the bearish side. Volatility is elevated at roughly 36.2%.",No recent matched news was found for this ticker/date.,Relative strength versus the benchmark looked mixed. 1-month excess return 6.23%; 3-month excess return -0.42%; 6-month excess return 8.31%.,"Model view: the forward return estimate was mildly negative at about -4.77%. Confidence was not explicitly available for this prediction. Technical state is constructive, with price above the 50-day and 200-day averages. RSI is in a steady zone near 50.6. MACD remains on the bearish side. Volatility is elevated at roughly 36.2%. No recent matched news was found for this ticker/date. Relative strength versus the benchmark looked mixed. 1-month excess return 6.23%; 3-month excess return -0.42%; 6-month excess return 8.31%."
2024-08-02,CARR,0.6094632985177872,-5.193052118220812,,miss,linear_regression,target_5d_return,"Technical state is mixed, with price not fully aligned across the major moving averages. MACD remains on the bearish side. Volatility is elevated at roughly 38.0%.",No recent matched news was found for this ticker/date.,Relative strength versus the benchmark looked mixed. 1-month excess return 4.17%; 3-month excess return -0.53%; 6-month excess return 6.16%.,"Model view: the forward return estimate was mildly negative at about -5.19%. Confidence was not explicitly available for this prediction. Technical state is mixed, with price not fully aligned across the major moving averages. MACD remains on the bearish side. Volatility is elevated at roughly 38.0%. No recent matched news was found for this ticker/date. Relative strength versus the benchmark looked mixed. 1-month excess return 4.17%; 3-month excess return -0.53%; 6-month excess return 6.16%."
2024-08-05,CARR,1.1644401059807574,-4.225734996014609,,miss,linear_regression,target_5d_return,"Technical state is mixed, with price not fully aligned across the major moving averages. MACD remains on the bearish side. Volatility is elevated at roughly 38.1%.",No recent matched news was found for this ticker/date.,Relative strength versus the benchmark looked favorable. 1-month excess return 7.28%; 3-month excess return 1.24%; 6-month excess return 7.32%.,"Model view: the forward return estimate was mildly negative at about -4.23%. Confidence was not explicitly available for this prediction. Technical state is mixed, with price not fully aligned across the major moving averages. MACD remains on the bearish side. Volatility is elevated at roughly 38.1%. No recent matched news was found for this ticker/date. Relative strength versus the benchmark looked favorable. 1-month excess return 7.28%; 3-month excess return 1.24%; 6-month excess return 7.32%."
2024-08-06,CARR,2.073591898520255,-3.9062974162084663,,miss,linear_regression,target_5d_return,"Technical state is mixed, with price not fully aligned across the major moving averages. MACD remains on the bearish side. Volatility is elevated at roughly 37.9%.",No recent matched news was found for this ticker/date.,Relative strength versus the benchmark looked mixed. 1-month excess return 7.55%; 3-month excess return -0.97%; 6-month excess return 7.97%.,"Model view: the forward return estimate was mildly negative at about -3.91%. Confidence was not explicitly available for this prediction. Technical state is mixed, with price not fully aligned across the major moving averages. MACD remains on the bearish side. Volatility is elevated at roughly 37.9%. No recent matched news was found for this ticker/date. Relative strength versus the benchmark looked mixed. 1-month excess return 7.55%; 3-month excess return -0.97%; 6-month excess return 7.97%."
2024-08-07,CARR,4.072254270272779,-2.8406286770781426,,miss,linear_regression,target_5d_return,"Technical state is mixed, with price not fully aligned across the major moving averages. MACD remains on the bearish side. Volatility is elevated at roughly 37.7%.",No recent matched news was found for this ticker/date.,Relative strength versus the benchmark looked mixed. 1-month excess return 8.03%; 3-month excess return -2.04%; 6-month excess return 11.23%.,"Model view: the forward return estimate was mildly negative at about -2.84%. Confidence was not explicitly available for this prediction. Technical state is mixed, with price not fully aligned across the major moving averages. MACD remains on the bearish side. Volatility is elevated at roughly 37.7%. No recent matched news was found for this ticker/date. Relative strength versus the benchmark looked mixed. 1-month excess return 8.03%; 3-month excess return -2.04%; 6-month excess return 11.23%."
2024-08-08,CARR,6.079401310272714,-3.258180348951739,,miss,linear_regression,target_5d_return,"Technical state is mixed, with price not fully aligned across the major moving averages. MACD remains on the bearish side. Volatility is elevated at roughly 34.9%.",No recent matched news was found for this ticker/date.,Relative strength versus the benchmark looked mixed. 1-month excess return 6.83%; 3-month excess return -2.32%; 6-month excess return 13.24%.,"Model view: the forward return estimate was mildly negative at about -3.26%. Confidence was not explicitly available for this prediction. Technical state is mixed, with price not fully aligned across the major moving averages. MACD remains on the bearish side. Volatility is elevated at roughly 34.9%. No recent matched news was found for this ticker/date. Relative strength versus the benchmark looked mixed. 1-month excess return 6.83%; 3-month excess return -2.32%; 6-month excess return 13.24%."
2024-08-09,CARR,4.659832444837098,-4.8627431495337765,,miss,linear_regression,target_5d_return,"Technical state is mixed, with price not fully aligned across the major moving averages. MACD remains on the bearish side. Volatility is elevated at roughly 34.9%.",No recent matched news was found for this ticker/date.,Relative strength versus the benchmark looked mixed. 1-month excess return 1.16%; 3-month excess return -3.76%; 6-month excess return 10.00%.,"Model view: the forward return estimate was mildly negative at about -4.86%. Confidence was not explicitly available for this prediction. Technical state is mixed, with price not fully aligned across the major moving averages. MACD remains on the bearish side. Volatility is elevated at roughly 34.9%. No recent matched news was found for this ticker/date. Relative strength versus the benchmark looked mixed. 1-month excess return 1.16%; 3-month excess return -3.76%; 6-month excess return 10.00%."
2024-08-12,CARR,6.766213115841602,-4.564906584283066,,miss,linear_regression,target_5d_return,"Technical state is mixed, with price not fully aligned across the major moving averages. MACD remains on the bearish side. Volatility is elevated at roughly 33.9%.",No recent matched news was found for this ticker/date.,Relative strength versus the benchmark looked mixed. 1-month excess return 2.17%; 3-month excess return -4.21%; 6-month excess return 8.40%.,"Model view: the forward return estimate was mildly negative at about -4.56%. Confidence was not explicitly available for this prediction. Technical state is mixed, with price not fully aligned across the major moving averages. MACD remains on the bearish side. Volatility is elevated at roughly 33.9%. No recent matched news was found for this ticker/date. Relative strength versus the benchmark looked mixed. 1-month excess return 2.17%; 3-month excess return -4.21%; 6-month excess return 8.40%."
2024-08-13,CARR,4.719713273677928,-5.573337898373714,,miss,linear_regression,target_5d_return,"Technical state is constructive, with price above the 50-day and 200-day averages. RSI is in a steady zone near 51.2. MACD remains on the bearish side. Volatility is elevated at roughly 31.6%.",No recent matched news was found for this ticker/date.,Relative strength versus the benchmark looked mixed. 1-month excess return 0.66%; 3-month excess return -2.29%; 6-month excess return 8.63%.,"Model view: the forward return estimate was mildly negative at about -5.57%. Confidence was not explicitly available for this prediction. Technical state is constructive, with price above the 50-day and 200-day averages. RSI is in a steady zone near 51.2. MACD remains on the bearish side. Volatility is elevated at roughly 31.6%. No recent matched news was found for this ticker/date. Relative strength versus the benchmark looked mixed. 1-month excess return 0.66%; 3-month excess return -2.29%; 6-month excess return 8.63%."
2024-08-14,CARR,6.05968839592097,2.2237216681385035,,hit,linear_regression,target_5d_return,"Technical state is constructive, with price above the 50-day and 200-day averages. RSI is in a steady zone near 52.0. MACD remains on the bearish side.",No recent matched news was found for this ticker/date.,Relative strength versus the benchmark looked weak. 1-month excess return -2.30%; 3-month excess return -2.79%; 6-month excess return 11.60%.,"Model view: the forward return estimate was mildly positive at about 2.22%. Confidence was not explicitly available for this prediction. Technical state is constructive, with price above the 50-day and 200-day averages. RSI is in a steady zone near 52.0. MACD remains on the bearish side. No recent matched news was found for this ticker/date. Relative strength versus the benchmark looked weak. 1-month excess return -2.30%; 3-month excess return -2.79%; 6-month excess return 11.60%."
2024-08-15,CARR,1.725146606508976,1.2863049426017759,,hit,linear_regression,target_5d_return,"Technical state is constructive, with price above the 50-day and 200-day averages. RSI is in a steady zone near 60.7. MACD remains on the bullish side. Volatility is elevated at roughly 33.1%.",No recent matched news was found for this ticker/date.,Relative strength versus the benchmark looked mixed. 1-month excess return 1.88%; 3-month excess return -0.46%; 6-month excess return 13.43%.,"Model view: the forward return estimate was mildly positive at about 1.29%. Confidence was not explicitly available for this prediction. Technical state is constructive, with price above the 50-day and 200-day averages. RSI is in a steady zone near 60.7. MACD remains on the bullish side. Volatility is elevated at roughly 33.1%. No recent matched news was found for this ticker/date. Relative strength versus the benchmark looked mixed. 1-month excess return 1.88%; 3-month excess return -0.46%; 6-month excess return 13.43%."
2024-08-16,CARR,5.743548388740427,0.8945170927482435,,hit,linear_regression,target_5d_return,"Technical state is constructive, with price above the 50-day and 200-day averages. RSI is in a steady zone near 56.5. MACD remains on the bullish side. Volatility is elevated at roughly 33.2%.",No recent matched news was found for this ticker/date.,Relative strength versus the benchmark looked mixed. 1-month excess return 0.19%; 3-month excess return -1.17%; 6-month excess return 9.80%.,"Model view: the forward return estimate was mildly positive at about 0.89%. Confidence was not explicitly available for this prediction. Technical state is constructive, with price above the 50-day and 200-day averages. RSI is in a steady zone near 56.5. MACD remains on the bullish side. Volatility is elevated at roughly 33.2%. No recent matched news was found for this ticker/date. Relative strength versus the benchmark looked mixed. 1-month excess return 0.19%; 3-month excess return -1.17%; 6-month excess return 9.80%."
2024-08-19,CARR,4.45803844085586,0.002543146957747433,,hit,linear_regression,target_5d_return,"Technical state is constructive, with price above the 50-day and 200-day averages. RSI is in a steady zone near 60.1. MACD remains on the bullish side. Volatility is elevated at roughly 32.5%.",No recent matched news was found for this ticker/date.,Relative strength versus the benchmark looked favorable. 1-month excess return 1.68%; 3-month excess return -0.46%; 6-month excess return 15.06%.,"Model view: the forward return estimate was mildly positive at about 0.00%. Confidence was not explicitly available for this prediction. Technical state is constructive, with price above the 50-day and 200-day averages. RSI is in a steady zone near 60.1. MACD remains on the bullish side. Volatility is elevated at roughly 32.5%. No recent matched news was found for this ticker/date. Relative strength versus the benchmark looked favorable. 1-month excess return 1.68%; 3-month excess return -0.46%; 6-month excess return 15.06%."
2024-08-20,CARR,4.667451417135604,0.1277537667584871,,hit,linear_regression,target_5d_return,"Technical state is constructive, with price above the 50-day and 200-day averages. RSI is in a steady zone near 59.8. MACD remains on the bullish side. Volatility is elevated at roughly 32.5%.",No recent matched news was found for this ticker/date.,Relative strength versus the benchmark looked favorable. 1-month excess return 0.10%; 3-month excess return -1.49%; 6-month excess return 15.83%.,"Model view: the forward return estimate was mildly positive at about 0.13%. Confidence was not explicitly available for this prediction. Technical state is constructive, with price above the 50-day and 200-day averages. RSI is in a steady zone near 59.8. MACD remains on the bullish side. Volatility is elevated at roughly 32.5%. No recent matched news was found for this ticker/date. Relative strength versus the benchmark looked favorable. 1-month excess return 0.10%; 3-month excess return -1.49%; 6-month excess return 15.83%."
2024-08-21,CARR,2.081534412882746,0.40557151521956575,,hit,linear_regression,target_5d_return,"Technical state is constructive, with price above the 50-day and 200-day averages. RSI is in a steady zone near 62.9. MACD remains on the bullish side. Volatility is elevated at roughly 30.4%.",No recent matched news was found for this ticker/date.,Relative strength versus the benchmark looked favorable. 1-month excess return 0.79%; 3-month excess return -0.30%; 6-month excess return 16.79%.,"Model view: the forward return estimate was mildly positive at about 0.41%. Confidence was not explicitly available for this prediction. Technical state is constructive, with price above the 50-day and 200-day averages. RSI is in a steady zone near 62.9. MACD remains on the bullish side. Volatility is elevated at roughly 30.4%. No recent matched news was found for this ticker/date. Relative strength versus the benchmark looked favorable. 1-month excess return 0.79%; 3-month excess return -0.30%; 6-month excess return 16.79%."
2024-08-22,CARR,2.1701558883288286,-0.09032559260602141,,miss,linear_regression,target_5d_return,"Technical state is constructive, with price above the 50-day and 200-day averages. RSI is in a steady zone near 62.5. MACD remains on the bullish side.",No recent matched news was found for this ticker/date.,Relative strength versus the benchmark looked favorable. 1-month excess return 2.66%; 3-month excess return 1.53%; 6-month excess return 19.66%.,"Model view: the forward return estimate was mildly negative at about -0.09%. Confidence was not explicitly available for this prediction. Technical state is constructive, with price above the 50-day and 200-day averages. RSI is in a steady zone near 62.5. MACD remains on the bullish side. No recent matched news was found for this ticker/date. Relative strength versus the benchmark looked favorable. 1-month excess return 2.66%; 3-month excess return 1.53%; 6-month excess return 19.66%."
2024-08-23,CARR,2.147366707785081,-0.99822348129716,,miss,linear_regression,target_5d_return,"Technical state is constructive, with price above the 50-day and 200-day averages. MACD remains on the bullish side.",No recent matched news was found for this ticker/date.,Relative strength versus the benchmark looked favorable. 1-month excess return 5.48%; 3-month excess return 3.85%; 6-month excess return 20.77%.,"Model view: the forward return estimate was mildly negative at about -1.00%. Confidence was not explicitly available for this prediction. Technical state is constructive, with price above the 50-day and 200-day averages. MACD remains on the bullish side. No recent matched news was found for this ticker/date. Relative strength versus the benchmark looked favorable. 1-month excess return 5.48%; 3-month excess return 3.85%; 6-month excess return 20.77%."
2024-08-26,CARR,-2.287307474827782,-0.9625488777664517,,hit,linear_regression,target_5d_return,"Technical state is constructive, with price above the 50-day and 200-day averages. MACD remains on the bullish side.",No recent matched news was found for this ticker/date.,Relative strength versus the benchmark looked favorable. 1-month excess return 4.37%; 3-month excess return 3.33%; 6-month excess return 21.96%.,"Model view: the forward return estimate was mildly negative at about -0.96%. Confidence was not explicitly available for this prediction. Technical state is constructive, with price above the 50-day and 200-day averages. MACD remains on the bullish side. No recent matched news was found for this ticker/date. Relative strength versus the benchmark looked favorable. 1-month excess return 4.37%; 3-month excess return 3.33%; 6-month excess return 21.96%."
2024-08-27,CARR,-3.692867122339405,-1.5250508160823417,,hit,linear_regression,target_5d_return,"Technical state is constructive, with price above the 50-day and 200-day averages. MACD remains on the bullish side.",No recent matched news was found for this ticker/date.,Relative strength versus the benchmark looked favorable. 1-month excess return 3.05%; 3-month excess return 5.02%; 6-month excess return 19.61%.,"Model view: the forward return estimate was mildly negative at about -1.53%. Confidence was not explicitly available for this prediction. Technical state is constructive, with price above the 50-day and 200-day averages. MACD remains on the bullish side. No recent matched news was found for this ticker/date. Relative strength versus the benchmark looked favorable. 1-month excess return 3.05%; 3-month excess return 5.02%; 6-month excess return 19.61%."
2024-08-28,CARR,-2.910982529963424,-1.602325814235073,,hit,linear_regression,target_5d_return,"Technical state is constructive, with price above the 50-day and 200-day averages. RSI is in a steady zone near 64.6. MACD remains on the bullish side.",No recent matched news was found for this ticker/date.,Relative strength versus the benchmark looked favorable. 1-month excess return 2.44%; 3-month excess return 6.66%; 6-month excess return 19.56%.,"Model view: the forward return estimate was mildly negative at about -1.60%. Confidence was not explicitly available for this prediction. Technical state is constructive, with price above the 50-day and 200-day averages. RSI is in a steady zone near 64.6. MACD remains on the bullish side. No recent matched news was found for this ticker/date. Relative strength versus the benchmark looked favorable. 1-month excess return 2.44%; 3-month excess return 6.66%; 6-month excess return 19.56%."
2024-08-29,CARR,-2.264725086360586,-1.0244665042141892,,hit,linear_regression,target_5d_return,"Technical state is constructive, with price above the 50-day and 200-day averages. RSI is in a steady zone near 64.5. MACD remains on the bullish side.",No recent matched news was found for this ticker/date.,Relative strength versus the benchmark looked favorable. 1-month excess return 2.94%; 3-month excess return 5.41%; 6-month excess return 17.99%.,"Model view: the forward return estimate was mildly negative at about -1.02%. Confidence was not explicitly available for this prediction. Technical state is constructive, with price above the 50-day and 200-day averages. RSI is in a steady zone near 64.5. MACD remains on the bullish side. No recent matched news was found for this ticker/date. Relative strength versus the benchmark looked favorable. 1-month excess return 2.94%; 3-month excess return 5.41%; 6-month excess return 17.99%."
2024-08-30,CARR,-2.8167016443347737,-0.90726841316193,,hit,linear_regression,target_5d_return,"Technical state is constructive, with price above the 50-day and 200-day averages. MACD remains on the bullish side.",No recent matched news was found for this ticker/date.,Relative strength versus the benchmark looked favorable. 1-month excess return 6.36%; 3-month excess return 8.28%; 6-month excess return 19.02%.,"Model view: the forward return estimate was mildly negative at about -0.91%. Confidence was not explicitly available for this prediction. Technical state is constructive, with price above the 50-day and 200-day averages. MACD remains on the bullish side. No recent matched news was found for this ticker/date. Relative strength versus the benchmark looked favorable. 1-month excess return 6.36%; 3-month excess return 8.28%; 6-month excess return 19.02%."
2024-09-03,CARR,2.5264121240949455,1.090281910639784,,hit,linear_regression,target_5d_return,"Technical state is constructive, with price above the 50-day and 200-day averages. RSI is in a steady zone near 56.1. MACD remains on the bullish side.",No recent matched news was found for this ticker/date.,Relative strength versus the benchmark looked favorable. 1-month excess return 5.88%; 3-month excess return 8.40%; 6-month excess return 14.80%.,"Model view: the forward return estimate was mildly positive at about 1.09%. Confidence was not explicitly available for this prediction. Technical state is constructive, with price above the 50-day and 200-day averages. RSI is in a steady zone near 56.1. MACD remains on the bullish side. No recent matched news was found for this ticker/date. Relative strength versus the benchmark looked favorable. 1-month excess return 5.88%; 3-month excess return 8.40%; 6-month excess return 14.80%."
2024-09-04,CARR,6.5981732286524375,-0.04959676536308161,,miss,linear_regression,target_5d_return,"Technical state is constructive, with price above the 50-day and 200-day averages. RSI is in a steady zone near 52.3. MACD remains on the bullish side.",No recent matched news was found for this ticker/date.,Relative strength versus the benchmark looked favorable. 1-month excess return 2.20%; 3-month excess return 8.56%; 6-month excess return 13.51%.,"Model view: the forward return estimate was mildly negative at about -0.05%. Confidence was not explicitly available for this prediction. Technical state is constructive, with price above the 50-day and 200-day averages. RSI is in a steady zone near 52.3. MACD remains on the bullish side. No recent matched news was found for this ticker/date. Relative strength versus the benchmark looked favorable. 1-month excess return 2.20%; 3-month excess return 8.56%; 6-month excess return 13.51%."
2024-09-05,CARR,9.168600444834363,-0.05577040024626029,,miss,linear_regression,target_5d_return,"Technical state is constructive, with price above the 50-day and 200-day averages. RSI is in a steady zone near 52.0. MACD remains on the bearish side.",No recent matched news was found for this ticker/date.,Relative strength versus the benchmark looked favorable. 1-month excess return 2.41%; 3-month excess return 6.55%; 6-month excess return 11.84%.,"Model view: the forward return estimate was mildly negative at about -0.06%. Confidence was not explicitly available for this prediction. Technical state is constructive, with price above the 50-day and 200-day averages. RSI is in a steady zone near 52.0. MACD remains on the bearish side. No recent matched news was found for this ticker/date. Relative strength versus the benchmark looked favorable. 1-month excess return 2.41%; 3-month excess return 6.55%; 6-month excess return 11.84%."
2024-09-06,CARR,10.11801732821207,0.1601115427885273,,hit,linear_regression,target_5d_return,"Technical state is constructive, with price above the 50-day and 200-day averages. RSI is in a steady zone near 53.7. MACD remains on the bearish side.",No recent matched news was found for this ticker/date.,Relative strength versus the benchmark looked favorable. 1-month excess return 5.89%; 3-month excess return 10.15%; 6-month excess return 11.73%.,"Model view: the forward return estimate was mildly positive at about 0.16%. Confidence was not explicitly available for this prediction. Technical state is constructive, with price above the 50-day and 200-day averages. RSI is in a steady zone near 53.7. MACD remains on the bearish side. No recent matched news was found for this ticker/date. Relative strength versus the benchmark looked favorable. 1-month excess return 5.89%; 3-month excess return 10.15%; 6-month excess return 11.73%."
2024-09-09,CARR,9.020213418090473,0.03443360137823931,,hit,linear_regression,target_5d_return,"Technical state is constructive, with price above the 50-day and 200-day averages. RSI is in a steady zone near 58.1. MACD remains on the bearish side.",No recent matched news was found for this ticker/date.,Relative strength versus the benchmark looked favorable. 1-month excess return 6.72%; 3-month excess return 10.46%; 6-month excess return 15.07%.,"Model view: the forward return estimate was mildly positive at about 0.03%. Confidence was not explicitly available for this prediction. Technical state is constructive, with price above the 50-day and 200-day averages. RSI is in a steady zone near 58.1. MACD remains on the bearish side. No recent matched news was found for this ticker/date. Relative strength versus the benchmark looked favorable. 1-month excess return 6.72%; 3-month excess return 10.46%; 6-month excess return 15.07%."
2024-09-10,CARR,8.534034661221114,1.0560505214255569,,hit,linear_regression,target_5d_return,"Technical state is constructive, with price above the 50-day and 200-day averages. RSI is in a steady zone near 61.6. MACD remains on the bearish side.",No recent matched news was found for this ticker/date.,Relative strength versus the benchmark looked favorable. 1-month excess return 8.62%; 3-month excess return 12.44%; 6-month excess return 18.41%.,"Model view: the forward return estimate was mildly positive at about 1.06%. Confidence was not explicitly available for this prediction. Technical state is constructive, with price above the 50-day and 200-day averages. RSI is in a steady zone near 61.6. MACD remains on the bearish side. No recent matched news was found for this ticker/date. Relative strength versus the benchmark looked favorable. 1-month excess return 8.62%; 3-month excess return 12.44%; 6-month excess return 18.41%."
2024-09-11,CARR,6.135474935258367,-0.8505289203803701,,miss,linear_regression,target_5d_return,"Technical state is constructive, with price above the 50-day and 200-day averages. MACD remains on the bullish side.",No recent matched news was found for this ticker/date.,Relative strength versus the benchmark looked favorable. 1-month excess return 10.63%; 3-month excess return 15.59%; 6-month excess return 19.99%.,"Model view: the forward return estimate was mildly negative at about -0.85%. Confidence was not explicitly available for this prediction. Technical state is constructive, with price above the 50-day and 200-day averages. MACD remains on the bullish side. No recent matched news was found for this ticker/date. Relative strength versus the benchmark looked favorable. 1-month excess return 10.63%; 3-month excess return 15.59%; 6-month excess return 19.99%."
2024-09-12,CARR,6.89929250198682,-1.7642470726367918,,miss,linear_regression,target_5d_return,"Technical state is constructive, with price above the 50-day and 200-day averages. RSI is elevated near 70.5, so chasing strength may add risk. MACD remains on the bullish side.",No recent matched news was found for this ticker/date.,Relative strength versus the benchmark looked favorable. 1-month excess return 11.98%; 3-month excess return 13.82%; 6-month excess return 21.93%.,"Model view: the forward return estimate was mildly negative at about -1.76%. Confidence was not explicitly available for this prediction. Technical state is constructive, with price above the 50-day and 200-day averages. RSI is elevated near 70.5, so chasing strength may add risk. MACD remains on the bullish side. No recent matched news was found for this ticker/date. Relative strength versus the benchmark looked favorable. 1-month excess return 11.98%; 3-month excess return 13.82%; 6-month excess return 21.93%."
2024-09-13,CARR,4.456928424394957,-2.4257787427596185,,miss,linear_regression,target_5d_return,"Technical state is constructive, with price above the 50-day and 200-day averages. RSI is elevated near 72.7, so chasing strength may add risk. MACD remains on the bullish side.",No recent matched news was found for this ticker/date.,Relative strength versus the benchmark looked favorable. 1-month excess return 13.13%; 3-month excess return 15.96%; 6-month excess return 24.35%.,"Model view: the forward return estimate was mildly negative at about -2.43%. Confidence was not explicitly available for this prediction. Technical state is constructive, with price above the 50-day and 200-day averages. RSI is elevated near 72.7, so chasing strength may add risk. MACD remains on the bullish side. No recent matched news was found for this ticker/date. Relative strength versus the benchmark looked favorable. 1-month excess return 13.13%; 3-month excess return 15.96%; 6-month excess return 24.35%."
2024-09-16,CARR,4.889115047627568,-3.5142398423614196,,miss,linear_regression,target_5d_return,"Technical state is constructive, with price above the 50-day and 200-day averages. RSI is elevated near 73.9, so chasing strength may add risk. MACD remains on the bullish side.",No recent matched news was found for this ticker/date.,Relative strength versus the benchmark looked favorable. 1-month excess return 10.97%; 3-month excess return 16.15%; 6-month excess return 25.09%.,"Model view: the forward return estimate was mildly negative at about -3.51%. Confidence was not explicitly available for this prediction. Technical state is constructive, with price above the 50-day and 200-day averages. RSI is elevated near 73.9, so chasing strength may add risk. MACD remains on the bullish side. No recent matched news was found for this ticker/date. Relative strength versus the benchmark looked favorable. 1-month excess return 10.97%; 3-month excess return 16.15%; 6-month excess return 25.09%."
2024-09-17,CARR,3.142643158553704,-3.4756433951886976,,miss,linear_regression,target_5d_return,"Technical state is constructive, with price above the 50-day and 200-day averages. RSI is elevated near 75.4, so chasing strength may add risk. MACD remains on the bullish side.",No recent matched news was found for this ticker/date.,Relative strength versus the benchmark looked favorable. 1-month excess return 14.10%; 3-month excess return 16.80%; 6-month excess return 27.09%.,"Model view: the forward return estimate was mildly negative at about -3.48%. Confidence was not explicitly available for this prediction. Technical state is constructive, with price above the 50-day and 200-day averages. RSI is elevated near 75.4, so chasing strength may add risk. MACD remains on the bullish side. No recent matched news was found for this ticker/date. Relative strength versus the benchmark looked favorable. 1-month excess return 14.10%; 3-month excess return 16.80%; 6-month excess return 27.09%."
2024-09-18,CARR,1.892819646153776,-3.5431169319256384,,miss,linear_regression,target_5d_return,"Technical state is constructive, with price above the 50-day and 200-day averages. RSI is elevated near 75.9, so chasing strength may add risk. MACD remains on the bullish side.",No recent matched news was found for this ticker/date.,Relative strength versus the benchmark looked favorable. 1-month excess return 13.61%; 3-month excess return 16.67%; 6-month excess return 25.23%.,"Model view: the forward return estimate was mildly negative at about -3.54%. Confidence was not explicitly available for this prediction. Technical state is constructive, with price above the 50-day and 200-day averages. RSI is elevated near 75.9, so chasing strength may add risk. MACD remains on the bullish side. No recent matched news was found for this ticker/date. Relative strength versus the benchmark looked favorable. 1-month excess return 13.61%; 3-month excess return 16.67%; 6-month excess return 25.23%."
2024-09-19,CARR,-0.980514978924707,-5.224010568439681,,hit,linear_regression,target_5d_return,"Technical state is constructive, with price above the 50-day and 200-day averages. RSI is elevated near 79.7, so chasing strength may add risk. MACD remains on the bullish side.",No recent matched news was found for this ticker/date.,Relative strength versus the benchmark looked favorable. 1-month excess return 15.30%; 3-month excess return 21.08%; 6-month excess return 28.20%.,"Model view: the forward return estimate was mildly negative at about -5.22%. Confidence was not explicitly available for this prediction. Technical state is constructive, with price above the 50-day and 200-day averages. RSI is elevated near 79.7, so chasing strength may add risk. MACD remains on the bullish side. No recent matched news was found for this ticker/date. Relative strength versus the benchmark looked favorable. 1-month excess return 15.30%; 3-month excess return 21.08%; 6-month excess return 28.20%."
2024-09-20,CARR,0.7507488586933286,-5.015507641029231,,miss,linear_regression,target_5d_return,"Technical state is constructive, with price above the 50-day and 200-day averages. RSI is elevated near 76.1, so chasing strength may add risk. MACD remains on the bullish side.",No recent matched news was found for this ticker/date.,Relative strength versus the benchmark looked favorable. 1-month excess return 13.06%; 3-month excess return 22.69%; 6-month excess return 24.77%.,"Model view: the forward return estimate was mildly negative at about -5.02%. Confidence was not explicitly available for this prediction. Technical state is constructive, with price above the 50-day and 200-day averages. RSI is elevated near 76.1, so chasing strength may add risk. MACD remains on the bullish side. No recent matched news was found for this ticker/date. Relative strength versus the benchmark looked favorable. 1-month excess return 13.06%; 3-month excess return 22.69%; 6-month excess return 24.77%."
2024-09-23,CARR,-0.48219510743363614,-5.368759330126821,,hit,linear_regression,target_5d_return,"Technical state is constructive, with price above the 50-day and 200-day averages. RSI is elevated near 77.7, so chasing strength may add risk. MACD remains on the bullish side.",No recent matched news was found for this ticker/date.,Relative strength versus the benchmark looked favorable. 1-month excess return 13.49%; 3-month excess return 20.20%; 6-month excess return 30.19%.,"Model view: the forward return estimate was mildly negative at about -5.37%. Confidence was not explicitly available for this prediction. Technical state is constructive, with price above the 50-day and 200-day averages. RSI is elevated near 77.7, so chasing strength may add risk. MACD remains on the bullish side. No recent matched news was found for this ticker/date. Relative strength versus the benchmark looked favorable. 1-month excess return 13.49%; 3-month excess return 20.20%; 6-month excess return 30.19%."
2024-09-24,CARR,-1.3182503913847898,-4.690170368778652,,hit,linear_regression,target_5d_return,"Technical state is constructive, with price above the 50-day and 200-day averages. RSI is elevated near 75.1, so chasing strength may add risk. MACD remains on the bullish side.",No recent matched news was found for this ticker/date.,Relative strength versus the benchmark looked favorable. 1-month excess return 10.92%; 3-month excess return 20.97%; 6-month excess return 29.96%.,"Model view: the forward return estimate was mildly negative at about -4.69%. Confidence was not explicitly available for this prediction. Technical state is constructive, with price above the 50-day and 200-day averages. RSI is elevated near 75.1, so chasing strength may add risk. MACD remains on the bullish side. No recent matched news was found for this ticker/date. Relative strength versus the benchmark looked favorable. 1-month excess return 10.92%; 3-month excess return 20.97%; 6-month excess return 29.96%."
2024-09-25,CARR,1.092007991185251,-4.491191888793324,,miss,linear_regression,target_5d_return,"Technical state is constructive, with price above the 50-day and 200-day averages. RSI is elevated near 71.0, so chasing strength may add risk. MACD remains on the bullish side.",No recent matched news was found for this ticker/date.,Relative strength versus the benchmark looked favorable. 1-month excess return 9.13%; 3-month excess return 22.26%; 6-month excess return 28.18%.,"Model view: the forward return estimate was mildly negative at about -4.49%. Confidence was not explicitly available for this prediction. Technical state is constructive, with price above the 50-day and 200-day averages. RSI is elevated near 71.0, so chasing strength may add risk. MACD remains on the bullish side. No recent matched news was found for this ticker/date. Relative strength versus the benchmark looked favorable. 1-month excess return 9.13%; 3-month excess return 22.26%; 6-month excess return 28.18%."
2024-09-26,CARR,0.33843604486367695,-4.1117667451717494,,miss,linear_regression,target_5d_return,"Technical state is constructive, with price above the 50-day and 200-day averages. RSI is elevated near 71.2, so chasing strength may add risk. MACD remains on the bullish side.",No recent matched news was found for this ticker/date.,Relative strength versus the benchmark looked favorable. 1-month excess return 8.92%; 3-month excess return 21.44%; 6-month excess return 28.55%.,"Model view: the forward return estimate was mildly negative at about -4.11%. Confidence was not explicitly available for this prediction. Technical state is constructive, with price above the 50-day and 200-day averages. RSI is elevated near 71.2, so chasing strength may add risk. MACD remains on the bullish side. No recent matched news was found for this ticker/date. Relative strength versus the benchmark looked favorable. 1-month excess return 8.92%; 3-month excess return 21.44%; 6-month excess return 28.55%."
2024-09-27,CARR,0.34774766562972736,-3.2902669843923746,,miss,linear_regression,target_5d_return,"Technical state is constructive, with price above the 50-day and 200-day averages. RSI is elevated near 72.9, so chasing strength may add risk. MACD remains on the bullish side.",No recent matched news was found for this ticker/date.,Relative strength versus the benchmark looked favorable. 1-month excess return 10.85%; 3-month excess return 22.60%; 6-month excess return 29.22%.,"Model view: the forward return estimate was mildly negative at about -3.29%. Confidence was not explicitly available for this prediction. Technical state is constructive, with price above the 50-day and 200-day averages. RSI is elevated near 72.9, so chasing strength may add risk. MACD remains on the bullish side. No recent matched news was found for this ticker/date. Relative strength versus the benchmark looked favorable. 1-month excess return 10.85%; 3-month excess return 22.60%; 6-month excess return 29.22%."
2024-09-30,CARR,-0.08696694829424256,-3.305452983208525,,hit,linear_regression,target_5d_return,"Technical state is constructive, with price above the 50-day and 200-day averages. RSI is elevated near 72.8, so chasing strength may add risk. MACD remains on the bullish side.",No recent matched news was found for this ticker/date.,Relative strength versus the benchmark looked favorable. 1-month excess return 10.41%; 3-month excess return 24.77%; 6-month excess return 30.31%.,"Model view: the forward return estimate was mildly negative at about -3.31%. Confidence was not explicitly available for this prediction. Technical state is constructive, with price above the 50-day and 200-day averages. RSI is elevated near 72.8, so chasing strength may add risk. MACD remains on the bullish side. No recent matched news was found for this ticker/date. Relative strength versus the benchmark looked favorable. 1-month excess return 10.41%; 3-month excess return 24.77%; 6-month excess return 30.31%."
2024-10-01,CARR,1.8777541177338097,-1.7593968932798845,,miss,linear_regression,target_5d_return,"Technical state is constructive, with price above the 50-day and 200-day averages. MACD remains on the bearish side.",No recent matched news was found for this ticker/date.,Relative strength versus the benchmark looked favorable. 1-month excess return 8.12%; 3-month excess return 22.68%; 6-month excess return 30.10%.,"Model view: the forward return estimate was mildly negative at about -1.76%. Confidence was not explicitly available for this prediction. Technical state is constructive, with price above the 50-day and 200-day averages. MACD remains on the bearish side. No recent matched news was found for this ticker/date. Relative strength versus the benchmark looked favorable. 1-month excess return 8.12%; 3-month excess return 22.68%; 6-month excess return 30.10%."
2024-10-02,CARR,1.9120944847548893,-1.9514716901525873,,miss,linear_regression,target_5d_return,"Technical state is constructive, with price above the 50-day and 200-day averages. MACD remains on the bearish side.",No recent matched news was found for this ticker/date.,Relative strength versus the benchmark looked favorable. 1-month excess return 11.95%; 3-month excess return 23.75%; 6-month excess return 31.92%.,"Model view: the forward return estimate was mildly negative at about -1.95%. Confidence was not explicitly available for this prediction. Technical state is constructive, with price above the 50-day and 200-day averages. MACD remains on the bearish side. No recent matched news was found for this ticker/date. Relative strength versus the benchmark looked favorable. 1-month excess return 11.95%; 3-month excess return 23.75%; 6-month excess return 31.92%."
2024-10-03,CARR,0.47469986125081576,-0.9295181610429071,,miss,linear_regression,target_5d_return,"Technical state is constructive, with price above the 50-day and 200-day averages. MACD remains on the bearish side.",No recent matched news was found for this ticker/date.,Relative strength versus the benchmark looked favorable. 1-month excess return 12.76%; 3-month excess return 24.23%; 6-month excess return 32.65%.,"Model view: the forward return estimate was mildly negative at about -0.93%. Confidence was not explicitly available for this prediction. Technical state is constructive, with price above the 50-day and 200-day averages. MACD remains on the bearish side. No recent matched news was found for this ticker/date. Relative strength versus the benchmark looked favorable. 1-month excess return 12.76%; 3-month excess return 24.23%; 6-month excess return 32.65%."
2024-10-04,CARR,1.0024721881197074,-0.9508045643021463,,miss,linear_regression,target_5d_return,"Technical state is constructive, with price above the 50-day and 200-day averages. MACD remains on the bearish side.",No recent matched news was found for this ticker/date.,Relative strength versus the benchmark looked favorable. 1-month excess return 12.76%; 3-month excess return 24.79%; 6-month excess return 32.63%.,"Model view: the forward return estimate was mildly negative at about -0.95%. Confidence was not explicitly available for this prediction. Technical state is constructive, with price above the 50-day and 200-day averages. MACD remains on the bearish side. No recent matched news was found for this ticker/date. Relative strength versus the benchmark looked favorable. 1-month excess return 12.76%; 3-month excess return 24.79%; 6-month excess return 32.63%."
2024-10-07,CARR,2.7978115533815684,-2.1919918305840866,,miss,linear_regression,target_5d_return,"Technical state is constructive, with price above the 50-day and 200-day averages. MACD remains on the bearish side.",No recent matched news was found for this ticker/date.,Relative strength versus the benchmark looked favorable. 1-month excess return 10.66%; 3-month excess return 26.95%; 6-month excess return 29.55%.,"Model view: the forward return estimate was mildly negative at about -2.19%. Confidence was not explicitly available for this prediction. Technical state is constructive, with price above the 50-day and 200-day averages. MACD remains on the bearish side. No recent matched news was found for this ticker/date. Relative strength versus the benchmark looked favorable. 1-month excess return 10.66%; 3-month excess return 26.95%; 6-month excess return 29.55%."
2024-10-08,CARR,0.9525040912205407,-2.316295719537564,,miss,linear_regression,target_5d_return,"Technical state is constructive, with price above the 50-day and 200-day averages. MACD remains on the bearish side.",No recent matched news was found for this ticker/date.,Relative strength versus the benchmark looked favorable. 1-month excess return 9.39%; 3-month excess return 24.97%; 6-month excess return 28.73%.,"Model view: the forward return estimate was mildly negative at about -2.32%. Confidence was not explicitly available for this prediction. Technical state is constructive, with price above the 50-day and 200-day averages. MACD remains on the bearish side. No recent matched news was found for this ticker/date. Relative strength versus the benchmark looked favorable. 1-month excess return 9.39%; 3-month excess return 24.97%; 6-month excess return 28.73%."
2024-10-09,CARR,-1.2548717791416752,-3.0427667853571307,,hit,linear_regression,target_5d_return,"Technical state is constructive, with price above the 50-day and 200-day averages. RSI is elevated near 71.0, so chasing strength may add risk. MACD remains on the bearish side.",No recent matched news was found for this ticker/date.,Relative strength versus the benchmark looked favorable. 1-month excess return 9.08%; 3-month excess return 19.87%; 6-month excess return 32.05%.,"Model view: the forward return estimate was mildly negative at about -3.04%. Confidence was not explicitly available for this prediction. Technical state is constructive, with price above the 50-day and 200-day averages. RSI is elevated near 71.0, so chasing strength may add risk. MACD remains on the bearish side. No recent matched news was found for this ticker/date. Relative strength versus the benchmark looked favorable. 1-month excess return 9.08%; 3-month excess return 19.87%; 6-month excess return 32.05%."
2024-10-10,CARR,1.2557529931595424,-2.763513791011192,,miss,linear_regression,target_5d_return,"Technical state is constructive, with price above the 50-day and 200-day averages. RSI is in a steady zone near 61.4. MACD remains on the bearish side.",No recent matched news was found for this ticker/date.,Relative strength versus the benchmark looked favorable. 1-month excess return 5.23%; 3-month excess return 18.95%; 6-month excess return 30.81%.,"Model view: the forward return estimate was mildly negative at about -2.76%. Confidence was not explicitly available for this prediction. Technical state is constructive, with price above the 50-day and 200-day averages. RSI is in a steady zone near 61.4. MACD remains on the bearish side. No recent matched news was found for this ticker/date. Relative strength versus the benchmark looked favorable. 1-month excess return 5.23%; 3-month excess return 18.95%; 6-month excess return 30.81%."
2024-10-11,CARR,-0.07351740980888755,-3.1518662718589354,,hit,linear_regression,target_5d_return,"Technical state is constructive, with price above the 50-day and 200-day averages. MACD remains on the bearish side.",No recent matched news was found for this ticker/date.,Relative strength versus the benchmark looked favorable. 1-month excess return 4.61%; 3-month excess return 17.94%; 6-month excess return 30.13%.,"Model view: the forward return estimate was mildly negative at about -3.15%. Confidence was not explicitly available for this prediction. Technical state is constructive, with price above the 50-day and 200-day averages. MACD remains on the bearish side. No recent matched news was found for this ticker/date. Relative strength versus the benchmark looked favorable. 1-month excess return 4.61%; 3-month excess return 17.94%; 6-month excess return 30.13%."
2024-10-14,CARR,-1.5604220927779466,-3.634400462494071,,hit,linear_regression,target_5d_return,"Technical state is constructive, with price above the 50-day and 200-day averages. MACD remains on the bearish side.",No recent matched news was found for this ticker/date.,Relative strength versus the benchmark looked favorable. 1-month excess return 4.08%; 3-month excess return 14.83%; 6-month excess return 33.22%.,"Model view: the forward return estimate was mildly negative at about -3.63%. Confidence was not explicitly available for this prediction. Technical state is constructive, with price above the 50-day and 200-day averages. MACD remains on the bearish side. No recent matched news was found for this ticker/date. Relative strength versus the benchmark looked favorable. 1-month excess return 4.08%; 3-month excess return 14.83%; 6-month excess return 33.22%."
2024-10-15,CARR,-1.788995311301922,-3.5791181150687663,,hit,linear_regression,target_5d_return,"Technical state is constructive, with price above the 50-day and 200-day averages. RSI is in a steady zone near 62.4. MACD remains on the bearish side.",No recent matched news was found for this ticker/date.,Relative strength versus the benchmark looked favorable. 1-month excess return 2.81%; 3-month excess return 16.62%; 6-month excess return 33.86%.,"Model view: the forward return estimate was mildly negative at about -3.58%. Confidence was not explicitly available for this prediction. Technical state is constructive, with price above the 50-day and 200-day averages. RSI is in a steady zone near 62.4. MACD remains on the bearish side. No recent matched news was found for this ticker/date. Relative strength versus the benchmark looked favorable. 1-month excess return 2.81%; 3-month excess return 16.62%; 6-month excess return 33.86%."
2024-10-16,CARR,-1.3571944011071424,-3.899303544120258,,hit,linear_regression,target_5d_return,"Technical state is constructive, with price above the 50-day and 200-day averages. RSI is in a steady zone near 59.6. MACD remains on the bearish side.",No recent matched news was found for this ticker/date.,Relative strength versus the benchmark looked favorable. 1-month excess return 0.56%; 3-month excess return 15.51%; 6-month excess return 33.05%.,"Model view: the forward return estimate was mildly negative at about -3.90%. Confidence was not explicitly available for this prediction. Technical state is constructive, with price above the 50-day and 200-day averages. RSI is in a steady zone near 59.6. MACD remains on the bearish side. No recent matched news was found for this ticker/date. Relative strength versus the benchmark looked favorable. 1-month excess return 0.56%; 3-month excess return 15.51%; 6-month excess return 33.05%."
2024-10-17,CARR,-10.486248354021887,-3.8889443266499057,,hit,linear_regression,target_5d_return,"Technical state is constructive, with price above the 50-day and 200-day averages. RSI is in a steady zone near 60.9. MACD remains on the bearish side.",No recent matched news was found for this ticker/date.,Relative strength versus the benchmark looked favorable. 1-month excess return 0.40%; 3-month excess return 16.85%; 6-month excess return 35.93%.,"Model view: the forward return estimate was mildly negative at about -3.89%. Confidence was not explicitly available for this prediction. Technical state is constructive, with price above the 50-day and 200-day averages. RSI is in a steady zone near 60.9. MACD remains on the bearish side. No recent matched news was found for this ticker/date. Relative strength versus the benchmark looked favorable. 1-month excess return 0.40%; 3-month excess return 16.85%; 6-month excess return 35.93%."
2024-10-18,CARR,-9.601473375893288,-4.009907027752665,,hit,linear_regression,target_5d_return,"Technical state is constructive, with price above the 50-day and 200-day averages. RSI is in a steady zone near 61.3. MACD remains on the bearish side.",No recent matched news was found for this ticker/date.,Relative strength versus the benchmark looked favorable. 1-month excess return -1.16%; 3-month excess return 14.52%; 6-month excess return 34.27%.,"Model view: the forward return estimate was mildly negative at about -4.01%. Confidence was not explicitly available for this prediction. Technical state is constructive, with price above the 50-day and 200-day averages. RSI is in a steady zone near 61.3. MACD remains on the bearish side. No recent matched news was found for this ticker/date. Relative strength versus the benchmark looked favorable. 1-month excess return -1.16%; 3-month excess return 14.52%; 6-month excess return 34.27%."
2024-10-21,CARR,-7.028746355810855,-3.953068311753616,,hit,linear_regression,target_5d_return,"Technical state is constructive, with price above the 50-day and 200-day averages. RSI is in a steady zone near 60.3. MACD remains on the bearish side.",No recent matched news was found for this ticker/date.,Relative strength versus the benchmark looked favorable. 1-month excess return -0.59%; 3-month excess return 13.78%; 6-month excess return 34.89%.,"Model view: the forward return estimate was mildly negative at about -3.95%. Confidence was not explicitly available for this prediction. Technical state is constructive, with price above the 50-day and 200-day averages. RSI is in a steady zone near 60.3. MACD remains on the bearish side. No recent matched news was found for this ticker/date. Relative strength versus the benchmark looked favorable. 1-month excess return -0.59%; 3-month excess return 13.78%; 6-month excess return 34.89%."
2024-10-22,CARR,-6.924520207233964,-4.694294684000515,,hit,linear_regression,target_5d_return,"Technical state is constructive, with price above the 50-day and 200-day averages. RSI is in a steady zone near 53.6. MACD remains on the bearish side.",No recent matched news was found for this ticker/date.,Relative strength versus the benchmark looked favorable. 1-month excess return -3.00%; 3-month excess return 13.64%; 6-month excess return 30.01%.,"Model view: the forward return estimate was mildly negative at about -4.69%. Confidence was not explicitly available for this prediction. Technical state is constructive, with price above the 50-day and 200-day averages. RSI is in a steady zone near 53.6. MACD remains on the bearish side. No recent matched news was found for this ticker/date. Relative strength versus the benchmark looked favorable. 1-month excess return -3.00%; 3-month excess return 13.64%; 6-month excess return 30.01%."
2024-10-23,CARR,-7.942462434653919,-3.635317117672405,,hit,linear_regression,target_5d_return,"Technical state is constructive, with price above the 50-day and 200-day averages. RSI is in a steady zone near 52.6. MACD remains on the bearish side.",No recent matched news was found for this ticker/date.,Relative strength versus the benchmark looked favorable. 1-month excess return -1.44%; 3-month excess return 15.95%; 6-month excess return 31.60%.,"Model view: the forward return estimate was mildly negative at about -3.64%. Confidence was not explicitly available for this prediction. Technical state is constructive, with price above the 50-day and 200-day averages. RSI is in a steady zone near 52.6. MACD remains on the bearish side. No recent matched news was found for this ticker/date. Relative strength versus the benchmark looked favorable. 1-month excess return -1.44%; 3-month excess return 15.95%; 6-month excess return 31.60%."
2024-10-24,CARR,-0.24691399370119216,-4.99029556971549,,hit,linear_regression,target_5d_return,"Technical state is mixed, with price not fully aligned across the major moving averages. RSI is weak near 30.5. MACD remains on the bearish side. Volatility is elevated at roughly 35.7%.",No recent matched news was found for this ticker/date.,Relative strength versus the benchmark looked favorable. 1-month excess return -9.80%; 3-month excess return 2.76%; 6-month excess return 6.78%.,"Model view: the forward return estimate was mildly negative at about -4.99%. Confidence was not explicitly available for this prediction. Technical state is mixed, with price not fully aligned across the major moving averages. RSI is weak near 30.5. MACD remains on the bearish side. Volatility is elevated at roughly 35.7%. No recent matched news was found for this ticker/date. Relative strength versus the benchmark looked favorable. 1-month excess return -9.80%; 3-month excess return 2.76%; 6-month excess return 6.78%."
2024-10-25,CARR,-1.5328335107177904,-3.0187092991352005,,hit,linear_regression,target_5d_return,"Technical state is mixed, with price not fully aligned across the major moving averages. RSI is weak near 34.0. MACD remains on the bearish side. Volatility is elevated at roughly 35.8%.",No recent matched news was found for this ticker/date.,Relative strength versus the benchmark looked favorable. 1-month excess return -8.46%; 3-month excess return 2.72%; 6-month excess return 7.93%.,"Model view: the forward return estimate was mildly negative at about -3.02%. Confidence was not explicitly available for this prediction. Technical state is mixed, with price not fully aligned across the major moving averages. RSI is weak near 34.0. MACD remains on the bearish side. Volatility is elevated at roughly 35.8%. No recent matched news was found for this ticker/date. Relative strength versus the benchmark looked favorable. 1-month excess return -8.46%; 3-month excess return 2.72%; 6-month excess return 7.93%."
2024-10-28,CARR,-4.30875228448222,-4.47365605371498,,hit,linear_regression,target_5d_return,"Technical state is mixed, with price not fully aligned across the major moving averages. MACD remains on the bearish side. Volatility is elevated at roughly 37.4%.",No recent matched news was found for this ticker/date.,Relative strength versus the benchmark looked favorable. 1-month excess return -7.66%; 3-month excess return 5.01%; 6-month excess return 6.77%.,"Model view: the forward return estimate was mildly negative at about -4.47%. Confidence was not explicitly available for this prediction. Technical state is mixed, with price not fully aligned across the major moving averages. MACD remains on the bearish side. Volatility is elevated at roughly 37.4%. No recent matched news was found for this ticker/date. Relative strength versus the benchmark looked favorable. 1-month excess return -7.66%; 3-month excess return 5.01%; 6-month excess return 6.77%."
2024-10-29,CARR,-0.9383337299732175,-3.3224890790115724,,hit,linear_regression,target_5d_return,"Technical state is mixed, with price not fully aligned across the major moving averages. RSI is weak near 38.9. MACD remains on the bearish side. Volatility is elevated at roughly 37.4%.",No recent matched news was found for this ticker/date.,Relative strength versus the benchmark looked favorable. 1-month excess return -8.66%; 3-month excess return 3.83%; 6-month excess return 5.43%.,"Model view: the forward return estimate was mildly negative at about -3.32%. Confidence was not explicitly available for this prediction. Technical state is mixed, with price not fully aligned across the major moving averages. RSI is weak near 38.9. MACD remains on the bearish side. Volatility is elevated at roughly 37.4%. No recent matched news was found for this ticker/date. Relative strength versus the benchmark looked favorable. 1-month excess return -8.66%; 3-month excess return 3.83%; 6-month excess return 5.43%."
2024-10-30,CARR,2.4184766524455226,-2.931155539076596,,miss,linear_regression,target_5d_return,"Technical state is mixed, with price not fully aligned across the major moving averages. RSI is weak near 36.6. MACD remains on the bearish side. Volatility is elevated at roughly 36.9%.",No recent matched news was found for this ticker/date.,Relative strength versus the benchmark looked favorable. 1-month excess return -9.24%; 3-month excess return 4.57%; 6-month excess return 4.50%.,"Model view: the forward return estimate was mildly negative at about -2.93%. Confidence was not explicitly available for this prediction. Technical state is mixed, with price not fully aligned across the major moving averages. RSI is weak near 36.6. MACD remains on the bearish side. Volatility is elevated at roughly 36.9%. No recent matched news was found for this ticker/date. Relative strength versus the benchmark looked favorable. 1-month excess return -9.24%; 3-month excess return 4.57%; 6-month excess return 4.50%."
2024-10-31,CARR,3.314075896946944,-2.6417156569684197,,miss,linear_regression,target_5d_return,"Technical state is mixed, with price not fully aligned across the major moving averages. RSI is weak near 34.6. MACD remains on the bearish side. Volatility is elevated at roughly 37.0%.",No recent matched news was found for this ticker/date.,Relative strength versus the benchmark looked favorable. 1-month excess return -9.68%; 3-month excess return 6.96%; 6-month excess return 6.74%.,"Model view: the forward return estimate was mildly negative at about -2.64%. Confidence was not explicitly available for this prediction. Technical state is mixed, with price not fully aligned across the major moving averages. RSI is weak near 34.6. MACD remains on the bearish side. Volatility is elevated at roughly 37.0%. No recent matched news was found for this ticker/date. Relative strength versus the benchmark looked favorable. 1-month excess return -9.68%; 3-month excess return 6.96%; 6-month excess return 6.74%."
2024-11-01,CARR,5.634390651085153,-3.639298279079296,,miss,linear_regression,target_5d_return,"Technical state is mixed, with price not fully aligned across the major moving averages. RSI is weak near 34.3. MACD remains on the bearish side. Volatility is elevated at roughly 36.7%.",No recent matched news was found for this ticker/date.,Relative strength versus the benchmark looked favorable. 1-month excess return -9.91%; 3-month excess return 3.76%; 6-month excess return 5.22%.,"Model view: the forward return estimate was mildly negative at about -3.64%. Confidence was not explicitly available for this prediction. Technical state is mixed, with price not fully aligned across the major moving averages. RSI is weak near 34.3. MACD remains on the bearish side. Volatility is elevated at roughly 36.7%. No recent matched news was found for this ticker/date. Relative strength versus the benchmark looked favorable. 1-month excess return -9.91%; 3-month excess return 3.76%; 6-month excess return 5.22%."
2024-11-04,CARR,5.372927220530488,-3.7786889399650834,,miss,linear_regression,target_5d_return,"Technical state is mixed, with price not fully aligned across the major moving averages. RSI is weak near 33.9. MACD remains on the bearish side. Volatility is elevated at roughly 36.7%.",No recent matched news was found for this ticker/date.,Relative strength versus the benchmark looked favorable. 1-month excess return -9.85%; 3-month excess return 3.74%; 6-month excess return 2.68%.,"Model view: the forward return estimate was mildly negative at about -3.78%. Confidence was not explicitly available for this prediction. Technical state is mixed, with price not fully aligned across the major moving averages. RSI is weak near 33.9. MACD remains on the bearish side. Volatility is elevated at roughly 36.7%. No recent matched news was found for this ticker/date. Relative strength versus the benchmark looked favorable. 1-month excess return -9.85%; 3-month excess return 3.74%; 6-month excess return 2.68%."
2024-11-05,CARR,2.083898354167224,-5.545356851816341,,miss,linear_regression,target_5d_return,"Technical state is mixed, with price not fully aligned across the major moving averages. MACD remains on the bearish side. Volatility is elevated at roughly 37.7%.",No recent matched news was found for this ticker/date.,Relative strength versus the benchmark looked favorable. 1-month excess return -9.68%; 3-month excess return 5.87%; 6-month excess return 3.50%.,"Model view: the forward return estimate was mildly negative at about -5.55%. Confidence was not explicitly available for this prediction. Technical state is mixed, with price not fully aligned across the major moving averages. MACD remains on the bearish side. Volatility is elevated at roughly 37.7%. No recent matched news was found for this ticker/date. Relative strength versus the benchmark looked favorable. 1-month excess return -9.68%; 3-month excess return 5.87%; 6-month excess return 3.50%."
2024-11-06,CARR,1.353149787246366,-6.455322900012239,,miss,linear_regression,target_5d_return,"Technical state is mixed, with price not fully aligned across the major moving averages. MACD remains on the bearish side. Volatility is elevated at roughly 38.0%.",No recent matched news was found for this ticker/date.,Relative strength versus the benchmark looked favorable. 1-month excess return -9.88%; 3-month excess return 5.51%; 6-month excess return 2.94%.,"Model view: the forward return estimate was mildly negative at about -6.46%. Confidence was not explicitly available for this prediction. Technical state is mixed, with price not fully aligned across the major moving averages. MACD remains on the bearish side. Volatility is elevated at roughly 38.0%. No recent matched news was found for this ticker/date. Relative strength versus the benchmark looked favorable. 1-month excess return -9.88%; 3-month excess return 5.51%; 6-month excess return 2.94%."
2024-11-07,CARR,-0.21295892261937732,-5.883665720776496,,hit,linear_regression,target_5d_return,"Technical state is mixed, with price not fully aligned across the major moving averages. MACD remains on the bearish side. Volatility is elevated at roughly 37.5%.",No recent matched news was found for this ticker/date.,Relative strength versus the benchmark looked favorable. 1-month excess return -11.69%; 3-month excess return 4.92%; 6-month excess return 0.65%.,"Model view: the forward return estimate was mildly negative at about -5.88%. Confidence was not explicitly available for this prediction. Technical state is mixed, with price not fully aligned across the major moving averages. MACD remains on the bearish side. Volatility is elevated at roughly 37.5%. No recent matched news was found for this ticker/date. Relative strength versus the benchmark looked favorable. 1-month excess return -11.69%; 3-month excess return 4.92%; 6-month excess return 0.65%."
2024-11-08,CARR,-2.803862176998173,-6.5665705345743435,,hit,linear_regression,target_5d_return,"Technical state is mixed, with price not fully aligned across the major moving averages. RSI is in a steady zone near 51.0. MACD remains on the bearish side. Volatility is elevated at roughly 38.0%.",No recent matched news was found for this ticker/date.,Relative strength versus the benchmark looked favorable. 1-month excess return -8.51%; 3-month excess return 7.05%; 6-month excess return 2.19%.,"Model view: the forward return estimate was mildly negative at about -6.57%. Confidence was not explicitly available for this prediction. Technical state is mixed, with price not fully aligned across the major moving averages. RSI is in a steady zone near 51.0. MACD remains on the bearish side. Volatility is elevated at roughly 38.0%. No recent matched news was found for this ticker/date. Relative strength versus the benchmark looked favorable. 1-month excess return -8.51%; 3-month excess return 7.05%; 6-month excess return 2.19%."
2024-11-11,CARR,-2.93616179956504,-6.397736714109517,,hit,linear_regression,target_5d_return,"Technical state is mixed, with price not fully aligned across the major moving averages. MACD remains on the bullish side. Volatility is elevated at roughly 37.5%.",No recent matched news was found for this ticker/date.,Relative strength versus the benchmark looked favorable. 1-month excess return -9.84%; 3-month excess return 6.05%; 6-month excess return 3.63%.,"Model view: the forward return estimate was mildly negative at about -6.40%. Confidence was not explicitly available for this prediction. Technical state is mixed, with price not fully aligned across the major moving averages. MACD remains on the bullish side. Volatility is elevated at roughly 37.5%. No recent matched news was found for this ticker/date. Relative strength versus the benchmark looked favorable. 1-month excess return -9.84%; 3-month excess return 6.05%; 6-month excess return 3.63%."
2024-11-12,CARR,-1.4713687359881655,-6.114037093734223,,hit,linear_regression,target_5d_return,"Technical state is mixed, with price not fully aligned across the major moving averages. MACD remains on the bullish side. Volatility is elevated at roughly 37.5%.",No recent matched news was found for this ticker/date.,Relative strength versus the benchmark looked favorable. 1-month excess return -10.92%; 3-month excess return 5.07%; 6-month excess return 2.06%.,"Model view: the forward return estimate was mildly negative at about -6.11%. Confidence was not explicitly available for this prediction. Technical state is mixed, with price not fully aligned across the major moving averages. MACD remains on the bullish side. Volatility is elevated at roughly 37.5%. No recent matched news was found for this ticker/date. Relative strength versus the benchmark looked favorable. 1-month excess return -10.92%; 3-month excess return 5.07%; 6-month excess return 2.06%."
2024-11-13,CARR,-2.4869129423188863,-6.379410667072652,,hit,linear_regression,target_5d_return,"Technical state is mixed, with price not fully aligned across the major moving averages. RSI is in a steady zone near 50.3. MACD remains on the bullish side. Volatility is elevated at roughly 37.9%.",No recent matched news was found for this ticker/date.,Relative strength versus the benchmark looked favorable. 1-month excess return -9.40%; 3-month excess return 3.70%; 6-month excess return 3.35%.,"Model view: the forward return estimate was mildly negative at about -6.38%. Confidence was not explicitly available for this prediction. Technical state is mixed, with price not fully aligned across the major moving averages. RSI is in a steady zone near 50.3. MACD remains on the bullish side. Volatility is elevated at roughly 37.9%. No recent matched news was found for this ticker/date. Relative strength versus the benchmark looked favorable. 1-month excess return -9.40%; 3-month excess return 3.70%; 6-month excess return 3.35%."
2024-11-14,CARR,1.3872227538928472,-5.609845419608679,,miss,linear_regression,target_5d_return,"Technical state is mixed, with price not fully aligned across the major moving averages. MACD remains on the bullish side. Volatility is elevated at roughly 38.2%.",No recent matched news was found for this ticker/date.,Relative strength versus the benchmark looked favorable. 1-month excess return -9.43%; 3-month excess return 4.18%; 6-month excess return 3.08%.,"Model view: the forward return estimate was mildly negative at about -5.61%. Confidence was not explicitly available for this prediction. Technical state is mixed, with price not fully aligned across the major moving averages. MACD remains on the bullish side. Volatility is elevated at roughly 38.2%. No recent matched news was found for this ticker/date. Relative strength versus the benchmark looked favorable. 1-month excess return -9.43%; 3-month excess return 4.18%; 6-month excess return 3.08%."
2024-11-15,CARR,3.3141033961605837,-5.62046455235856,,miss,linear_regression,target_5d_return,"Technical state is mixed, with price not fully aligned across the major moving averages. MACD remains on the bullish side. Volatility is elevated at roughly 38.1%.",No recent matched news was found for this ticker/date.,Relative strength versus the benchmark looked favorable. 1-month excess return -9.08%; 3-month excess return 3.89%; 6-month excess return 3.61%.,"Model view: the forward return estimate was mildly negative at about -5.62%. Confidence was not explicitly available for this prediction. Technical state is mixed, with price not fully aligned across the major moving averages. MACD remains on the bullish side. Volatility is elevated at roughly 38.1%. No recent matched news was found for this ticker/date. Relative strength versus the benchmark looked favorable. 1-month excess return -9.08%; 3-month excess return 3.89%; 6-month excess return 3.61%."
2024-11-18,CARR,6.509114782149639,-5.74458395694283,,miss,linear_regression,target_5d_return,"Technical state is mixed, with price not fully aligned across the major moving averages. MACD remains on the bullish side. Volatility is elevated at roughly 38.1%.",No recent matched news was found for this ticker/date.,Relative strength versus the benchmark looked favorable. 1-month excess return -9.82%; 3-month excess return 2.70%; 6-month excess return 1.24%.,"Model view: the forward return estimate was mildly negative at about -5.74%. Confidence was not explicitly available for this prediction. Technical state is mixed, with price not fully aligned across the major moving averages. MACD remains on the bullish side. Volatility is elevated at roughly 38.1%. No recent matched news was found for this ticker/date. Relative strength versus the benchmark looked favorable. 1-month excess return -9.82%; 3-month excess return 2.70%; 6-month excess return 1.24%."
2024-11-19,CARR,3.511368957428318,-5.700631755406795,,miss,linear_regression,target_5d_return,"Technical state is mixed, with price not fully aligned across the major moving averages. MACD remains on the bullish side. Volatility is elevated at roughly 38.0%.",No recent matched news was found for this ticker/date.,Relative strength versus the benchmark looked favorable. 1-month excess return -9.81%; 3-month excess return 1.39%; 6-month excess return 1.15%.,"Model view: the forward return estimate was mildly negative at about -5.70%. Confidence was not explicitly available for this prediction. Technical state is mixed, with price not fully aligned across the major moving averages. MACD remains on the bullish side. Volatility is elevated at roughly 38.0%. No recent matched news was found for this ticker/date. Relative strength versus the benchmark looked favorable. 1-month excess return -9.81%; 3-month excess return 1.39%; 6-month excess return 1.15%."
2024-11-20,CARR,3.2214785582267202,-5.382148161889453,,miss,linear_regression,target_5d_return,"Technical state is mixed, with price not fully aligned across the major moving averages. MACD remains on the bullish side. Volatility is elevated at roughly 38.1%.",No recent matched news was found for this ticker/date.,Relative strength versus the benchmark looked favorable. 1-month excess return -8.31%; 3-month excess return 0.86%; 6-month excess return 2.54%.,"Model view: the forward return estimate was mildly negative at about -5.38%. Confidence was not explicitly available for this prediction. Technical state is mixed, with price not fully aligned across the major moving averages. MACD remains on the bullish side. Volatility is elevated at roughly 38.1%. No recent matched news was found for this ticker/date. Relative strength versus the benchmark looked favorable. 1-month excess return -8.31%; 3-month excess return 0.86%; 6-month excess return 2.54%."
2024-11-21,CARR,1.7892390108265932,-4.8451896754567985,,miss,linear_regression,target_5d_return,"Technical state is mixed, with price not fully aligned across the major moving averages. RSI is in a steady zone near 51.0. MACD remains on the bullish side.",No recent matched news was found for this ticker/date.,Relative strength versus the benchmark looked favorable. 1-month excess return -7.63%; 3-month excess return 1.07%; 6-month excess return 5.25%.,"Model view: the forward return estimate was mildly negative at about -4.85%. Confidence was not explicitly available for this prediction. Technical state is mixed, with price not fully aligned across the major moving averages. RSI is in a steady zone near 51.0. MACD remains on the bullish side. No recent matched news was found for this ticker/date. Relative strength versus the benchmark looked favorable. 1-month excess return -7.63%; 3-month excess return 1.07%; 6-month excess return 5.25%."
2024-11-22,CARR,-0.9220767330813673,-4.884413580433723,,hit,linear_regression,target_5d_return,"Technical state is mixed, with price not fully aligned across the major moving averages. RSI is in a steady zone near 54.8. MACD remains on the bullish side.",No recent matched news was found for this ticker/date.,Relative strength versus the benchmark looked favorable. 1-month excess return 2.81%; 3-month excess return 1.17%; 6-month excess return 4.81%.,"Model view: the forward return estimate was mildly negative at about -4.88%. Confidence was not explicitly available for this prediction. Technical state is mixed, with price not fully aligned across the major moving averages. RSI is in a steady zone near 54.8. MACD remains on the bullish side. No recent matched news was found for this ticker/date. Relative strength versus the benchmark looked favorable. 1-month excess return 2.81%; 3-month excess return 1.17%; 6-month excess return 4.81%."
2024-11-25,CARR,-4.17142234177229,-5.238511582920211,,hit,linear_regression,target_5d_return,"Technical state is constructive, with price above the 50-day and 200-day averages. RSI is in a steady zone near 61.0. MACD remains on the bullish side.",No recent matched news was found for this ticker/date.,Relative strength versus the benchmark looked favorable. 1-month excess return 3.80%; 3-month excess return 3.48%; 6-month excess return 9.21%.,"Model view: the forward return estimate was mildly negative at about -5.24%. Confidence was not explicitly available for this prediction. Technical state is constructive, with price above the 50-day and 200-day averages. RSI is in a steady zone near 61.0. MACD remains on the bullish side. No recent matched news was found for this ticker/date. Relative strength versus the benchmark looked favorable. 1-month excess return 3.80%; 3-month excess return 3.48%; 6-month excess return 9.21%."
2024-11-26,CARR,-2.027560616697799,-5.2725017328085615,,hit,linear_regression,target_5d_return,"Technical state is mixed, with price not fully aligned across the major moving averages. RSI is in a steady zone near 53.0. MACD remains on the bullish side.",No recent matched news was found for this ticker/date.,Relative strength versus the benchmark looked favorable. 1-month excess return -1.75%; 3-month excess return 0.56%; 6-month excess return 7.80%.,"Model view: the forward return estimate was mildly negative at about -5.27%. Confidence was not explicitly available for this prediction. Technical state is mixed, with price not fully aligned across the major moving averages. RSI is in a steady zone near 53.0. MACD remains on the bullish side. No recent matched news was found for this ticker/date. Relative strength versus the benchmark looked favorable. 1-month excess return -1.75%; 3-month excess return 0.56%; 6-month excess return 7.80%."
2024-11-27,CARR,-3.784139927656671,-5.320384564396875,,hit,linear_regression,target_5d_return,"Technical state is mixed, with price not fully aligned across the major moving averages. RSI is in a steady zone near 52.8. MACD remains on the bullish side.",No recent matched news was found for this ticker/date.,Relative strength versus the benchmark looked favorable. 1-month excess return 0.13%; 3-month excess return 0.90%; 6-month excess return 6.82%.,"Model view: the forward return estimate was mildly negative at about -5.32%. Confidence was not explicitly available for this prediction. Technical state is mixed, with price not fully aligned across the major moving averages. RSI is in a steady zone near 52.8. MACD remains on the bullish side. No recent matched news was found for this ticker/date. Relative strength versus the benchmark looked favorable. 1-month excess return 0.13%; 3-month excess return 0.90%; 6-month excess return 6.82%."
2024-11-29,CARR,-4.7822210757258565,-3.9161212698516197,,hit,linear_regression,target_5d_return,"Technical state is mixed, with price not fully aligned across the major moving averages. RSI is in a steady zone near 54.5. MACD remains on the bullish side.",No recent matched news was found for this ticker/date.,Relative strength versus the benchmark looked favorable. 1-month excess return 1.32%; 3-month excess return -0.53%; 6-month excess return 8.24%.,"Model view: the forward return estimate was mildly negative at about -3.92%. Confidence was not explicitly available for this prediction. Technical state is mixed, with price not fully aligned across the major moving averages. RSI is in a steady zone near 54.5. MACD remains on the bullish side. No recent matched news was found for this ticker/date. Relative strength versus the benchmark looked favorable. 1-month excess return 1.32%; 3-month excess return -0.53%; 6-month excess return 8.24%."
2024-12-02,CARR,-4.05033940254711,-4.147872928248502,,hit,linear_regression,target_5d_return,"Technical state is mixed, with price not fully aligned across the major moving averages. RSI is in a steady zone near 50.1. MACD remains on the bullish side.",No recent matched news was found for this ticker/date.,Relative strength versus the benchmark looked mixed. 1-month excess return -1.28%; 3-month excess return -0.46%; 6-month excess return 8.67%.,"Model view: the forward return estimate was mildly negative at about -4.15%. Confidence was not explicitly available for this prediction. Technical state is mixed, with price not fully aligned across the major moving averages. RSI is in a steady zone near 50.1. MACD remains on the bullish side. No recent matched news was found for this ticker/date. Relative strength versus the benchmark looked mixed. 1-month excess return -1.28%; 3-month excess return -0.46%; 6-month excess return 8.67%."
2024-12-03,CARR,-3.664996302398582,-3.3732462780336347,,hit,linear_regression,target_5d_return,"Technical state is mixed, with price not fully aligned across the major moving averages. MACD remains on the bullish side.",No recent matched news was found for this ticker/date.,Relative strength versus the benchmark looked mixed. 1-month excess return -1.63%; 3-month excess return -0.28%; 6-month excess return 9.07%.,"Model view: the forward return estimate was mildly negative at about -3.37%. Confidence was not explicitly available for this prediction. Technical state is mixed, with price not fully aligned across the major moving averages. MACD remains on the bullish side. No recent matched news was found for this ticker/date. Relative strength versus the benchmark looked mixed. 1-month excess return -1.63%; 3-month excess return -0.28%; 6-month excess return 9.07%."
2024-12-04,CARR,-2.228708366130383,-3.9334416847567617,,hit,linear_regression,target_5d_return,"Technical state is mixed, with price not fully aligned across the major moving averages. MACD remains on the bullish side.",No recent matched news was found for this ticker/date.,Relative strength versus the benchmark looked mixed. 1-month excess return -2.54%; 3-month excess return -1.43%; 6-month excess return 5.68%.,"Model view: the forward return estimate was mildly negative at about -3.93%. Confidence was not explicitly available for this prediction. Technical state is mixed, with price not fully aligned across the major moving averages. MACD remains on the bullish side. No recent matched news was found for this ticker/date. Relative strength versus the benchmark looked mixed. 1-month excess return -2.54%; 3-month excess return -1.43%; 6-month excess return 5.68%."
2024-12-05,CARR,-0.6081861889910112,-4.420858946603369,,hit,linear_regression,target_5d_return,"Technical state is mixed, with price not fully aligned across the major moving averages. MACD remains on the bearish side.",No recent matched news was found for this ticker/date.,Relative strength versus the benchmark looked mixed. 1-month excess return -5.09%; 3-month excess return -5.81%; 6-month excess return 4.94%.,"Model view: the forward return estimate was mildly negative at about -4.42%. Confidence was not explicitly available for this prediction. Technical state is mixed, with price not fully aligned across the major moving averages. MACD remains on the bearish side. No recent matched news was found for this ticker/date. Relative strength versus the benchmark looked mixed. 1-month excess return -5.09%; 3-month excess return -5.81%; 6-month excess return 4.94%."
2024-12-06,CARR,-0.8958817009894537,-3.669999562715754,,hit,linear_regression,target_5d_return,"Technical state is mixed, with price not fully aligned across the major moving averages. MACD remains on the bearish side.",No recent matched news was found for this ticker/date.,Relative strength versus the benchmark looked mixed. 1-month excess return -5.13%; 3-month excess return -7.11%; 6-month excess return 3.62%.,"Model view: the forward return estimate was mildly negative at about -3.67%. Confidence was not explicitly available for this prediction. Technical state is mixed, with price not fully aligned across the major moving averages. MACD remains on the bearish side. No recent matched news was found for this ticker/date. Relative strength versus the benchmark looked mixed. 1-month excess return -5.13%; 3-month excess return -7.11%; 6-month excess return 3.62%."
2024-12-09,CARR,-2.199454477422935,-3.2452635892971897,,hit,linear_regression,target_5d_return,"Technical state is mixed, with price not fully aligned across the major moving averages. RSI is weak near 38.8. MACD remains on the bearish side.",No recent matched news was found for this ticker/date.,Relative strength versus the benchmark looked mixed. 1-month excess return -4.10%; 3-month excess return -8.33%; 6-month excess return 4.15%.,"Model view: the forward return estimate was mildly negative at about -3.25%. Confidence was not explicitly available for this prediction. Technical state is mixed, with price not fully aligned across the major moving averages. RSI is weak near 38.8. MACD remains on the bearish side. No recent matched news was found for this ticker/date. Relative strength versus the benchmark looked mixed. 1-month excess return -4.10%; 3-month excess return -8.33%; 6-month excess return 4.15%."
2024-12-10,CARR,-3.474795857891444,-2.3929939160272453,,hit,linear_regression,target_5d_return,"Technical state is mixed, with price not fully aligned across the major moving averages. RSI is weak near 37.5. MACD remains on the bearish side.",No recent matched news was found for this ticker/date.,Relative strength versus the benchmark looked mixed. 1-month excess return -5.84%; 3-month excess return -9.97%; 6-month excess return 5.12%.,"Model view: the forward return estimate was mildly negative at about -2.39%. Confidence was not explicitly available for this prediction. Technical state is mixed, with price not fully aligned across the major moving averages. RSI is weak near 37.5. MACD remains on the bearish side. No recent matched news was found for this ticker/date. Relative strength versus the benchmark looked mixed. 1-month excess return -5.84%; 3-month excess return -9.97%; 6-month excess return 5.12%."
2024-12-11,CARR,-9.05020141809436,-2.8407568932750507,,hit,linear_regression,target_5d_return,"Technical state is mixed, with price not fully aligned across the major moving averages. MACD remains on the bearish side.",No recent matched news was found for this ticker/date.,Relative strength versus the benchmark looked mixed. 1-month excess return -4.87%; 3-month excess return -10.91%; 6-month excess return 2.24%.,"Model view: the forward return estimate was mildly negative at about -2.84%. Confidence was not explicitly available for this prediction. Technical state is mixed, with price not fully aligned across the major moving averages. MACD remains on the bearish side. No recent matched news was found for this ticker/date. Relative strength versus the benchmark looked mixed. 1-month excess return -4.87%; 3-month excess return -10.91%; 6-month excess return 2.24%."
2024-12-12,CARR,-9.31465649829054,-2.2652920071644274,,hit,linear_regression,target_5d_return,"Technical state is mixed, with price not fully aligned across the major moving averages. MACD remains on the bearish side.",No recent matched news was found for this ticker/date.,Relative strength versus the benchmark looked mixed. 1-month excess return -3.78%; 3-month excess return -11.45%; 6-month excess return 3.48%.,"Model view: the forward return estimate was mildly negative at about -2.27%. Confidence was not explicitly available for this prediction. Technical state is mixed, with price not fully aligned across the major moving averages. MACD remains on the bearish side. No recent matched news was found for this ticker/date. Relative strength versus the benchmark looked mixed. 1-month excess return -3.78%; 3-month excess return -11.45%; 6-month excess return 3.48%."
2024-12-13,CARR,-6.190938419679803,-2.7312564976716884,,hit,linear_regression,target_5d_return,"Technical state is mixed, with price not fully aligned across the major moving averages. RSI is weak near 39.6. MACD remains on the bearish side.",No recent matched news was found for this ticker/date.,Relative strength versus the benchmark looked mixed. 1-month excess return -5.64%; 3-month excess return -12.71%; 6-month excess return 2.11%.,"Model view: the forward return estimate was mildly negative at about -2.73%. Confidence was not explicitly available for this prediction. Technical state is mixed, with price not fully aligned across the major moving averages. RSI is weak near 39.6. MACD remains on the bearish side. No recent matched news was found for this ticker/date. Relative strength versus the benchmark looked mixed. 1-month excess return -5.64%; 3-month excess return -12.71%; 6-month excess return 2.11%."
2024-12-16,CARR,-3.9111545824752625,-0.7637254288323474,,hit,linear_regression,target_5d_return,"Technical state is mixed, with price not fully aligned across the major moving averages. RSI is weak near 34.6. MACD remains on the bearish side.",No recent matched news was found for this ticker/date.,Relative strength versus the benchmark looked weak. 1-month excess return -6.75%; 3-month excess return -15.94%; 6-month excess return -0.97%.,"Model view: the forward return estimate was mildly negative at about -0.76%. Confidence was not explicitly available for this prediction. Technical state is mixed, with price not fully aligned across the major moving averages. RSI is weak near 34.6. MACD remains on the bearish side. No recent matched news was found for this ticker/date. Relative strength versus the benchmark looked weak. 1-month excess return -6.75%; 3-month excess return -15.94%; 6-month excess return -0.97%."
2024-12-17,CARR,-1.1809929503003747,-1.0437783299501602,,hit,linear_regression,target_5d_return,"Technical state is mixed, with price not fully aligned across the major moving averages. RSI is weak near 30.8. MACD remains on the bearish side.",No recent matched news was found for this ticker/date.,Relative strength versus the benchmark looked weak. 1-month excess return -8.85%; 3-month excess return -17.78%; 6-month excess return -3.21%.,"Model view: the forward return estimate was mildly negative at about -1.04%. Confidence was not explicitly available for this prediction. Technical state is mixed, with price not fully aligned across the major moving averages. RSI is weak near 30.8. MACD remains on the bearish side. No recent matched news was found for this ticker/date. Relative strength versus the benchmark looked weak. 1-month excess return -8.85%; 3-month excess return -17.78%; 6-month excess return -3.21%."
2024-12-18,CARR,3.8937798864434603,0.5130282348382849,,hit,linear_regression,target_5d_return,"Technical state is soft, with price below the 50-day and 200-day averages. RSI is weak near 23.7. MACD remains on the bearish side.",No recent matched news was found for this ticker/date.,Relative strength versus the benchmark looked weak. 1-month excess return -9.19%; 3-month excess return -19.52%; 6-month excess return -2.83%.,"Model view: the forward return estimate was mildly positive at about 0.51%. Confidence was not explicitly available for this prediction. Technical state is soft, with price below the 50-day and 200-day averages. RSI is weak near 23.7. MACD remains on the bearish side. No recent matched news was found for this ticker/date. Relative strength versus the benchmark looked weak. 1-month excess return -9.19%; 3-month excess return -19.52%; 6-month excess return -2.83%."
2024-12-19,CARR,3.313838661820956,0.6582850840986765,,hit,linear_regression,target_5d_return,"Technical state is soft, with price below the 50-day and 200-day averages. RSI is weak near 23.1. MACD remains on the bearish side.",No recent matched news was found for this ticker/date.,Relative strength versus the benchmark looked weak. 1-month excess return -9.59%; 3-month excess return -19.43%; 6-month excess return -1.35%.,"Model view: the forward return estimate was mildly positive at about 0.66%. Confidence was not explicitly available for this prediction. Technical state is soft, with price below the 50-day and 200-day averages. RSI is weak near 23.1. MACD remains on the bearish side. No recent matched news was found for this ticker/date. Relative strength versus the benchmark looked weak. 1-month excess return -9.59%; 3-month excess return -19.43%; 6-month excess return -1.35%."
2024-12-20,CARR,-0.3796094538549677,1.5132205271201231,,miss,linear_regression,target_5d_return,"Technical state is mixed, with price not fully aligned across the major moving averages. RSI is weak near 32.8. MACD remains on the bearish side.",No recent matched news was found for this ticker/date.,Relative strength versus the benchmark looked weak. 1-month excess return -8.46%; 3-month excess return -19.10%; 6-month excess return -2.94%.,"Model view: the forward return estimate was mildly positive at about 1.51%. Confidence was not explicitly available for this prediction. Technical state is mixed, with price not fully aligned across the major moving averages. RSI is weak near 32.8. MACD remains on the bearish side. No recent matched news was found for this ticker/date. Relative strength versus the benchmark looked weak. 1-month excess return -8.46%; 3-month excess return -19.10%; 6-month excess return -2.94%."
2024-12-23,CARR,-0.7704590380042342,0.8971149591346517,,miss,linear_regression,target_5d_return,"Technical state is mixed, with price not fully aligned across the major moving averages. RSI is weak near 34.3. MACD remains on the bearish side.",No recent matched news was found for this ticker/date.,Relative strength versus the benchmark looked weak. 1-month excess return -9.78%; 3-month excess return -18.35%; 6-month excess return -1.29%.,"Model view: the forward return estimate was mildly positive at about 0.90%. Confidence was not explicitly available for this prediction. Technical state is mixed, with price not fully aligned across the major moving averages. RSI is weak near 34.3. MACD remains on the bearish side. No recent matched news was found for this ticker/date. Relative strength versus the benchmark looked weak. 1-month excess return -9.78%; 3-month excess return -18.35%; 6-month excess return -1.29%."
2024-12-24,CARR,-1.6126640264969017,0.0998150924141199,,miss,linear_regression,target_5d_return,"Technical state is mixed, with price not fully aligned across the major moving averages. RSI is weak near 37.5. MACD remains on the bearish side.",No recent matched news was found for this ticker/date.,Relative strength versus the benchmark looked weak. 1-month excess return -10.78%; 3-month excess return -18.00%; 6-month excess return 0.59%.,"Model view: the forward return estimate was mildly positive at about 0.10%. Confidence was not explicitly available for this prediction. Technical state is mixed, with price not fully aligned across the major moving averages. RSI is weak near 37.5. MACD remains on the bearish side. No recent matched news was found for this ticker/date. Relative strength versus the benchmark looked weak. 1-month excess return -10.78%; 3-month excess return -18.00%; 6-month excess return 0.59%."
2024-12-26,CARR,-0.5456594726427455,-0.17363469119594171,,hit,linear_regression,target_5d_return,"Technical state is mixed, with price not fully aligned across the major moving averages. RSI is weak near 38.5. MACD remains on the bearish side.",No recent matched news was found for this ticker/date.,Relative strength versus the benchmark looked weak. 1-month excess return -12.35%; 3-month excess return -17.47%; 6-month excess return 0.42%.,"Model view: the forward return estimate was mildly negative at about -0.17%. Confidence was not explicitly available for this prediction. Technical state is mixed, with price not fully aligned across the major moving averages. RSI is weak near 38.5. MACD remains on the bearish side. No recent matched news was found for this ticker/date. Relative strength versus the benchmark looked weak. 1-month excess return -12.35%; 3-month excess return -17.47%; 6-month excess return 0.42%."
2024-12-27,CARR,-0.2757655111732982,1.0655307250027846,,miss,linear_regression,target_5d_return,"Technical state is mixed, with price not fully aligned across the major moving averages. RSI is weak near 36.2. MACD remains on the bearish side.",No recent matched news was found for this ticker/date.,Relative strength versus the benchmark looked weak. 1-month excess return -9.50%; 3-month excess return -18.56%; 6-month excess return -0.16%.,"Model view: the forward return estimate was mildly positive at about 1.07%. Confidence was not explicitly available for this prediction. Technical state is mixed, with price not fully aligned across the major moving averages. RSI is weak near 36.2. MACD remains on the bearish side. No recent matched news was found for this ticker/date. Relative strength versus the benchmark looked weak. 1-month excess return -9.50%; 3-month excess return -18.56%; 6-month excess return -0.16%."
2024-12-30,CARR,-0.02931887949101375,0.5003814113385245,,miss,linear_regression,target_5d_return,"Technical state is soft, with price below the 50-day and 200-day averages. RSI is weak near 34.2. MACD remains on the bearish side.",No recent matched news was found for this ticker/date.,Relative strength versus the benchmark looked weak. 1-month excess return -9.54%; 3-month excess return -17.76%; 6-month excess return 2.30%.,"Model view: the forward return estimate was mildly positive at about 0.50%. Confidence was not explicitly available for this prediction. Technical state is soft, with price below the 50-day and 200-day averages. RSI is weak near 34.2. MACD remains on the bearish side. No recent matched news was found for this ticker/date. Relative strength versus the benchmark looked weak. 1-month excess return -9.54%; 3-month excess return -17.76%; 6-month excess return 2.30%."
2024-12-31,CARR,0.2783398858273278,0.1969277341729465,,hit,linear_regression,target_5d_return,"Technical state is soft, with price below the 50-day and 200-day averages. RSI is weak near 34.3. MACD remains on the bearish side.",No recent matched news was found for this ticker/date.,Relative strength versus the benchmark looked weak. 1-month excess return -9.13%; 3-month excess return -17.05%; 6-month excess return 1.85%.,"Model view: the forward return estimate was mildly positive at about 0.20%. Confidence was not explicitly available for this prediction. Technical state is soft, with price below the 50-day and 200-day averages. RSI is weak near 34.3. MACD remains on the bearish side. No recent matched news was found for this ticker/date. Relative strength versus the benchmark looked weak. 1-month excess return -9.13%; 3-month excess return -17.05%; 6-month excess return 1.85%."
2025-01-02,CARR,-2.663544045153332,0.14192139361695544,,miss,linear_regression,target_5d_return,"Technical state is soft, with price below the 50-day and 200-day averages. RSI is weak near 34.8. MACD remains on the bearish side.",No recent matched news was found for this ticker/date.,Relative strength versus the benchmark looked weak. 1-month excess return -7.27%; 3-month excess return -17.96%; 6-month excess return 1.63%.,"Model view: the forward return estimate was mildly positive at about 0.14%. Confidence was not explicitly available for this prediction. Technical state is soft, with price below the 50-day and 200-day averages. RSI is weak near 34.8. MACD remains on the bearish side. No recent matched news was found for this ticker/date. Relative strength versus the benchmark looked weak. 1-month excess return -7.27%; 3-month excess return -17.96%; 6-month excess return 1.63%."
2025-01-03,CARR,-3.104246981757197,-0.6750075074361477,,hit,linear_regression,target_5d_return,"Technical state is mixed, with price not fully aligned across the major moving averages. MACD remains on the bullish side.",No recent matched news was found for this ticker/date.,Relative strength versus the benchmark looked weak. 1-month excess return -6.43%; 3-month excess return -17.80%; 6-month excess return 2.74%.,"Model view: the forward return estimate was mildly negative at about -0.68%. Confidence was not explicitly available for this prediction. Technical state is mixed, with price not fully aligned across the major moving averages. MACD remains on the bullish side. No recent matched news was found for this ticker/date. Relative strength versus the benchmark looked weak. 1-month excess return -6.43%; 3-month excess return -17.80%; 6-month excess return 2.74%."
2025-01-06,CARR,-0.45116804355161966,0.18137861072584505,,miss,linear_regression,target_5d_return,"Technical state is mixed, with price not fully aligned across the major moving averages. RSI is weak near 38.3. MACD remains on the bullish side.",No recent matched news was found for this ticker/date.,Relative strength versus the benchmark looked weak. 1-month excess return -6.87%; 3-month excess return -18.94%; 6-month excess return 1.54%.,"Model view: the forward return estimate was mildly positive at about 0.18%. Confidence was not explicitly available for this prediction. Technical state is mixed, with price not fully aligned across the major moving averages. RSI is weak near 38.3. MACD remains on the bullish side. No recent matched news was found for this ticker/date. Relative strength versus the benchmark looked weak. 1-month excess return -6.87%; 3-month excess return -18.94%; 6-month excess return 1.54%."
2025-01-07,CARR,0.864981637889306,0.6568235257369266,,hit,linear_regression,target_5d_return,"Technical state is soft, with price below the 50-day and 200-day averages. RSI is weak near 36.4. MACD remains on the bullish side.",No recent matched news was found for this ticker/date.,Relative strength versus the benchmark looked weak. 1-month excess return -4.89%; 3-month excess return -18.92%; 6-month excess return 3.53%.,"Model view: the forward return estimate was mildly positive at about 0.66%. Confidence was not explicitly available for this prediction. Technical state is soft, with price below the 50-day and 200-day averages. RSI is weak near 36.4. MACD remains on the bullish side. No recent matched news was found for this ticker/date. Relative strength versus the benchmark looked weak. 1-month excess return -4.89%; 3-month excess return -18.92%; 6-month excess return 3.53%."
2025-01-08,CARR,1.8845887115272797,0.22290071214699614,,hit,linear_regression,target_5d_return,"Technical state is soft, with price below the 50-day and 200-day averages. RSI is weak near 38.0. MACD remains on the bullish side.",No recent matched news was found for this ticker/date.,Relative strength versus the benchmark looked weak. 1-month excess return -4.10%; 3-month excess return -18.23%; 6-month excess return 2.52%.,"Model view: the forward return estimate was mildly positive at about 0.22%. Confidence was not explicitly available for this prediction. Technical state is soft, with price below the 50-day and 200-day averages. RSI is weak near 38.0. MACD remains on the bullish side. No recent matched news was found for this ticker/date. Relative strength versus the benchmark looked weak. 1-month excess return -4.10%; 3-month excess return -18.23%; 6-month excess return 2.52%."
2025-01-10,CARR,4.736132047367625,0.9781338428341797,,hit,linear_regression,target_5d_return,"Technical state is soft, with price below the 50-day and 200-day averages. RSI is weak near 31.3. MACD remains on the bullish side.",No recent matched news was found for this ticker/date.,Relative strength versus the benchmark looked weak. 1-month excess return -5.18%; 3-month excess return -19.62%; 6-month excess return -4.25%.,"Model view: the forward return estimate was mildly positive at about 0.98%. Confidence was not explicitly available for this prediction. Technical state is soft, with price below the 50-day and 200-day averages. RSI is weak near 31.3. MACD remains on the bullish side. No recent matched news was found for this ticker/date. Relative strength versus the benchmark looked weak. 1-month excess return -5.18%; 3-month excess return -19.62%; 6-month excess return -4.25%."
2025-01-13,CARR,5.125916271971609,0.48407355854444917,,hit,linear_regression,target_5d_return,"Technical state is soft, with price below the 50-day and 200-day averages. RSI is weak near 35.1. MACD remains on the bullish side.",No recent matched news was found for this ticker/date.,Relative strength versus the benchmark looked weak. 1-month excess return -4.27%; 3-month excess return -17.51%; 6-month excess return -2.21%.,"Model view: the forward return estimate was mildly positive at about 0.48%. Confidence was not explicitly available for this prediction. Technical state is soft, with price below the 50-day and 200-day averages. RSI is weak near 35.1. MACD remains on the bullish side. No recent matched news was found for this ticker/date. Relative strength versus the benchmark looked weak. 1-month excess return -4.27%; 3-month excess return -17.51%; 6-month excess return -2.21%."
2025-01-14,CARR,2.383036867040511,0.3637312328495426,,hit,linear_regression,target_5d_return,"Technical state is soft, with price below the 50-day and 200-day averages. MACD remains on the bullish side.",No recent matched news was found for this ticker/date.,Relative strength versus the benchmark looked weak. 1-month excess return -3.03%; 3-month excess return -16.67%; 6-month excess return -2.17%.,"Model view: the forward return estimate was mildly positive at about 0.36%. Confidence was not explicitly available for this prediction. Technical state is soft, with price below the 50-day and 200-day averages. MACD remains on the bullish side. No recent matched news was found for this ticker/date. Relative strength versus the benchmark looked weak. 1-month excess return -3.03%; 3-month excess return -16.67%; 6-month excess return -2.17%."
2025-01-15,CARR,1.5697589444112037,-0.6420494624288751,,miss,linear_regression,target_5d_return,"Technical state is soft, with price below the 50-day and 200-day averages. MACD remains on the bullish side.",No recent matched news was found for this ticker/date.,Relative strength versus the benchmark looked weak. 1-month excess return -4.54%; 3-month excess return -18.26%; 6-month excess return -6.56%.,"Model view: the forward return estimate was mildly negative at about -0.64%. Confidence was not explicitly available for this prediction. Technical state is soft, with price below the 50-day and 200-day averages. MACD remains on the bullish side. No recent matched news was found for this ticker/date. Relative strength versus the benchmark looked weak. 1-month excess return -4.54%; 3-month excess return -18.26%; 6-month excess return -6.56%."
2025-01-16,CARR,0.5448880046638349,-1.052437770530004,,miss,linear_regression,target_5d_return,"Technical state is mixed, with price not fully aligned across the major moving averages. MACD remains on the bullish side.",No recent matched news was found for this ticker/date.,Relative strength versus the benchmark looked weak. 1-month excess return -2.43%; 3-month excess return -16.66%; 6-month excess return -3.14%.,"Model view: the forward return estimate was mildly negative at about -1.05%. Confidence was not explicitly available for this prediction. Technical state is mixed, with price not fully aligned across the major moving averages. MACD remains on the bullish side. No recent matched news was found for this ticker/date. Relative strength versus the benchmark looked weak. 1-month excess return -2.43%; 3-month excess return -16.66%; 6-month excess return -3.14%."
2025-01-17,CARR,-3.2012679295142954,-0.15402019977782117,,hit,linear_regression,target_5d_return,"Technical state is mixed, with price not fully aligned across the major moving averages. MACD remains on the bullish side.",No recent matched news was found for this ticker/date.,Relative strength versus the benchmark looked weak. 1-month excess return -1.20%; 3-month excess return -16.71%; 6-month excess return -4.28%.,"Model view: the forward return estimate was mildly negative at about -0.15%. Confidence was not explicitly available for this prediction. Technical state is mixed, with price not fully aligned across the major moving averages. MACD remains on the bullish side. No recent matched news was found for this ticker/date. Relative strength versus the benchmark looked weak. 1-month excess return -1.20%; 3-month excess return -16.71%; 6-month excess return -4.28%."
2025-01-21,CARR,-4.6066617426163585,-0.16533047743600965,,hit,linear_regression,target_5d_return,"Technical state is mixed, with price not fully aligned across the major moving averages. RSI is in a steady zone near 53.2. MACD remains on the bullish side.",No recent matched news was found for this ticker/date.,Relative strength versus the benchmark looked mixed. 1-month excess return 0.56%; 3-month excess return -16.95%; 6-month excess return -3.39%.,"Model view: the forward return estimate was mildly negative at about -0.17%. Confidence was not explicitly available for this prediction. Technical state is mixed, with price not fully aligned across the major moving averages. RSI is in a steady zone near 53.2. MACD remains on the bullish side. No recent matched news was found for this ticker/date. Relative strength versus the benchmark looked mixed. 1-month excess return 0.56%; 3-month excess return -16.95%; 6-month excess return -3.39%."
2025-01-22,CARR,-7.468221931606289,-0.49201028898245497,,hit,linear_regression,target_5d_return,"Technical state is mixed, with price not fully aligned across the major moving averages. RSI is in a steady zone near 50.5. MACD remains on the bullish side.",No recent matched news was found for this ticker/date.,Relative strength versus the benchmark looked weak. 1-month excess return 1.05%; 3-month excess return -17.89%; 6-month excess return -6.40%.,"Model view: the forward return estimate was mildly negative at about -0.49%. Confidence was not explicitly available for this prediction. Technical state is mixed, with price not fully aligned across the major moving averages. RSI is in a steady zone near 50.5. MACD remains on the bullish side. No recent matched news was found for this ticker/date. Relative strength versus the benchmark looked weak. 1-month excess return 1.05%; 3-month excess return -17.89%; 6-month excess return -6.40%."
2025-01-23,CARR,-5.59530078190379,-0.7043143200090314,,hit,linear_regression,target_5d_return,"Technical state is mixed, with price not fully aligned across the major moving averages. MACD remains on the bullish side.",No recent matched news was found for this ticker/date.,Relative strength versus the benchmark looked weak. 1-month excess return 0.75%; 3-month excess return -18.64%; 6-month excess return -7.81%.,"Model view: the forward return estimate was mildly negative at about -0.70%. Confidence was not explicitly available for this prediction. Technical state is mixed, with price not fully aligned across the major moving averages. MACD remains on the bullish side. No recent matched news was found for this ticker/date. Relative strength versus the benchmark looked weak. 1-month excess return 0.75%; 3-month excess return -18.64%; 6-month excess return -7.81%."
2025-01-24,CARR,-6.759847842982458,-0.032339837087252465,,hit,linear_regression,target_5d_return,"Technical state is mixed, with price not fully aligned across the major moving averages. RSI is in a steady zone near 51.1. MACD remains on the bullish side.",No recent matched news was found for this ticker/date.,Relative strength versus the benchmark looked weak. 1-month excess return -0.18%; 3-month excess return -16.78%; 6-month excess return -6.15%.,"Model view: the forward return estimate was mildly negative at about -0.03%. Confidence was not explicitly available for this prediction. Technical state is mixed, with price not fully aligned across the major moving averages. RSI is in a steady zone near 51.1. MACD remains on the bullish side. No recent matched news was found for this ticker/date. Relative strength versus the benchmark looked weak. 1-month excess return -0.18%; 3-month excess return -16.78%; 6-month excess return -6.15%."
2025-01-27,CARR,-6.347321310880005,-0.10914919309820731,,hit,linear_regression,target_5d_return,"Technical state is soft, with price below the 50-day and 200-day averages. RSI is weak near 38.9. MACD remains on the bullish side.",No recent matched news was found for this ticker/date.,Relative strength versus the benchmark looked weak. 1-month excess return -2.72%; 3-month excess return -19.42%; 6-month excess return -7.40%.,"Model view: the forward return estimate was mildly negative at about -0.11%. Confidence was not explicitly available for this prediction. Technical state is soft, with price below the 50-day and 200-day averages. RSI is weak near 38.9. MACD remains on the bullish side. No recent matched news was found for this ticker/date. Relative strength versus the benchmark looked weak. 1-month excess return -2.72%; 3-month excess return -19.42%; 6-month excess return -7.40%."
2025-01-28,CARR,-5.0817263425863235,0.1762128137567885,,miss,linear_regression,target_5d_return,"Technical state is soft, with price below the 50-day and 200-day averages. RSI is weak near 38.4. MACD remains on the bullish side.",No recent matched news was found for this ticker/date.,Relative strength versus the benchmark looked weak. 1-month excess return -3.64%; 3-month excess return -12.07%; 6-month excess return -10.30%.,"Model view: the forward return estimate was mildly positive at about 0.18%. Confidence was not explicitly available for this prediction. Technical state is soft, with price below the 50-day and 200-day averages. RSI is weak near 38.4. MACD remains on the bullish side. No recent matched news was found for this ticker/date. Relative strength versus the benchmark looked weak. 1-month excess return -3.64%; 3-month excess return -12.07%; 6-month excess return -10.30%."
2025-01-29,CARR,-0.3703788300324029,0.5431097740806166,,miss,linear_regression,target_5d_return,"Technical state is soft, with price below the 50-day and 200-day averages. RSI is weak near 30.6. MACD remains on the bearish side.",No recent matched news was found for this ticker/date.,Relative strength versus the benchmark looked weak. 1-month excess return -7.06%; 3-month excess return -16.07%; 6-month excess return -14.70%.,"Model view: the forward return estimate was mildly positive at about 0.54%. Confidence was not explicitly available for this prediction. Technical state is soft, with price below the 50-day and 200-day averages. RSI is weak near 30.6. MACD remains on the bearish side. No recent matched news was found for this ticker/date. Relative strength versus the benchmark looked weak. 1-month excess return -7.06%; 3-month excess return -16.07%; 6-month excess return -14.70%."
2025-01-30,CARR,-1.1520420223851136,0.6776683954538185,,miss,linear_regression,target_5d_return,"Technical state is soft, with price below the 50-day and 200-day averages. RSI is weak near 37.1. MACD remains on the bearish side.",No recent matched news was found for this ticker/date.,Relative strength versus the benchmark looked weak. 1-month excess return -5.94%; 3-month excess return -17.00%; 6-month excess return -13.85%.,"Model view: the forward return estimate was mildly positive at about 0.68%. Confidence was not explicitly available for this prediction. Technical state is soft, with price below the 50-day and 200-day averages. RSI is weak near 37.1. MACD remains on the bearish side. No recent matched news was found for this ticker/date. Relative strength versus the benchmark looked weak. 1-month excess return -5.94%; 3-month excess return -17.00%; 6-month excess return -13.85%."
2025-01-31,CARR,-1.8507175517040841,0.8221773753422752,,miss,linear_regression,target_5d_return,"Technical state is soft, with price below the 50-day and 200-day averages. RSI is weak near 35.3. MACD remains on the bearish side.",No recent matched news was found for this ticker/date.,Relative strength versus the benchmark looked weak. 1-month excess return -6.46%; 3-month excess return -15.83%; 6-month excess return -13.38%.,"Model view: the forward return estimate was mildly positive at about 0.82%. Confidence was not explicitly available for this prediction. Technical state is soft, with price below the 50-day and 200-day averages. RSI is weak near 35.3. MACD remains on the bearish side. No recent matched news was found for this ticker/date. Relative strength versus the benchmark looked weak. 1-month excess return -6.46%; 3-month excess return -15.83%; 6-month excess return -13.38%."
2025-02-03,CARR,4.877279107891241,1.4151825992957159,,hit,linear_regression,target_5d_return,"Technical state is soft, with price below the 50-day and 200-day averages. RSI is weak near 29.5. MACD remains on the bearish side.",No recent matched news was found for this ticker/date.,Relative strength versus the benchmark looked weak. 1-month excess return -9.51%; 3-month excess return -17.30%; 6-month excess return -14.56%.,"Model view: the forward return estimate was mildly positive at about 1.42%. Confidence was not explicitly available for this prediction. Technical state is soft, with price below the 50-day and 200-day averages. RSI is weak near 29.5. MACD remains on the bearish side. No recent matched news was found for this ticker/date. Relative strength versus the benchmark looked weak. 1-month excess return -9.51%; 3-month excess return -17.30%; 6-month excess return -14.56%."
2025-02-04,CARR,2.003761071683874,0.502599477492194,,hit,linear_regression,target_5d_return,"Technical state is soft, with price below the 50-day and 200-day averages. RSI is weak near 33.4. MACD remains on the bearish side.",No recent matched news was found for this ticker/date.,Relative strength versus the benchmark looked weak. 1-month excess return -9.47%; 3-month excess return -18.03%; 6-month excess return -13.12%.,"Model view: the forward return estimate was mildly positive at about 0.50%. Confidence was not explicitly available for this prediction. Technical state is soft, with price below the 50-day and 200-day averages. RSI is weak near 33.4. MACD remains on the bearish side. No recent matched news was found for this ticker/date. Relative strength versus the benchmark looked weak. 1-month excess return -9.47%; 3-month excess return -18.03%; 6-month excess return -13.12%."
2025-02-05,CARR,-1.4869874857126097,0.7325336719987916,,miss,linear_regression,target_5d_return,"Technical state is soft, with price below the 50-day and 200-day averages. RSI is weak near 36.8. MACD remains on the bearish side.",No recent matched news was found for this ticker/date.,Relative strength versus the benchmark looked weak. 1-month excess return -8.85%; 3-month excess return -16.91%; 6-month excess return -15.33%.,"Model view: the forward return estimate was mildly positive at about 0.73%. Confidence was not explicitly available for this prediction. Technical state is soft, with price below the 50-day and 200-day averages. RSI is weak near 36.8. MACD remains on the bearish side. No recent matched news was found for this ticker/date. Relative strength versus the benchmark looked weak. 1-month excess return -8.85%; 3-month excess return -16.91%; 6-month excess return -15.33%."
2025-02-06,CARR,-2.3616024185684092,0.6622566903037608,,miss,linear_regression,target_5d_return,"Technical state is soft, with price below the 50-day and 200-day averages. MACD remains on the bearish side.",No recent matched news was found for this ticker/date.,Relative strength versus the benchmark looked weak. 1-month excess return -6.93%; 3-month excess return -16.39%; 6-month excess return -14.52%.,"Model view: the forward return estimate was mildly positive at about 0.66%. Confidence was not explicitly available for this prediction. Technical state is soft, with price below the 50-day and 200-day averages. MACD remains on the bearish side. No recent matched news was found for this ticker/date. Relative strength versus the benchmark looked weak. 1-month excess return -6.93%; 3-month excess return -16.39%; 6-month excess return -14.52%."
2025-02-07,CARR,1.4960247964246332,0.6907705703812581,,hit,linear_regression,target_5d_return,"Technical state is soft, with price below the 50-day and 200-day averages. RSI is weak near 36.8. MACD remains on the bearish side.",No recent matched news was found for this ticker/date.,Relative strength versus the benchmark looked weak. 1-month excess return -7.92%; 3-month excess return -17.34%; 6-month excess return -14.18%.,"Model view: the forward return estimate was mildly positive at about 0.69%. Confidence was not explicitly available for this prediction. Technical state is soft, with price below the 50-day and 200-day averages. RSI is weak near 36.8. MACD remains on the bearish side. No recent matched news was found for this ticker/date. Relative strength versus the benchmark looked weak. 1-month excess return -7.92%; 3-month excess return -17.34%; 6-month excess return -14.18%."
2025-02-10,CARR,0.5435496945650486,0.022656721410940772,,hit,linear_regression,target_5d_return,"Technical state is soft, with price below the 50-day and 200-day averages. MACD remains on the bearish side. Volatility is elevated at roughly 30.4%.",No recent matched news was found for this ticker/date.,Relative strength versus the benchmark looked weak. 1-month excess return -5.83%; 3-month excess return -14.50%; 6-month excess return -11.31%.,"Model view: the forward return estimate was mildly positive at about 0.02%. Confidence was not explicitly available for this prediction. Technical state is soft, with price below the 50-day and 200-day averages. MACD remains on the bearish side. Volatility is elevated at roughly 30.4%. No recent matched news was found for this ticker/date. Relative strength versus the benchmark looked weak. 1-month excess return -5.83%; 3-month excess return -14.50%; 6-month excess return -11.31%."
2025-02-11,CARR,1.2584402221282431,0.4431276508795719,,hit,linear_regression,target_5d_return,"Technical state is soft, with price below the 50-day and 200-day averages. MACD remains on the bullish side. Volatility is elevated at roughly 30.7%.",No recent matched news was found for this ticker/date.,Relative strength versus the benchmark looked weak. 1-month excess return -6.29%; 3-month excess return -14.94%; 6-month excess return -12.43%.,"Model view: the forward return estimate was mildly positive at about 0.44%. Confidence was not explicitly available for this prediction. Technical state is soft, with price below the 50-day and 200-day averages. MACD remains on the bullish side. Volatility is elevated at roughly 30.7%. No recent matched news was found for this ticker/date. Relative strength versus the benchmark looked weak. 1-month excess return -6.29%; 3-month excess return -14.94%; 6-month excess return -12.43%."
2025-02-12,CARR,5.5188714157889285,0.675092457328671,,hit,linear_regression,target_5d_return,"Technical state is soft, with price below the 50-day and 200-day averages. RSI is weak near 38.0. MACD remains on the bearish side. Volatility is elevated at roughly 30.7%.",No recent matched news was found for this ticker/date.,Relative strength versus the benchmark looked weak. 1-month excess return -9.01%; 3-month excess return -17.94%; 6-month excess return -14.28%.,"Model view: the forward return estimate was mildly positive at about 0.68%. Confidence was not explicitly available for this prediction. Technical state is soft, with price below the 50-day and 200-day averages. RSI is weak near 38.0. MACD remains on the bearish side. Volatility is elevated at roughly 30.7%. No recent matched news was found for this ticker/date. Relative strength versus the benchmark looked weak. 1-month excess return -9.01%; 3-month excess return -17.94%; 6-month excess return -14.28%."
2025-02-13,CARR,3.8636707322421637,-0.24291149384808647,,miss,linear_regression,target_5d_return,"Technical state is soft, with price below the 50-day and 200-day averages. RSI is weak near 38.4. MACD remains on the bearish side. Volatility is elevated at roughly 30.6%.",No recent matched news was found for this ticker/date.,Relative strength versus the benchmark looked weak. 1-month excess return -11.66%; 3-month excess return -18.41%; 6-month excess return -15.29%.,"Model view: the forward return estimate was mildly negative at about -0.24%. Confidence was not explicitly available for this prediction. Technical state is soft, with price below the 50-day and 200-day averages. RSI is weak near 38.4. MACD remains on the bearish side. Volatility is elevated at roughly 30.6%. No recent matched news was found for this ticker/date. Relative strength versus the benchmark looked weak. 1-month excess return -11.66%; 3-month excess return -18.41%; 6-month excess return -15.29%."
2025-02-14,CARR,2.1802638695264553,0.19225627436577214,,hit,linear_regression,target_5d_return,"Technical state is soft, with price below the 50-day and 200-day averages. MACD remains on the bullish side. Volatility is elevated at roughly 31.4%.",No recent matched news was found for this ticker/date.,Relative strength versus the benchmark looked weak. 1-month excess return -8.20%; 3-month excess return -15.84%; 6-month excess return -13.02%.,"Model view: the forward return estimate was mildly positive at about 0.19%. Confidence was not explicitly available for this prediction. Technical state is soft, with price below the 50-day and 200-day averages. MACD remains on the bullish side. Volatility is elevated at roughly 31.4%. No recent matched news was found for this ticker/date. Relative strength versus the benchmark looked weak. 1-month excess return -8.20%; 3-month excess return -15.84%; 6-month excess return -13.02%."
2025-02-18,CARR,0.9160544284404271,-1.4462948354687368,,miss,linear_regression,target_5d_return,"Technical state is soft, with price below the 50-day and 200-day averages. RSI is in a steady zone near 50.2. MACD remains on the bullish side. Volatility is elevated at roughly 32.7%.",No recent matched news was found for this ticker/date.,Relative strength versus the benchmark looked weak. 1-month excess return -7.84%; 3-month excess return -15.26%; 6-month excess return -13.25%.,"Model view: the forward return estimate was mildly negative at about -1.45%. Confidence was not explicitly available for this prediction. Technical state is soft, with price below the 50-day and 200-day averages. RSI is in a steady zone near 50.2. MACD remains on the bullish side. Volatility is elevated at roughly 32.7%. No recent matched news was found for this ticker/date. Relative strength versus the benchmark looked weak. 1-month excess return -7.84%; 3-month excess return -15.26%; 6-month excess return -13.25%."
2025-02-19,CARR,0.1818658852415611,-1.3518506457957384,,miss,linear_regression,target_5d_return,"Technical state is soft, with price below the 50-day and 200-day averages. MACD remains on the bullish side. Volatility is elevated at roughly 32.3%.",No recent matched news was found for this ticker/date.,Relative strength versus the benchmark looked weak. 1-month excess return -7.87%; 3-month excess return -15.31%; 6-month excess return -12.72%.,"Model view: the forward return estimate was mildly negative at about -1.35%. Confidence was not explicitly available for this prediction. Technical state is soft, with price below the 50-day and 200-day averages. MACD remains on the bullish side. Volatility is elevated at roughly 32.3%. No recent matched news was found for this ticker/date. Relative strength versus the benchmark looked weak. 1-month excess return -7.87%; 3-month excess return -15.31%; 6-month excess return -12.72%."
2025-02-20,CARR,-4.514973553478862,-2.8534269475418186,,hit,linear_regression,target_5d_return,"Technical state is soft, with price below the 50-day and 200-day averages. RSI is in a steady zone near 52.1. MACD remains on the bullish side. Volatility is elevated at roughly 33.1%.",No recent matched news was found for this ticker/date.,Relative strength versus the benchmark looked weak. 1-month excess return -6.11%; 3-month excess return -14.19%; 6-month excess return -11.36%.,"Model view: the forward return estimate was mildly negative at about -2.85%. Confidence was not explicitly available for this prediction. Technical state is soft, with price below the 50-day and 200-day averages. RSI is in a steady zone near 52.1. MACD remains on the bullish side. Volatility is elevated at roughly 33.1%. No recent matched news was found for this ticker/date. Relative strength versus the benchmark looked weak. 1-month excess return -6.11%; 3-month excess return -14.19%; 6-month excess return -11.36%."
2025-02-21,CARR,-2.011181395582795,-2.0359032537096895,,hit,linear_regression,target_5d_return,"Technical state is soft, with price below the 50-day and 200-day averages. MACD remains on the bullish side. Volatility is elevated at roughly 33.4%.",No recent matched news was found for this ticker/date.,Relative strength versus the benchmark looked weak. 1-month excess return -4.52%; 3-month excess return -12.73%; 6-month excess return -10.99%.,"Model view: the forward return estimate was mildly negative at about -2.04%. Confidence was not explicitly available for this prediction. Technical state is soft, with price below the 50-day and 200-day averages. MACD remains on the bullish side. Volatility is elevated at roughly 33.4%. No recent matched news was found for this ticker/date. Relative strength versus the benchmark looked weak. 1-month excess return -4.52%; 3-month excess return -12.73%; 6-month excess return -10.99%."
2025-02-24,CARR,-4.943658271008466,-1.8036845684668337,,hit,linear_regression,target_5d_return,"Technical state is soft, with price below the 50-day and 200-day averages. RSI is in a steady zone near 50.1. MACD remains on the bullish side. Volatility is elevated at roughly 33.5%.",No recent matched news was found for this ticker/date.,Relative strength versus the benchmark looked weak. 1-month excess return -2.70%; 3-month excess return -11.65%; 6-month excess return -11.03%.,"Model view: the forward return estimate was mildly negative at about -1.80%. Confidence was not explicitly available for this prediction. Technical state is soft, with price below the 50-day and 200-day averages. RSI is in a steady zone near 50.1. MACD remains on the bullish side. Volatility is elevated at roughly 33.5%. No recent matched news was found for this ticker/date. Relative strength versus the benchmark looked weak. 1-month excess return -2.70%; 3-month excess return -11.65%; 6-month excess return -11.03%."
2025-02-25,CARR,-7.633924830932837,-2.368428050769991,,hit,linear_regression,target_5d_return,"Technical state is soft, with price below the 50-day and 200-day averages. RSI is in a steady zone near 52.6. MACD remains on the bullish side. Volatility is elevated at roughly 30.9%.",No recent matched news was found for this ticker/date.,Relative strength versus the benchmark looked weak. 1-month excess return -1.91%; 3-month excess return -10.45%; 6-month excess return -10.32%.,"Model view: the forward return estimate was mildly negative at about -2.37%. Confidence was not explicitly available for this prediction. Technical state is soft, with price below the 50-day and 200-day averages. RSI is in a steady zone near 52.6. MACD remains on the bullish side. Volatility is elevated at roughly 30.9%. No recent matched news was found for this ticker/date. Relative strength versus the benchmark looked weak. 1-month excess return -1.91%; 3-month excess return -10.45%; 6-month excess return -10.32%."
2025-02-26,CARR,-1.8608105233476224,-2.2947120712132247,,hit,linear_regression,target_5d_return,"Technical state is soft, with price below the 50-day and 200-day averages. MACD remains on the bullish side. Volatility is elevated at roughly 31.4%.",No recent matched news was found for this ticker/date.,Relative strength versus the benchmark looked weak. 1-month excess return -1.16%; 3-month excess return -13.24%; 6-month excess return -13.05%.,"Model view: the forward return estimate was mildly negative at about -2.29%. Confidence was not explicitly available for this prediction. Technical state is soft, with price below the 50-day and 200-day averages. MACD remains on the bullish side. Volatility is elevated at roughly 31.4%. No recent matched news was found for this ticker/date. Relative strength versus the benchmark looked weak. 1-month excess return -1.16%; 3-month excess return -13.24%; 6-month excess return -13.05%."
2025-02-27,CARR,2.013109985434136,-1.238726814162034,,miss,linear_regression,target_5d_return,"Technical state is soft, with price below the 50-day and 200-day averages. MACD remains on the bullish side. Volatility is elevated at roughly 30.5%.",No recent matched news was found for this ticker/date.,Relative strength versus the benchmark looked weak. 1-month excess return -1.57%; 3-month excess return -15.04%; 6-month excess return -15.01%.,"Model view: the forward return estimate was mildly negative at about -1.24%. Confidence was not explicitly available for this prediction. Technical state is soft, with price below the 50-day and 200-day averages. MACD remains on the bullish side. Volatility is elevated at roughly 30.5%. No recent matched news was found for this ticker/date. Relative strength versus the benchmark looked weak. 1-month excess return -1.57%; 3-month excess return -15.04%; 6-month excess return -15.01%."
2025-02-28,CARR,3.996907740609079,-1.7966757967520777,,miss,linear_regression,target_5d_return,"Technical state is soft, with price below the 50-day and 200-day averages. MACD remains on the bullish side.",No recent matched news was found for this ticker/date.,Relative strength versus the benchmark looked mixed. 1-month excess return 1.28%; 3-month excess return -17.31%; 6-month excess return -15.56%.,"Model view: the forward return estimate was mildly negative at about -1.80%. Confidence was not explicitly available for this prediction. Technical state is soft, with price below the 50-day and 200-day averages. MACD remains on the bullish side. No recent matched news was found for this ticker/date. Relative strength versus the benchmark looked mixed. 1-month excess return 1.28%; 3-month excess return -17.31%; 6-month excess return -15.56%."
2025-03-03,CARR,5.9911552810372415,-0.044912552011750595,,miss,linear_regression,target_5d_return,"Technical state is soft, with price below the 50-day and 200-day averages. RSI is weak near 39.9. MACD remains on the bearish side. Volatility is elevated at roughly 31.0%.",No recent matched news was found for this ticker/date.,Relative strength versus the benchmark looked weak. 1-month excess return -0.62%; 3-month excess return -14.99%; 6-month excess return -15.68%.,"Model view: the forward return estimate was mildly negative at about -0.04%. Confidence was not explicitly available for this prediction. Technical state is soft, with price below the 50-day and 200-day averages. RSI is weak near 39.9. MACD remains on the bearish side. Volatility is elevated at roughly 31.0%. No recent matched news was found for this ticker/date. Relative strength versus the benchmark looked weak. 1-month excess return -0.62%; 3-month excess return -14.99%; 6-month excess return -15.68%."
2025-03-04,CARR,5.767684628091296,0.7215999887649758,,hit,linear_regression,target_5d_return,"Technical state is soft, with price below the 50-day and 200-day averages. RSI is weak near 36.7. MACD remains on the bearish side.",No recent matched news was found for this ticker/date.,Relative strength versus the benchmark looked weak. 1-month excess return -0.93%; 3-month excess return -15.63%; 6-month excess return -16.05%.,"Model view: the forward return estimate was mildly positive at about 0.72%. Confidence was not explicitly available for this prediction. Technical state is soft, with price below the 50-day and 200-day averages. RSI is weak near 36.7. MACD remains on the bearish side. No recent matched news was found for this ticker/date. Relative strength versus the benchmark looked weak. 1-month excess return -0.93%; 3-month excess return -15.63%; 6-month excess return -16.05%."
2025-03-05,CARR,0.8632611914345167,-0.3886754080092432,,miss,linear_regression,target_5d_return,"Technical state is soft, with price below the 50-day and 200-day averages. MACD remains on the bearish side. Volatility is elevated at roughly 33.3%.",No recent matched news was found for this ticker/date.,Relative strength versus the benchmark looked mixed. 1-month excess return 5.14%; 3-month excess return -13.08%; 6-month excess return -14.41%.,"Model view: the forward return estimate was mildly negative at about -0.39%. Confidence was not explicitly available for this prediction. Technical state is soft, with price below the 50-day and 200-day averages. MACD remains on the bearish side. Volatility is elevated at roughly 33.3%. No recent matched news was found for this ticker/date. Relative strength versus the benchmark looked mixed. 1-month excess return 5.14%; 3-month excess return -13.08%; 6-month excess return -14.41%."
2025-03-06,CARR,-1.7133282844180253,-0.11323123658859818,,hit,linear_regression,target_5d_return,"Technical state is soft, with price below the 50-day and 200-day averages. MACD remains on the bullish side. Volatility is elevated at roughly 33.2%.",No recent matched news was found for this ticker/date.,Relative strength versus the benchmark looked mixed. 1-month excess return 7.15%; 3-month excess return -9.21%; 6-month excess return -10.46%.,"Model view: the forward return estimate was mildly negative at about -0.11%. Confidence was not explicitly available for this prediction. Technical state is soft, with price below the 50-day and 200-day averages. MACD remains on the bullish side. Volatility is elevated at roughly 33.2%. No recent matched news was found for this ticker/date. Relative strength versus the benchmark looked mixed. 1-month excess return 7.15%; 3-month excess return -9.21%; 6-month excess return -10.46%."
2025-03-07,CARR,-1.2761546492663478,-0.8538069298642996,,hit,linear_regression,target_5d_return,"Technical state is mixed, with price not fully aligned across the major moving averages. RSI is in a steady zone near 55.1. MACD remains on the bullish side. Volatility is elevated at roughly 34.7%.",No recent matched news was found for this ticker/date.,Relative strength versus the benchmark looked mixed. 1-month excess return 9.08%; 3-month excess return -6.22%; 6-month excess return -7.07%.,"Model view: the forward return estimate was mildly negative at about -0.85%. Confidence was not explicitly available for this prediction. Technical state is mixed, with price not fully aligned across the major moving averages. RSI is in a steady zone near 55.1. MACD remains on the bullish side. Volatility is elevated at roughly 34.7%. No recent matched news was found for this ticker/date. Relative strength versus the benchmark looked mixed. 1-month excess return 9.08%; 3-month excess return -6.22%; 6-month excess return -7.07%."
2025-03-10,CARR,0.8650174127694532,0.5181609183514608,,hit,linear_regression,target_5d_return,"Technical state is mixed, with price not fully aligned across the major moving averages. RSI is in a steady zone near 54.0. MACD remains on the bullish side. Volatility is elevated at roughly 34.2%.",No recent matched news was found for this ticker/date.,Relative strength versus the benchmark looked mixed. 1-month excess return 10.37%; 3-month excess return -3.33%; 6-month excess return -4.95%.,"Model view: the forward return estimate was mildly positive at about 0.52%. Confidence was not explicitly available for this prediction. Technical state is mixed, with price not fully aligned across the major moving averages. RSI is in a steady zone near 54.0. MACD remains on the bullish side. Volatility is elevated at roughly 34.2%. No recent matched news was found for this ticker/date. Relative strength versus the benchmark looked mixed. 1-month excess return 10.37%; 3-month excess return -3.33%; 6-month excess return -4.95%."
2025-03-11,CARR,2.5133305217494684,0.13190317921101363,,hit,linear_regression,target_5d_return,"Technical state is soft, with price below the 50-day and 200-day averages. MACD remains on the bullish side. Volatility is elevated at roughly 33.3%.",No recent matched news was found for this ticker/date.,Relative strength versus the benchmark looked mixed. 1-month excess return 9.72%; 3-month excess return -2.95%; 6-month excess return -8.46%.,"Model view: the forward return estimate was mildly positive at about 0.13%. Confidence was not explicitly available for this prediction. Technical state is soft, with price below the 50-day and 200-day averages. MACD remains on the bullish side. Volatility is elevated at roughly 33.3%. No recent matched news was found for this ticker/date. Relative strength versus the benchmark looked mixed. 1-month excess return 9.72%; 3-month excess return -2.95%; 6-month excess return -8.46%."
2025-03-12,CARR,3.438789530040731,-0.6159442021690269,,miss,linear_regression,target_5d_return,"Technical state is soft, with price below the 50-day and 200-day averages. MACD remains on the bullish side. Volatility is elevated at roughly 32.8%.",No recent matched news was found for this ticker/date.,Relative strength versus the benchmark looked mixed. 1-month excess return 6.41%; 3-month excess return -3.12%; 6-month excess return -9.79%.,"Model view: the forward return estimate was mildly negative at about -0.62%. Confidence was not explicitly available for this prediction. Technical state is soft, with price below the 50-day and 200-day averages. MACD remains on the bullish side. Volatility is elevated at roughly 32.8%. No recent matched news was found for this ticker/date. Relative strength versus the benchmark looked mixed. 1-month excess return 6.41%; 3-month excess return -3.12%; 6-month excess return -9.79%."
2025-03-13,CARR,3.3929965839311738,0.20981254333226768,,hit,linear_regression,target_5d_return,"Technical state is soft, with price below the 50-day and 200-day averages. MACD remains on the bullish side. Volatility is elevated at roughly 32.2%.",No recent matched news was found for this ticker/date.,Relative strength versus the benchmark looked mixed. 1-month excess return 7.51%; 3-month excess return -3.44%; 6-month excess return -11.10%.,"Model view: the forward return estimate was mildly positive at about 0.21%. Confidence was not explicitly available for this prediction. Technical state is soft, with price below the 50-day and 200-day averages. MACD remains on the bullish side. Volatility is elevated at roughly 32.2%. No recent matched news was found for this ticker/date. Relative strength versus the benchmark looked mixed. 1-month excess return 7.51%; 3-month excess return -3.44%; 6-month excess return -11.10%."
2025-03-14,CARR,-0.5411102013481273,-1.4560218989101885,,hit,linear_regression,target_5d_return,"Technical state is mixed, with price not fully aligned across the major moving averages. RSI is in a steady zone near 52.5. MACD remains on the bullish side. Volatility is elevated at roughly 34.5%.",No recent matched news was found for this ticker/date.,Relative strength versus the benchmark looked mixed. 1-month excess return 11.34%; 3-month excess return -1.97%; 6-month excess return -11.26%.,"Model view: the forward return estimate was mildly negative at about -1.46%. Confidence was not explicitly available for this prediction. Technical state is mixed, with price not fully aligned across the major moving averages. RSI is in a steady zone near 52.5. MACD remains on the bullish side. Volatility is elevated at roughly 34.5%. No recent matched news was found for this ticker/date. Relative strength versus the benchmark looked mixed. 1-month excess return 11.34%; 3-month excess return -1.97%; 6-month excess return -11.26%."
2025-03-17,CARR,0.48795186227514886,-1.5047840787987157,,miss,linear_regression,target_5d_return,"Technical state is mixed, with price not fully aligned across the major moving averages. RSI is in a steady zone near 55.6. MACD remains on the bullish side. Volatility is elevated at roughly 34.1%.",No recent matched news was found for this ticker/date.,Relative strength versus the benchmark looked mixed. 1-month excess return 13.22%; 3-month excess return -1.59%; 6-month excess return -11.74%.,"Model view: the forward return estimate was mildly negative at about -1.50%. Confidence was not explicitly available for this prediction. Technical state is mixed, with price not fully aligned across the major moving averages. RSI is in a steady zone near 55.6. MACD remains on the bullish side. Volatility is elevated at roughly 34.1%. No recent matched news was found for this ticker/date. Relative strength versus the benchmark looked mixed. 1-month excess return 13.22%; 3-month excess return -1.59%; 6-month excess return -11.74%."
2025-03-18,CARR,1.203562439619521,-2.1227576001902277,,miss,linear_regression,target_5d_return,"Technical state is mixed, with price not fully aligned across the major moving averages. RSI is in a steady zone near 54.5. MACD remains on the bullish side. Volatility is elevated at roughly 33.3%.",No recent matched news was found for this ticker/date.,Relative strength versus the benchmark looked mixed. 1-month excess return 11.32%; 3-month excess return -1.33%; 6-month excess return -11.91%.,"Model view: the forward return estimate was mildly negative at about -2.12%. Confidence was not explicitly available for this prediction. Technical state is mixed, with price not fully aligned across the major moving averages. RSI is in a steady zone near 54.5. MACD remains on the bullish side. Volatility is elevated at roughly 33.3%. No recent matched news was found for this ticker/date. Relative strength versus the benchmark looked mixed. 1-month excess return 11.32%; 3-month excess return -1.33%; 6-month excess return -11.91%."
2025-03-19,CARR,-1.049053016062651,-2.598009056602217,,hit,linear_regression,target_5d_return,"Technical state is mixed, with price not fully aligned across the major moving averages. RSI is in a steady zone near 55.6. MACD remains on the bullish side. Volatility is elevated at roughly 33.1%.",No recent matched news was found for this ticker/date.,Relative strength versus the benchmark looked mixed. 1-month excess return 8.92%; 3-month excess return -1.13%; 6-month excess return -13.00%.,"Model view: the forward return estimate was mildly negative at about -2.60%. Confidence was not explicitly available for this prediction. Technical state is mixed, with price not fully aligned across the major moving averages. RSI is in a steady zone near 55.6. MACD remains on the bullish side. Volatility is elevated at roughly 33.1%. No recent matched news was found for this ticker/date. Relative strength versus the benchmark looked mixed. 1-month excess return 8.92%; 3-month excess return -1.13%; 6-month excess return -13.00%."
2025-03-20,CARR,-1.1440646285399092,-2.0445508077952836,,hit,linear_regression,target_5d_return,"Technical state is mixed, with price not fully aligned across the major moving averages. RSI is in a steady zone near 51.0. MACD remains on the bullish side. Volatility is elevated at roughly 33.3%.",No recent matched news was found for this ticker/date.,Relative strength versus the benchmark looked mixed. 1-month excess return 8.41%; 3-month excess return -0.46%; 6-month excess return -15.28%.,"Model view: the forward return estimate was mildly negative at about -2.04%. Confidence was not explicitly available for this prediction. Technical state is mixed, with price not fully aligned across the major moving averages. RSI is in a steady zone near 51.0. MACD remains on the bullish side. Volatility is elevated at roughly 33.3%. No recent matched news was found for this ticker/date. Relative strength versus the benchmark looked mixed. 1-month excess return 8.41%; 3-month excess return -0.46%; 6-month excess return -15.28%."
2025-03-21,CARR,-4.2919697997263695,-2.363055800419521,,hit,linear_regression,target_5d_return,"Technical state is soft, with price below the 50-day and 200-day averages. RSI is in a steady zone near 50.1. MACD remains on the bullish side. Volatility is elevated at roughly 32.9%.",No recent matched news was found for this ticker/date.,Relative strength versus the benchmark looked favorable. 1-month excess return 5.91%; 3-month excess return 0.49%; 6-month excess return -16.22%.,"Model view: the forward return estimate was mildly negative at about -2.36%. Confidence was not explicitly available for this prediction. Technical state is soft, with price below the 50-day and 200-day averages. RSI is in a steady zone near 50.1. MACD remains on the bullish side. Volatility is elevated at roughly 32.9%. No recent matched news was found for this ticker/date. Relative strength versus the benchmark looked favorable. 1-month excess return 5.91%; 3-month excess return 0.49%; 6-month excess return -16.22%."
2025-03-24,CARR,-6.709825809334957,-4.061215594667904,,hit,linear_regression,target_5d_return,"Technical state is mixed, with price not fully aligned across the major moving averages. RSI is in a steady zone near 56.0. MACD remains on the bullish side. Volatility is elevated at roughly 34.2%.",No recent matched news was found for this ticker/date.,Relative strength versus the benchmark looked favorable. 1-month excess return 6.82%; 3-month excess return 3.20%; 6-month excess return -16.50%.,"Model view: the forward return estimate was mildly negative at about -4.06%. Confidence was not explicitly available for this prediction. Technical state is mixed, with price not fully aligned across the major moving averages. RSI is in a steady zone near 56.0. MACD remains on the bullish side. Volatility is elevated at roughly 34.2%. No recent matched news was found for this ticker/date. Relative strength versus the benchmark looked favorable. 1-month excess return 6.82%; 3-month excess return 3.20%; 6-month excess return -16.50%."
2025-03-25,CARR,-6.709733745222812,-3.8499675420534176,,hit,linear_regression,target_5d_return,"Technical state is mixed, with price not fully aligned across the major moving averages. RSI is in a steady zone near 56.5. MACD remains on the bullish side. Volatility is elevated at roughly 34.1%.",No recent matched news was found for this ticker/date.,Relative strength versus the benchmark looked favorable. 1-month excess return 5.71%; 3-month excess return 3.67%; 6-month excess return -16.07%.,"Model view: the forward return estimate was mildly negative at about -3.85%. Confidence was not explicitly available for this prediction. Technical state is mixed, with price not fully aligned across the major moving averages. RSI is in a steady zone near 56.5. MACD remains on the bullish side. Volatility is elevated at roughly 34.1%. No recent matched news was found for this ticker/date. Relative strength versus the benchmark looked favorable. 1-month excess return 5.71%; 3-month excess return 3.67%; 6-month excess return -16.07%."
2025-03-26,CARR,-2.881887815434503,-3.9152853454908767,,hit,linear_regression,target_5d_return,"Technical state is mixed, with price not fully aligned across the major moving averages. RSI is in a steady zone near 52.0. MACD remains on the bullish side. Volatility is elevated at roughly 34.1%.",No recent matched news was found for this ticker/date.,Relative strength versus the benchmark looked favorable. 1-month excess return 3.67%; 3-month excess return 1.56%; 6-month excess return -17.06%.,"Model view: the forward return estimate was mildly negative at about -3.92%. Confidence was not explicitly available for this prediction. Technical state is mixed, with price not fully aligned across the major moving averages. RSI is in a steady zone near 52.0. MACD remains on the bullish side. Volatility is elevated at roughly 34.1%. No recent matched news was found for this ticker/date. Relative strength versus the benchmark looked favorable. 1-month excess return 3.67%; 3-month excess return 1.56%; 6-month excess return -17.06%."
2025-03-27,CARR,-7.5376840052707506,-2.8124845227323805,,hit,linear_regression,target_5d_return,"Technical state is soft, with price below the 50-day and 200-day averages. MACD remains on the bullish side. Volatility is elevated at roughly 33.0%.",No recent matched news was found for this ticker/date.,Relative strength versus the benchmark looked favorable. 1-month excess return 4.02%; 3-month excess return 0.21%; 6-month excess return -17.29%.,"Model view: the forward return estimate was mildly negative at about -2.81%. Confidence was not explicitly available for this prediction. Technical state is soft, with price below the 50-day and 200-day averages. MACD remains on the bullish side. Volatility is elevated at roughly 33.0%. No recent matched news was found for this ticker/date. Relative strength versus the benchmark looked favorable. 1-month excess return 4.02%; 3-month excess return 0.21%; 6-month excess return -17.29%."
2025-03-28,CARR,-9.71103955165713,-1.343788796751477,,hit,linear_regression,target_5d_return,"Technical state is soft, with price below the 50-day and 200-day averages. MACD remains on the bearish side. Volatility is elevated at roughly 35.2%.",No recent matched news was found for this ticker/date.,Relative strength versus the benchmark looked mixed. 1-month excess return 3.88%; 3-month excess return -1.21%; 6-month excess return -17.69%.,"Model view: the forward return estimate was mildly negative at about -1.34%. Confidence was not explicitly available for this prediction. Technical state is soft, with price below the 50-day and 200-day averages. MACD remains on the bearish side. Volatility is elevated at roughly 35.2%. No recent matched news was found for this ticker/date. Relative strength versus the benchmark looked mixed. 1-month excess return 3.88%; 3-month excess return -1.21%; 6-month excess return -17.69%."
2025-03-31,CARR,-10.362775294480786,-1.227128300351845,,hit,linear_regression,target_5d_return,"Technical state is soft, with price below the 50-day and 200-day averages. MACD remains on the bearish side. Volatility is elevated at roughly 34.2%.",No recent matched news was found for this ticker/date.,Relative strength versus the benchmark looked mixed. 1-month excess return 3.77%; 3-month excess return -1.92%; 6-month excess return -17.92%.,"Model view: the forward return estimate was mildly negative at about -1.23%. Confidence was not explicitly available for this prediction. Technical state is soft, with price below the 50-day and 200-day averages. MACD remains on the bearish side. Volatility is elevated at roughly 34.2%. No recent matched news was found for this ticker/date. Relative strength versus the benchmark looked mixed. 1-month excess return 3.77%; 3-month excess return -1.92%; 6-month excess return -17.92%."
2025-04-01,CARR,-12.574758519580486,-1.125068193926518,,hit,linear_regression,target_5d_return,"Technical state is soft, with price below the 50-day and 200-day averages. MACD remains on the bearish side. Volatility is elevated at roughly 33.4%.",No recent matched news was found for this ticker/date.,Relative strength versus the benchmark looked mixed. 1-month excess return 4.38%; 3-month excess return -2.06%; 6-month excess return -19.26%.,"Model view: the forward return estimate was mildly negative at about -1.13%. Confidence was not explicitly available for this prediction. Technical state is soft, with price below the 50-day and 200-day averages. MACD remains on the bearish side. Volatility is elevated at roughly 33.4%. No recent matched news was found for this ticker/date. Relative strength versus the benchmark looked mixed. 1-month excess return 4.38%; 3-month excess return -2.06%; 6-month excess return -19.26%."
2025-04-02,CARR,-6.565191263311121,-1.8107608009937137,,hit,linear_regression,target_5d_return,"Technical state is soft, with price below the 50-day and 200-day averages. MACD remains on the bearish side. Volatility is elevated at roughly 30.4%.",No recent matched news was found for this ticker/date.,Relative strength versus the benchmark looked mixed. 1-month excess return 6.96%; 3-month excess return -0.59%; 6-month excess return -17.53%.,"Model view: the forward return estimate was mildly negative at about -1.81%. Confidence was not explicitly available for this prediction. Technical state is soft, with price below the 50-day and 200-day averages. MACD remains on the bearish side. Volatility is elevated at roughly 30.4%. No recent matched news was found for this ticker/date. Relative strength versus the benchmark looked mixed. 1-month excess return 6.96%; 3-month excess return -0.59%; 6-month excess return -17.53%."
2025-04-03,CARR,-2.750332592340554,-0.011455594737748431,,hit,linear_regression,target_5d_return,"Technical state is soft, with price below the 50-day and 200-day averages. RSI is weak near 35.8. MACD remains on the bearish side. Volatility is elevated at roughly 38.4%.",No recent matched news was found for this ticker/date.,Relative strength versus the benchmark looked mixed. 1-month excess return 1.48%; 3-month excess return -2.76%; 6-month excess return -18.01%.,"Model view: the forward return estimate was mildly negative at about -0.01%. Confidence was not explicitly available for this prediction. Technical state is soft, with price below the 50-day and 200-day averages. RSI is weak near 35.8. MACD remains on the bearish side. Volatility is elevated at roughly 38.4%. No recent matched news was found for this ticker/date. Relative strength versus the benchmark looked mixed. 1-month excess return 1.48%; 3-month excess return -2.76%; 6-month excess return -18.01%."
2025-04-04,CARR,3.637632048367001,0.7167697063587908,,hit,linear_regression,target_5d_return,"Technical state is soft, with price below the 50-day and 200-day averages. RSI is weak near 29.4. MACD remains on the bearish side. Volatility is elevated at roughly 40.8%.",No recent matched news was found for this ticker/date.,Relative strength versus the benchmark looked weak. 1-month excess return -0.92%; 3-month excess return -2.93%; 6-month excess return -18.04%.,"Model view: the forward return estimate was mildly positive at about 0.72%. Confidence was not explicitly available for this prediction. Technical state is soft, with price below the 50-day and 200-day averages. RSI is weak near 29.4. MACD remains on the bearish side. Volatility is elevated at roughly 40.8%. No recent matched news was found for this ticker/date. Relative strength versus the benchmark looked weak. 1-month excess return -0.92%; 3-month excess return -2.93%; 6-month excess return -18.04%."
2025-04-07,CARR,6.616220658783356,1.7000627193534554,,hit,linear_regression,target_5d_return,"Technical state is soft, with price below the 50-day and 200-day averages. RSI is weak near 28.9. MACD remains on the bearish side. Volatility is elevated at roughly 40.8%.",No recent matched news was found for this ticker/date.,Relative strength versus the benchmark looked weak. 1-month excess return -3.22%; 3-month excess return -3.10%; 6-month excess return -17.84%.,"Model view: the forward return estimate was mildly positive at about 1.70%. Confidence was not explicitly available for this prediction. Technical state is soft, with price below the 50-day and 200-day averages. RSI is weak near 28.9. MACD remains on the bearish side. Volatility is elevated at roughly 40.8%. No recent matched news was found for this ticker/date. Relative strength versus the benchmark looked weak. 1-month excess return -3.22%; 3-month excess return -3.10%; 6-month excess return -17.84%."
2025-04-08,CARR,8.85688938112561,1.8292689912511988,,hit,linear_regression,target_5d_return,"Technical state is soft, with price below the 50-day and 200-day averages. RSI is weak near 26.9. MACD remains on the bearish side. Volatility is elevated at roughly 40.9%.",No recent matched news was found for this ticker/date.,Relative strength versus the benchmark looked weak. 1-month excess return -5.75%; 3-month excess return -2.57%; 6-month excess return -17.98%.,"Model view: the forward return estimate was mildly positive at about 1.83%. Confidence was not explicitly available for this prediction. Technical state is soft, with price below the 50-day and 200-day averages. RSI is weak near 26.9. MACD remains on the bearish side. Volatility is elevated at roughly 40.9%. No recent matched news was found for this ticker/date. Relative strength versus the benchmark looked weak. 1-month excess return -5.75%; 3-month excess return -2.57%; 6-month excess return -17.98%."
2025-04-09,CARR,-2.599970082529157,-2.3179568414007705,,hit,linear_regression,target_5d_return,"Technical state is soft, with price below the 50-day and 200-day averages. MACD remains on the bearish side. Volatility is elevated at roughly 54.6%.",No recent matched news was found for this ticker/date.,Relative strength versus the benchmark looked weak. 1-month excess return -5.05%; 3-month excess return -3.09%; 6-month excess return -20.06%.,"Model view: the forward return estimate was mildly negative at about -2.32%. Confidence was not explicitly available for this prediction. Technical state is soft, with price below the 50-day and 200-day averages. MACD remains on the bearish side. Volatility is elevated at roughly 54.6%. No recent matched news was found for this ticker/date. Relative strength versus the benchmark looked weak. 1-month excess return -5.05%; 3-month excess return -3.09%; 6-month excess return -20.06%."
2025-04-10,CARR,1.4394619810340181,-0.5855737598957362,,miss,linear_regression,target_5d_return,"Technical state is soft, with price below the 50-day and 200-day averages. MACD remains on the bearish side. Volatility is elevated at roughly 55.1%.",No recent matched news was found for this ticker/date.,Relative strength versus the benchmark looked weak. 1-month excess return -3.58%; 3-month excess return -2.65%; 6-month excess return -18.45%.,"Model view: the forward return estimate was mildly negative at about -0.59%. Confidence was not explicitly available for this prediction. Technical state is soft, with price below the 50-day and 200-day averages. MACD remains on the bearish side. Volatility is elevated at roughly 55.1%. No recent matched news was found for this ticker/date. Relative strength versus the benchmark looked weak. 1-month excess return -3.58%; 3-month excess return -2.65%; 6-month excess return -18.45%."
2025-04-11,CARR,-1.822473923299095,-2.0474283541079914,,hit,linear_regression,target_5d_return,"Technical state is soft, with price below the 50-day and 200-day averages. MACD remains on the bearish side. Volatility is elevated at roughly 53.2%.",No recent matched news was found for this ticker/date.,Relative strength versus the benchmark looked weak. 1-month excess return -4.51%; 3-month excess return -2.78%; 6-month excess return -20.28%.,"Model view: the forward return estimate was mildly negative at about -2.05%. Confidence was not explicitly available for this prediction. Technical state is soft, with price below the 50-day and 200-day averages. MACD remains on the bearish side. Volatility is elevated at roughly 53.2%. No recent matched news was found for this ticker/date. Relative strength versus the benchmark looked weak. 1-month excess return -4.51%; 3-month excess return -2.78%; 6-month excess return -20.28%."
2025-04-14,CARR,-1.8484880822977279,-2.380404327820598,,hit,linear_regression,target_5d_return,"Technical state is soft, with price below the 50-day and 200-day averages. MACD remains on the bearish side. Volatility is elevated at roughly 53.6%.",No recent matched news was found for this ticker/date.,Relative strength versus the benchmark looked weak. 1-month excess return -4.68%; 3-month excess return -2.40%; 6-month excess return -18.23%.,"Model view: the forward return estimate was mildly negative at about -2.38%. Confidence was not explicitly available for this prediction. Technical state is soft, with price below the 50-day and 200-day averages. MACD remains on the bearish side. Volatility is elevated at roughly 53.6%. No recent matched news was found for this ticker/date. Relative strength versus the benchmark looked weak. 1-month excess return -4.68%; 3-month excess return -2.40%; 6-month excess return -18.23%."
2025-04-15,CARR,-3.0924470131179604,-2.0556668938244784,,hit,linear_regression,target_5d_return,"Technical state is soft, with price below the 50-day and 200-day averages. MACD remains on the bearish side. Volatility is elevated at roughly 53.6%.",No recent matched news was found for this ticker/date.,Relative strength versus the benchmark looked weak. 1-month excess return -5.35%; 3-month excess return -3.90%; 6-month excess return -18.65%.,"Model view: the forward return estimate was mildly negative at about -2.06%. Confidence was not explicitly available for this prediction. Technical state is soft, with price below the 50-day and 200-day averages. MACD remains on the bearish side. Volatility is elevated at roughly 53.6%. No recent matched news was found for this ticker/date. Relative strength versus the benchmark looked weak. 1-month excess return -5.35%; 3-month excess return -3.90%; 6-month excess return -18.65%."
2025-04-16,CARR,1.8922162063991665,-2.075020800514834,,miss,linear_regression,target_5d_return,"Technical state is soft, with price below the 50-day and 200-day averages. MACD remains on the bearish side. Volatility is elevated at roughly 53.8%.",No recent matched news was found for this ticker/date.,Relative strength versus the benchmark looked weak. 1-month excess return -5.72%; 3-month excess return -2.63%; 6-month excess return -18.38%.,"Model view: the forward return estimate was mildly negative at about -2.08%. Confidence was not explicitly available for this prediction. Technical state is soft, with price below the 50-day and 200-day averages. MACD remains on the bearish side. Volatility is elevated at roughly 53.8%. No recent matched news was found for this ticker/date. Relative strength versus the benchmark looked weak. 1-month excess return -5.72%; 3-month excess return -2.63%; 6-month excess return -18.38%."
2025-04-17,CARR,0.2671115915464206,-2.3404141346274785,,miss,linear_regression,target_5d_return,"Technical state is soft, with price below the 50-day and 200-day averages. MACD remains on the bearish side. Volatility is elevated at roughly 53.9%.",No recent matched news was found for this ticker/date.,Relative strength versus the benchmark looked weak. 1-month excess return -4.32%; 3-month excess return -3.02%; 6-month excess return -17.39%.,"Model view: the forward return estimate was mildly negative at about -2.34%. Confidence was not explicitly available for this prediction. Technical state is soft, with price below the 50-day and 200-day averages. MACD remains on the bearish side. Volatility is elevated at roughly 53.9%. No recent matched news was found for this ticker/date. Relative strength versus the benchmark looked weak. 1-month excess return -4.32%; 3-month excess return -3.02%; 6-month excess return -17.39%."
2025-04-21,CARR,3.9704389157342757,-1.423238434017263,,miss,linear_regression,target_5d_return,"Technical state is soft, with price below the 50-day and 200-day averages. RSI is weak near 39.8. MACD remains on the bearish side. Volatility is elevated at roughly 54.6%.",No recent matched news was found for this ticker/date.,Relative strength versus the benchmark looked weak. 1-month excess return -3.24%; 3-month excess return -2.45%; 6-month excess return -16.47%.,"Model view: the forward return estimate was mildly negative at about -1.42%. Confidence was not explicitly available for this prediction. Technical state is soft, with price below the 50-day and 200-day averages. RSI is weak near 39.8. MACD remains on the bearish side. Volatility is elevated at roughly 54.6%. No recent matched news was found for this ticker/date. Relative strength versus the benchmark looked weak. 1-month excess return -3.24%; 3-month excess return -2.45%; 6-month excess return -16.47%."
2025-04-22,CARR,2.2700495147309985,-2.717098916328537,,miss,linear_regression,target_5d_return,"Technical state is soft, with price below the 50-day and 200-day averages. MACD remains on the bullish side. Volatility is elevated at roughly 54.2%.",No recent matched news was found for this ticker/date.,Relative strength versus the benchmark looked weak. 1-month excess return -3.21%; 3-month excess return -3.05%; 6-month excess return -17.45%.,"Model view: the forward return estimate was mildly negative at about -2.72%. Confidence was not explicitly available for this prediction. Technical state is soft, with price below the 50-day and 200-day averages. MACD remains on the bullish side. Volatility is elevated at roughly 54.2%. No recent matched news was found for this ticker/date. Relative strength versus the benchmark looked weak. 1-month excess return -3.21%; 3-month excess return -3.05%; 6-month excess return -17.45%."
2025-04-23,CARR,6.723553829350748,-1.9070625426977998,,miss,linear_regression,target_5d_return,"Technical state is soft, with price below the 50-day and 200-day averages. MACD remains on the bullish side. Volatility is elevated at roughly 54.2%.",No recent matched news was found for this ticker/date.,Relative strength versus the benchmark looked weak. 1-month excess return -6.72%; 3-month excess return -4.57%; 6-month excess return -19.71%.,"Model view: the forward return estimate was mildly negative at about -1.91%. Confidence was not explicitly available for this prediction. Technical state is soft, with price below the 50-day and 200-day averages. MACD remains on the bullish side. Volatility is elevated at roughly 54.2%. No recent matched news was found for this ticker/date. Relative strength versus the benchmark looked weak. 1-month excess return -6.72%; 3-month excess return -4.57%; 6-month excess return -19.71%."
2025-04-24,CARR,15.735369693872281,-2.5239984521422216,,miss,linear_regression,target_5d_return,"Technical state is soft, with price below the 50-day and 200-day averages. MACD remains on the bullish side. Volatility is elevated at roughly 55.5%.",No recent matched news was found for this ticker/date.,Relative strength versus the benchmark looked weak. 1-month excess return -6.13%; 3-month excess return -3.30%; 6-month excess return -19.53%.,"Model view: the forward return estimate was mildly negative at about -2.52%. Confidence was not explicitly available for this prediction. Technical state is soft, with price below the 50-day and 200-day averages. MACD remains on the bullish side. Volatility is elevated at roughly 55.5%. No recent matched news was found for this ticker/date. Relative strength versus the benchmark looked weak. 1-month excess return -6.13%; 3-month excess return -3.30%; 6-month excess return -19.53%."
2025-04-25,CARR,19.09756434189265,-2.582733453388171,,miss,linear_regression,target_5d_return,"Technical state is soft, with price below the 50-day and 200-day averages. MACD remains on the bullish side. Volatility is elevated at roughly 55.3%.",No recent matched news was found for this ticker/date.,Relative strength versus the benchmark looked weak. 1-month excess return -6.82%; 3-month excess return -4.88%; 6-month excess return -19.46%.,"Model view: the forward return estimate was mildly negative at about -2.58%. Confidence was not explicitly available for this prediction. Technical state is soft, with price below the 50-day and 200-day averages. MACD remains on the bullish side. Volatility is elevated at roughly 55.3%. No recent matched news was found for this ticker/date. Relative strength versus the benchmark looked weak. 1-month excess return -6.82%; 3-month excess return -4.88%; 6-month excess return -19.46%."
2025-04-28,CARR,17.060663901090045,-2.028858795938176,,miss,linear_regression,target_5d_return,"Technical state is soft, with price below the 50-day and 200-day averages. MACD remains on the bullish side. Volatility is elevated at roughly 54.1%.",No recent matched news was found for this ticker/date.,Relative strength versus the benchmark looked weak. 1-month excess return -5.05%; 3-month excess return -2.16%; 6-month excess return -19.66%.,"Model view: the forward return estimate was mildly negative at about -2.03%. Confidence was not explicitly available for this prediction. Technical state is soft, with price below the 50-day and 200-day averages. MACD remains on the bullish side. Volatility is elevated at roughly 54.1%. No recent matched news was found for this ticker/date. Relative strength versus the benchmark looked weak. 1-month excess return -5.05%; 3-month excess return -2.16%; 6-month excess return -19.66%."
2025-04-29,CARR,15.406121002298235,-0.08323257052531402,,miss,linear_regression,target_5d_return,"Technical state is soft, with price below the 50-day and 200-day averages. MACD remains on the bullish side. Volatility is elevated at roughly 54.1%.",No recent matched news was found for this ticker/date.,Relative strength versus the benchmark looked weak. 1-month excess return -3.71%; 3-month excess return -1.29%; 6-month excess return -12.25%.,"Model view: the forward return estimate was mildly negative at about -0.08%. Confidence was not explicitly available for this prediction. Technical state is soft, with price below the 50-day and 200-day averages. MACD remains on the bullish side. Volatility is elevated at roughly 54.1%. No recent matched news was found for this ticker/date. Relative strength versus the benchmark looked weak. 1-month excess return -3.71%; 3-month excess return -1.29%; 6-month excess return -12.25%."
2025-04-30,CARR,11.912371025233725,-1.057915666007935,,miss,linear_regression,target_5d_return,"Technical state is soft, with price below the 50-day and 200-day averages. RSI is in a steady zone near 54.1. MACD remains on the bullish side. Volatility is elevated at roughly 55.2%.",No recent matched news was found for this ticker/date.,Relative strength versus the benchmark looked weak. 1-month excess return -0.55%; 3-month excess return 4.40%; 6-month excess return -10.93%.,"Model view: the forward return estimate was mildly negative at about -1.06%. Confidence was not explicitly available for this prediction. Technical state is soft, with price below the 50-day and 200-day averages. RSI is in a steady zone near 54.1. MACD remains on the bullish side. Volatility is elevated at roughly 55.2%. No recent matched news was found for this ticker/date. Relative strength versus the benchmark looked weak. 1-month excess return -0.55%; 3-month excess return 4.40%; 6-month excess return -10.93%."
2025-05-01,CARR,1.002860913520487,-3.8602034571146975,,miss,linear_regression,target_5d_return,"Technical state is constructive, with price above the 50-day and 200-day averages. MACD remains on the bullish side. Volatility is elevated at roughly 68.6%.",No recent matched news was found for this ticker/date.,Relative strength versus the benchmark looked favorable. 1-month excess return 10.33%; 3-month excess return 13.53%; 6-month excess return -3.89%.,"Model view: the forward return estimate was mildly negative at about -3.86%. Confidence was not explicitly available for this prediction. Technical state is constructive, with price above the 50-day and 200-day averages. MACD remains on the bullish side. Volatility is elevated at roughly 68.6%. No recent matched news was found for this ticker/date. Relative strength versus the benchmark looked favorable. 1-month excess return 10.33%; 3-month excess return 13.53%; 6-month excess return -3.89%."
2025-05-02,CARR,-0.12581621617009375,-2.603879536280961,,hit,linear_regression,target_5d_return,"Technical state is constructive, with price above the 50-day and 200-day averages. RSI is elevated near 71.0, so chasing strength may add risk. MACD remains on the bullish side. Volatility is elevated at roughly 63.6%.",No recent matched news was found for this ticker/date.,Relative strength versus the benchmark looked favorable. 1-month excess return 9.63%; 3-month excess return 15.30%; 6-month excess return -1.49%.,"Model view: the forward return estimate was mildly negative at about -2.60%. Confidence was not explicitly available for this prediction. Technical state is constructive, with price above the 50-day and 200-day averages. RSI is elevated near 71.0, so chasing strength may add risk. MACD remains on the bullish side. Volatility is elevated at roughly 63.6%. No recent matched news was found for this ticker/date. Relative strength versus the benchmark looked favorable. 1-month excess return 9.63%; 3-month excess return 15.30%; 6-month excess return -1.49%."
2025-05-05,CARR,3.714171689719703,-0.7700261514167197,,miss,linear_regression,target_5d_return,"Technical state is constructive, with price above the 50-day and 200-day averages. MACD remains on the bullish side. Volatility is elevated at roughly 58.9%.",No recent matched news was found for this ticker/date.,Relative strength versus the benchmark looked favorable. 1-month excess return 11.79%; 3-month excess return 17.90%; 6-month excess return -0.95%.,"Model view: the forward return estimate was mildly negative at about -0.77%. Confidence was not explicitly available for this prediction. Technical state is constructive, with price above the 50-day and 200-day averages. MACD remains on the bullish side. Volatility is elevated at roughly 58.9%. No recent matched news was found for this ticker/date. Relative strength versus the benchmark looked favorable. 1-month excess return 11.79%; 3-month excess return 17.90%; 6-month excess return -0.95%."
2025-05-06,CARR,6.354179981965102,-1.7319569632936451,,miss,linear_regression,target_5d_return,"Technical state is constructive, with price above the 50-day and 200-day averages. MACD remains on the bullish side. Volatility is elevated at roughly 59.0%.",No recent matched news was found for this ticker/date.,Relative strength versus the benchmark looked favorable. 1-month excess return 12.43%; 3-month excess return 17.07%; 6-month excess return -1.74%.,"Model view: the forward return estimate was mildly negative at about -1.73%. Confidence was not explicitly available for this prediction. Technical state is constructive, with price above the 50-day and 200-day averages. MACD remains on the bullish side. Volatility is elevated at roughly 59.0%. No recent matched news was found for this ticker/date. Relative strength versus the benchmark looked favorable. 1-month excess return 12.43%; 3-month excess return 17.07%; 6-month excess return -1.74%."
2025-05-07,CARR,4.814977638864204,-1.3002397076815457,,miss,linear_regression,target_5d_return,"Technical state is constructive, with price above the 50-day and 200-day averages. MACD remains on the bullish side. Volatility is elevated at roughly 57.9%.",No recent matched news was found for this ticker/date.,Relative strength versus the benchmark looked favorable. 1-month excess return 11.87%; 3-month excess return 15.56%; 6-month excess return -1.86%.,"Model view: the forward return estimate was mildly negative at about -1.30%. Confidence was not explicitly available for this prediction. Technical state is constructive, with price above the 50-day and 200-day averages. MACD remains on the bullish side. Volatility is elevated at roughly 57.9%. No recent matched news was found for this ticker/date. Relative strength versus the benchmark looked favorable. 1-month excess return 11.87%; 3-month excess return 15.56%; 6-month excess return -1.86%."
2025-05-08,CARR,4.226955116217868,-2.9497263638712257,,miss,linear_regression,target_5d_return,"Technical state is constructive, with price above the 50-day and 200-day averages. MACD remains on the bullish side. Volatility is elevated at roughly 49.2%.",No recent matched news was found for this ticker/date.,Relative strength versus the benchmark looked favorable. 1-month excess return 13.21%; 3-month excess return 14.98%; 6-month excess return -1.77%.,"Model view: the forward return estimate was mildly negative at about -2.95%. Confidence was not explicitly available for this prediction. Technical state is constructive, with price above the 50-day and 200-day averages. MACD remains on the bullish side. Volatility is elevated at roughly 49.2%. No recent matched news was found for this ticker/date. Relative strength versus the benchmark looked favorable. 1-month excess return 13.21%; 3-month excess return 14.98%; 6-month excess return -1.77%."
2025-05-09,CARR,5.851064057009436,-0.9253339583854983,,miss,linear_regression,target_5d_return,"Technical state is constructive, with price above the 50-day and 200-day averages. MACD remains on the bullish side. Volatility is elevated at roughly 47.4%.",No recent matched news was found for this ticker/date.,Relative strength versus the benchmark looked favorable. 1-month excess return 13.64%; 3-month excess return 17.40%; 6-month excess return -1.17%.,"Model view: the forward return estimate was mildly negative at about -0.93%. Confidence was not explicitly available for this prediction. Technical state is constructive, with price above the 50-day and 200-day averages. MACD remains on the bullish side. Volatility is elevated at roughly 47.4%. No recent matched news was found for this ticker/date. Relative strength versus the benchmark looked favorable. 1-month excess return 13.64%; 3-month excess return 17.40%; 6-month excess return -1.17%."
2025-05-12,CARR,3.2543563591998614,-2.9072405855016443,,miss,linear_regression,target_5d_return,"Technical state is constructive, with price above the 50-day and 200-day averages. RSI is elevated near 71.9, so chasing strength may add risk. MACD remains on the bullish side. Volatility is elevated at roughly 47.7%.",No recent matched news was found for this ticker/date.,Relative strength versus the benchmark looked favorable. 1-month excess return 13.20%; 3-month excess return 14.52%; 6-month excess return -1.22%.,"Model view: the forward return estimate was mildly negative at about -2.91%. Confidence was not explicitly available for this prediction. Technical state is constructive, with price above the 50-day and 200-day averages. RSI is elevated near 71.9, so chasing strength may add risk. MACD remains on the bullish side. Volatility is elevated at roughly 47.7%. No recent matched news was found for this ticker/date. Relative strength versus the benchmark looked favorable. 1-month excess return 13.20%; 3-month excess return 14.52%; 6-month excess return -1.22%."
2025-05-13,CARR,0.4018692782735922,-2.7274841944249744,,miss,linear_regression,target_5d_return,"Technical state is constructive, with price above the 50-day and 200-day averages. RSI is elevated near 73.7, so chasing strength may add risk. MACD remains on the bullish side. Volatility is elevated at roughly 47.6%.",No recent matched news was found for this ticker/date.,Relative strength versus the benchmark looked favorable. 1-month excess return 16.00%; 3-month excess return 17.66%; 6-month excess return 0.84%.,"Model view: the forward return estimate was mildly negative at about -2.73%. Confidence was not explicitly available for this prediction. Technical state is constructive, with price above the 50-day and 200-day averages. RSI is elevated near 73.7, so chasing strength may add risk. MACD remains on the bullish side. Volatility is elevated at roughly 47.6%. No recent matched news was found for this ticker/date. Relative strength versus the benchmark looked favorable. 1-month excess return 16.00%; 3-month excess return 17.66%; 6-month excess return 0.84%."
2025-05-14,CARR,-1.7311944682314118,-1.7487004573894125,,hit,linear_regression,target_5d_return,"Technical state is constructive, with price above the 50-day and 200-day averages. MACD remains on the bullish side. Volatility is elevated at roughly 48.4%.",No recent matched news was found for this ticker/date.,Relative strength versus the benchmark looked mixed. 1-month excess return 12.07%; 3-month excess return 18.00%; 6-month excess return -2.54%.,"Model view: the forward return estimate was mildly negative at about -1.75%. Confidence was not explicitly available for this prediction. Technical state is constructive, with price above the 50-day and 200-day averages. MACD remains on the bullish side. Volatility is elevated at roughly 48.4%. No recent matched news was found for this ticker/date. Relative strength versus the benchmark looked mixed. 1-month excess return 12.07%; 3-month excess return 18.00%; 6-month excess return -2.54%."
2025-05-15,CARR,-2.3271728847925166,-1.550212887783009,,hit,linear_regression,target_5d_return,"Technical state is constructive, with price above the 50-day and 200-day averages. MACD remains on the bullish side. Volatility is elevated at roughly 47.1%.",No recent matched news was found for this ticker/date.,Relative strength versus the benchmark looked favorable. 1-month excess return 11.66%; 3-month excess return 18.60%; 6-month excess return -2.30%.,"Model view: the forward return estimate was mildly negative at about -1.55%. Confidence was not explicitly available for this prediction. Technical state is constructive, with price above the 50-day and 200-day averages. MACD remains on the bullish side. Volatility is elevated at roughly 47.1%. No recent matched news was found for this ticker/date. Relative strength versus the benchmark looked favorable. 1-month excess return 11.66%; 3-month excess return 18.60%; 6-month excess return -2.30%."
2025-05-16,CARR,-6.135941842263637,-2.4582083782389503,,hit,linear_regression,target_5d_return,"Technical state is constructive, with price above the 50-day and 200-day averages. RSI is elevated near 72.5, so chasing strength may add risk. MACD remains on the bullish side. Volatility is elevated at roughly 47.6%.",No recent matched news was found for this ticker/date.,Relative strength versus the benchmark looked favorable. 1-month excess return 14.71%; 3-month excess return 18.68%; 6-month excess return 0.69%.,"Model view: the forward return estimate was mildly negative at about -2.46%. Confidence was not explicitly available for this prediction. Technical state is constructive, with price above the 50-day and 200-day averages. RSI is elevated near 72.5, so chasing strength may add risk. MACD remains on the bullish side. Volatility is elevated at roughly 47.6%. No recent matched news was found for this ticker/date. Relative strength versus the benchmark looked favorable. 1-month excess return 14.71%; 3-month excess return 18.68%; 6-month excess return 0.69%."
2025-05-19,CARR,-4.615587386899733,-1.6391077229728852,,hit,linear_regression,target_5d_return,"Technical state is constructive, with price above the 50-day and 200-day averages. RSI is elevated near 72.8, so chasing strength may add risk. MACD remains on the bullish side. Volatility is elevated at roughly 45.2%.",No recent matched news was found for this ticker/date.,Relative strength versus the benchmark looked favorable. 1-month excess return 13.59%; 3-month excess return 16.63%; 6-month excess return -0.34%.,"Model view: the forward return estimate was mildly negative at about -1.64%. Confidence was not explicitly available for this prediction. Technical state is constructive, with price above the 50-day and 200-day averages. RSI is elevated near 72.8, so chasing strength may add risk. MACD remains on the bullish side. Volatility is elevated at roughly 45.2%. No recent matched news was found for this ticker/date. Relative strength versus the benchmark looked favorable. 1-month excess return 13.59%; 3-month excess return 16.63%; 6-month excess return -0.34%."
2025-05-20,CARR,-5.21680612664327,-2.4493110433185876,,hit,linear_regression,target_5d_return,"Technical state is constructive, with price above the 50-day and 200-day averages. MACD remains on the bullish side. Volatility is elevated at roughly 46.0%.",No recent matched news was found for this ticker/date.,Relative strength versus the benchmark looked favorable. 1-month excess return 13.47%; 3-month excess return 16.93%; 6-month excess return 0.09%.,"Model view: the forward return estimate was mildly negative at about -2.45%. Confidence was not explicitly available for this prediction. Technical state is constructive, with price above the 50-day and 200-day averages. MACD remains on the bullish side. Volatility is elevated at roughly 46.0%. No recent matched news was found for this ticker/date. Relative strength versus the benchmark looked favorable. 1-month excess return 13.47%; 3-month excess return 16.93%; 6-month excess return 0.09%."
2025-05-21,CARR,-0.9432552508313097,-1.3618706385436257,,hit,linear_regression,target_5d_return,"Technical state is constructive, with price above the 50-day and 200-day averages. RSI is in a steady zone near 58.5. MACD remains on the bullish side. Volatility is elevated at roughly 48.5%.",No recent matched news was found for this ticker/date.,Relative strength versus the benchmark looked favorable. 1-month excess return 10.59%; 3-month excess return 11.97%; 6-month excess return -2.77%.,"Model view: the forward return estimate was mildly negative at about -1.36%. Confidence was not explicitly available for this prediction. Technical state is constructive, with price above the 50-day and 200-day averages. RSI is in a steady zone near 58.5. MACD remains on the bullish side. Volatility is elevated at roughly 48.5%. No recent matched news was found for this ticker/date. Relative strength versus the benchmark looked favorable. 1-month excess return 10.59%; 3-month excess return 11.97%; 6-month excess return -2.77%."
2025-05-22,CARR,-0.7942033182180563,-0.4824166604546834,,hit,linear_regression,target_5d_return,"Technical state is constructive, with price above the 50-day and 200-day averages. RSI is in a steady zone near 57.4. MACD remains on the bearish side. Volatility is elevated at roughly 48.2%.",No recent matched news was found for this ticker/date.,Relative strength versus the benchmark looked mixed. 1-month excess return 13.54%; 3-month excess return 11.38%; 6-month excess return -2.21%.,"Model view: the forward return estimate was mildly negative at about -0.48%. Confidence was not explicitly available for this prediction. Technical state is constructive, with price above the 50-day and 200-day averages. RSI is in a steady zone near 57.4. MACD remains on the bearish side. Volatility is elevated at roughly 48.2%. No recent matched news was found for this ticker/date. Relative strength versus the benchmark looked mixed. 1-month excess return 13.54%; 3-month excess return 11.38%; 6-month excess return -2.21%."
2025-05-23,CARR,-0.9016722862417947,-0.22449491435833996,,hit,linear_regression,target_5d_return,"Technical state is constructive, with price above the 50-day and 200-day averages. RSI is in a steady zone near 54.8. MACD remains on the bearish side. Volatility is elevated at roughly 48.6%.",No recent matched news was found for this ticker/date.,Relative strength versus the benchmark looked mixed. 1-month excess return 11.72%; 3-month excess return 9.71%; 6-month excess return -2.61%.,"Model view: the forward return estimate was mildly negative at about -0.22%. Confidence was not explicitly available for this prediction. Technical state is constructive, with price above the 50-day and 200-day averages. RSI is in a steady zone near 54.8. MACD remains on the bearish side. Volatility is elevated at roughly 48.6%. No recent matched news was found for this ticker/date. Relative strength versus the benchmark looked mixed. 1-month excess return 11.72%; 3-month excess return 9.71%; 6-month excess return -2.61%."
2025-05-27,CARR,-2.1153031115229037,-0.700900290894326,,hit,linear_regression,target_5d_return,"Technical state is constructive, with price above the 50-day and 200-day averages. RSI is in a steady zone near 58.3. MACD remains on the bearish side. Volatility is elevated at roughly 48.7%.",No recent matched news was found for this ticker/date.,Relative strength versus the benchmark looked mixed. 1-month excess return 13.07%; 3-month excess return 8.20%; 6-month excess return -2.99%.,"Model view: the forward return estimate was mildly negative at about -0.70%. Confidence was not explicitly available for this prediction. Technical state is constructive, with price above the 50-day and 200-day averages. RSI is in a steady zone near 58.3. MACD remains on the bearish side. Volatility is elevated at roughly 48.7%. No recent matched news was found for this ticker/date. Relative strength versus the benchmark looked mixed. 1-month excess return 13.07%; 3-month excess return 8.20%; 6-month excess return -2.99%."
2025-05-28,CARR,0.49267802591566046,-0.2280397321146042,,miss,linear_regression,target_5d_return,"Technical state is constructive, with price above the 50-day and 200-day averages. RSI is in a steady zone near 54.0. MACD remains on the bearish side. Volatility is elevated at roughly 49.6%.",No recent matched news was found for this ticker/date.,Relative strength versus the benchmark looked mixed. 1-month excess return 10.76%; 3-month excess return 8.66%; 6-month excess return -5.55%.,"Model view: the forward return estimate was mildly negative at about -0.23%. Confidence was not explicitly available for this prediction. Technical state is constructive, with price above the 50-day and 200-day averages. RSI is in a steady zone near 54.0. MACD remains on the bearish side. Volatility is elevated at roughly 49.6%. No recent matched news was found for this ticker/date. Relative strength versus the benchmark looked mixed. 1-month excess return 10.76%; 3-month excess return 8.66%; 6-month excess return -5.55%."
2025-05-29,CARR,-0.014006631728791241,-0.5009986646076585,,hit,linear_regression,target_5d_return,"Technical state is constructive, with price above the 50-day and 200-day averages. RSI is in a steady zone near 55.0. MACD remains on the bearish side. Volatility is elevated at roughly 49.1%.",No recent matched news was found for this ticker/date.,Relative strength versus the benchmark looked mixed. 1-month excess return 10.97%; 3-month excess return 10.63%; 6-month excess return -6.32%.,"Model view: the forward return estimate was mildly negative at about -0.50%. Confidence was not explicitly available for this prediction. Technical state is constructive, with price above the 50-day and 200-day averages. RSI is in a steady zone near 55.0. MACD remains on the bearish side. Volatility is elevated at roughly 49.1%. No recent matched news was found for this ticker/date. Relative strength versus the benchmark looked mixed. 1-month excess return 10.97%; 3-month excess return 10.63%; 6-month excess return -6.32%."
2025-05-30,CARR,-0.22471353872549615,0.47829986913703787,,miss,linear_regression,target_5d_return,"Technical state is constructive, with price above the 50-day and 200-day averages. RSI is in a steady zone near 54.3. MACD remains on the bearish side.",No recent matched news was found for this ticker/date.,Relative strength versus the benchmark looked mixed. 1-month excess return 7.57%; 3-month excess return 10.71%; 6-month excess return -8.36%.,"Model view: the forward return estimate was mildly positive at about 0.48%. Confidence was not explicitly available for this prediction. Technical state is constructive, with price above the 50-day and 200-day averages. RSI is in a steady zone near 54.3. MACD remains on the bearish side. No recent matched news was found for this ticker/date. Relative strength versus the benchmark looked mixed. 1-month excess return 7.57%; 3-month excess return 10.71%; 6-month excess return -8.36%."
2025-06-02,CARR,1.862390185088203,-1.2552061257355391,,miss,linear_regression,target_5d_return,"Technical state is mixed, with price not fully aligned across the major moving averages. RSI is in a steady zone near 51.2. MACD remains on the bearish side.",No recent matched news was found for this ticker/date.,Relative strength versus the benchmark looked weak. 1-month excess return -5.37%; 3-month excess return 9.70%; 6-month excess return -7.24%.,"Model view: the forward return estimate was mildly negative at about -1.26%. Confidence was not explicitly available for this prediction. Technical state is mixed, with price not fully aligned across the major moving averages. RSI is in a steady zone near 51.2. MACD remains on the bearish side. No recent matched news was found for this ticker/date. Relative strength versus the benchmark looked weak. 1-month excess return -5.37%; 3-month excess return 9.70%; 6-month excess return -7.24%."
2025-06-03,CARR,1.3418035413751417,-0.9142598051237614,,miss,linear_regression,target_5d_return,"Technical state is constructive, with price above the 50-day and 200-day averages. RSI is in a steady zone near 52.8. MACD remains on the bearish side.",No recent matched news was found for this ticker/date.,Relative strength versus the benchmark looked weak. 1-month excess return -6.26%; 3-month excess return 10.76%; 6-month excess return -7.47%.,"Model view: the forward return estimate was mildly negative at about -0.91%. Confidence was not explicitly available for this prediction. Technical state is constructive, with price above the 50-day and 200-day averages. RSI is in a steady zone near 52.8. MACD remains on the bearish side. No recent matched news was found for this ticker/date. Relative strength versus the benchmark looked weak. 1-month excess return -6.26%; 3-month excess return 10.76%; 6-month excess return -7.47%."
2025-06-04,CARR,1.5268300554758252,-0.5821419951711975,,miss,linear_regression,target_5d_return,"Technical state is constructive, with price above the 50-day and 200-day averages. RSI is in a steady zone near 54.7. MACD remains on the bearish side.",No recent matched news was found for this ticker/date.,Relative strength versus the benchmark looked weak. 1-month excess return -4.91%; 3-month excess return 7.95%; 6-month excess return -6.68%.,"Model view: the forward return estimate was mildly negative at about -0.58%. Confidence was not explicitly available for this prediction. Technical state is constructive, with price above the 50-day and 200-day averages. RSI is in a steady zone near 54.7. MACD remains on the bearish side. No recent matched news was found for this ticker/date. Relative strength versus the benchmark looked weak. 1-month excess return -4.91%; 3-month excess return 7.95%; 6-month excess return -6.68%."
2025-06-05,CARR,1.5126075741934475,-1.9969697283788164,,miss,linear_regression,target_5d_return,"Technical state is constructive, with price above the 50-day and 200-day averages. RSI is in a steady zone near 54.8. MACD remains on the bearish side.",No recent matched news was found for this ticker/date.,Relative strength versus the benchmark looked mixed. 1-month excess return -4.41%; 3-month excess return 5.73%; 6-month excess return -4.62%.,"Model view: the forward return estimate was mildly negative at about -2.00%. Confidence was not explicitly available for this prediction. Technical state is constructive, with price above the 50-day and 200-day averages. RSI is in a steady zone near 54.8. MACD remains on the bearish side. No recent matched news was found for this ticker/date. Relative strength versus the benchmark looked mixed. 1-month excess return -4.41%; 3-month excess return 5.73%; 6-month excess return -4.62%."
2025-06-06,CARR,0.2815272320731088,-2.2231908992889777,,miss,linear_regression,target_5d_return,"Technical state is constructive, with price above the 50-day and 200-day averages. RSI is in a steady zone near 53.2. MACD remains on the bearish side.",No recent matched news was found for this ticker/date.,Relative strength versus the benchmark looked mixed. 1-month excess return -5.24%; 3-month excess return 1.42%; 6-month excess return -5.20%.,"Model view: the forward return estimate was mildly negative at about -2.22%. Confidence was not explicitly available for this prediction. Technical state is constructive, with price above the 50-day and 200-day averages. RSI is in a steady zone near 53.2. MACD remains on the bearish side. No recent matched news was found for this ticker/date. Relative strength versus the benchmark looked mixed. 1-month excess return -5.24%; 3-month excess return 1.42%; 6-month excess return -5.20%."
2025-06-09,CARR,-0.8513616152977188,-1.9387527445422763,,hit,linear_regression,target_5d_return,"Technical state is constructive, with price above the 50-day and 200-day averages. RSI is in a steady zone near 55.5. MACD remains on the bearish side.",No recent matched news was found for this ticker/date.,Relative strength versus the benchmark looked weak. 1-month excess return -4.51%; 3-month excess return -0.07%; 6-month excess return -3.63%.,"Model view: the forward return estimate was mildly negative at about -1.94%. Confidence was not explicitly available for this prediction. Technical state is constructive, with price above the 50-day and 200-day averages. RSI is in a steady zone near 55.5. MACD remains on the bearish side. No recent matched news was found for this ticker/date. Relative strength versus the benchmark looked weak. 1-month excess return -4.51%; 3-month excess return -0.07%; 6-month excess return -3.63%."
2025-06-10,CARR,-2.7456463006315324,-3.6589649306882013,,hit,linear_regression,target_5d_return,"Technical state is constructive, with price above the 50-day and 200-day averages. RSI is in a steady zone near 55.9. MACD remains on the bearish side.",No recent matched news was found for this ticker/date.,Relative strength versus the benchmark looked mixed. 1-month excess return -6.46%; 3-month excess return 0.86%; 6-month excess return -2.43%.,"Model view: the forward return estimate was mildly negative at about -3.66%. Confidence was not explicitly available for this prediction. Technical state is constructive, with price above the 50-day and 200-day averages. RSI is in a steady zone near 55.9. MACD remains on the bearish side. No recent matched news was found for this ticker/date. Relative strength versus the benchmark looked mixed. 1-month excess return -6.46%; 3-month excess return 0.86%; 6-month excess return -2.43%."
2025-06-11,CARR,-3.6147939089897885,-2.852456333029211,,hit,linear_regression,target_5d_return,"Technical state is constructive, with price above the 50-day and 200-day averages. RSI is in a steady zone near 58.7. MACD remains on the bearish side.",No recent matched news was found for this ticker/date.,Relative strength versus the benchmark looked mixed. 1-month excess return -4.47%; 3-month excess return 3.16%; 6-month excess return -0.55%.,"Model view: the forward return estimate was mildly negative at about -2.85%. Confidence was not explicitly available for this prediction. Technical state is constructive, with price above the 50-day and 200-day averages. RSI is in a steady zone near 58.7. MACD remains on the bearish side. No recent matched news was found for this ticker/date. Relative strength versus the benchmark looked mixed. 1-month excess return -4.47%; 3-month excess return 3.16%; 6-month excess return -0.55%."
2025-06-12,CARR,-2.773181626844101,-3.41306780915262,,hit,linear_regression,target_5d_return,"Technical state is constructive, with price above the 50-day and 200-day averages. RSI is in a steady zone near 58.7. MACD remains on the bearish side.",No recent matched news was found for this ticker/date.,Relative strength versus the benchmark looked mixed. 1-month excess return -5.78%; 3-month excess return 3.36%; 6-month excess return -0.81%.,"Model view: the forward return estimate was mildly negative at about -3.41%. Confidence was not explicitly available for this prediction. Technical state is constructive, with price above the 50-day and 200-day averages. RSI is in a steady zone near 58.7. MACD remains on the bearish side. No recent matched news was found for this ticker/date. Relative strength versus the benchmark looked mixed. 1-month excess return -5.78%; 3-month excess return 3.36%; 6-month excess return -0.81%."
2025-06-13,CARR,0.7580024308254218,-1.9573379020088748,,miss,linear_regression,target_5d_return,"Technical state is constructive, with price above the 50-day and 200-day averages. RSI is in a steady zone near 52.2. MACD remains on the bearish side.",No recent matched news was found for this ticker/date.,Relative strength versus the benchmark looked mixed. 1-month excess return -4.49%; 3-month excess return 1.03%; 6-month excess return -1.15%.,"Model view: the forward return estimate was mildly negative at about -1.96%. Confidence was not explicitly available for this prediction. Technical state is constructive, with price above the 50-day and 200-day averages. RSI is in a steady zone near 52.2. MACD remains on the bearish side. No recent matched news was found for this ticker/date. Relative strength versus the benchmark looked mixed. 1-month excess return -4.49%; 3-month excess return 1.03%; 6-month excess return -1.15%."
2025-06-16,CARR,1.9988712706152878,-1.1289309845068458,,miss,linear_regression,target_5d_return,"Technical state is constructive, with price above the 50-day and 200-day averages. RSI is in a steady zone near 51.2. MACD remains on the bearish side.",No recent matched news was found for this ticker/date.,Relative strength versus the benchmark looked weak. 1-month excess return -5.40%; 3-month excess return -1.22%; 6-month excess return -2.81%.,"Model view: the forward return estimate was mildly negative at about -1.13%. Confidence was not explicitly available for this prediction. Technical state is constructive, with price above the 50-day and 200-day averages. RSI is in a steady zone near 51.2. MACD remains on the bearish side. No recent matched news was found for this ticker/date. Relative strength versus the benchmark looked weak. 1-month excess return -5.40%; 3-month excess return -1.22%; 6-month excess return -2.81%."
2025-06-17,CARR,3.7976520095112765,-1.1954328827255636,,miss,linear_regression,target_5d_return,"Technical state is mixed, with price not fully aligned across the major moving averages. MACD remains on the bearish side.",No recent matched news was found for this ticker/date.,Relative strength versus the benchmark looked weak. 1-month excess return -8.29%; 3-month excess return -2.80%; 6-month excess return -3.98%.,"Model view: the forward return estimate was mildly negative at about -1.20%. Confidence was not explicitly available for this prediction. Technical state is mixed, with price not fully aligned across the major moving averages. MACD remains on the bearish side. No recent matched news was found for this ticker/date. Relative strength versus the benchmark looked weak. 1-month excess return -8.29%; 3-month excess return -2.80%; 6-month excess return -3.98%."
2025-06-18,CARR,3.907809481373725,-0.567553146923879,,miss,linear_regression,target_5d_return,"Technical state is mixed, with price not fully aligned across the major moving averages. MACD remains on the bearish side.",No recent matched news was found for this ticker/date.,Relative strength versus the benchmark looked weak. 1-month excess return -8.32%; 3-month excess return -2.13%; 6-month excess return -3.17%.,"Model view: the forward return estimate was mildly negative at about -0.57%. Confidence was not explicitly available for this prediction. Technical state is mixed, with price not fully aligned across the major moving averages. MACD remains on the bearish side. No recent matched news was found for this ticker/date. Relative strength versus the benchmark looked weak. 1-month excess return -8.32%; 3-month excess return -2.13%; 6-month excess return -3.17%."
2025-06-20,CARR,4.540934997603019,-0.7393021693746988,,miss,linear_regression,target_5d_return,"Technical state is mixed, with price not fully aligned across the major moving averages. MACD remains on the bearish side.",No recent matched news was found for this ticker/date.,Relative strength versus the benchmark looked mixed. 1-month excess return -6.50%; 3-month excess return 0.78%; 6-month excess return 0.24%.,"Model view: the forward return estimate was mildly negative at about -0.74%. Confidence was not explicitly available for this prediction. Technical state is mixed, with price not fully aligned across the major moving averages. MACD remains on the bearish side. No recent matched news was found for this ticker/date. Relative strength versus the benchmark looked mixed. 1-month excess return -6.50%; 3-month excess return 0.78%; 6-month excess return 0.24%."
2025-06-23,CARR,1.9643406047480383,-0.9280279874263535,,miss,linear_regression,target_5d_return,"Technical state is constructive, with price above the 50-day and 200-day averages. RSI is in a steady zone near 55.2. MACD remains on the bearish side.",No recent matched news was found for this ticker/date.,Relative strength versus the benchmark looked mixed. 1-month excess return -3.71%; 3-month excess return 2.12%; 6-month excess return 2.51%.,"Model view: the forward return estimate was mildly negative at about -0.93%. Confidence was not explicitly available for this prediction. Technical state is constructive, with price above the 50-day and 200-day averages. RSI is in a steady zone near 55.2. MACD remains on the bearish side. No recent matched news was found for this ticker/date. Relative strength versus the benchmark looked mixed. 1-month excess return -3.71%; 3-month excess return 2.12%; 6-month excess return 2.51%."
2025-06-24,CARR,2.5393375524889406,-0.8004544344606102,,miss,linear_regression,target_5d_return,"Technical state is constructive, with price above the 50-day and 200-day averages. RSI is in a steady zone near 58.0. MACD remains on the bearish side.",No recent matched news was found for this ticker/date.,Relative strength versus the benchmark looked favorable. 1-month excess return -3.41%; 3-month excess return 0.95%; 6-month excess return 4.34%.,"Model view: the forward return estimate was mildly negative at about -0.80%. Confidence was not explicitly available for this prediction. Technical state is constructive, with price above the 50-day and 200-day averages. RSI is in a steady zone near 58.0. MACD remains on the bearish side. No recent matched news was found for this ticker/date. Relative strength versus the benchmark looked favorable. 1-month excess return -3.41%; 3-month excess return 0.95%; 6-month excess return 4.34%."
2025-06-25,CARR,3.9072232764473025,-1.3392114279805691,,miss,linear_regression,target_5d_return,"Technical state is constructive, with price above the 50-day and 200-day averages. RSI is in a steady zone near 57.9. MACD remains on the bearish side.",No recent matched news was found for this ticker/date.,Relative strength versus the benchmark looked favorable. 1-month excess return -3.09%; 3-month excess return 0.86%; 6-month excess return 4.75%.,"Model view: the forward return estimate was mildly negative at about -1.34%. Confidence was not explicitly available for this prediction. Technical state is constructive, with price above the 50-day and 200-day averages. RSI is in a steady zone near 57.9. MACD remains on the bearish side. No recent matched news was found for this ticker/date. Relative strength versus the benchmark looked favorable. 1-month excess return -3.09%; 3-month excess return 0.86%; 6-month excess return 4.75%."
2025-06-26,CARR,4.2154640341137695,-0.8209225324711611,,miss,linear_regression,target_5d_return,"Technical state is constructive, with price above the 50-day and 200-day averages. RSI is in a steady zone near 58.6. MACD remains on the bearish side. Volatility is relatively contained at roughly 14.6%.",No recent matched news was found for this ticker/date.,Relative strength versus the benchmark looked mixed. 1-month excess return -3.47%; 3-month excess return 0.82%; 6-month excess return 2.48%.,"Model view: the forward return estimate was mildly negative at about -0.82%. Confidence was not explicitly available for this prediction. Technical state is constructive, with price above the 50-day and 200-day averages. RSI is in a steady zone near 58.6. MACD remains on the bearish side. Volatility is relatively contained at roughly 14.6%. No recent matched news was found for this ticker/date. Relative strength versus the benchmark looked mixed. 1-month excess return -3.47%; 3-month excess return 0.82%; 6-month excess return 2.48%."
2025-06-27,CARR,1.3166841927682027,-1.7113678803538053,,miss,linear_regression,target_5d_return,"Technical state is constructive, with price above the 50-day and 200-day averages. RSI is in a steady zone near 63.1. MACD remains on the bullish side.",No recent matched news was found for this ticker/date.,Relative strength versus the benchmark looked favorable. 1-month excess return -1.24%; 3-month excess return 3.41%; 6-month excess return 3.48%.,"Model view: the forward return estimate was mildly negative at about -1.71%. Confidence was not explicitly available for this prediction. Technical state is constructive, with price above the 50-day and 200-day averages. RSI is in a steady zone near 63.1. MACD remains on the bullish side. No recent matched news was found for this ticker/date. Relative strength versus the benchmark looked favorable. 1-month excess return -1.24%; 3-month excess return 3.41%; 6-month excess return 3.48%."
2025-06-30,CARR,2.3363834231890257,-2.509256084559098,,miss,linear_regression,target_5d_return,"Technical state is constructive, with price above the 50-day and 200-day averages. RSI is in a steady zone near 60.0. MACD remains on the bullish side.",No recent matched news was found for this ticker/date.,Relative strength versus the benchmark looked favorable. 1-month excess return -2.25%; 3-month excess return 4.37%; 6-month excess return 2.63%.,"Model view: the forward return estimate was mildly negative at about -2.51%. Confidence was not explicitly available for this prediction. Technical state is constructive, with price above the 50-day and 200-day averages. RSI is in a steady zone near 60.0. MACD remains on the bullish side. No recent matched news was found for this ticker/date. Relative strength versus the benchmark looked favorable. 1-month excess return -2.25%; 3-month excess return 4.37%; 6-month excess return 2.63%."
2025-07-01,CARR,2.139968065388942,-2.6150983951779807,,miss,linear_regression,target_5d_return,"Technical state is constructive, with price above the 50-day and 200-day averages. RSI is in a steady zone near 64.4. MACD remains on the bullish side.",No recent matched news was found for this ticker/date.,Relative strength versus the benchmark looked favorable. 1-month excess return -0.45%; 3-month excess return 6.71%; 6-month excess return 3.99%.,"Model view: the forward return estimate was mildly negative at about -2.62%. Confidence was not explicitly available for this prediction. Technical state is constructive, with price above the 50-day and 200-day averages. RSI is in a steady zone near 64.4. MACD remains on the bullish side. No recent matched news was found for this ticker/date. Relative strength versus the benchmark looked favorable. 1-month excess return -0.45%; 3-month excess return 6.71%; 6-month excess return 3.99%."
2025-07-02,CARR,2.006370534115387,-2.8997721636552827,,miss,linear_regression,target_5d_return,"Technical state is constructive, with price above the 50-day and 200-day averages. MACD remains on the bullish side.",No recent matched news was found for this ticker/date.,Relative strength versus the benchmark looked favorable. 1-month excess return 2.34%; 3-month excess return 7.88%; 6-month excess return 4.99%.,"Model view: the forward return estimate was mildly negative at about -2.90%. Confidence was not explicitly available for this prediction. Technical state is constructive, with price above the 50-day and 200-day averages. MACD remains on the bullish side. No recent matched news was found for this ticker/date. Relative strength versus the benchmark looked favorable. 1-month excess return 2.34%; 3-month excess return 7.88%; 6-month excess return 4.99%."
2025-07-03,CARR,1.2822223412266576,-3.566740144874868,,miss,linear_regression,target_5d_return,"Technical state is constructive, with price above the 50-day and 200-day averages. MACD remains on the bullish side.",No recent matched news was found for this ticker/date.,Relative strength versus the benchmark looked favorable. 1-month excess return 1.88%; 3-month excess return 5.46%; 6-month excess return 4.55%.,"Model view: the forward return estimate was mildly negative at about -3.57%. Confidence was not explicitly available for this prediction. Technical state is constructive, with price above the 50-day and 200-day averages. MACD remains on the bullish side. No recent matched news was found for this ticker/date. Relative strength versus the benchmark looked favorable. 1-month excess return 1.88%; 3-month excess return 5.46%; 6-month excess return 4.55%."
2025-07-07,CARR,2.6393371339929805,-4.171287761005769,,miss,linear_regression,target_5d_return,"Technical state is constructive, with price above the 50-day and 200-day averages. RSI is in a steady zone near 62.2. MACD remains on the bullish side.",No recent matched news was found for this ticker/date.,Relative strength versus the benchmark looked favorable. 1-month excess return 0.36%; 3-month excess return 7.45%; 6-month excess return 3.44%.,"Model view: the forward return estimate was mildly negative at about -4.17%. Confidence was not explicitly available for this prediction. Technical state is constructive, with price above the 50-day and 200-day averages. RSI is in a steady zone near 62.2. MACD remains on the bullish side. No recent matched news was found for this ticker/date. Relative strength versus the benchmark looked favorable. 1-month excess return 0.36%; 3-month excess return 7.45%; 6-month excess return 3.44%."
2025-07-08,CARR,0.6408487553544617,-5.95322610723687,,miss,linear_regression,target_5d_return,"Technical state is constructive, with price above the 50-day and 200-day averages. RSI is in a steady zone near 63.2. MACD remains on the bullish side.",No recent matched news was found for this ticker/date.,Relative strength versus the benchmark looked favorable. 1-month excess return 0.29%; 3-month excess return 8.50%; 6-month excess return 3.52%.,"Model view: the forward return estimate was mildly negative at about -5.95%. Confidence was not explicitly available for this prediction. Technical state is constructive, with price above the 50-day and 200-day averages. RSI is in a steady zone near 63.2. MACD remains on the bullish side. No recent matched news was found for this ticker/date. Relative strength versus the benchmark looked favorable. 1-month excess return 0.29%; 3-month excess return 8.50%; 6-month excess return 3.52%."
2025-07-09,CARR,-0.6061392649522213,-6.600011524941917,,hit,linear_regression,target_5d_return,"Technical state is constructive, with price above the 50-day and 200-day averages. MACD remains on the bullish side.",No recent matched news was found for this ticker/date.,Relative strength versus the benchmark looked favorable. 1-month excess return 2.66%; 3-month excess return 9.80%; 6-month excess return 4.21%.,"Model view: the forward return estimate was mildly negative at about -6.60%. Confidence was not explicitly available for this prediction. Technical state is constructive, with price above the 50-day and 200-day averages. MACD remains on the bullish side. No recent matched news was found for this ticker/date. Relative strength versus the benchmark looked favorable. 1-month excess return 2.66%; 3-month excess return 9.80%; 6-month excess return 4.21%."
2025-07-10,CARR,0.20841952469177194,-6.79013778426116,,miss,linear_regression,target_5d_return,"Technical state is constructive, with price above the 50-day and 200-day averages. MACD remains on the bullish side.",No recent matched news was found for this ticker/date.,Relative strength versus the benchmark looked favorable. 1-month excess return 2.78%; 3-month excess return 12.24%; 6-month excess return 6.67%.,"Model view: the forward return estimate was mildly negative at about -6.79%. Confidence was not explicitly available for this prediction. Technical state is constructive, with price above the 50-day and 200-day averages. MACD remains on the bullish side. No recent matched news was found for this ticker/date. Relative strength versus the benchmark looked favorable. 1-month excess return 2.78%; 3-month excess return 12.24%; 6-month excess return 6.67%."
2025-07-11,CARR,0.013044252776905907,-4.807160087462248,,miss,linear_regression,target_5d_return,"Technical state is constructive, with price above the 50-day and 200-day averages. MACD remains on the bullish side.",No recent matched news was found for this ticker/date.,Relative strength versus the benchmark looked favorable. 1-month excess return 3.39%; 3-month excess return 11.23%; 6-month excess return 6.45%.,"Model view: the forward return estimate was mildly negative at about -4.81%. Confidence was not explicitly available for this prediction. Technical state is constructive, with price above the 50-day and 200-day averages. MACD remains on the bullish side. No recent matched news was found for this ticker/date. Relative strength versus the benchmark looked favorable. 1-month excess return 3.39%; 3-month excess return 11.23%; 6-month excess return 6.45%."
2025-07-14,CARR,-0.8353992749635331,-6.044819163365614,,hit,linear_regression,target_5d_return,"Technical state is constructive, with price above the 50-day and 200-day averages. MACD remains on the bullish side.",No recent matched news was found for this ticker/date.,Relative strength versus the benchmark looked favorable. 1-month excess return 1.81%; 3-month excess return 10.59%; 6-month excess return 5.98%.,"Model view: the forward return estimate was mildly negative at about -6.04%. Confidence was not explicitly available for this prediction. Technical state is constructive, with price above the 50-day and 200-day averages. MACD remains on the bullish side. No recent matched news was found for this ticker/date. Relative strength versus the benchmark looked favorable. 1-month excess return 1.81%; 3-month excess return 10.59%; 6-month excess return 5.98%."
2025-07-15,CARR,1.379677571532656,-3.498937701570637,,miss,linear_regression,target_5d_return,"Technical state is constructive, with price above the 50-day and 200-day averages. RSI is in a steady zone near 59.7. MACD remains on the bullish side.",No recent matched news was found for this ticker/date.,Relative strength versus the benchmark looked favorable. 1-month excess return 0.95%; 3-month excess return 10.63%; 6-month excess return 6.22%.,"Model view: the forward return estimate was mildly negative at about -3.50%. Confidence was not explicitly available for this prediction. Technical state is constructive, with price above the 50-day and 200-day averages. RSI is in a steady zone near 59.7. MACD remains on the bullish side. No recent matched news was found for this ticker/date. Relative strength versus the benchmark looked favorable. 1-month excess return 0.95%; 3-month excess return 10.63%; 6-month excess return 6.22%."
2025-07-16,CARR,5.541562095007668,-4.460314429934354,,miss,linear_regression,target_5d_return,"Technical state is constructive, with price above the 50-day and 200-day averages. RSI is in a steady zone near 59.9. MACD remains on the bullish side.",No recent matched news was found for this ticker/date.,Relative strength versus the benchmark looked favorable. 1-month excess return 1.33%; 3-month excess return 8.70%; 6-month excess return 5.07%.,"Model view: the forward return estimate was mildly negative at about -4.46%. Confidence was not explicitly available for this prediction. Technical state is constructive, with price above the 50-day and 200-day averages. RSI is in a steady zone near 59.9. MACD remains on the bullish side. No recent matched news was found for this ticker/date. Relative strength versus the benchmark looked favorable. 1-month excess return 1.33%; 3-month excess return 8.70%; 6-month excess return 5.07%."
2025-07-17,CARR,3.2627091203346836,-4.3248798210702235,,miss,linear_regression,target_5d_return,"Technical state is constructive, with price above the 50-day and 200-day averages. MACD remains on the bullish side.",No recent matched news was found for this ticker/date.,Relative strength versus the benchmark looked favorable. 1-month excess return 4.12%; 3-month excess return 10.40%; 6-month excess return 4.64%.,"Model view: the forward return estimate was mildly negative at about -4.32%. Confidence was not explicitly available for this prediction. Technical state is constructive, with price above the 50-day and 200-day averages. MACD remains on the bullish side. No recent matched news was found for this ticker/date. Relative strength versus the benchmark looked favorable. 1-month excess return 4.12%; 3-month excess return 10.40%; 6-month excess return 4.64%."
2025-07-18,CARR,5.350393123409325,-3.484764676264078,,miss,linear_regression,target_5d_return,"Technical state is constructive, with price above the 50-day and 200-day averages. RSI is in a steady zone near 64.0. MACD remains on the bullish side.",No recent matched news was found for this ticker/date.,Relative strength versus the benchmark looked favorable. 1-month excess return 4.80%; 3-month excess return 10.08%; 6-month excess return 5.53%.,"Model view: the forward return estimate was mildly negative at about -3.48%. Confidence was not explicitly available for this prediction. Technical state is constructive, with price above the 50-day and 200-day averages. RSI is in a steady zone near 64.0. MACD remains on the bullish side. No recent matched news was found for this ticker/date. Relative strength versus the benchmark looked favorable. 1-month excess return 4.80%; 3-month excess return 10.08%; 6-month excess return 5.53%."
2025-07-21,CARR,5.541659887883954,-2.3256532425101426,,miss,linear_regression,target_5d_return,"Technical state is constructive, with price above the 50-day and 200-day averages. RSI is in a steady zone near 59.4. MACD remains on the bearish side.",No recent matched news was found for this ticker/date.,Relative strength versus the benchmark looked favorable. 1-month excess return 3.52%; 3-month excess return 7.39%; 6-month excess return 2.74%.,"Model view: the forward return estimate was mildly negative at about -2.33%. Confidence was not explicitly available for this prediction. Technical state is constructive, with price above the 50-day and 200-day averages. RSI is in a steady zone near 59.4. MACD remains on the bearish side. No recent matched news was found for this ticker/date. Relative strength versus the benchmark looked favorable. 1-month excess return 3.52%; 3-month excess return 7.39%; 6-month excess return 2.74%."
2025-07-22,CARR,-6.2156505022402,-3.574804490486426,,hit,linear_regression,target_5d_return,"Technical state is constructive, with price above the 50-day and 200-day averages. RSI is in a steady zone near 61.4. MACD remains on the bearish side.",No recent matched news was found for this ticker/date.,Relative strength versus the benchmark looked favorable. 1-month excess return 2.92%; 3-month excess return 9.00%; 6-month excess return 4.52%.,"Model view: the forward return estimate was mildly negative at about -3.57%. Confidence was not explicitly available for this prediction. Technical state is constructive, with price above the 50-day and 200-day averages. RSI is in a steady zone near 61.4. MACD remains on the bearish side. No recent matched news was found for this ticker/date. Relative strength versus the benchmark looked favorable. 1-month excess return 2.92%; 3-month excess return 9.00%; 6-month excess return 4.52%."
2025-07-23,CARR,-14.332374795417035,-2.8555662583819954,,hit,linear_regression,target_5d_return,"Technical state is constructive, with price above the 50-day and 200-day averages. RSI is elevated near 72.0, so chasing strength may add risk. MACD remains on the bullish side.",No recent matched news was found for this ticker/date.,Relative strength versus the benchmark looked favorable. 1-month excess return 5.58%; 3-month excess return 13.51%; 6-month excess return 7.72%.,"Model view: the forward return estimate was mildly negative at about -2.86%. Confidence was not explicitly available for this prediction. Technical state is constructive, with price above the 50-day and 200-day averages. RSI is elevated near 72.0, so chasing strength may add risk. MACD remains on the bullish side. No recent matched news was found for this ticker/date. Relative strength versus the benchmark looked favorable. 1-month excess return 5.58%; 3-month excess return 13.51%; 6-month excess return 7.72%."
2025-07-24,CARR,-13.62034159402864,-1.6185295485868185,,hit,linear_regression,target_5d_return,"Technical state is constructive, with price above the 50-day and 200-day averages. RSI is elevated near 70.9, so chasing strength may add risk. MACD remains on the bullish side.",No recent matched news was found for this ticker/date.,Relative strength versus the benchmark looked favorable. 1-month excess return 5.38%; 3-month excess return 17.03%; 6-month excess return 8.84%.,"Model view: the forward return estimate was mildly negative at about -1.62%. Confidence was not explicitly available for this prediction. Technical state is constructive, with price above the 50-day and 200-day averages. RSI is elevated near 70.9, so chasing strength may add risk. MACD remains on the bullish side. No recent matched news was found for this ticker/date. Relative strength versus the benchmark looked favorable. 1-month excess return 5.38%; 3-month excess return 17.03%; 6-month excess return 8.84%."
2025-07-25,CARR,-17.106409777948052,-1.932382560327537,,hit,linear_regression,target_5d_return,"Technical state is constructive, with price above the 50-day and 200-day averages. RSI is elevated near 74.1, so chasing strength may add risk. MACD remains on the bullish side.",No recent matched news was found for this ticker/date.,Relative strength versus the benchmark looked favorable. 1-month excess return 6.84%; 3-month excess return 17.30%; 6-month excess return 11.09%.,"Model view: the forward return estimate was mildly negative at about -1.93%. Confidence was not explicitly available for this prediction. Technical state is constructive, with price above the 50-day and 200-day averages. RSI is elevated near 74.1, so chasing strength may add risk. MACD remains on the bullish side. No recent matched news was found for this ticker/date. Relative strength versus the benchmark looked favorable. 1-month excess return 6.84%; 3-month excess return 17.30%; 6-month excess return 11.09%."
2025-07-28,CARR,-17.01172279587525,-1.1120138540845776,,hit,linear_regression,target_5d_return,"Technical state is constructive, with price above the 50-day and 200-day averages. RSI is elevated near 70.5, so chasing strength may add risk. MACD remains on the bullish side.",No recent matched news was found for this ticker/date.,Relative strength versus the benchmark looked favorable. 1-month excess return 6.68%; 3-month excess return 17.83%; 6-month excess return 9.62%.,"Model view: the forward return estimate was mildly negative at about -1.11%. Confidence was not explicitly available for this prediction. Technical state is constructive, with price above the 50-day and 200-day averages. RSI is elevated near 70.5, so chasing strength may add risk. MACD remains on the bullish side. No recent matched news was found for this ticker/date. Relative strength versus the benchmark looked favorable. 1-month excess return 6.68%; 3-month excess return 17.83%; 6-month excess return 9.62%."
2025-07-29,CARR,-7.381053510085767,1.1503510326516178,,miss,linear_regression,target_5d_return,"Technical state is mixed, with price not fully aligned across the major moving averages. RSI is weak near 38.8. MACD remains on the bearish side. Volatility is elevated at roughly 44.6%.",No recent matched news was found for this ticker/date.,Relative strength versus the benchmark looked mixed. 1-month excess return -5.71%; 3-month excess return 3.18%; 6-month excess return 0.36%.,"Model view: the forward return estimate was mildly positive at about 1.15%. Confidence was not explicitly available for this prediction. Technical state is mixed, with price not fully aligned across the major moving averages. RSI is weak near 38.8. MACD remains on the bearish side. Volatility is elevated at roughly 44.6%. No recent matched news was found for this ticker/date. Relative strength versus the benchmark looked mixed. 1-month excess return -5.71%; 3-month excess return 3.18%; 6-month excess return 0.36%."
2025-07-30,CARR,-3.06451089649864,4.303847573534447,,miss,linear_regression,target_5d_return,"Technical state is soft, with price below the 50-day and 200-day averages. RSI is weak near 32.5. MACD remains on the bearish side. Volatility is elevated at roughly 47.3%.",No recent matched news was found for this ticker/date.,Relative strength versus the benchmark looked weak. 1-month excess return -9.49%; 3-month excess return -2.34%; 6-month excess return -3.58%.,"Model view: the forward return estimate was mildly positive at about 4.30%. Confidence was not explicitly available for this prediction. Technical state is soft, with price below the 50-day and 200-day averages. RSI is weak near 32.5. MACD remains on the bearish side. Volatility is elevated at roughly 47.3%. No recent matched news was found for this ticker/date. Relative strength versus the benchmark looked weak. 1-month excess return -9.49%; 3-month excess return -2.34%; 6-month excess return -3.58%."
2025-07-31,CARR,-3.2935034184956247,4.539562000848273,,miss,linear_regression,target_5d_return,"Technical state is soft, with price below the 50-day and 200-day averages. RSI is weak near 33.9. MACD remains on the bearish side. Volatility is elevated at roughly 47.0%.",No recent matched news was found for this ticker/date.,Relative strength versus the benchmark looked weak. 1-month excess return -9.98%; 3-month excess return -4.26%; 6-month excess return 0.91%.,"Model view: the forward return estimate was mildly positive at about 4.54%. Confidence was not explicitly available for this prediction. Technical state is soft, with price below the 50-day and 200-day averages. RSI is weak near 33.9. MACD remains on the bearish side. Volatility is elevated at roughly 47.0%. No recent matched news was found for this ticker/date. Relative strength versus the benchmark looked weak. 1-month excess return -9.98%; 3-month excess return -4.26%; 6-month excess return 0.91%."
2025-08-01,CARR,-1.3299453287514362,4.630680808432195,,miss,linear_regression,target_5d_return,"Technical state is soft, with price below the 50-day and 200-day averages. RSI is weak near 31.0. MACD remains on the bearish side. Volatility is elevated at roughly 47.4%.",No recent matched news was found for this ticker/date.,Relative strength versus the benchmark looked weak. 1-month excess return -11.29%; 3-month excess return -15.44%; 6-month excess return -1.28%.,"Model view: the forward return estimate was mildly positive at about 4.63%. Confidence was not explicitly available for this prediction. Technical state is soft, with price below the 50-day and 200-day averages. RSI is weak near 31.0. MACD remains on the bearish side. Volatility is elevated at roughly 47.4%. No recent matched news was found for this ticker/date. Relative strength versus the benchmark looked weak. 1-month excess return -11.29%; 3-month excess return -15.44%; 6-month excess return -1.28%."
2025-08-04,CARR,-2.4947454753070253,4.697310767423224,,miss,linear_regression,target_5d_return,"Technical state is soft, with price below the 50-day and 200-day averages. RSI is weak near 30.4. MACD remains on the bearish side. Volatility is elevated at roughly 47.3%.",No recent matched news was found for this ticker/date.,Relative strength versus the benchmark looked weak. 1-month excess return -12.90%; 3-month excess return -18.39%; 6-month excess return -3.07%.,"Model view: the forward return estimate was mildly positive at about 4.70%. Confidence was not explicitly available for this prediction. Technical state is soft, with price below the 50-day and 200-day averages. RSI is weak near 30.4. MACD remains on the bearish side. Volatility is elevated at roughly 47.3%. No recent matched news was found for this ticker/date. Relative strength versus the benchmark looked weak. 1-month excess return -12.90%; 3-month excess return -18.39%; 6-month excess return -3.07%."
2025-08-05,CARR,-0.979201451309053,5.192021112371529,,miss,linear_regression,target_5d_return,"Technical state is soft, with price below the 50-day and 200-day averages. RSI is weak near 30.1. MACD remains on the bearish side. Volatility is elevated at roughly 47.2%.",No recent matched news was found for this ticker/date.,Relative strength versus the benchmark looked weak. 1-month excess return -12.25%; 3-month excess return -17.72%; 6-month excess return 0.08%.,"Model view: the forward return estimate was mildly positive at about 5.19%. Confidence was not explicitly available for this prediction. Technical state is soft, with price below the 50-day and 200-day averages. RSI is weak near 30.1. MACD remains on the bearish side. Volatility is elevated at roughly 47.2%. No recent matched news was found for this ticker/date. Relative strength versus the benchmark looked weak. 1-month excess return -12.25%; 3-month excess return -17.72%; 6-month excess return 0.08%."
2025-08-06,CARR,1.4218763163330816,5.347942266849819,,hit,linear_regression,target_5d_return,"Technical state is soft, with price below the 50-day and 200-day averages. RSI is weak near 29.7. MACD remains on the bearish side. Volatility is elevated at roughly 46.7%.",No recent matched news was found for this ticker/date.,Relative strength versus the benchmark looked weak. 1-month excess return -13.74%; 3-month excess return -19.06%; 6-month excess return -1.62%.,"Model view: the forward return estimate was mildly positive at about 5.35%. Confidence was not explicitly available for this prediction. Technical state is soft, with price below the 50-day and 200-day averages. RSI is weak near 29.7. MACD remains on the bearish side. Volatility is elevated at roughly 46.7%. No recent matched news was found for this ticker/date. Relative strength versus the benchmark looked weak. 1-month excess return -13.74%; 3-month excess return -19.06%; 6-month excess return -1.62%."
2025-08-07,CARR,-0.9041568242955988,6.719608498411495,,miss,linear_regression,target_5d_return,"Technical state is soft, with price below the 50-day and 200-day averages. RSI is weak near 30.8. MACD remains on the bearish side. Volatility is elevated at roughly 46.4%.",No recent matched news was found for this ticker/date.,Relative strength versus the benchmark looked weak. 1-month excess return -13.90%; 3-month excess return -17.86%; 6-month excess return -1.83%.,"Model view: the forward return estimate was mildly positive at about 6.72%. Confidence was not explicitly available for this prediction. Technical state is soft, with price below the 50-day and 200-day averages. RSI is weak near 30.8. MACD remains on the bearish side. Volatility is elevated at roughly 46.4%. No recent matched news was found for this ticker/date. Relative strength versus the benchmark looked weak. 1-month excess return -13.90%; 3-month excess return -17.86%; 6-month excess return -1.83%."
2025-08-08,CARR,-0.9541076254199421,6.204700613573542,,miss,linear_regression,target_5d_return,"Technical state is soft, with price below the 50-day and 200-day averages. RSI is weak near 30.1. MACD remains on the bearish side. Volatility is elevated at roughly 46.4%.",No recent matched news was found for this ticker/date.,Relative strength versus the benchmark looked weak. 1-month excess return -15.81%; 3-month excess return -19.13%; 6-month excess return -3.79%.,"Model view: the forward return estimate was mildly positive at about 6.20%. Confidence was not explicitly available for this prediction. Technical state is soft, with price below the 50-day and 200-day averages. RSI is weak near 30.1. MACD remains on the bearish side. Volatility is elevated at roughly 46.4%. No recent matched news was found for this ticker/date. Relative strength versus the benchmark looked weak. 1-month excess return -15.81%; 3-month excess return -19.13%; 6-month excess return -3.79%."
2025-08-11,CARR,2.4815053614490434,6.311958249416185,,hit,linear_regression,target_5d_return,"Technical state is soft, with price below the 50-day and 200-day averages. RSI is weak near 27.8. MACD remains on the bearish side. Volatility is elevated at roughly 46.4%.",No recent matched news was found for this ticker/date.,Relative strength versus the benchmark looked weak. 1-month excess return -17.30%; 3-month excess return -21.89%; 6-month excess return -4.75%.,"Model view: the forward return estimate was mildly positive at about 6.31%. Confidence was not explicitly available for this prediction. Technical state is soft, with price below the 50-day and 200-day averages. RSI is weak near 27.8. MACD remains on the bearish side. Volatility is elevated at roughly 46.4%. No recent matched news was found for this ticker/date. Relative strength versus the benchmark looked weak. 1-month excess return -17.30%; 3-month excess return -21.89%; 6-month excess return -4.75%."
2025-08-12,CARR,1.9017190569915687,5.761409975045686,,hit,linear_regression,target_5d_return,"Technical state is soft, with price below the 50-day and 200-day averages. RSI is weak near 31.9. MACD remains on the bearish side. Volatility is elevated at roughly 46.9%.",No recent matched news was found for this ticker/date.,Relative strength versus the benchmark looked weak. 1-month excess return -17.06%; 3-month excess return -20.73%; 6-month excess return -6.98%.,"Model view: the forward return estimate was mildly positive at about 5.76%. Confidence was not explicitly available for this prediction. Technical state is soft, with price below the 50-day and 200-day averages. RSI is weak near 31.9. MACD remains on the bearish side. Volatility is elevated at roughly 46.9%. No recent matched news was found for this ticker/date. Relative strength versus the benchmark looked weak. 1-month excess return -17.06%; 3-month excess return -20.73%; 6-month excess return -6.98%."
2025-08-13,CARR,-0.3132091041145424,5.593951513790436,,miss,linear_regression,target_5d_return,"Technical state is soft, with price below the 50-day and 200-day averages. RSI is weak near 37.8. MACD remains on the bearish side. Volatility is elevated at roughly 47.8%.",No recent matched news was found for this ticker/date.,Relative strength versus the benchmark looked weak. 1-month excess return -14.72%; 3-month excess return -20.08%; 6-month excess return -3.60%.,"Model view: the forward return estimate was mildly positive at about 5.59%. Confidence was not explicitly available for this prediction. Technical state is soft, with price below the 50-day and 200-day averages. RSI is weak near 37.8. MACD remains on the bearish side. Volatility is elevated at roughly 47.8%. No recent matched news was found for this ticker/date. Relative strength versus the benchmark looked weak. 1-month excess return -14.72%; 3-month excess return -20.08%; 6-month excess return -3.60%."
2025-08-14,CARR,-1.1405109118553192,6.169290889204254,,miss,linear_regression,target_5d_return,"Technical state is soft, with price below the 50-day and 200-day averages. RSI is weak near 34.6. MACD remains on the bearish side. Volatility is elevated at roughly 47.1%.",No recent matched news was found for this ticker/date.,Relative strength versus the benchmark looked weak. 1-month excess return -16.15%; 3-month excess return -20.12%; 6-month excess return -3.46%.,"Model view: the forward return estimate was mildly positive at about 6.17%. Confidence was not explicitly available for this prediction. Technical state is soft, with price below the 50-day and 200-day averages. RSI is weak near 34.6. MACD remains on the bearish side. Volatility is elevated at roughly 47.1%. No recent matched news was found for this ticker/date. Relative strength versus the benchmark looked weak. 1-month excess return -16.15%; 3-month excess return -20.12%; 6-month excess return -3.46%."
2025-08-15,CARR,3.593269754269346,5.9595099330530195,,hit,linear_regression,target_5d_return,"Technical state is soft, with price below the 50-day and 200-day averages. RSI is weak near 33.8. MACD remains on the bearish side. Volatility is elevated at roughly 47.0%.",No recent matched news was found for this ticker/date.,Relative strength versus the benchmark looked weak. 1-month excess return -17.48%; 3-month excess return -19.99%; 6-month excess return -2.79%.,"Model view: the forward return estimate was mildly positive at about 5.96%. Confidence was not explicitly available for this prediction. Technical state is soft, with price below the 50-day and 200-day averages. RSI is weak near 33.8. MACD remains on the bearish side. Volatility is elevated at roughly 47.0%. No recent matched news was found for this ticker/date. Relative strength versus the benchmark looked weak. 1-month excess return -17.48%; 3-month excess return -19.99%; 6-month excess return -2.79%."
2025-08-18,CARR,-0.7369497360692923,4.906046367443415,,miss,linear_regression,target_5d_return,"Technical state is soft, with price below the 50-day and 200-day averages. RSI is weak near 38.7. MACD remains on the bearish side. Volatility is elevated at roughly 47.8%.",No recent matched news was found for this ticker/date.,Relative strength versus the benchmark looked weak. 1-month excess return -15.74%; 3-month excess return -20.33%; 6-month excess return -3.38%.,"Model view: the forward return estimate was mildly positive at about 4.91%. Confidence was not explicitly available for this prediction. Technical state is soft, with price below the 50-day and 200-day averages. RSI is weak near 38.7. MACD remains on the bearish side. Volatility is elevated at roughly 47.8%. No recent matched news was found for this ticker/date. Relative strength versus the benchmark looked weak. 1-month excess return -15.74%; 3-month excess return -20.33%; 6-month excess return -3.38%."
2025-08-19,CARR,-0.7464914525840194,4.652698317617811,,miss,linear_regression,target_5d_return,"Technical state is soft, with price below the 50-day and 200-day averages. MACD remains on the bearish side. Volatility is elevated at roughly 47.9%.",No recent matched news was found for this ticker/date.,Relative strength versus the benchmark looked weak. 1-month excess return -13.60%; 3-month excess return -19.23%; 6-month excess return -4.01%.,"Model view: the forward return estimate was mildly positive at about 4.65%. Confidence was not explicitly available for this prediction. Technical state is soft, with price below the 50-day and 200-day averages. MACD remains on the bearish side. Volatility is elevated at roughly 47.9%. No recent matched news was found for this ticker/date. Relative strength versus the benchmark looked weak. 1-month excess return -13.60%; 3-month excess return -19.23%; 6-month excess return -4.01%."
2025-08-20,CARR,1.1220826467562839,3.844742359927287,,hit,linear_regression,target_5d_return,"Technical state is soft, with price below the 50-day and 200-day averages. MACD remains on the bullish side. Volatility is elevated at roughly 44.5%.",No recent matched news was found for this ticker/date.,Relative strength versus the benchmark looked weak. 1-month excess return -14.03%; 3-month excess return -18.47%; 6-month excess return -2.76%.,"Model view: the forward return estimate was mildly positive at about 3.84%. Confidence was not explicitly available for this prediction. Technical state is soft, with price below the 50-day and 200-day averages. MACD remains on the bullish side. Volatility is elevated at roughly 44.5%. No recent matched news was found for this ticker/date. Relative strength versus the benchmark looked weak. 1-month excess return -14.03%; 3-month excess return -18.47%; 6-month excess return -2.76%."
2025-08-21,CARR,1.7843347094252282,3.469607063675645,,hit,linear_regression,target_5d_return,"Technical state is soft, with price below the 50-day and 200-day averages. RSI is weak near 35.2. MACD remains on the bullish side. Volatility is elevated at roughly 44.9%.",No recent matched news was found for this ticker/date.,Relative strength versus the benchmark looked weak. 1-month excess return -18.58%; 3-month excess return -18.87%; 6-month excess return -7.22%.,"Model view: the forward return estimate was mildly positive at about 3.47%. Confidence was not explicitly available for this prediction. Technical state is soft, with price below the 50-day and 200-day averages. RSI is weak near 35.2. MACD remains on the bullish side. Volatility is elevated at roughly 44.9%. No recent matched news was found for this ticker/date. Relative strength versus the benchmark looked weak. 1-month excess return -18.58%; 3-month excess return -18.87%; 6-month excess return -7.22%."
2025-08-22,CARR,-3.763842142815954,2.5425609136399236,,miss,linear_regression,target_5d_return,"Technical state is soft, with price below the 50-day and 200-day averages. MACD remains on the bullish side. Volatility is elevated at roughly 47.7%.",No recent matched news was found for this ticker/date.,Relative strength versus the benchmark looked weak. 1-month excess return -16.42%; 3-month excess return -16.27%; 6-month excess return -5.06%.,"Model view: the forward return estimate was mildly positive at about 2.54%. Confidence was not explicitly available for this prediction. Technical state is soft, with price below the 50-day and 200-day averages. MACD remains on the bullish side. Volatility is elevated at roughly 47.7%. No recent matched news was found for this ticker/date. Relative strength versus the benchmark looked weak. 1-month excess return -16.42%; 3-month excess return -16.27%; 6-month excess return -5.06%."
2025-08-25,CARR,-3.7878787878787845,3.1832361362448784,,miss,linear_regression,target_5d_return,"Technical state is soft, with price below the 50-day and 200-day averages. MACD remains on the bullish side. Volatility is elevated at roughly 48.1%.",No recent matched news was found for this ticker/date.,Relative strength versus the benchmark looked weak. 1-month excess return -19.12%; 3-month excess return -17.97%; 6-month excess return -8.39%.,"Model view: the forward return estimate was mildly positive at about 3.18%. Confidence was not explicitly available for this prediction. Technical state is soft, with price below the 50-day and 200-day averages. MACD remains on the bullish side. Volatility is elevated at roughly 48.1%. No recent matched news was found for this ticker/date. Relative strength versus the benchmark looked weak. 1-month excess return -19.12%; 3-month excess return -17.97%; 6-month excess return -8.39%."
2025-08-26,CARR,-6.031892198772337,2.6657662114604284,,miss,linear_regression,target_5d_return,"Technical state is soft, with price below the 50-day and 200-day averages. MACD remains on the bullish side. Volatility is elevated at roughly 32.0%.",No recent matched news was found for this ticker/date.,Relative strength versus the benchmark looked weak. 1-month excess return -18.39%; 3-month excess return -17.24%; 6-month excess return -9.61%.,"Model view: the forward return estimate was mildly positive at about 2.67%. Confidence was not explicitly available for this prediction. Technical state is soft, with price below the 50-day and 200-day averages. MACD remains on the bullish side. Volatility is elevated at roughly 32.0%. No recent matched news was found for this ticker/date. Relative strength versus the benchmark looked weak. 1-month excess return -18.39%; 3-month excess return -17.24%; 6-month excess return -9.61%."
2025-08-27,CARR,-5.9920042044637185,3.4837638161446796,,miss,linear_regression,target_5d_return,"Technical state is soft, with price below the 50-day and 200-day averages. MACD remains on the bullish side.",No recent matched news was found for this ticker/date.,Relative strength versus the benchmark looked weak. 1-month excess return -7.49%; 3-month excess return -14.89%; 6-month excess return -6.46%.,"Model view: the forward return estimate was mildly positive at about 3.48%. Confidence was not explicitly available for this prediction. Technical state is soft, with price below the 50-day and 200-day averages. MACD remains on the bullish side. No recent matched news was found for this ticker/date. Relative strength versus the benchmark looked weak. 1-month excess return -7.49%; 3-month excess return -14.89%; 6-month excess return -6.46%."
2025-08-28,CARR,-0.997424891912102,4.573893225915405,,miss,linear_regression,target_5d_return,"Technical state is soft, with price below the 50-day and 200-day averages. MACD remains on the bullish side.",No recent matched news was found for this ticker/date.,Relative strength versus the benchmark looked weak. 1-month excess return -5.26%; 3-month excess return -17.33%; 6-month excess return -7.62%.,"Model view: the forward return estimate was mildly positive at about 4.57%. Confidence was not explicitly available for this prediction. Technical state is soft, with price below the 50-day and 200-day averages. MACD remains on the bullish side. No recent matched news was found for this ticker/date. Relative strength versus the benchmark looked weak. 1-month excess return -5.26%; 3-month excess return -17.33%; 6-month excess return -7.62%."
2025-08-29,CARR,0.6288400019939466,4.793878254213147,,hit,linear_regression,target_5d_return,"Technical state is soft, with price below the 50-day and 200-day averages. MACD remains on the bullish side.",No recent matched news was found for this ticker/date.,Relative strength versus the benchmark looked weak. 1-month excess return -7.06%; 3-month excess return -17.90%; 6-month excess return -7.94%.,"Model view: the forward return estimate was mildly positive at about 4.79%. Confidence was not explicitly available for this prediction. Technical state is soft, with price below the 50-day and 200-day averages. MACD remains on the bullish side. No recent matched news was found for this ticker/date. Relative strength versus the benchmark looked weak. 1-month excess return -7.06%; 3-month excess return -17.90%; 6-month excess return -7.94%."
2025-09-02,CARR,-0.04724217212106474,5.261997620744743,,miss,linear_regression,target_5d_return,"Technical state is soft, with price below the 50-day and 200-day averages. RSI is weak near 36.2. MACD remains on the bullish side.",No recent matched news was found for this ticker/date.,Relative strength versus the benchmark looked weak. 1-month excess return -8.13%; 3-month excess return -17.76%; 6-month excess return -9.27%.,"Model view: the forward return estimate was mildly positive at about 5.26%. Confidence was not explicitly available for this prediction. Technical state is soft, with price below the 50-day and 200-day averages. RSI is weak near 36.2. MACD remains on the bullish side. No recent matched news was found for this ticker/date. Relative strength versus the benchmark looked weak. 1-month excess return -8.13%; 3-month excess return -17.76%; 6-month excess return -9.27%."
2025-09-03,CARR,0.04802109606318883,6.009338340773744,,hit,linear_regression,target_5d_return,"Technical state is soft, with price below the 50-day and 200-day averages. RSI is weak near 34.0. MACD remains on the bearish side.",No recent matched news was found for this ticker/date.,Relative strength versus the benchmark looked weak. 1-month excess return -8.11%; 3-month excess return -19.74%; 6-month excess return -10.91%.,"Model view: the forward return estimate was mildly positive at about 6.01%. Confidence was not explicitly available for this prediction. Technical state is soft, with price below the 50-day and 200-day averages. RSI is weak near 34.0. MACD remains on the bearish side. No recent matched news was found for this ticker/date. Relative strength versus the benchmark looked weak. 1-month excess return -8.11%; 3-month excess return -19.74%; 6-month excess return -10.91%."
2025-09-04,CARR,-1.9515292108908011,4.844276317051814,,miss,linear_regression,target_5d_return,"Technical state is soft, with price below the 50-day and 200-day averages. RSI is weak near 38.3. MACD remains on the bearish side. Volatility is elevated at roughly 30.5%.",No recent matched news was found for this ticker/date.,Relative strength versus the benchmark looked weak. 1-month excess return -7.61%; 3-month excess return -19.93%; 6-month excess return -13.27%.,"Model view: the forward return estimate was mildly positive at about 4.84%. Confidence was not explicitly available for this prediction. Technical state is soft, with price below the 50-day and 200-day averages. RSI is weak near 38.3. MACD remains on the bearish side. Volatility is elevated at roughly 30.5%. No recent matched news was found for this ticker/date. Relative strength versus the benchmark looked weak. 1-month excess return -7.61%; 3-month excess return -19.93%; 6-month excess return -13.27%."
2025-09-05,CARR,-5.8617063685935005,4.976196492036357,,miss,linear_regression,target_5d_return,"Technical state is soft, with price below the 50-day and 200-day averages. MACD remains on the bullish side. Volatility is elevated at roughly 32.6%.",No recent matched news was found for this ticker/date.,Relative strength versus the benchmark looked weak. 1-month excess return -3.20%; 3-month excess return -17.40%; 6-month excess return -12.75%.,"Model view: the forward return estimate was mildly positive at about 4.98%. Confidence was not explicitly available for this prediction. Technical state is soft, with price below the 50-day and 200-day averages. MACD remains on the bullish side. Volatility is elevated at roughly 32.6%. No recent matched news was found for this ticker/date. Relative strength versus the benchmark looked weak. 1-month excess return -3.20%; 3-month excess return -17.40%; 6-month excess return -12.75%."
2025-09-08,CARR,-6.660568345117945,4.455034049129828,,miss,linear_regression,target_5d_return,"Technical state is soft, with price below the 50-day and 200-day averages. MACD remains on the bullish side. Volatility is elevated at roughly 32.6%.",No recent matched news was found for this ticker/date.,Relative strength versus the benchmark looked weak. 1-month excess return -3.75%; 3-month excess return -15.97%; 6-month excess return -15.29%.,"Model view: the forward return estimate was mildly positive at about 4.46%. Confidence was not explicitly available for this prediction. Technical state is soft, with price below the 50-day and 200-day averages. MACD remains on the bullish side. Volatility is elevated at roughly 32.6%. No recent matched news was found for this ticker/date. Relative strength versus the benchmark looked weak. 1-month excess return -3.75%; 3-month excess return -15.97%; 6-month excess return -15.29%."
2025-09-09,CARR,-4.001892022492715,4.313138898948856,,miss,linear_regression,target_5d_return,"Technical state is soft, with price below the 50-day and 200-day averages. RSI is weak near 40.0. MACD remains on the bullish side. Volatility is elevated at roughly 34.0%.",No recent matched news was found for this ticker/date.,Relative strength versus the benchmark looked weak. 1-month excess return -5.96%; 3-month excess return -19.89%; 6-month excess return -21.33%.,"Model view: the forward return estimate was mildly positive at about 4.31%. Confidence was not explicitly available for this prediction. Technical state is soft, with price below the 50-day and 200-day averages. RSI is weak near 40.0. MACD remains on the bullish side. Volatility is elevated at roughly 34.0%. No recent matched news was found for this ticker/date. Relative strength versus the benchmark looked weak. 1-month excess return -5.96%; 3-month excess return -19.89%; 6-month excess return -21.33%."
2025-09-10,CARR,-2.847998046875,5.588192831335156,,miss,linear_regression,target_5d_return,"Technical state is soft, with price below the 50-day and 200-day averages. RSI is weak near 37.7. MACD remains on the bullish side. Volatility is elevated at roughly 34.0%.",No recent matched news was found for this ticker/date.,Relative strength versus the benchmark looked weak. 1-month excess return -6.26%; 3-month excess return -21.06%; 6-month excess return -22.09%.,"Model view: the forward return estimate was mildly positive at about 5.59%. Confidence was not explicitly available for this prediction. Technical state is soft, with price below the 50-day and 200-day averages. RSI is weak near 37.7. MACD remains on the bullish side. Volatility is elevated at roughly 34.0%. No recent matched news was found for this ticker/date. Relative strength versus the benchmark looked weak. 1-month excess return -6.26%; 3-month excess return -21.06%; 6-month excess return -22.09%."
2025-09-11,CARR,-1.9261649721266871,4.955826077361954,,miss,linear_regression,target_5d_return,"Technical state is soft, with price below the 50-day and 200-day averages. RSI is weak near 37.2. MACD remains on the bearish side. Volatility is elevated at roughly 32.9%.",No recent matched news was found for this ticker/date.,Relative strength versus the benchmark looked weak. 1-month excess return -7.55%; 3-month excess return -23.40%; 6-month excess return -22.46%.,"Model view: the forward return estimate was mildly positive at about 4.96%. Confidence was not explicitly available for this prediction. Technical state is soft, with price below the 50-day and 200-day averages. RSI is weak near 37.2. MACD remains on the bearish side. Volatility is elevated at roughly 32.9%. No recent matched news was found for this ticker/date. Relative strength versus the benchmark looked weak. 1-month excess return -7.55%; 3-month excess return -23.40%; 6-month excess return -22.46%."
2025-09-12,CARR,-2.075561565269246,5.300625640969307,,miss,linear_regression,target_5d_return,"Technical state is soft, with price below the 50-day and 200-day averages. RSI is weak near 35.6. MACD remains on the bearish side. Volatility is elevated at roughly 32.5%.",No recent matched news was found for this ticker/date.,Relative strength versus the benchmark looked weak. 1-month excess return -9.98%; 3-month excess return -23.83%; 6-month excess return -23.22%.,"Model view: the forward return estimate was mildly positive at about 5.30%. Confidence was not explicitly available for this prediction. Technical state is soft, with price below the 50-day and 200-day averages. RSI is weak near 35.6. MACD remains on the bearish side. Volatility is elevated at roughly 32.5%. No recent matched news was found for this ticker/date. Relative strength versus the benchmark looked weak. 1-month excess return -9.98%; 3-month excess return -23.83%; 6-month excess return -23.22%."
2025-09-15,CARR,-1.5186157408333067,4.673295870797793,,miss,linear_regression,target_5d_return,"Technical state is soft, with price below the 50-day and 200-day averages. RSI is weak near 34.6. MACD remains on the bearish side. Volatility is elevated at roughly 32.5%.",No recent matched news was found for this ticker/date.,Relative strength versus the benchmark looked weak. 1-month excess return -9.36%; 3-month excess return -24.76%; 6-month excess return -25.37%.,"Model view: the forward return estimate was mildly positive at about 4.67%. Confidence was not explicitly available for this prediction. Technical state is soft, with price below the 50-day and 200-day averages. RSI is weak near 34.6. MACD remains on the bearish side. Volatility is elevated at roughly 32.5%. No recent matched news was found for this ticker/date. Relative strength versus the benchmark looked weak. 1-month excess return -9.36%; 3-month excess return -24.76%; 6-month excess return -25.37%."
2025-09-16,CARR,-1.9530586258800664,5.012831822787681,,miss,linear_regression,target_5d_return,"Technical state is soft, with price below the 50-day and 200-day averages. RSI is weak near 33.8. MACD remains on the bearish side. Volatility is elevated at roughly 31.7%.",No recent matched news was found for this ticker/date.,Relative strength versus the benchmark looked weak. 1-month excess return -9.41%; 3-month excess return -23.75%; 6-month excess return -26.28%.,"Model view: the forward return estimate was mildly positive at about 5.01%. Confidence was not explicitly available for this prediction. Technical state is soft, with price below the 50-day and 200-day averages. RSI is weak near 33.8. MACD remains on the bearish side. Volatility is elevated at roughly 31.7%. No recent matched news was found for this ticker/date. Relative strength versus the benchmark looked weak. 1-month excess return -9.41%; 3-month excess return -23.75%; 6-month excess return -26.28%."
2025-09-17,CARR,-2.8491427988418194,4.899820568829674,,miss,linear_regression,target_5d_return,"Technical state is soft, with price below the 50-day and 200-day averages. RSI is weak near 33.3. MACD remains on the bearish side. Volatility is elevated at roughly 31.4%.",No recent matched news was found for this ticker/date.,Relative strength versus the benchmark looked weak. 1-month excess return -11.17%; 3-month excess return -23.31%; 6-month excess return -27.26%.,"Model view: the forward return estimate was mildly positive at about 4.90%. Confidence was not explicitly available for this prediction. Technical state is soft, with price below the 50-day and 200-day averages. RSI is weak near 33.3. MACD remains on the bearish side. Volatility is elevated at roughly 31.4%. No recent matched news was found for this ticker/date. Relative strength versus the benchmark looked weak. 1-month excess return -11.17%; 3-month excess return -23.31%; 6-month excess return -27.26%."
2025-09-18,CARR,-3.8461514448587697,4.490743742875785,,miss,linear_regression,target_5d_return,"Technical state is soft, with price below the 50-day and 200-day averages. RSI is weak near 35.3. MACD remains on the bearish side. Volatility is elevated at roughly 31.6%.",No recent matched news was found for this ticker/date.,Relative strength versus the benchmark looked weak. 1-month excess return -12.32%; 3-month excess return -23.41%; 6-month excess return -26.53%.,"Model view: the forward return estimate was mildly positive at about 4.49%. Confidence was not explicitly available for this prediction. Technical state is soft, with price below the 50-day and 200-day averages. RSI is weak near 35.3. MACD remains on the bearish side. Volatility is elevated at roughly 31.6%. No recent matched news was found for this ticker/date. Relative strength versus the benchmark looked weak. 1-month excess return -12.32%; 3-month excess return -23.41%; 6-month excess return -26.53%."
2025-09-19,CARR,-2.566648870220445,4.6463804067667445,,miss,linear_regression,target_5d_return,"Technical state is soft, with price below the 50-day and 200-day averages. RSI is weak near 33.3. MACD remains on the bearish side. Volatility is elevated at roughly 30.6%.",No recent matched news was found for this ticker/date.,Relative strength versus the benchmark looked weak. 1-month excess return -13.95%; 3-month excess return -26.00%; 6-month excess return -26.71%.,"Model view: the forward return estimate was mildly positive at about 4.65%. Confidence was not explicitly available for this prediction. Technical state is soft, with price below the 50-day and 200-day averages. RSI is weak near 33.3. MACD remains on the bearish side. Volatility is elevated at roughly 30.6%. No recent matched news was found for this ticker/date. Relative strength versus the benchmark looked weak. 1-month excess return -13.95%; 3-month excess return -26.00%; 6-month excess return -26.71%."
2025-09-22,CARR,-1.956558246238671,4.288970543928023,,miss,linear_regression,target_5d_return,"Technical state is soft, with price below the 50-day and 200-day averages. RSI is weak near 33.0. MACD remains on the bearish side.",No recent matched news was found for this ticker/date.,Relative strength versus the benchmark looked weak. 1-month excess return -12.45%; 3-month excess return -27.08%; 6-month excess return -27.02%.,"Model view: the forward return estimate was mildly positive at about 4.29%. Confidence was not explicitly available for this prediction. Technical state is soft, with price below the 50-day and 200-day averages. RSI is weak near 33.0. MACD remains on the bearish side. No recent matched news was found for this ticker/date. Relative strength versus the benchmark looked weak. 1-month excess return -12.45%; 3-month excess return -27.08%; 6-month excess return -27.02%."
2025-09-23,CARR,-0.06695834349426111,4.427454989513413,,miss,linear_regression,target_5d_return,"Technical state is soft, with price below the 50-day and 200-day averages. RSI is weak near 31.4. MACD remains on the bearish side.",No recent matched news was found for this ticker/date.,Relative strength versus the benchmark looked weak. 1-month excess return -14.91%; 3-month excess return -26.87%; 6-month excess return -27.61%.,"Model view: the forward return estimate was mildly positive at about 4.43%. Confidence was not explicitly available for this prediction. Technical state is soft, with price below the 50-day and 200-day averages. RSI is weak near 31.4. MACD remains on the bearish side. No recent matched news was found for this ticker/date. Relative strength versus the benchmark looked weak. 1-month excess return -14.91%; 3-month excess return -26.87%; 6-month excess return -27.61%."
2025-09-24,CARR,0.796740791037176,4.500328351382101,,hit,linear_regression,target_5d_return,"Technical state is soft, with price below the 50-day and 200-day averages. RSI is weak near 29.3. MACD remains on the bearish side.",No recent matched news was found for this ticker/date.,Relative strength versus the benchmark looked weak. 1-month excess return -13.80%; 3-month excess return -27.45%; 6-month excess return -28.25%.,"Model view: the forward return estimate was mildly positive at about 4.50%. Confidence was not explicitly available for this prediction. Technical state is soft, with price below the 50-day and 200-day averages. RSI is weak near 29.3. MACD remains on the bearish side. No recent matched news was found for this ticker/date. Relative strength versus the benchmark looked weak. 1-month excess return -13.80%; 3-month excess return -27.45%; 6-month excess return -28.25%."
2025-09-25,CARR,0.255321746176862,4.758450113305449,,hit,linear_regression,target_5d_return,"Technical state is soft, with price below the 50-day and 200-day averages. RSI is weak near 28.6. MACD remains on the bearish side.",No recent matched news was found for this ticker/date.,Relative strength versus the benchmark looked weak. 1-month excess return -13.91%; 3-month excess return -26.59%; 6-month excess return -27.93%.,"Model view: the forward return estimate was mildly positive at about 4.76%. Confidence was not explicitly available for this prediction. Technical state is soft, with price below the 50-day and 200-day averages. RSI is weak near 28.6. MACD remains on the bearish side. No recent matched news was found for this ticker/date. Relative strength versus the benchmark looked weak. 1-month excess return -13.91%; 3-month excess return -26.59%; 6-month excess return -27.93%."
2025-09-26,CARR,1.376616878297865,4.546206583461404,,hit,linear_regression,target_5d_return,"Technical state is soft, with price below the 50-day and 200-day averages. RSI is weak near 29.3. MACD remains on the bearish side.",No recent matched news was found for this ticker/date.,Relative strength versus the benchmark looked weak. 1-month excess return -15.59%; 3-month excess return -27.75%; 6-month excess return -27.47%.,"Model view: the forward return estimate was mildly positive at about 4.55%. Confidence was not explicitly available for this prediction. Technical state is soft, with price below the 50-day and 200-day averages. RSI is weak near 29.3. MACD remains on the bearish side. No recent matched news was found for this ticker/date. Relative strength versus the benchmark looked weak. 1-month excess return -15.59%; 3-month excess return -27.75%; 6-month excess return -27.47%."
2025-09-29,CARR,1.1500089512808342,5.385794285975741,,hit,linear_regression,target_5d_return,"Technical state is soft, with price below the 50-day and 200-day averages. RSI is weak near 31.4. MACD remains on the bearish side.",No recent matched news was found for this ticker/date.,Relative strength versus the benchmark looked weak. 1-month excess return -12.92%; 3-month excess return -26.62%; 6-month excess return -26.08%.,"Model view: the forward return estimate was mildly positive at about 5.39%. Confidence was not explicitly available for this prediction. Technical state is soft, with price below the 50-day and 200-day averages. RSI is weak near 31.4. MACD remains on the bearish side. No recent matched news was found for this ticker/date. Relative strength versus the benchmark looked weak. 1-month excess return -12.92%; 3-month excess return -26.62%; 6-month excess return -26.08%."
2025-09-30,CARR,-0.8710225311864273,5.0160496930014835,,miss,linear_regression,target_5d_return,"Technical state is soft, with price below the 50-day and 200-day averages. RSI is weak near 35.5. MACD remains on the bullish side.",No recent matched news was found for this ticker/date.,Relative strength versus the benchmark looked weak. 1-month excess return -11.69%; 3-month excess return -27.51%; 6-month excess return -25.00%.,"Model view: the forward return estimate was mildly positive at about 5.02%. Confidence was not explicitly available for this prediction. Technical state is soft, with price below the 50-day and 200-day averages. RSI is weak near 35.5. MACD remains on the bullish side. No recent matched news was found for this ticker/date. Relative strength versus the benchmark looked weak. 1-month excess return -11.69%; 3-month excess return -27.51%; 6-month excess return -25.00%."
2025-10-01,CARR,0.5718132489455074,5.111594795439593,,hit,linear_regression,target_5d_return,"Technical state is soft, with price below the 50-day and 200-day averages. RSI is weak near 34.6. MACD remains on the bullish side.",No recent matched news was found for this ticker/date.,Relative strength versus the benchmark looked weak. 1-month excess return -10.75%; 3-month excess return -28.76%; 6-month excess return -25.57%.,"Model view: the forward return estimate was mildly positive at about 5.11%. Confidence was not explicitly available for this prediction. Technical state is soft, with price below the 50-day and 200-day averages. RSI is weak near 34.6. MACD remains on the bullish side. No recent matched news was found for this ticker/date. Relative strength versus the benchmark looked weak. 1-month excess return -10.75%; 3-month excess return -28.76%; 6-month excess return -25.57%."
2025-10-02,CARR,-1.3582394414817012,4.939800733835788,,miss,linear_regression,target_5d_return,"Technical state is soft, with price below the 50-day and 200-day averages. RSI is weak near 32.4. MACD remains on the bullish side.",No recent matched news was found for this ticker/date.,Relative strength versus the benchmark looked weak. 1-month excess return -9.69%; 3-month excess return -29.10%; 6-month excess return -28.01%.,"Model view: the forward return estimate was mildly positive at about 4.94%. Confidence was not explicitly available for this prediction. Technical state is soft, with price below the 50-day and 200-day averages. RSI is weak near 32.4. MACD remains on the bullish side. No recent matched news was found for this ticker/date. Relative strength versus the benchmark looked weak. 1-month excess return -9.69%; 3-month excess return -29.10%; 6-month excess return -28.01%."
2025-10-03,CARR,-5.0125760301441,5.32443141873761,,miss,linear_regression,target_5d_return,"Technical state is soft, with price below the 50-day and 200-day averages. RSI is weak near 38.0. MACD remains on the bullish side.",No recent matched news was found for this ticker/date.,Relative strength versus the benchmark looked weak. 1-month excess return -9.26%; 3-month excess return -27.92%; 6-month excess return -26.28%.,"Model view: the forward return estimate was mildly positive at about 5.32%. Confidence was not explicitly available for this prediction. Technical state is soft, with price below the 50-day and 200-day averages. RSI is weak near 38.0. MACD remains on the bullish side. No recent matched news was found for this ticker/date. Relative strength versus the benchmark looked weak. 1-month excess return -9.26%; 3-month excess return -27.92%; 6-month excess return -26.28%."
2025-10-06,CARR,-4.9155699279404335,5.526744723016342,,miss,linear_regression,target_5d_return,"Technical state is soft, with price below the 50-day and 200-day averages. RSI is weak near 39.2. MACD remains on the bullish side.",No recent matched news was found for this ticker/date.,Relative strength versus the benchmark looked weak. 1-month excess return -12.47%; 3-month excess return -28.42%; 6-month excess return -28.03%.,"Model view: the forward return estimate was mildly positive at about 5.53%. Confidence was not explicitly available for this prediction. Technical state is soft, with price below the 50-day and 200-day averages. RSI is weak near 39.2. MACD remains on the bullish side. No recent matched news was found for this ticker/date. Relative strength versus the benchmark looked weak. 1-month excess return -12.47%; 3-month excess return -28.42%; 6-month excess return -28.03%."
2025-10-07,CARR,-2.838797391876413,5.43727008915254,,miss,linear_regression,target_5d_return,"Technical state is soft, with price below the 50-day and 200-day averages. RSI is weak near 36.3. MACD remains on the bullish side. Volatility is relatively contained at roughly 12.3%.",No recent matched news was found for this ticker/date.,Relative strength versus the benchmark looked weak. 1-month excess return -12.94%; 3-month excess return -29.27%; 6-month excess return -28.58%.,"Model view: the forward return estimate was mildly positive at about 5.44%. Confidence was not explicitly available for this prediction. Technical state is soft, with price below the 50-day and 200-day averages. RSI is weak near 36.3. MACD remains on the bullish side. Volatility is relatively contained at roughly 12.3%. No recent matched news was found for this ticker/date. Relative strength versus the benchmark looked weak. 1-month excess return -12.94%; 3-month excess return -29.27%; 6-month excess return -28.58%."
2025-10-08,CARR,-4.331103989350494,5.536826126970815,,miss,linear_regression,target_5d_return,"Technical state is soft, with price below the 50-day and 200-day averages. MACD remains on the bullish side. Volatility is relatively contained at roughly 12.4%.",No recent matched news was found for this ticker/date.,Relative strength versus the benchmark looked weak. 1-month excess return -9.26%; 3-month excess return -29.66%; 6-month excess return -27.82%.,"Model view: the forward return estimate was mildly positive at about 5.54%. Confidence was not explicitly available for this prediction. Technical state is soft, with price below the 50-day and 200-day averages. MACD remains on the bullish side. Volatility is relatively contained at roughly 12.4%. No recent matched news was found for this ticker/date. Relative strength versus the benchmark looked weak. 1-month excess return -9.26%; 3-month excess return -29.66%; 6-month excess return -27.82%."
2025-10-09,CARR,-2.3235774691498623,5.651195229216561,,miss,linear_regression,target_5d_return,"Technical state is soft, with price below the 50-day and 200-day averages. RSI is weak near 33.7. MACD remains on the bullish side.",No recent matched news was found for this ticker/date.,Relative strength versus the benchmark looked weak. 1-month excess return -9.94%; 3-month excess return -31.83%; 6-month excess return -28.04%.,"Model view: the forward return estimate was mildly positive at about 5.65%. Confidence was not explicitly available for this prediction. Technical state is soft, with price below the 50-day and 200-day averages. RSI is weak near 33.7. MACD remains on the bullish side. No recent matched news was found for this ticker/date. Relative strength versus the benchmark looked weak. 1-month excess return -9.94%; 3-month excess return -31.83%; 6-month excess return -28.04%."
2025-10-10,CARR,-0.8118586052090593,6.435073763426423,,miss,linear_regression,target_5d_return,"Technical state is soft, with price below the 50-day and 200-day averages. RSI is weak near 29.1. MACD remains on the bullish side.",No recent matched news was found for this ticker/date.,Relative strength versus the benchmark looked weak. 1-month excess return -8.38%; 3-month excess return -30.60%; 6-month excess return -28.62%.,"Model view: the forward return estimate was mildly positive at about 6.44%. Confidence was not explicitly available for this prediction. Technical state is soft, with price below the 50-day and 200-day averages. RSI is weak near 29.1. MACD remains on the bullish side. No recent matched news was found for this ticker/date. Relative strength versus the benchmark looked weak. 1-month excess return -8.38%; 3-month excess return -30.60%; 6-month excess return -28.62%."
2025-10-13,CARR,1.4067157588990575,5.610331423678523,,hit,linear_regression,target_5d_return,"Technical state is soft, with price below the 50-day and 200-day averages. RSI is weak near 30.6. MACD remains on the bullish side.",No recent matched news was found for this ticker/date.,Relative strength versus the benchmark looked weak. 1-month excess return -8.64%; 3-month excess return -31.16%; 6-month excess return -28.30%.,"Model view: the forward return estimate was mildly positive at about 5.61%. Confidence was not explicitly available for this prediction. Technical state is soft, with price below the 50-day and 200-day averages. RSI is weak near 30.6. MACD remains on the bullish side. No recent matched news was found for this ticker/date. Relative strength versus the benchmark looked weak. 1-month excess return -8.64%; 3-month excess return -31.16%; 6-month excess return -28.30%."
2025-10-14,CARR,4.034782077955157,5.495903683895555,,hit,linear_regression,target_5d_return,"Technical state is soft, with price below the 50-day and 200-day averages. RSI is weak near 35.0. MACD remains on the bullish side.",No recent matched news was found for this ticker/date.,Relative strength versus the benchmark looked weak. 1-month excess return -6.30%; 3-month excess return -29.87%; 6-month excess return -27.96%.,"Model view: the forward return estimate was mildly positive at about 5.50%. Confidence was not explicitly available for this prediction. Technical state is soft, with price below the 50-day and 200-day averages. RSI is weak near 35.0. MACD remains on the bullish side. No recent matched news was found for this ticker/date. Relative strength versus the benchmark looked weak. 1-month excess return -6.30%; 3-month excess return -29.87%; 6-month excess return -27.96%."
2025-10-15,CARR,-0.8215301757161231,5.744734685032987,,miss,linear_regression,target_5d_return,"Technical state is soft, with price below the 50-day and 200-day averages. RSI is weak near 33.9. MACD remains on the bullish side.",No recent matched news was found for this ticker/date.,Relative strength versus the benchmark looked weak. 1-month excess return -6.87%; 3-month excess return -31.57%; 6-month excess return -29.14%.,"Model view: the forward return estimate was mildly positive at about 5.74%. Confidence was not explicitly available for this prediction. Technical state is soft, with price below the 50-day and 200-day averages. RSI is weak near 33.9. MACD remains on the bullish side. No recent matched news was found for this ticker/date. Relative strength versus the benchmark looked weak. 1-month excess return -6.87%; 3-month excess return -31.57%; 6-month excess return -29.14%."
2025-10-16,CARR,0.6519804967132448,5.470616449489959,,hit,linear_regression,target_5d_return,"Technical state is soft, with price below the 50-day and 200-day averages. RSI is weak near 32.2. MACD remains on the bullish side.",No recent matched news was found for this ticker/date.,Relative strength versus the benchmark looked weak. 1-month excess return -6.75%; 3-month excess return -31.22%; 6-month excess return -29.82%.,"Model view: the forward return estimate was mildly positive at about 5.47%. Confidence was not explicitly available for this prediction. Technical state is soft, with price below the 50-day and 200-day averages. RSI is weak near 32.2. MACD remains on the bullish side. No recent matched news was found for this ticker/date. Relative strength versus the benchmark looked weak. 1-month excess return -6.75%; 3-month excess return -31.22%; 6-month excess return -29.82%."
2025-10-17,CARR,2.918148340542226,5.402894634271539,,hit,linear_regression,target_5d_return,"Technical state is soft, with price below the 50-day and 200-day averages. RSI is weak near 30.3. MACD remains on the bearish side.",No recent matched news was found for this ticker/date.,Relative strength versus the benchmark looked weak. 1-month excess return -8.32%; 3-month excess return -31.70%; 6-month excess return -32.39%.,"Model view: the forward return estimate was mildly positive at about 5.40%. Confidence was not explicitly available for this prediction. Technical state is soft, with price below the 50-day and 200-day averages. RSI is weak near 30.3. MACD remains on the bearish side. No recent matched news was found for this ticker/date. Relative strength versus the benchmark looked weak. 1-month excess return -8.32%; 3-month excess return -31.70%; 6-month excess return -32.39%."
2025-10-20,CARR,1.0750871618995461,5.579829380825564,,hit,linear_regression,target_5d_return,"Technical state is soft, with price below the 50-day and 200-day averages. MACD remains on the bullish side.",No recent matched news was found for this ticker/date.,Relative strength versus the benchmark looked weak. 1-month excess return -5.39%; 3-month excess return -31.32%; 6-month excess return -31.53%.,"Model view: the forward return estimate was mildly positive at about 5.58%. Confidence was not explicitly available for this prediction. Technical state is soft, with price below the 50-day and 200-day averages. MACD remains on the bullish side. No recent matched news was found for this ticker/date. Relative strength versus the benchmark looked weak. 1-month excess return -5.39%; 3-month excess return -31.32%; 6-month excess return -31.53%."
2025-10-21,CARR,-1.8054129419376563,5.809304994246864,,miss,linear_regression,target_5d_return,"Technical state is soft, with price below the 50-day and 200-day averages. RSI is in a steady zone near 51.9. MACD remains on the bullish side.",No recent matched news was found for this ticker/date.,Relative strength versus the benchmark looked weak. 1-month excess return -1.19%; 3-month excess return -30.73%; 6-month excess return -26.83%.,"Model view: the forward return estimate was mildly positive at about 5.81%. Confidence was not explicitly available for this prediction. Technical state is soft, with price below the 50-day and 200-day averages. RSI is in a steady zone near 51.9. MACD remains on the bullish side. No recent matched news was found for this ticker/date. Relative strength versus the benchmark looked weak. 1-month excess return -1.19%; 3-month excess return -30.73%; 6-month excess return -26.83%."
2025-10-22,CARR,7.067321471467314,7.126605454236475,,hit,linear_regression,target_5d_return,"Technical state is soft, with price below the 50-day and 200-day averages. MACD remains on the bullish side. Volatility is elevated at roughly 30.5%.",No recent matched news was found for this ticker/date.,Relative strength versus the benchmark looked weak. 1-month excess return -5.42%; 3-month excess return -33.84%; 6-month excess return -27.95%.,"Model view: the forward return estimate was mildly positive at about 7.13%. Confidence was not explicitly available for this prediction. Technical state is soft, with price below the 50-day and 200-day averages. MACD remains on the bullish side. Volatility is elevated at roughly 30.5%. No recent matched news was found for this ticker/date. Relative strength versus the benchmark looked weak. 1-month excess return -5.42%; 3-month excess return -33.84%; 6-month excess return -27.95%."
2025-10-23,CARR,3.0287107398222046,6.105709043787434,,hit,linear_regression,target_5d_return,"Technical state is soft, with price below the 50-day and 200-day averages. MACD remains on the bullish side. Volatility is elevated at roughly 30.7%.",No recent matched news was found for this ticker/date.,Relative strength versus the benchmark looked weak. 1-month excess return -4.47%; 3-month excess return -34.69%; 6-month excess return -28.18%.,"Model view: the forward return estimate was mildly positive at about 6.11%. Confidence was not explicitly available for this prediction. Technical state is soft, with price below the 50-day and 200-day averages. MACD remains on the bullish side. Volatility is elevated at roughly 30.7%. No recent matched news was found for this ticker/date. Relative strength versus the benchmark looked weak. 1-month excess return -4.47%; 3-month excess return -34.69%; 6-month excess return -28.18%."
2025-10-24,CARR,2.852699726013186,6.204871105098042,,hit,linear_regression,target_5d_return,"Technical state is soft, with price below the 50-day and 200-day averages. MACD remains on the bullish side. Volatility is elevated at roughly 31.1%.",No recent matched news was found for this ticker/date.,Relative strength versus the benchmark looked weak. 1-month excess return -4.18%; 3-month excess return -34.20%; 6-month excess return -26.70%.,"Model view: the forward return estimate was mildly positive at about 6.20%. Confidence was not explicitly available for this prediction. Technical state is soft, with price below the 50-day and 200-day averages. MACD remains on the bullish side. Volatility is elevated at roughly 31.1%. No recent matched news was found for this ticker/date. Relative strength versus the benchmark looked weak. 1-month excess return -4.18%; 3-month excess return -34.20%; 6-month excess return -26.70%."
2025-10-27,CARR,-0.7376913680254171,7.354041271075281,,miss,linear_regression,target_5d_return,"Technical state is soft, with price below the 50-day and 200-day averages. MACD remains on the bullish side. Volatility is elevated at roughly 31.1%.",No recent matched news was found for this ticker/date.,Relative strength versus the benchmark looked weak. 1-month excess return -4.19%; 3-month excess return -26.56%; 6-month excess return -28.04%.,"Model view: the forward return estimate was mildly positive at about 7.35%. Confidence was not explicitly available for this prediction. Technical state is soft, with price below the 50-day and 200-day averages. MACD remains on the bullish side. Volatility is elevated at roughly 31.1%. No recent matched news was found for this ticker/date. Relative strength versus the benchmark looked weak. 1-month excess return -4.19%; 3-month excess return -26.56%; 6-month excess return -28.04%."
2025-10-28,CARR,-2.0258808433818776,7.066721841436666,,miss,linear_regression,target_5d_return,"Technical state is soft, with price below the 50-day and 200-day averages. MACD remains on the bullish side. Volatility is elevated at roughly 31.1%.",No recent matched news was found for this ticker/date.,Relative strength versus the benchmark looked weak. 1-month excess return -4.19%; 3-month excess return -22.18%; 6-month excess return -27.40%.,"Model view: the forward return estimate was mildly positive at about 7.07%. Confidence was not explicitly available for this prediction. Technical state is soft, with price below the 50-day and 200-day averages. MACD remains on the bullish side. Volatility is elevated at roughly 31.1%. No recent matched news was found for this ticker/date. Relative strength versus the benchmark looked weak. 1-month excess return -4.19%; 3-month excess return -22.18%; 6-month excess return -27.40%."
2025-10-29,CARR,-6.419755598154575,7.5473948623247145,,miss,linear_regression,target_5d_return,"Technical state is soft, with price below the 50-day and 200-day averages. RSI is in a steady zone near 57.0. MACD remains on the bullish side. Volatility is elevated at roughly 33.4%.",No recent matched news was found for this ticker/date.,Relative strength versus the benchmark looked weak. 1-month excess return -1.44%; 3-month excess return -20.23%; 6-month excess return -26.84%.,"Model view: the forward return estimate was mildly positive at about 7.55%. Confidence was not explicitly available for this prediction. Technical state is soft, with price below the 50-day and 200-day averages. RSI is in a steady zone near 57.0. MACD remains on the bullish side. Volatility is elevated at roughly 33.4%. No recent matched news was found for this ticker/date. Relative strength versus the benchmark looked weak. 1-month excess return -1.44%; 3-month excess return -20.23%; 6-month excess return -26.84%."
2025-10-30,CARR,-3.874254610727801,6.025622902113461,,miss,linear_regression,target_5d_return,"Technical state is soft, with price below the 50-day and 200-day averages. MACD remains on the bullish side. Volatility is elevated at roughly 35.2%.",No recent matched news was found for this ticker/date.,Relative strength versus the benchmark looked weak. 1-month excess return -2.76%; 3-month excess return -21.47%; 6-month excess return -37.48%.,"Model view: the forward return estimate was mildly positive at about 6.03%. Confidence was not explicitly available for this prediction. Technical state is soft, with price below the 50-day and 200-day averages. MACD remains on the bullish side. Volatility is elevated at roughly 35.2%. No recent matched news was found for this ticker/date. Relative strength versus the benchmark looked weak. 1-month excess return -2.76%; 3-month excess return -21.47%; 6-month excess return -37.48%."
2025-10-31,CARR,-3.328296017934529,5.540820551691232,,miss,linear_regression,target_5d_return,"Technical state is soft, with price below the 50-day and 200-day averages. RSI is in a steady zone near 51.6. MACD remains on the bullish side. Volatility is elevated at roughly 35.1%.",No recent matched news was found for this ticker/date.,Relative strength versus the benchmark looked weak. 1-month excess return -0.91%; 3-month excess return -18.68%; 6-month excess return -37.25%.,"Model view: the forward return estimate was mildly positive at about 5.54%. Confidence was not explicitly available for this prediction. Technical state is soft, with price below the 50-day and 200-day averages. RSI is in a steady zone near 51.6. MACD remains on the bullish side. Volatility is elevated at roughly 35.1%. No recent matched news was found for this ticker/date. Relative strength versus the benchmark looked weak. 1-month excess return -0.91%; 3-month excess return -18.68%; 6-month excess return -37.25%."
2025-11-03,CARR,-0.9160020285275516,5.643206133833693,,miss,linear_regression,target_5d_return,"Technical state is soft, with price below the 50-day and 200-day averages. MACD remains on the bullish side. Volatility is elevated at roughly 36.4%.",No recent matched news was found for this ticker/date.,Relative strength versus the benchmark looked weak. 1-month excess return -5.11%; 3-month excess return -21.65%; 6-month excess return -39.58%.,"Model view: the forward return estimate was mildly positive at about 5.64%. Confidence was not explicitly available for this prediction. Technical state is soft, with price below the 50-day and 200-day averages. MACD remains on the bullish side. Volatility is elevated at roughly 36.4%. No recent matched news was found for this ticker/date. Relative strength versus the benchmark looked weak. 1-month excess return -5.11%; 3-month excess return -21.65%; 6-month excess return -39.58%."
2025-11-04,CARR,-1.007815854120675,6.855998316280867,,miss,linear_regression,target_5d_return,"Technical state is soft, with price below the 50-day and 200-day averages. MACD remains on the bullish side. Volatility is elevated at roughly 36.3%.",No recent matched news was found for this ticker/date.,Relative strength versus the benchmark looked weak. 1-month excess return -4.36%; 3-month excess return -19.71%; 6-month excess return -38.92%.,"Model view: the forward return estimate was mildly positive at about 6.86%. Confidence was not explicitly available for this prediction. Technical state is soft, with price below the 50-day and 200-day averages. MACD remains on the bullish side. Volatility is elevated at roughly 36.3%. No recent matched news was found for this ticker/date. Relative strength versus the benchmark looked weak. 1-month excess return -4.36%; 3-month excess return -19.71%; 6-month excess return -38.92%."
2025-11-05,CARR,-1.5127472625100946,6.797363029138174,,miss,linear_regression,target_5d_return,"Technical state is soft, with price below the 50-day and 200-day averages. MACD remains on the bullish side. Volatility is elevated at roughly 36.2%.",No recent matched news was found for this ticker/date.,Relative strength versus the benchmark looked weak. 1-month excess return -5.18%; 3-month excess return -21.48%; 6-month excess return -39.51%.,"Model view: the forward return estimate was mildly positive at about 6.80%. Confidence was not explicitly available for this prediction. Technical state is soft, with price below the 50-day and 200-day averages. MACD remains on the bullish side. Volatility is elevated at roughly 36.2%. No recent matched news was found for this ticker/date. Relative strength versus the benchmark looked weak. 1-month excess return -5.18%; 3-month excess return -21.48%; 6-month excess return -39.51%."
2025-11-06,CARR,-2.4924869277330286,7.690405614617695,,miss,linear_regression,target_5d_return,"Technical state is soft, with price below the 50-day and 200-day averages. MACD remains on the bullish side. Volatility is elevated at roughly 34.9%.",No recent matched news was found for this ticker/date.,Relative strength versus the benchmark looked weak. 1-month excess return -4.99%; 3-month excess return -19.53%; 6-month excess return -38.42%.,"Model view: the forward return estimate was mildly positive at about 7.69%. Confidence was not explicitly available for this prediction. Technical state is soft, with price below the 50-day and 200-day averages. MACD remains on the bullish side. Volatility is elevated at roughly 34.9%. No recent matched news was found for this ticker/date. Relative strength versus the benchmark looked weak. 1-month excess return -4.99%; 3-month excess return -19.53%; 6-month excess return -38.42%."
2025-11-07,CARR,-5.9294034897151455,7.479690136199102,,miss,linear_regression,target_5d_return,"Technical state is soft, with price below the 50-day and 200-day averages. MACD remains on the bullish side. Volatility is elevated at roughly 34.3%.",No recent matched news was found for this ticker/date.,Relative strength versus the benchmark looked weak. 1-month excess return -0.98%; 3-month excess return -16.89%; 6-month excess return -38.44%.,"Model view: the forward return estimate was mildly positive at about 7.48%. Confidence was not explicitly available for this prediction. Technical state is soft, with price below the 50-day and 200-day averages. MACD remains on the bullish side. Volatility is elevated at roughly 34.3%. No recent matched news was found for this ticker/date. Relative strength versus the benchmark looked weak. 1-month excess return -0.98%; 3-month excess return -16.89%; 6-month excess return -38.44%."
2025-11-10,CARR,-7.326008422808705,6.3153613380471745,,miss,linear_regression,target_5d_return,"Technical state is soft, with price below the 50-day and 200-day averages. MACD remains on the bullish side. Volatility is elevated at roughly 34.3%.",No recent matched news was found for this ticker/date.,Relative strength versus the benchmark looked weak. 1-month excess return -3.14%; 3-month excess return -18.82%; 6-month excess return -38.83%.,"Model view: the forward return estimate was mildly positive at about 6.32%. Confidence was not explicitly available for this prediction. Technical state is soft, with price below the 50-day and 200-day averages. MACD remains on the bullish side. Volatility is elevated at roughly 34.3%. No recent matched news was found for this ticker/date. Relative strength versus the benchmark looked weak. 1-month excess return -3.14%; 3-month excess return -18.82%; 6-month excess return -38.83%."
2025-11-11,CARR,-8.70634157081155,6.144571915638145,,miss,linear_regression,target_5d_return,"Technical state is soft, with price below the 50-day and 200-day averages. MACD remains on the bullish side. Volatility is elevated at roughly 34.1%.",No recent matched news was found for this ticker/date.,Relative strength versus the benchmark looked weak. 1-month excess return -2.83%; 3-month excess return -20.95%; 6-month excess return -40.08%.,"Model view: the forward return estimate was mildly positive at about 6.14%. Confidence was not explicitly available for this prediction. Technical state is soft, with price below the 50-day and 200-day averages. MACD remains on the bullish side. Volatility is elevated at roughly 34.1%. No recent matched news was found for this ticker/date. Relative strength versus the benchmark looked weak. 1-month excess return -2.83%; 3-month excess return -20.95%; 6-month excess return -40.08%."
2025-11-12,CARR,-8.465800207842744,6.670244357210655,,miss,linear_regression,target_5d_return,"Technical state is soft, with price below the 50-day and 200-day averages. RSI is weak near 40.0. MACD remains on the bearish side. Volatility is elevated at roughly 34.6%.",No recent matched news was found for this ticker/date.,Relative strength versus the benchmark looked weak. 1-month excess return -5.82%; 3-month excess return -20.82%; 6-month excess return -39.99%.,"Model view: the forward return estimate was mildly positive at about 6.67%. Confidence was not explicitly available for this prediction. Technical state is soft, with price below the 50-day and 200-day averages. RSI is weak near 40.0. MACD remains on the bearish side. Volatility is elevated at roughly 34.6%. No recent matched news was found for this ticker/date. Relative strength versus the benchmark looked weak. 1-month excess return -5.82%; 3-month excess return -20.82%; 6-month excess return -39.99%."
2025-11-13,CARR,-8.701956581469684,7.423719035397531,,miss,linear_regression,target_5d_return,"Technical state is soft, with price below the 50-day and 200-day averages. RSI is weak near 37.1. MACD remains on the bearish side. Volatility is elevated at roughly 34.9%.",No recent matched news was found for this ticker/date.,Relative strength versus the benchmark looked weak. 1-month excess return -4.66%; 3-month excess return -20.12%; 6-month excess return -38.79%.,"Model view: the forward return estimate was mildly positive at about 7.42%. Confidence was not explicitly available for this prediction. Technical state is soft, with price below the 50-day and 200-day averages. RSI is weak near 37.1. MACD remains on the bearish side. Volatility is elevated at roughly 34.9%. No recent matched news was found for this ticker/date. Relative strength versus the benchmark looked weak. 1-month excess return -4.66%; 3-month excess return -20.12%; 6-month excess return -38.79%."
2025-11-14,CARR,-3.12384228165441,6.440148208226552,,miss,linear_regression,target_5d_return,"Technical state is soft, with price below the 50-day and 200-day averages. RSI is weak near 33.8. MACD remains on the bearish side. Volatility is elevated at roughly 35.4%.",No recent matched news was found for this ticker/date.,Relative strength versus the benchmark looked weak. 1-month excess return -6.39%; 3-month excess return -23.11%; 6-month excess return -41.56%.,"Model view: the forward return estimate was mildly positive at about 6.44%. Confidence was not explicitly available for this prediction. Technical state is soft, with price below the 50-day and 200-day averages. RSI is weak near 33.8. MACD remains on the bearish side. Volatility is elevated at roughly 35.4%. No recent matched news was found for this ticker/date. Relative strength versus the benchmark looked weak. 1-month excess return -6.39%; 3-month excess return -23.11%; 6-month excess return -41.56%."
2025-11-17,CARR,-2.597404555565519,6.689065741849382,,miss,linear_regression,target_5d_return,"Technical state is soft, with price below the 50-day and 200-day averages. RSI is weak near 31.1. MACD remains on the bearish side. Volatility is elevated at roughly 34.2%.",No recent matched news was found for this ticker/date.,Relative strength versus the benchmark looked weak. 1-month excess return -5.67%; 3-month excess return -24.74%; 6-month excess return -41.86%.,"Model view: the forward return estimate was mildly positive at about 6.69%. Confidence was not explicitly available for this prediction. Technical state is soft, with price below the 50-day and 200-day averages. RSI is weak near 31.1. MACD remains on the bearish side. Volatility is elevated at roughly 34.2%. No recent matched news was found for this ticker/date. Relative strength versus the benchmark looked weak. 1-month excess return -5.67%; 3-month excess return -24.74%; 6-month excess return -41.86%."
2025-11-18,CARR,3.730056727579334,6.915738630192542,,hit,linear_regression,target_5d_return,"Technical state is soft, with price below the 50-day and 200-day averages. RSI is weak near 28.2. MACD remains on the bearish side. Volatility is elevated at roughly 31.0%.",No recent matched news was found for this ticker/date.,Relative strength versus the benchmark looked weak. 1-month excess return -8.17%; 3-month excess return -25.67%; 6-month excess return -42.01%.,"Model view: the forward return estimate was mildly positive at about 6.92%. Confidence was not explicitly available for this prediction. Technical state is soft, with price below the 50-day and 200-day averages. RSI is weak near 28.2. MACD remains on the bearish side. Volatility is elevated at roughly 31.0%. No recent matched news was found for this ticker/date. Relative strength versus the benchmark looked weak. 1-month excess return -8.17%; 3-month excess return -25.67%; 6-month excess return -42.01%."
2025-11-19,CARR,6.0682938738567005,7.537115371250699,,hit,linear_regression,target_5d_return,"Technical state is soft, with price below the 50-day and 200-day averages. RSI is weak near 26.5. MACD remains on the bearish side.",No recent matched news was found for this ticker/date.,Relative strength versus the benchmark looked weak. 1-month excess return -13.05%; 3-month excess return -25.43%; 6-month excess return -42.61%.,"Model view: the forward return estimate was mildly positive at about 7.54%. Confidence was not explicitly available for this prediction. Technical state is soft, with price below the 50-day and 200-day averages. RSI is weak near 26.5. MACD remains on the bearish side. No recent matched news was found for this ticker/date. Relative strength versus the benchmark looked weak. 1-month excess return -13.05%; 3-month excess return -25.43%; 6-month excess return -42.61%."
2025-11-20,CARR,8.975378083761543,8.299930121742468,,hit,linear_regression,target_5d_return,"Technical state is soft, with price below the 50-day and 200-day averages. RSI is weak near 24.5. MACD remains on the bearish side.",No recent matched news was found for this ticker/date.,Relative strength versus the benchmark looked weak. 1-month excess return -8.96%; 3-month excess return -26.81%; 6-month excess return -41.76%.,"Model view: the forward return estimate was mildly positive at about 8.30%. Confidence was not explicitly available for this prediction. Technical state is soft, with price below the 50-day and 200-day averages. RSI is weak near 24.5. MACD remains on the bearish side. No recent matched news was found for this ticker/date. Relative strength versus the benchmark looked weak. 1-month excess return -8.96%; 3-month excess return -26.81%; 6-month excess return -41.76%."
2025-11-21,CARR,3.5107806867867186,8.169006085598758,,hit,linear_regression,target_5d_return,"Technical state is soft, with price below the 50-day and 200-day averages. RSI is weak near 36.1. MACD remains on the bearish side. Volatility is elevated at roughly 30.6%.",No recent matched news was found for this ticker/date.,Relative strength versus the benchmark looked weak. 1-month excess return -6.38%; 3-month excess return -23.17%; 6-month excess return -39.97%.,"Model view: the forward return estimate was mildly positive at about 8.17%. Confidence was not explicitly available for this prediction. Technical state is soft, with price below the 50-day and 200-day averages. RSI is weak near 36.1. MACD remains on the bearish side. Volatility is elevated at roughly 30.6%. No recent matched news was found for this ticker/date. Relative strength versus the benchmark looked weak. 1-month excess return -6.38%; 3-month excess return -23.17%; 6-month excess return -39.97%."
2025-11-24,CARR,3.9999994102883463,7.872820536387386,,hit,linear_regression,target_5d_return,"Technical state is soft, with price below the 50-day and 200-day averages. RSI is weak near 34.3. MACD remains on the bearish side. Volatility is elevated at roughly 30.3%.",No recent matched news was found for this ticker/date.,Relative strength versus the benchmark looked weak. 1-month excess return -9.31%; 3-month excess return -25.85%; 6-month excess return -41.63%.,"Model view: the forward return estimate was mildly positive at about 7.87%. Confidence was not explicitly available for this prediction. Technical state is soft, with price below the 50-day and 200-day averages. RSI is weak near 34.3. MACD remains on the bearish side. Volatility is elevated at roughly 30.3%. No recent matched news was found for this ticker/date. Relative strength versus the benchmark looked weak. 1-month excess return -9.31%; 3-month excess return -25.85%; 6-month excess return -41.63%."
2025-11-25,CARR,1.2418872279341242,7.8367403259835475,,hit,linear_regression,target_5d_return,"Technical state is soft, with price below the 50-day and 200-day averages. MACD remains on the bearish side. Volatility is elevated at roughly 34.6%.",No recent matched news was found for this ticker/date.,Relative strength versus the benchmark looked weak. 1-month excess return -5.96%; 3-month excess return -24.59%; 6-month excess return -38.94%.,"Model view: the forward return estimate was mildly positive at about 7.84%. Confidence was not explicitly available for this prediction. Technical state is soft, with price below the 50-day and 200-day averages. MACD remains on the bearish side. Volatility is elevated at roughly 34.6%. No recent matched news was found for this ticker/date. Relative strength versus the benchmark looked weak. 1-month excess return -5.96%; 3-month excess return -24.59%; 6-month excess return -38.94%."
2025-11-26,CARR,0.2575411848354081,7.752510366480343,,hit,linear_regression,target_5d_return,"Technical state is soft, with price below the 50-day and 200-day averages. MACD remains on the bearish side. Volatility is elevated at roughly 31.8%.",No recent matched news was found for this ticker/date.,Relative strength versus the benchmark looked weak. 1-month excess return -6.39%; 3-month excess return -22.61%; 6-month excess return -39.11%.,"Model view: the forward return estimate was mildly positive at about 7.75%. Confidence was not explicitly available for this prediction. Technical state is soft, with price below the 50-day and 200-day averages. MACD remains on the bearish side. Volatility is elevated at roughly 31.8%. No recent matched news was found for this ticker/date. Relative strength versus the benchmark looked weak. 1-month excess return -6.39%; 3-month excess return -22.61%; 6-month excess return -39.11%."
2025-11-28,CARR,-1.0750731434126637,7.216474443748772,,miss,linear_regression,target_5d_return,"Technical state is soft, with price below the 50-day and 200-day averages. MACD remains on the bullish side. Volatility is elevated at roughly 30.7%.",No recent matched news was found for this ticker/date.,Relative strength versus the benchmark looked weak. 1-month excess return -9.10%; 3-month excess return -21.79%; 6-month excess return -38.92%.,"Model view: the forward return estimate was mildly positive at about 7.22%. Confidence was not explicitly available for this prediction. Technical state is soft, with price below the 50-day and 200-day averages. MACD remains on the bullish side. Volatility is elevated at roughly 30.7%. No recent matched news was found for this ticker/date. Relative strength versus the benchmark looked weak. 1-month excess return -9.10%; 3-month excess return -21.79%; 6-month excess return -38.92%."
2025-12-01,CARR,-2.248850176411288,7.113527764759502,,miss,linear_regression,target_5d_return,"Technical state is soft, with price below the 50-day and 200-day averages. MACD remains on the bullish side. Volatility is elevated at roughly 30.4%.",No recent matched news was found for this ticker/date.,Relative strength versus the benchmark looked weak. 1-month excess return -7.86%; 3-month excess return -20.82%; 6-month excess return -37.67%.,"Model view: the forward return estimate was mildly positive at about 7.11%. Confidence was not explicitly available for this prediction. Technical state is soft, with price below the 50-day and 200-day averages. MACD remains on the bullish side. Volatility is elevated at roughly 30.4%. No recent matched news was found for this ticker/date. Relative strength versus the benchmark looked weak. 1-month excess return -7.86%; 3-month excess return -20.82%; 6-month excess return -37.67%."
2025-12-02,CARR,-1.82088358935939,7.286335253448434,,miss,linear_regression,target_5d_return,"Technical state is soft, with price below the 50-day and 200-day averages. MACD remains on the bullish side.",No recent matched news was found for this ticker/date.,Relative strength versus the benchmark looked weak. 1-month excess return -9.46%; 3-month excess return -19.74%; 6-month excess return -38.32%.,"Model view: the forward return estimate was mildly positive at about 7.29%. Confidence was not explicitly available for this prediction. Technical state is soft, with price below the 50-day and 200-day averages. MACD remains on the bullish side. No recent matched news was found for this ticker/date. Relative strength versus the benchmark looked weak. 1-month excess return -9.46%; 3-month excess return -19.74%; 6-month excess return -38.32%."
2025-12-03,CARR,-2.2336093552972947,7.264130633431242,,miss,linear_regression,target_5d_return,"Technical state is soft, with price below the 50-day and 200-day averages. MACD remains on the bullish side.",No recent matched news was found for this ticker/date.,Relative strength versus the benchmark looked weak. 1-month excess return -5.68%; 3-month excess return -19.43%; 6-month excess return -38.30%.,"Model view: the forward return estimate was mildly positive at about 7.26%. Confidence was not explicitly available for this prediction. Technical state is soft, with price below the 50-day and 200-day averages. MACD remains on the bullish side. No recent matched news was found for this ticker/date. Relative strength versus the benchmark looked weak. 1-month excess return -5.68%; 3-month excess return -19.43%; 6-month excess return -38.30%."
2025-12-04,CARR,-0.6421990350845785,6.39635400655026,,miss,linear_regression,target_5d_return,"Technical state is soft, with price below the 50-day and 200-day averages. MACD remains on the bullish side.",No recent matched news was found for this ticker/date.,Relative strength versus the benchmark looked weak. 1-month excess return -6.64%; 3-month excess return -22.58%; 6-month excess return -39.12%.,"Model view: the forward return estimate was mildly positive at about 6.40%. Confidence was not explicitly available for this prediction. Technical state is soft, with price below the 50-day and 200-day averages. MACD remains on the bullish side. No recent matched news was found for this ticker/date. Relative strength versus the benchmark looked weak. 1-month excess return -6.64%; 3-month excess return -22.58%; 6-month excess return -39.12%."
2025-12-05,CARR,-2.4866499650992746,6.615242399239256,,miss,linear_regression,target_5d_return,"Technical state is soft, with price below the 50-day and 200-day averages. MACD remains on the bullish side.",No recent matched news was found for this ticker/date.,Relative strength versus the benchmark looked weak. 1-month excess return -5.73%; 3-month excess return -22.95%; 6-month excess return -38.07%.,"Model view: the forward return estimate was mildly positive at about 6.62%. Confidence was not explicitly available for this prediction. Technical state is soft, with price below the 50-day and 200-day averages. MACD remains on the bullish side. No recent matched news was found for this ticker/date. Relative strength versus the benchmark looked weak. 1-month excess return -5.73%; 3-month excess return -22.95%; 6-month excess return -38.07%."
2025-12-08,CARR,-0.8485705423358803,6.647935114887665,,miss,linear_regression,target_5d_return,"Technical state is soft, with price below the 50-day and 200-day averages. MACD remains on the bullish side.",No recent matched news was found for this ticker/date.,Relative strength versus the benchmark looked weak. 1-month excess return -8.27%; 3-month excess return -21.58%; 6-month excess return -40.02%.,"Model view: the forward return estimate was mildly positive at about 6.65%. Confidence was not explicitly available for this prediction. Technical state is soft, with price below the 50-day and 200-day averages. MACD remains on the bullish side. No recent matched news was found for this ticker/date. Relative strength versus the benchmark looked weak. 1-month excess return -8.27%; 3-month excess return -21.58%; 6-month excess return -40.02%."
2025-12-09,CARR,1.1355005154967124,6.186668715180068,,hit,linear_regression,target_5d_return,"Technical state is soft, with price below the 50-day and 200-day averages. MACD remains on the bullish side.",No recent matched news was found for this ticker/date.,Relative strength versus the benchmark looked weak. 1-month excess return -9.94%; 3-month excess return -20.20%; 6-month excess return -39.65%.,"Model view: the forward return estimate was mildly positive at about 6.19%. Confidence was not explicitly available for this prediction. Technical state is soft, with price below the 50-day and 200-day averages. MACD remains on the bullish side. No recent matched news was found for this ticker/date. Relative strength versus the benchmark looked weak. 1-month excess return -9.94%; 3-month excess return -20.20%; 6-month excess return -39.65%."
2025-12-10,CARR,-1.8726591225196487,6.483869350078513,,miss,linear_regression,target_5d_return,"Technical state is soft, with price below the 50-day and 200-day averages. MACD remains on the bullish side. Volatility is elevated at roughly 30.1%.",No recent matched news was found for this ticker/date.,Relative strength versus the benchmark looked weak. 1-month excess return -7.76%; 3-month excess return -18.85%; 6-month excess return -40.67%.,"Model view: the forward return estimate was mildly positive at about 6.48%. Confidence was not explicitly available for this prediction. Technical state is soft, with price below the 50-day and 200-day averages. MACD remains on the bullish side. Volatility is elevated at roughly 30.1%. No recent matched news was found for this ticker/date. Relative strength versus the benchmark looked weak. 1-month excess return -7.76%; 3-month excess return -18.85%; 6-month excess return -40.67%."
2025-12-11,CARR,-1.754387324412976,6.7661770560675825,,miss,linear_regression,target_5d_return,"Technical state is soft, with price below the 50-day and 200-day averages. MACD remains on the bullish side. Volatility is elevated at roughly 30.2%.",No recent matched news was found for this ticker/date.,Relative strength versus the benchmark looked weak. 1-month excess return -5.87%; 3-month excess return -17.04%; 6-month excess return -39.48%.,"Model view: the forward return estimate was mildly positive at about 6.77%. Confidence was not explicitly available for this prediction. Technical state is soft, with price below the 50-day and 200-day averages. MACD remains on the bullish side. Volatility is elevated at roughly 30.2%. No recent matched news was found for this ticker/date. Relative strength versus the benchmark looked weak. 1-month excess return -5.87%; 3-month excess return -17.04%; 6-month excess return -39.48%."
2025-12-12,CARR,1.5678161174638605,7.994866853546788,,hit,linear_regression,target_5d_return,"Technical state is soft, with price below the 50-day and 200-day averages. MACD remains on the bullish side. Volatility is elevated at roughly 30.8%.",No recent matched news was found for this ticker/date.,Relative strength versus the benchmark looked weak. 1-month excess return -5.23%; 3-month excess return -16.73%; 6-month excess return -39.92%.,"Model view: the forward return estimate was mildly positive at about 7.99%. Confidence was not explicitly available for this prediction. Technical state is soft, with price below the 50-day and 200-day averages. MACD remains on the bullish side. Volatility is elevated at roughly 30.8%. No recent matched news was found for this ticker/date. Relative strength versus the benchmark looked weak. 1-month excess return -5.23%; 3-month excess return -16.73%; 6-month excess return -39.92%."
2025-12-15,CARR,1.1791534999882503,7.445149845870779,,hit,linear_regression,target_5d_return,"Technical state is soft, with price below the 50-day and 200-day averages. MACD remains on the bullish side. Volatility is elevated at roughly 30.2%.",No recent matched news was found for this ticker/date.,Relative strength versus the benchmark looked weak. 1-month excess return -5.97%; 3-month excess return -16.86%; 6-month excess return -38.96%.,"Model view: the forward return estimate was mildly positive at about 7.45%. Confidence was not explicitly available for this prediction. Technical state is soft, with price below the 50-day and 200-day averages. MACD remains on the bullish side. Volatility is elevated at roughly 30.2%. No recent matched news was found for this ticker/date. Relative strength versus the benchmark looked weak. 1-month excess return -5.97%; 3-month excess return -16.86%; 6-month excess return -38.96%."
2025-12-16,CARR,-0.18712289799931447,8.122684774685572,,miss,linear_regression,target_5d_return,"Technical state is soft, with price below the 50-day and 200-day averages. MACD remains on the bullish side. Volatility is elevated at roughly 30.1%.",No recent matched news was found for this ticker/date.,Relative strength versus the benchmark looked weak. 1-month excess return -2.25%; 3-month excess return -14.98%; 6-month excess return -37.04%.,"Model view: the forward return estimate was mildly positive at about 8.12%. Confidence was not explicitly available for this prediction. Technical state is soft, with price below the 50-day and 200-day averages. MACD remains on the bullish side. Volatility is elevated at roughly 30.1%. No recent matched news was found for this ticker/date. Relative strength versus the benchmark looked weak. 1-month excess return -2.25%; 3-month excess return -14.98%; 6-month excess return -37.04%."
2025-12-17,CARR,2.0992336681094015,8.560392169620618,,hit,linear_regression,target_5d_return,"Technical state is soft, with price below the 50-day and 200-day averages. MACD remains on the bullish side.",No recent matched news was found for this ticker/date.,Relative strength versus the benchmark looked weak. 1-month excess return -2.24%; 3-month excess return -15.62%; 6-month excess return -37.39%.,"Model view: the forward return estimate was mildly positive at about 8.56%. Confidence was not explicitly available for this prediction. Technical state is soft, with price below the 50-day and 200-day averages. MACD remains on the bullish side. No recent matched news was found for this ticker/date. Relative strength versus the benchmark looked weak. 1-month excess return -2.24%; 3-month excess return -15.62%; 6-month excess return -37.39%."
2025-12-18,CARR,0.7330815489764442,8.349967600974756,,hit,linear_regression,target_5d_return,"Technical state is soft, with price below the 50-day and 200-day averages. MACD remains on the bullish side.",No recent matched news was found for this ticker/date.,Relative strength versus the benchmark looked weak. 1-month excess return -0.18%; 3-month excess return -13.58%; 6-month excess return -38.07%.,"Model view: the forward return estimate was mildly positive at about 8.35%. Confidence was not explicitly available for this prediction. Technical state is soft, with price below the 50-day and 200-day averages. MACD remains on the bullish side. No recent matched news was found for this ticker/date. Relative strength versus the benchmark looked weak. 1-month excess return -0.18%; 3-month excess return -13.58%; 6-month excess return -38.07%."
2025-12-19,CARR,-0.2975634109168124,7.681309061729033,,miss,linear_regression,target_5d_return,"Technical state is soft, with price below the 50-day and 200-day averages. MACD remains on the bullish side.",No recent matched news was found for this ticker/date.,Relative strength versus the benchmark looked weak. 1-month excess return 1.90%; 3-month excess return -12.93%; 6-month excess return -38.50%.,"Model view: the forward return estimate was mildly positive at about 7.68%. Confidence was not explicitly available for this prediction. Technical state is soft, with price below the 50-day and 200-day averages. MACD remains on the bullish side. No recent matched news was found for this ticker/date. Relative strength versus the benchmark looked weak. 1-month excess return 1.90%; 3-month excess return -12.93%; 6-month excess return -38.50%."
2025-12-22,CARR,0.43232996040960536,7.842537922446448,,hit,linear_regression,target_5d_return,"Technical state is soft, with price below the 50-day and 200-day averages. MACD remains on the bullish side.",No recent matched news was found for this ticker/date.,Relative strength versus the benchmark looked weak. 1-month excess return 0.68%; 3-month excess return -13.92%; 6-month excess return -39.14%.,"Model view: the forward return estimate was mildly positive at about 7.84%. Confidence was not explicitly available for this prediction. Technical state is soft, with price below the 50-day and 200-day averages. MACD remains on the bullish side. No recent matched news was found for this ticker/date. Relative strength versus the benchmark looked weak. 1-month excess return 0.68%; 3-month excess return -13.92%; 6-month excess return -39.14%."
2025-12-23,CARR,-0.9373828244650717,7.710398752689335,,miss,linear_regression,target_5d_return,"Technical state is soft, with price below the 50-day and 200-day averages. MACD remains on the bullish side.",No recent matched news was found for this ticker/date.,Relative strength versus the benchmark looked weak. 1-month excess return -2.64%; 3-month excess return -13.38%; 6-month excess return -39.39%.,"Model view: the forward return estimate was mildly positive at about 7.71%. Confidence was not explicitly available for this prediction. Technical state is soft, with price below the 50-day and 200-day averages. MACD remains on the bullish side. No recent matched news was found for this ticker/date. Relative strength versus the benchmark looked weak. 1-month excess return -2.64%; 3-month excess return -13.38%; 6-month excess return -39.39%."
2025-12-24,CARR,0.037384033203125,6.857597863372783,,hit,linear_regression,target_5d_return,"Technical state is soft, with price below the 50-day and 200-day averages. MACD remains on the bullish side.",No recent matched news was found for this ticker/date.,Relative strength versus the benchmark looked weak. 1-month excess return 0.16%; 3-month excess return -13.58%; 6-month excess return -38.82%.,"Model view: the forward return estimate was mildly positive at about 6.86%. Confidence was not explicitly available for this prediction. Technical state is soft, with price below the 50-day and 200-day averages. MACD remains on the bullish side. No recent matched news was found for this ticker/date. Relative strength versus the benchmark looked weak. 1-month excess return 0.16%; 3-month excess return -13.58%; 6-month excess return -38.82%."
2025-12-26,CARR,0.3732053785594047,7.0576736158604865,,hit,linear_regression,target_5d_return,"Technical state is soft, with price below the 50-day and 200-day averages. MACD remains on the bullish side.",No recent matched news was found for this ticker/date.,Relative strength versus the benchmark looked weak. 1-month excess return -2.95%; 3-month excess return -12.97%; 6-month excess return -39.23%.,"Model view: the forward return estimate was mildly positive at about 7.06%. Confidence was not explicitly available for this prediction. Technical state is soft, with price below the 50-day and 200-day averages. MACD remains on the bullish side. No recent matched news was found for this ticker/date. Relative strength versus the benchmark looked weak. 1-month excess return -2.95%; 3-month excess return -12.97%; 6-month excess return -39.23%."
2025-12-29,CARR,-0.20518673586868985,6.893550340317566,,miss,linear_regression,target_5d_return,"Technical state is soft, with price below the 50-day and 200-day averages. MACD remains on the bullish side.",No recent matched news was found for this ticker/date.,Relative strength versus the benchmark looked weak. 1-month excess return -2.60%; 3-month excess return -13.02%; 6-month excess return -38.12%.,"Model view: the forward return estimate was mildly positive at about 6.89%. Confidence was not explicitly available for this prediction. Technical state is soft, with price below the 50-day and 200-day averages. MACD remains on the bullish side. No recent matched news was found for this ticker/date. Relative strength versus the benchmark looked weak. 1-month excess return -2.60%; 3-month excess return -13.02%; 6-month excess return -38.12%."
2025-12-30,CARR,-1.6095837646256883,6.786237150403614,,miss,linear_regression,target_5d_return,"Technical state is soft, with price below the 50-day and 200-day averages. MACD remains on the bullish side.",No recent matched news was found for this ticker/date.,Relative strength versus the benchmark looked weak. 1-month excess return -3.17%; 3-month excess return -13.66%; 6-month excess return -39.35%.,"Model view: the forward return estimate was mildly positive at about 6.79%. Confidence was not explicitly available for this prediction. Technical state is soft, with price below the 50-day and 200-day averages. MACD remains on the bullish side. No recent matched news was found for this ticker/date. Relative strength versus the benchmark looked weak. 1-month excess return -3.17%; 3-month excess return -13.66%; 6-month excess return -39.35%."
2025-12-31,CARR,1.9303566518133586,7.219393709981424,,hit,linear_regression,target_5d_return,"Technical state is soft, with price below the 50-day and 200-day averages. MACD remains on the bullish side.",No recent matched news was found for this ticker/date.,Relative strength versus the benchmark looked weak. 1-month excess return -2.86%; 3-month excess return -13.18%; 6-month excess return -39.76%.,"Model view: the forward return estimate was mildly positive at about 7.22%. Confidence was not explicitly available for this prediction. Technical state is soft, with price below the 50-day and 200-day averages. MACD remains on the bullish side. No recent matched news was found for this ticker/date. Relative strength versus the benchmark looked weak. 1-month excess return -2.86%; 3-month excess return -13.18%; 6-month excess return -39.76%."
2026-01-02,CARR,5.100895962044616,7.847008398788822,,hit,linear_regression,target_5d_return,"Technical state is soft, with price below the 50-day and 200-day averages. MACD remains on the bullish side.",No recent matched news was found for this ticker/date.,Relative strength versus the benchmark looked weak. 1-month excess return -0.83%; 3-month excess return -11.26%; 6-month excess return -38.48%.,"Model view: the forward return estimate was mildly positive at about 7.85%. Confidence was not explicitly available for this prediction. Technical state is soft, with price below the 50-day and 200-day averages. MACD remains on the bullish side. No recent matched news was found for this ticker/date. Relative strength versus the benchmark looked weak. 1-month excess return -0.83%; 3-month excess return -11.26%; 6-month excess return -38.48%."
2026-01-05,CARR,2.955939999117785,7.981160640206091,,hit,linear_regression,target_5d_return,"Technical state is soft, with price below the 50-day and 200-day averages. RSI is in a steady zone near 50.3. MACD remains on the bullish side.",No recent matched news was found for this ticker/date.,Relative strength versus the benchmark looked weak. 1-month excess return -2.11%; 3-month excess return -12.61%; 6-month excess return -38.77%.,"Model view: the forward return estimate was mildly positive at about 7.98%. Confidence was not explicitly available for this prediction. Technical state is soft, with price below the 50-day and 200-day averages. RSI is in a steady zone near 50.3. MACD remains on the bullish side. No recent matched news was found for this ticker/date. Relative strength versus the benchmark looked weak. 1-month excess return -2.11%; 3-month excess return -12.61%; 6-month excess return -38.77%."
2026-01-06,CARR,3.1962599709769224,7.31682220045058,,hit,linear_regression,target_5d_return,"Technical state is soft, with price below the 50-day and 200-day averages. MACD remains on the bullish side.",No recent matched news was found for this ticker/date.,Relative strength versus the benchmark looked weak. 1-month excess return -2.93%; 3-month excess return -13.60%; 6-month excess return -40.14%.,"Model view: the forward return estimate was mildly positive at about 7.32%. Confidence was not explicitly available for this prediction. Technical state is soft, with price below the 50-day and 200-day averages. MACD remains on the bullish side. No recent matched news was found for this ticker/date. Relative strength versus the benchmark looked weak. 1-month excess return -2.93%; 3-month excess return -13.60%; 6-month excess return -40.14%."
2026-01-07,CARR,5.763741291395119,7.911328150272531,,hit,linear_regression,target_5d_return,"Technical state is soft, with price below the 50-day and 200-day averages. MACD remains on the bullish side.",No recent matched news was found for this ticker/date.,Relative strength versus the benchmark looked weak. 1-month excess return -3.75%; 3-month excess return -14.25%; 6-month excess return -41.29%.,"Model view: the forward return estimate was mildly positive at about 7.91%. Confidence was not explicitly available for this prediction. Technical state is soft, with price below the 50-day and 200-day averages. MACD remains on the bullish side. No recent matched news was found for this ticker/date. Relative strength versus the benchmark looked weak. 1-month excess return -3.75%; 3-month excess return -14.25%; 6-month excess return -41.29%."
2026-01-08,CARR,3.1377619895239572,7.063706963644771,,hit,linear_regression,target_5d_return,"Technical state is soft, with price below the 50-day and 200-day averages. RSI is in a steady zone near 51.2. MACD remains on the bullish side.",No recent matched news was found for this ticker/date.,Relative strength versus the benchmark looked weak. 1-month excess return 0.70%; 3-month excess return -12.40%; 6-month excess return -40.06%.,"Model view: the forward return estimate was mildly positive at about 7.06%. Confidence was not explicitly available for this prediction. Technical state is soft, with price below the 50-day and 200-day averages. RSI is in a steady zone near 51.2. MACD remains on the bullish side. No recent matched news was found for this ticker/date. Relative strength versus the benchmark looked weak. 1-month excess return 0.70%; 3-month excess return -12.40%; 6-month excess return -40.06%."
2026-01-09,CARR,-0.10666910807292096,8.276995727606769,,miss,linear_regression,target_5d_return,"Technical state is mixed, with price not fully aligned across the major moving averages. RSI is in a steady zone near 62.5. MACD remains on the bullish side.",No recent matched news was found for this ticker/date.,Relative strength versus the benchmark looked weak. 1-month excess return 4.83%; 3-month excess return -6.62%; 6-month excess return -37.94%.,"Model view: the forward return estimate was mildly positive at about 8.28%. Confidence was not explicitly available for this prediction. Technical state is mixed, with price not fully aligned across the major moving averages. RSI is in a steady zone near 62.5. MACD remains on the bullish side. No recent matched news was found for this ticker/date. Relative strength versus the benchmark looked weak. 1-month excess return 4.83%; 3-month excess return -6.62%; 6-month excess return -37.94%."
2026-01-12,CARR,-0.30697360123465023,7.487592272999203,,miss,linear_regression,target_5d_return,"Technical state is mixed, with price not fully aligned across the major moving averages. RSI is in a steady zone near 57.3. MACD remains on the bullish side.",No recent matched news was found for this ticker/date.,Relative strength versus the benchmark looked weak. 1-month excess return 2.57%; 3-month excess return -8.73%; 6-month excess return -39.03%.,"Model view: the forward return estimate was mildly positive at about 7.49%. Confidence was not explicitly available for this prediction. Technical state is mixed, with price not fully aligned across the major moving averages. RSI is in a steady zone near 57.3. MACD remains on the bullish side. No recent matched news was found for this ticker/date. Relative strength versus the benchmark looked weak. 1-month excess return 2.57%; 3-month excess return -8.73%; 6-month excess return -39.03%."
2026-01-13,CARR,4.582507944119274,8.270410646022677,,hit,linear_regression,target_5d_return,"Technical state is mixed, with price not fully aligned across the major moving averages. RSI is in a steady zone near 56.3. MACD remains on the bullish side.",No recent matched news was found for this ticker/date.,Relative strength versus the benchmark looked weak. 1-month excess return 1.28%; 3-month excess return -7.58%; 6-month excess return -38.33%.,"Model view: the forward return estimate was mildly positive at about 8.27%. Confidence was not explicitly available for this prediction. Technical state is mixed, with price not fully aligned across the major moving averages. RSI is in a steady zone near 56.3. MACD remains on the bullish side. No recent matched news was found for this ticker/date. Relative strength versus the benchmark looked weak. 1-month excess return 1.28%; 3-month excess return -7.58%; 6-month excess return -38.33%."
2026-01-14,CARR,3.3093528832456975,8.0761756526533,,hit,linear_regression,target_5d_return,"Technical state is mixed, with price not fully aligned across the major moving averages. RSI is in a steady zone near 58.1. MACD remains on the bullish side.",No recent matched news was found for this ticker/date.,Relative strength versus the benchmark looked weak. 1-month excess return 3.74%; 3-month excess return -7.61%; 6-month excess return -36.96%.,"Model view: the forward return estimate was mildly positive at about 8.08%. Confidence was not explicitly available for this prediction. Technical state is mixed, with price not fully aligned across the major moving averages. RSI is in a steady zone near 58.1. MACD remains on the bullish side. No recent matched news was found for this ticker/date. Relative strength versus the benchmark looked weak. 1-month excess return 3.74%; 3-month excess return -7.61%; 6-month excess return -36.96%."
2026-01-15,CARR,3.15031507477046,8.40200824029123,,hit,linear_regression,target_5d_return,"Technical state is mixed, with price not fully aligned across the major moving averages. RSI is in a steady zone near 57.8. MACD remains on the bullish side.",No recent matched news was found for this ticker/date.,Relative strength versus the benchmark looked weak. 1-month excess return 3.95%; 3-month excess return -7.02%; 6-month excess return -38.09%.,"Model view: the forward return estimate was mildly positive at about 8.40%. Confidence was not explicitly available for this prediction. Technical state is mixed, with price not fully aligned across the major moving averages. RSI is in a steady zone near 57.8. MACD remains on the bullish side. No recent matched news was found for this ticker/date. Relative strength versus the benchmark looked weak. 1-month excess return 3.95%; 3-month excess return -7.02%; 6-month excess return -38.09%."
2026-01-16,CARR,2.100018391199754,7.627086970164081,,hit,linear_regression,target_5d_return,"Technical state is mixed, with price not fully aligned across the major moving averages. RSI is in a steady zone near 60.8. MACD remains on the bullish side.",No recent matched news was found for this ticker/date.,Relative strength versus the benchmark looked weak. 1-month excess return 3.24%; 3-month excess return -5.71%; 6-month excess return -36.93%.,"Model view: the forward return estimate was mildly positive at about 7.63%. Confidence was not explicitly available for this prediction. Technical state is mixed, with price not fully aligned across the major moving averages. RSI is in a steady zone near 60.8. MACD remains on the bullish side. No recent matched news was found for this ticker/date. Relative strength versus the benchmark looked weak. 1-month excess return 3.24%; 3-month excess return -5.71%; 6-month excess return -36.93%."
2026-01-20,CARR,3.3689560608499924,9.985384989171713,,hit,linear_regression,target_5d_return,"Technical state is mixed, with price not fully aligned across the major moving averages. RSI is in a steady zone near 54.4. MACD remains on the bullish side.",No recent matched news was found for this ticker/date.,Relative strength versus the benchmark looked weak. 1-month excess return 4.42%; 3-month excess return -3.79%; 6-month excess return -35.15%.,"Model view: the forward return estimate was mildly positive at about 9.99%. Confidence was not explicitly available for this prediction. Technical state is mixed, with price not fully aligned across the major moving averages. RSI is in a steady zone near 54.4. MACD remains on the bullish side. No recent matched news was found for this ticker/date. Relative strength versus the benchmark looked weak. 1-month excess return 4.42%; 3-month excess return -3.79%; 6-month excess return -35.15%."
2026-01-21,CARR,0.2944200969926758,9.531028398399407,,hit,linear_regression,target_5d_return,"Technical state is mixed, with price not fully aligned across the major moving averages. RSI is in a steady zone near 64.7. MACD remains on the bullish side.",No recent matched news was found for this ticker/date.,Relative strength versus the benchmark looked weak. 1-month excess return 7.20%; 3-month excess return -2.00%; 6-month excess return -33.50%.,"Model view: the forward return estimate was mildly positive at about 9.53%. Confidence was not explicitly available for this prediction. Technical state is mixed, with price not fully aligned across the major moving averages. RSI is in a steady zone near 64.7. MACD remains on the bullish side. No recent matched news was found for this ticker/date. Relative strength versus the benchmark looked weak. 1-month excess return 7.20%; 3-month excess return -2.00%; 6-month excess return -33.50%."
2026-01-22,CARR,4.091229709266808,8.507141547956486,,hit,linear_regression,target_5d_return,"Technical state is mixed, with price not fully aligned across the major moving averages. RSI is in a steady zone near 62.9. MACD remains on the bullish side.",No recent matched news was found for this ticker/date.,Relative strength versus the benchmark looked weak. 1-month excess return 5.87%; 3-month excess return -6.65%; 6-month excess return -36.55%.,"Model view: the forward return estimate was mildly positive at about 8.51%. Confidence was not explicitly available for this prediction. Technical state is mixed, with price not fully aligned across the major moving averages. RSI is in a steady zone near 62.9. MACD remains on the bullish side. No recent matched news was found for this ticker/date. Relative strength versus the benchmark looked weak. 1-month excess return 5.87%; 3-month excess return -6.65%; 6-month excess return -36.55%."
2026-01-23,CARR,3.9790621716439434,8.571061465733841,,hit,linear_regression,target_5d_return,"Technical state is mixed, with price not fully aligned across the major moving averages. RSI is in a steady zone near 62.0. MACD remains on the bullish side.",No recent matched news was found for this ticker/date.,Relative strength versus the benchmark looked weak. 1-month excess return 7.06%; 3-month excess return -2.25%; 6-month excess return -36.54%.,"Model view: the forward return estimate was mildly positive at about 8.57%. Confidence was not explicitly available for this prediction. Technical state is mixed, with price not fully aligned across the major moving averages. RSI is in a steady zone near 62.0. MACD remains on the bullish side. No recent matched news was found for this ticker/date. Relative strength versus the benchmark looked weak. 1-month excess return 7.06%; 3-month excess return -2.25%; 6-month excess return -36.54%."
2026-01-26,CARR,5.211786184651701,8.078508628279772,,hit,linear_regression,target_5d_return,"Technical state is mixed, with price not fully aligned across the major moving averages. RSI is in a steady zone near 62.3. MACD remains on the bullish side.",No recent matched news was found for this ticker/date.,Relative strength versus the benchmark looked weak. 1-month excess return 6.86%; 3-month excess return -2.74%; 6-month excess return -37.73%.,"Model view: the forward return estimate was mildly positive at about 8.08%. Confidence was not explicitly available for this prediction. Technical state is mixed, with price not fully aligned across the major moving averages. RSI is in a steady zone near 62.3. MACD remains on the bullish side. No recent matched news was found for this ticker/date. Relative strength versus the benchmark looked weak. 1-month excess return 6.86%; 3-month excess return -2.74%; 6-month excess return -37.73%."
2026-01-27,CARR,7.236728736989617,8.316981219609525,,hit,linear_regression,target_5d_return,"Technical state is mixed, with price not fully aligned across the major moving averages. RSI is in a steady zone near 60.2. MACD remains on the bullish side.",No recent matched news was found for this ticker/date.,Relative strength versus the benchmark looked weak. 1-month excess return 5.90%; 3-month excess return -4.09%; 6-month excess return -38.09%.,"Model view: the forward return estimate was mildly positive at about 8.32%. Confidence was not explicitly available for this prediction. Technical state is mixed, with price not fully aligned across the major moving averages. RSI is in a steady zone near 60.2. MACD remains on the bullish side. No recent matched news was found for this ticker/date. Relative strength versus the benchmark looked weak. 1-month excess return 5.90%; 3-month excess return -4.09%; 6-month excess return -38.09%."
2026-01-28,CARR,9.73924953291203,10.288511498168113,,hit,linear_regression,target_5d_return,"Technical state is mixed, with price not fully aligned across the major moving averages. RSI is in a steady zone near 63.9. MACD remains on the bullish side.",No recent matched news was found for this ticker/date.,Relative strength versus the benchmark looked weak. 1-month excess return 7.31%; 3-month excess return -2.18%; 6-month excess return -28.73%.,"Model view: the forward return estimate was mildly positive at about 10.29%. Confidence was not explicitly available for this prediction. Technical state is mixed, with price not fully aligned across the major moving averages. RSI is in a steady zone near 63.9. MACD remains on the bullish side. No recent matched news was found for this ticker/date. Relative strength versus the benchmark looked weak. 1-month excess return 7.31%; 3-month excess return -2.18%; 6-month excess return -28.73%."
2026-01-29,CARR,5.536038648452579,10.277325000319617,,hit,linear_regression,target_5d_return,"Technical state is mixed, with price not fully aligned across the major moving averages. RSI is elevated near 70.4, so chasing strength may add risk. MACD remains on the bullish side.",No recent matched news was found for this ticker/date.,Relative strength versus the benchmark looked mixed. 1-month excess return 10.63%; 3-month excess return 0.75%; 6-month excess return -21.77%.,"Model view: the forward return estimate was mildly positive at about 10.28%. Confidence was not explicitly available for this prediction. Technical state is mixed, with price not fully aligned across the major moving averages. RSI is elevated near 70.4, so chasing strength may add risk. MACD remains on the bullish side. No recent matched news was found for this ticker/date. Relative strength versus the benchmark looked mixed. 1-month excess return 10.63%; 3-month excess return 0.75%; 6-month excess return -21.77%."
2026-01-30,CARR,7.2843172281148005,9.912718459462987,,hit,linear_regression,target_5d_return,"Technical state is mixed, with price not fully aligned across the major moving averages. MACD remains on the bullish side.",No recent matched news was found for this ticker/date.,Relative strength versus the benchmark looked weak. 1-month excess return 10.80%; 3-month excess return -2.60%; 6-month excess return -22.67%.,"Model view: the forward return estimate was mildly positive at about 9.91%. Confidence was not explicitly available for this prediction. Technical state is mixed, with price not fully aligned across the major moving averages. MACD remains on the bullish side. No recent matched news was found for this ticker/date. Relative strength versus the benchmark looked weak. 1-month excess return 10.80%; 3-month excess return -2.60%; 6-month excess return -22.67%."
2026-02-02,CARR,8.21736089184537,9.335141962060757,,hit,linear_regression,target_5d_return,"Technical state is mixed, with price not fully aligned across the major moving averages. RSI is elevated near 71.3, so chasing strength may add risk. MACD remains on the bullish side.",No recent matched news was found for this ticker/date.,Relative strength versus the benchmark looked mixed. 1-month excess return 12.23%; 3-month excess return 0.26%; 6-month excess return -21.74%.,"Model view: the forward return estimate was mildly positive at about 9.34%. Confidence was not explicitly available for this prediction. Technical state is mixed, with price not fully aligned across the major moving averages. RSI is elevated near 71.3, so chasing strength may add risk. MACD remains on the bullish side. No recent matched news was found for this ticker/date. Relative strength versus the benchmark looked mixed. 1-month excess return 12.23%; 3-month excess return 0.26%; 6-month excess return -21.74%."
2026-02-03,CARR,7.549017768448252,9.601791180463376,,hit,linear_regression,target_5d_return,"Technical state is mixed, with price not fully aligned across the major moving averages. RSI is elevated near 73.7, so chasing strength may add risk. MACD remains on the bullish side.",No recent matched news was found for this ticker/date.,Relative strength versus the benchmark looked mixed. 1-month excess return 13.42%; 3-month excess return 1.74%; 6-month excess return -17.34%.,"Model view: the forward return estimate was mildly positive at about 9.60%. Confidence was not explicitly available for this prediction. Technical state is mixed, with price not fully aligned across the major moving averages. RSI is elevated near 73.7, so chasing strength may add risk. MACD remains on the bullish side. No recent matched news was found for this ticker/date. Relative strength versus the benchmark looked mixed. 1-month excess return 13.42%; 3-month excess return 1.74%; 6-month excess return -17.34%."
2026-02-04,CARR,5.554685501767165,10.052184205641904,,hit,linear_regression,target_5d_return,"Technical state is constructive, with price above the 50-day and 200-day averages. RSI is elevated near 79.0, so chasing strength may add risk. MACD remains on the bullish side. Volatility is elevated at roughly 31.2%.",No recent matched news was found for this ticker/date.,Relative strength versus the benchmark looked mixed. 1-month excess return 18.39%; 3-month excess return 9.41%; 6-month excess return -13.54%.,"Model view: the forward return estimate was mildly positive at about 10.05%. Confidence was not explicitly available for this prediction. Technical state is constructive, with price above the 50-day and 200-day averages. RSI is elevated near 79.0, so chasing strength may add risk. MACD remains on the bullish side. Volatility is elevated at roughly 31.2%. No recent matched news was found for this ticker/date. Relative strength versus the benchmark looked mixed. 1-month excess return 18.39%; 3-month excess return 9.41%; 6-month excess return -13.54%."
2026-02-05,CARR,2.8367685559635536,9.70962166900014,,hit,linear_regression,target_5d_return,"Technical state is mixed, with price not fully aligned across the major moving averages. RSI is elevated near 75.8, so chasing strength may add risk. MACD remains on the bullish side. Volatility is elevated at roughly 30.2%.",No recent matched news was found for this ticker/date.,Relative strength versus the benchmark looked mixed. 1-month excess return 20.00%; 3-month excess return 9.30%; 6-month excess return -11.68%.,"Model view: the forward return estimate was mildly positive at about 9.71%. Confidence was not explicitly available for this prediction. Technical state is mixed, with price not fully aligned across the major moving averages. RSI is elevated near 75.8, so chasing strength may add risk. MACD remains on the bullish side. Volatility is elevated at roughly 30.2%. No recent matched news was found for this ticker/date. Relative strength versus the benchmark looked mixed. 1-month excess return 20.00%; 3-month excess return 9.30%; 6-month excess return -11.68%."
2026-02-06,CARR,2.3153995609039857,9.255399986154966,,hit,linear_regression,target_5d_return,"Technical state is constructive, with price above the 50-day and 200-day averages. RSI is elevated near 77.6, so chasing strength may add risk. MACD remains on the bullish side.",No recent matched news was found for this ticker/date.,Relative strength versus the benchmark looked mixed. 1-month excess return 21.42%; 3-month excess return 10.45%; 6-month excess return -12.96%.,"Model view: the forward return estimate was mildly positive at about 9.26%. Confidence was not explicitly available for this prediction. Technical state is constructive, with price above the 50-day and 200-day averages. RSI is elevated near 77.6, so chasing strength may add risk. MACD remains on the bullish side. No recent matched news was found for this ticker/date. Relative strength versus the benchmark looked mixed. 1-month excess return 21.42%; 3-month excess return 10.45%; 6-month excess return -12.96%."
2026-02-09,CARR,1.699327335483014,8.186762641685387,,hit,linear_regression,target_5d_return,"Technical state is constructive, with price above the 50-day and 200-day averages. RSI is elevated near 80.2, so chasing strength may add risk. MACD remains on the bullish side.",No recent matched news was found for this ticker/date.,Relative strength versus the benchmark looked mixed. 1-month excess return 20.62%; 3-month excess return 11.90%; 6-month excess return -10.04%.,"Model view: the forward return estimate was mildly positive at about 8.19%. Confidence was not explicitly available for this prediction. Technical state is constructive, with price above the 50-day and 200-day averages. RSI is elevated near 80.2, so chasing strength may add risk. MACD remains on the bullish side. No recent matched news was found for this ticker/date. Relative strength versus the benchmark looked mixed. 1-month excess return 20.62%; 3-month excess return 11.90%; 6-month excess return -10.04%."
2026-02-10,CARR,-2.263746385107779,8.533379252082195,,miss,linear_regression,target_5d_return,"Technical state is constructive, with price above the 50-day and 200-day averages. RSI is elevated near 81.1, so chasing strength may add risk. MACD remains on the bullish side.",No recent matched news was found for this ticker/date.,Relative strength versus the benchmark looked mixed. 1-month excess return 17.31%; 3-month excess return 11.28%; 6-month excess return -7.43%.,"Model view: the forward return estimate was mildly positive at about 8.53%. Confidence was not explicitly available for this prediction. Technical state is constructive, with price above the 50-day and 200-day averages. RSI is elevated near 81.1, so chasing strength may add risk. MACD remains on the bullish side. No recent matched news was found for this ticker/date. Relative strength versus the benchmark looked mixed. 1-month excess return 17.31%; 3-month excess return 11.28%; 6-month excess return -7.43%."
2026-02-11,CARR,-6.201555677631932,9.115317277200088,,miss,linear_regression,target_5d_return,"Technical state is constructive, with price above the 50-day and 200-day averages. RSI is elevated near 83.1, so chasing strength may add risk. MACD remains on the bullish side.",No recent matched news was found for this ticker/date.,Relative strength versus the benchmark looked mixed. 1-month excess return 21.59%; 3-month excess return 15.43%; 6-month excess return -5.66%.,"Model view: the forward return estimate was mildly positive at about 9.12%. Confidence was not explicitly available for this prediction. Technical state is constructive, with price above the 50-day and 200-day averages. RSI is elevated near 83.1, so chasing strength may add risk. MACD remains on the bullish side. No recent matched news was found for this ticker/date. Relative strength versus the benchmark looked mixed. 1-month excess return 21.59%; 3-month excess return 15.43%; 6-month excess return -5.66%."
2026-02-12,CARR,-1.1558021375473237,9.32872856792326,,miss,linear_regression,target_5d_return,"Technical state is constructive, with price above the 50-day and 200-day averages. MACD remains on the bullish side.",No recent matched news was found for this ticker/date.,Relative strength versus the benchmark looked mixed. 1-month excess return 19.34%; 3-month excess return 14.13%; 6-month excess return -8.90%.,"Model view: the forward return estimate was mildly positive at about 9.33%. Confidence was not explicitly available for this prediction. Technical state is constructive, with price above the 50-day and 200-day averages. MACD remains on the bullish side. No recent matched news was found for this ticker/date. Relative strength versus the benchmark looked mixed. 1-month excess return 19.34%; 3-month excess return 14.13%; 6-month excess return -8.90%."
2026-02-13,CARR,-2.9663645200965094,8.8947303187887,,miss,linear_regression,target_5d_return,"Technical state is constructive, with price above the 50-day and 200-day averages. RSI is elevated near 70.6, so chasing strength may add risk. MACD remains on the bullish side.",No recent matched news was found for this ticker/date.,Relative strength versus the benchmark looked mixed. 1-month excess return 18.89%; 3-month excess return 17.02%; 6-month excess return -6.29%.,"Model view: the forward return estimate was mildly positive at about 8.89%. Confidence was not explicitly available for this prediction. Technical state is constructive, with price above the 50-day and 200-day averages. RSI is elevated near 70.6, so chasing strength may add risk. MACD remains on the bullish side. No recent matched news was found for this ticker/date. Relative strength versus the benchmark looked mixed. 1-month excess return 18.89%; 3-month excess return 17.02%; 6-month excess return -6.29%."
2026-02-17,CARR,-4.3654997931001915,8.533169968309746,,miss,linear_regression,target_5d_return,"Technical state is constructive, with price above the 50-day and 200-day averages. RSI is elevated near 73.0, so chasing strength may add risk. MACD remains on the bullish side.",No recent matched news was found for this ticker/date.,Relative strength versus the benchmark looked mixed. 1-month excess return 20.94%; 3-month excess return 18.81%; 6-month excess return -4.58%.,"Model view: the forward return estimate was mildly positive at about 8.53%. Confidence was not explicitly available for this prediction. Technical state is constructive, with price above the 50-day and 200-day averages. RSI is elevated near 73.0, so chasing strength may add risk. MACD remains on the bullish side. No recent matched news was found for this ticker/date. Relative strength versus the benchmark looked mixed. 1-month excess return 20.94%; 3-month excess return 18.81%; 6-month excess return -4.58%."
2026-02-18,CARR,-4.399194389092232,9.25181768492521,,miss,linear_regression,target_5d_return,"Technical state is constructive, with price above the 50-day and 200-day averages. RSI is in a steady zone near 62.2. MACD remains on the bullish side. Volatility is elevated at roughly 31.6%.",No recent matched news was found for this ticker/date.,Relative strength versus the benchmark looked mixed. 1-month excess return 15.26%; 3-month excess return 16.75%; 6-month excess return -9.98%.,"Model view: the forward return estimate was mildly positive at about 9.25%. Confidence was not explicitly available for this prediction. Technical state is constructive, with price above the 50-day and 200-day averages. RSI is in a steady zone near 62.2. MACD remains on the bullish side. Volatility is elevated at roughly 31.6%. No recent matched news was found for this ticker/date. Relative strength versus the benchmark looked mixed. 1-month excess return 15.26%; 3-month excess return 16.75%; 6-month excess return -9.98%."
2026-02-19,CARR,-0.25429092827131683,8.354656454871726,,miss,linear_regression,target_5d_return,"Technical state is mixed, with price not fully aligned across the major moving averages. RSI is in a steady zone near 56.1. MACD remains on the bearish side.",No recent matched news was found for this ticker/date.,Relative strength versus the benchmark looked mixed. 1-month excess return 12.94%; 3-month excess return 15.57%; 6-month excess return -13.10%.,"Model view: the forward return estimate was mildly positive at about 8.35%. Confidence was not explicitly available for this prediction. Technical state is mixed, with price not fully aligned across the major moving averages. RSI is in a steady zone near 56.1. MACD remains on the bearish side. No recent matched news was found for this ticker/date. Relative strength versus the benchmark looked mixed. 1-month excess return 12.94%; 3-month excess return 15.57%; 6-month excess return -13.10%."
2026-02-20,CARR,0.40536660228349675,8.648806675944083,,hit,linear_regression,target_5d_return,"Technical state is constructive, with price above the 50-day and 200-day averages. RSI is in a steady zone near 59.8. MACD remains on the bearish side. Volatility is elevated at roughly 30.2%.",No recent matched news was found for this ticker/date.,Relative strength versus the benchmark looked mixed. 1-month excess return 10.49%; 3-month excess return 18.87%; 6-month excess return -12.13%.,"Model view: the forward return estimate was mildly positive at about 8.65%. Confidence was not explicitly available for this prediction. Technical state is constructive, with price above the 50-day and 200-day averages. RSI is in a steady zone near 59.8. MACD remains on the bearish side. Volatility is elevated at roughly 30.2%. No recent matched news was found for this ticker/date. Relative strength versus the benchmark looked mixed. 1-month excess return 10.49%; 3-month excess return 18.87%; 6-month excess return -12.13%."
2026-02-23,CARR,0.5988040869798983,10.811484537900153,,hit,linear_regression,target_5d_return,"Technical state is constructive, with price above the 50-day and 200-day averages. RSI is in a steady zone near 56.9. MACD remains on the bearish side. Volatility is elevated at roughly 30.6%.",No recent matched news was found for this ticker/date.,Relative strength versus the benchmark looked mixed. 1-month excess return 11.42%; 3-month excess return 20.80%; 6-month excess return -9.81%.,"Model view: the forward return estimate was mildly positive at about 10.81%. Confidence was not explicitly available for this prediction. Technical state is constructive, with price above the 50-day and 200-day averages. RSI is in a steady zone near 56.9. MACD remains on the bearish side. Volatility is elevated at roughly 30.6%. No recent matched news was found for this ticker/date. Relative strength versus the benchmark looked mixed. 1-month excess return 11.42%; 3-month excess return 20.80%; 6-month excess return -9.81%."
2026-02-24,CARR,-3.714781450807514,10.42795189033765,,miss,linear_regression,target_5d_return,"Technical state is constructive, with price above the 50-day and 200-day averages. RSI is in a steady zone near 57.2. MACD remains on the bearish side. Volatility is elevated at roughly 30.6%.",No recent matched news was found for this ticker/date.,Relative strength versus the benchmark looked mixed. 1-month excess return 11.13%; 3-month excess return 20.78%; 6-month excess return -12.80%.,"Model view: the forward return estimate was mildly positive at about 10.43%. Confidence was not explicitly available for this prediction. Technical state is constructive, with price above the 50-day and 200-day averages. RSI is in a steady zone near 57.2. MACD remains on the bearish side. Volatility is elevated at roughly 30.6%. No recent matched news was found for this ticker/date. Relative strength versus the benchmark looked mixed. 1-month excess return 11.13%; 3-month excess return 20.78%; 6-month excess return -12.80%."
2026-02-25,CARR,-0.6829238519435954,10.132012373707337,,miss,linear_regression,target_5d_return,"Technical state is mixed, with price not fully aligned across the major moving averages. MACD remains on the bearish side. Volatility is elevated at roughly 33.2%.",No recent matched news was found for this ticker/date.,Relative strength versus the benchmark looked mixed. 1-month excess return 7.13%; 3-month excess return 12.13%; 6-month excess return -14.75%.,"Model view: the forward return estimate was mildly positive at about 10.13%. Confidence was not explicitly available for this prediction. Technical state is mixed, with price not fully aligned across the major moving averages. MACD remains on the bearish side. Volatility is elevated at roughly 33.2%. No recent matched news was found for this ticker/date. Relative strength versus the benchmark looked mixed. 1-month excess return 7.13%; 3-month excess return 12.13%; 6-month excess return -14.75%."
2026-02-26,CARR,-3.760351910086923,12.28537530445615,,miss,linear_regression,target_5d_return,"Technical state is mixed, with price not fully aligned across the major moving averages. RSI is in a steady zone near 53.5. MACD remains on the bearish side. Volatility is elevated at roughly 33.5%.",No recent matched news was found for this ticker/date.,Relative strength versus the benchmark looked mixed. 1-month excess return 10.87%; 3-month excess return 18.18%; 6-month excess return -12.49%.,"Model view: the forward return estimate was mildly positive at about 12.29%. Confidence was not explicitly available for this prediction. Technical state is mixed, with price not fully aligned across the major moving averages. RSI is in a steady zone near 53.5. MACD remains on the bearish side. Volatility is elevated at roughly 33.5%. No recent matched news was found for this ticker/date. Relative strength versus the benchmark looked mixed. 1-month excess return 10.87%; 3-month excess return 18.18%; 6-month excess return -12.49%."
2026-02-27,CARR,-9.394414454053457,11.434950440072068,,miss,linear_regression,target_5d_return,"Technical state is constructive, with price above the 50-day and 200-day averages. RSI is in a steady zone near 58.5. MACD remains on the bearish side. Volatility is elevated at roughly 32.8%.",No recent matched news was found for this ticker/date.,Relative strength versus the benchmark looked mixed. 1-month excess return 12.55%; 3-month excess return 17.70%; 6-month excess return -10.88%.,"Model view: the forward return estimate was mildly positive at about 11.43%. Confidence was not explicitly available for this prediction. Technical state is constructive, with price above the 50-day and 200-day averages. RSI is in a steady zone near 58.5. MACD remains on the bearish side. Volatility is elevated at roughly 32.8%. No recent matched news was found for this ticker/date. Relative strength versus the benchmark looked mixed. 1-month excess return 12.55%; 3-month excess return 17.70%; 6-month excess return -10.88%."
2026-03-02,CARR,-8.020048433031235,11.78222708203074,,miss,linear_regression,target_5d_return,"Technical state is constructive, with price above the 50-day and 200-day averages. RSI is in a steady zone near 56.3. MACD remains on the bearish side. Volatility is elevated at roughly 33.1%.",No recent matched news was found for this ticker/date.,Relative strength versus the benchmark looked mixed. 1-month excess return 7.87%; 3-month excess return 16.43%; 6-month excess return -9.35%.,"Model view: the forward return estimate was mildly positive at about 11.78%. Confidence was not explicitly available for this prediction. Technical state is constructive, with price above the 50-day and 200-day averages. RSI is in a steady zone near 56.3. MACD remains on the bearish side. Volatility is elevated at roughly 33.1%. No recent matched news was found for this ticker/date. Relative strength versus the benchmark looked mixed. 1-month excess return 7.87%; 3-month excess return 16.43%; 6-month excess return -9.35%."
2026-03-03,CARR,-4.479316569868019,11.689326095092124,,miss,linear_regression,target_5d_return,"Technical state is mixed, with price not fully aligned across the major moving averages. MACD remains on the bearish side. Volatility is elevated at roughly 36.5%.",No recent matched news was found for this ticker/date.,Relative strength versus the benchmark looked mixed. 1-month excess return 4.32%; 3-month excess return 11.89%; 6-month excess return -11.68%.,"Model view: the forward return estimate was mildly positive at about 11.69%. Confidence was not explicitly available for this prediction. Technical state is mixed, with price not fully aligned across the major moving averages. MACD remains on the bearish side. Volatility is elevated at roughly 36.5%. No recent matched news was found for this ticker/date. Relative strength versus the benchmark looked mixed. 1-month excess return 4.32%; 3-month excess return 11.89%; 6-month excess return -11.68%."
2026-03-04,CARR,-3.912906242138592,12.732590668569454,,miss,linear_regression,target_5d_return,"Technical state is mixed, with price not fully aligned across the major moving averages. MACD remains on the bearish side. Volatility is elevated at roughly 36.2%.",No recent matched news was found for this ticker/date.,Relative strength versus the benchmark looked mixed. 1-month excess return 2.68%; 3-month excess return 11.84%; 6-month excess return -10.86%.,"Model view: the forward return estimate was mildly positive at about 12.73%. Confidence was not explicitly available for this prediction. Technical state is mixed, with price not fully aligned across the major moving averages. MACD remains on the bearish side. Volatility is elevated at roughly 36.2%. No recent matched news was found for this ticker/date. Relative strength versus the benchmark looked mixed. 1-month excess return 2.68%; 3-month excess return 11.84%; 6-month excess return -10.86%."
2026-03-05,CARR,-6.47350951760628,14.108721857760749,,miss,linear_regression,target_5d_return,"Technical state is mixed, with price not fully aligned across the major moving averages. MACD remains on the bearish side. Volatility is elevated at roughly 33.4%.",No recent matched news was found for this ticker/date.,Relative strength versus the benchmark looked weak. 1-month excess return -0.15%; 3-month excess return 12.19%; 6-month excess return -9.24%.,"Model view: the forward return estimate was mildly positive at about 14.11%. Confidence was not explicitly available for this prediction. Technical state is mixed, with price not fully aligned across the major moving averages. MACD remains on the bearish side. Volatility is elevated at roughly 33.4%. No recent matched news was found for this ticker/date. Relative strength versus the benchmark looked weak. 1-month excess return -0.15%; 3-month excess return 12.19%; 6-month excess return -9.24%."
2026-03-06,CARR,-4.627244248240503,14.274009709379747,,miss,linear_regression,target_5d_return,"Technical state is soft, with price below the 50-day and 200-day averages. RSI is weak near 38.9. MACD remains on the bearish side. Volatility is elevated at roughly 35.3%.",No recent matched news was found for this ticker/date.,Relative strength versus the benchmark looked weak. 1-month excess return -6.20%; 3-month excess return 8.47%; 6-month excess return -11.83%.,"Model view: the forward return estimate was mildly positive at about 14.27%. Confidence was not explicitly available for this prediction. Technical state is soft, with price below the 50-day and 200-day averages. RSI is weak near 38.9. MACD remains on the bearish side. Volatility is elevated at roughly 35.3%. No recent matched news was found for this ticker/date. Relative strength versus the benchmark looked weak. 1-month excess return -6.20%; 3-month excess return 8.47%; 6-month excess return -11.83%."
2026-03-09,CARR,-4.887606755652019,14.075152334215922,,miss,linear_regression,target_5d_return,"Technical state is soft, with price below the 50-day and 200-day averages. MACD remains on the bearish side. Volatility is elevated at roughly 34.9%.",No recent matched news was found for this ticker/date.,Relative strength versus the benchmark looked weak. 1-month excess return -7.05%; 3-month excess return 8.62%; 6-month excess return -15.21%.,"Model view: the forward return estimate was mildly positive at about 14.08%. Confidence was not explicitly available for this prediction. Technical state is soft, with price below the 50-day and 200-day averages. MACD remains on the bearish side. Volatility is elevated at roughly 34.9%. No recent matched news was found for this ticker/date. Relative strength versus the benchmark looked weak. 1-month excess return -7.05%; 3-month excess return 8.62%; 6-month excess return -15.21%."
2026-03-10,CARR,-2.4816032095947294,15.091103243450526,,miss,linear_regression,target_5d_return,"Technical state is soft, with price below the 50-day and 200-day averages. RSI is weak near 39.6. MACD remains on the bearish side. Volatility is elevated at roughly 33.6%.",No recent matched news was found for this ticker/date.,Relative strength versus the benchmark looked weak. 1-month excess return -6.62%; 3-month excess return 8.86%; 6-month excess return -15.34%.,"Model view: the forward return estimate was mildly positive at about 15.09%. Confidence was not explicitly available for this prediction. Technical state is soft, with price below the 50-day and 200-day averages. RSI is weak near 39.6. MACD remains on the bearish side. Volatility is elevated at roughly 33.6%. No recent matched news was found for this ticker/date. Relative strength versus the benchmark looked weak. 1-month excess return -6.62%; 3-month excess return 8.86%; 6-month excess return -15.34%."
2026-03-11,CARR,-1.8401738654427735,16.78056475913855,,miss,linear_regression,target_5d_return,"Technical state is soft, with price below the 50-day and 200-day averages. MACD remains on the bearish side. Volatility is elevated at roughly 33.4%.",No recent matched news was found for this ticker/date.,Relative strength versus the benchmark looked weak. 1-month excess return -7.61%; 3-month excess return 11.72%; 6-month excess return -11.56%.,"Model view: the forward return estimate was mildly positive at about 16.78%. Confidence was not explicitly available for this prediction. Technical state is soft, with price below the 50-day and 200-day averages. MACD remains on the bearish side. Volatility is elevated at roughly 33.4%. No recent matched news was found for this ticker/date. Relative strength versus the benchmark looked weak. 1-month excess return -7.61%; 3-month excess return 11.72%; 6-month excess return -11.56%."
2026-03-12,CARR,4.3901566092211075,17.634253927068222,,hit,linear_regression,target_5d_return,"Technical state is soft, with price below the 50-day and 200-day averages. RSI is weak near 34.7. MACD remains on the bearish side. Volatility is elevated at roughly 33.9%.",No recent matched news was found for this ticker/date.,Relative strength versus the benchmark looked weak. 1-month excess return -10.41%; 3-month excess return 9.39%; 6-month excess return -11.75%.,"Model view: the forward return estimate was mildly positive at about 17.63%. Confidence was not explicitly available for this prediction. Technical state is soft, with price below the 50-day and 200-day averages. RSI is weak near 34.7. MACD remains on the bearish side. Volatility is elevated at roughly 33.9%. No recent matched news was found for this ticker/date. Relative strength versus the benchmark looked weak. 1-month excess return -10.41%; 3-month excess return 9.39%; 6-month excess return -11.75%."
2026-03-13,CARR,4.348603957935104,17.693825701712043,,hit,linear_regression,target_5d_return,"Technical state is soft, with price below the 50-day and 200-day averages. RSI is weak near 32.7. MACD remains on the bearish side. Volatility is elevated at roughly 32.8%.",No recent matched news was found for this ticker/date.,Relative strength versus the benchmark looked weak. 1-month excess return -12.76%; 3-month excess return 7.86%; 6-month excess return -11.42%.,"Model view: the forward return estimate was mildly positive at about 17.69%. Confidence was not explicitly available for this prediction. Technical state is soft, with price below the 50-day and 200-day averages. RSI is weak near 32.7. MACD remains on the bearish side. Volatility is elevated at roughly 32.8%. No recent matched news was found for this ticker/date. Relative strength versus the benchmark looked weak. 1-month excess return -12.76%; 3-month excess return 7.86%; 6-month excess return -11.42%."
2026-03-16,CARR,4.386751709715253,17.769344788911937,,hit,linear_regression,target_5d_return,"Technical state is soft, with price below the 50-day and 200-day averages. RSI is weak near 33.7. MACD remains on the bearish side. Volatility is elevated at roughly 32.6%.",No recent matched news was found for this ticker/date.,Relative strength versus the benchmark looked weak. 1-month excess return -12.13%; 3-month excess return 6.06%; 6-month excess return -11.22%.,"Model view: the forward return estimate was mildly positive at about 17.77%. Confidence was not explicitly available for this prediction. Technical state is soft, with price below the 50-day and 200-day averages. RSI is weak near 33.7. MACD remains on the bearish side. Volatility is elevated at roughly 32.6%. No recent matched news was found for this ticker/date. Relative strength versus the benchmark looked weak. 1-month excess return -12.13%; 3-month excess return 6.06%; 6-month excess return -11.22%."
2026-03-17,CARR,2.8080068474418907,17.484848784257657,,hit,linear_regression,target_5d_return,"Technical state is soft, with price below the 50-day and 200-day averages. RSI is weak near 39.1. MACD remains on the bearish side. Volatility is elevated at roughly 33.0%.",No recent matched news was found for this ticker/date.,Relative strength versus the benchmark looked weak. 1-month excess return -11.28%; 3-month excess return 9.22%; 6-month excess return -8.49%.,"Model view: the forward return estimate was mildly positive at about 17.48%. Confidence was not explicitly available for this prediction. Technical state is soft, with price below the 50-day and 200-day averages. RSI is weak near 39.1. MACD remains on the bearish side. Volatility is elevated at roughly 33.0%. No recent matched news was found for this ticker/date. Relative strength versus the benchmark looked weak. 1-month excess return -11.28%; 3-month excess return 9.22%; 6-month excess return -8.49%."
2026-03-18,CARR,2.846726908997388,17.71083666402172,,hit,linear_regression,target_5d_return,"Technical state is soft, with price below the 50-day and 200-day averages. MACD remains on the bearish side. Volatility is elevated at roughly 32.3%.",No recent matched news was found for this ticker/date.,Relative strength versus the benchmark looked weak. 1-month excess return -10.15%; 3-month excess return 12.37%; 6-month excess return -5.71%.,"Model view: the forward return estimate was mildly positive at about 17.71%. Confidence was not explicitly available for this prediction. Technical state is soft, with price below the 50-day and 200-day averages. MACD remains on the bearish side. Volatility is elevated at roughly 32.3%. No recent matched news was found for this ticker/date. Relative strength versus the benchmark looked weak. 1-month excess return -10.15%; 3-month excess return 12.37%; 6-month excess return -5.71%."
2026-03-19,CARR,-7.291848334315743,17.696612128237525,,miss,linear_regression,target_5d_return,"Technical state is soft, with price below the 50-day and 200-day averages. MACD remains on the bearish side. Volatility is elevated at roughly 33.3%.",No recent matched news was found for this ticker/date.,Relative strength versus the benchmark looked weak. 1-month excess return -4.47%; 3-month excess return 13.15%; 6-month excess return -2.99%.,"Model view: the forward return estimate was mildly positive at about 17.70%. Confidence was not explicitly available for this prediction. Technical state is soft, with price below the 50-day and 200-day averages. MACD remains on the bearish side. Volatility is elevated at roughly 33.3%. No recent matched news was found for this ticker/date. Relative strength versus the benchmark looked weak. 1-month excess return -4.47%; 3-month excess return 13.15%; 6-month excess return -2.99%."
2026-03-20,CARR,-6.57826711709919,17.51815343261317,,miss,linear_regression,target_5d_return,"Technical state is soft, with price below the 50-day and 200-day averages. MACD remains on the bearish side. Volatility is elevated at roughly 32.4%.",No recent matched news was found for this ticker/date.,Relative strength versus the benchmark looked weak. 1-month excess return -2.69%; 3-month excess return 13.96%; 6-month excess return -3.15%.,"Model view: the forward return estimate was mildly positive at about 17.52%. Confidence was not explicitly available for this prediction. Technical state is soft, with price below the 50-day and 200-day averages. MACD remains on the bearish side. Volatility is elevated at roughly 32.4%. No recent matched news was found for this ticker/date. Relative strength versus the benchmark looked weak. 1-month excess return -2.69%; 3-month excess return 13.96%; 6-month excess return -3.15%."
2026-03-23,CARR,-6.75814524574535,17.291463160976726,,miss,linear_regression,target_5d_return,"Technical state is soft, with price below the 50-day and 200-day averages. MACD remains on the bearish side. Volatility is elevated at roughly 32.5%.",No recent matched news was found for this ticker/date.,Relative strength versus the benchmark looked weak. 1-month excess return -4.44%; 3-month excess return 12.41%; 6-month excess return -2.26%.,"Model view: the forward return estimate was mildly positive at about 17.29%. Confidence was not explicitly available for this prediction. Technical state is soft, with price below the 50-day and 200-day averages. MACD remains on the bearish side. Volatility is elevated at roughly 32.5%. No recent matched news was found for this ticker/date. Relative strength versus the benchmark looked weak. 1-month excess return -4.44%; 3-month excess return 12.41%; 6-month excess return -2.26%."
2026-03-24,CARR,-3.875043336991313,16.636823408855015,,miss,linear_regression,target_5d_return,"Technical state is soft, with price below the 50-day and 200-day averages. MACD remains on the bearish side. Volatility is elevated at roughly 32.6%.",No recent matched news was found for this ticker/date.,Relative strength versus the benchmark looked weak. 1-month excess return -3.67%; 3-month excess return 12.96%; 6-month excess return -0.85%.,"Model view: the forward return estimate was mildly positive at about 16.64%. Confidence was not explicitly available for this prediction. Technical state is soft, with price below the 50-day and 200-day averages. MACD remains on the bearish side. Volatility is elevated at roughly 32.6%. No recent matched news was found for this ticker/date. Relative strength versus the benchmark looked weak. 1-month excess return -3.67%; 3-month excess return 12.96%; 6-month excess return -0.85%."
2026-03-25,CARR,-3.9662421504153444,16.098355577146915,,miss,linear_regression,target_5d_return,"Technical state is soft, with price below the 50-day and 200-day averages. MACD remains on the bullish side. Volatility is elevated at roughly 31.3%.",No recent matched news was found for this ticker/date.,Relative strength versus the benchmark looked mixed. 1-month excess return -2.54%; 3-month excess return 15.19%; 6-month excess return 0.14%.,"Model view: the forward return estimate was mildly positive at about 16.10%. Confidence was not explicitly available for this prediction. Technical state is soft, with price below the 50-day and 200-day averages. MACD remains on the bullish side. Volatility is elevated at roughly 31.3%. No recent matched news was found for this ticker/date. Relative strength versus the benchmark looked mixed. 1-month excess return -2.54%; 3-month excess return 15.19%; 6-month excess return 0.14%."
2026-03-26,CARR,1.9023247674409216,18.083764914513175,,hit,linear_regression,target_5d_return,"Technical state is soft, with price below the 50-day and 200-day averages. RSI is weak near 35.3. MACD remains on the bearish side. Volatility is elevated at roughly 40.1%.",No recent matched news was found for this ticker/date.,Relative strength versus the benchmark looked weak. 1-month excess return -4.42%; 3-month excess return 8.46%; 6-month excess return -4.93%.,"Model view: the forward return estimate was mildly positive at about 18.08%. Confidence was not explicitly available for this prediction. Technical state is soft, with price below the 50-day and 200-day averages. RSI is weak near 35.3. MACD remains on the bearish side. Volatility is elevated at roughly 40.1%. No recent matched news was found for this ticker/date. Relative strength versus the benchmark looked weak. 1-month excess return -4.42%; 3-month excess return 8.46%; 6-month excess return -4.93%."
2026-03-27,CARR,2.4700463642173043,17.77742297853056,,hit,linear_regression,target_5d_return,"Technical state is soft, with price below the 50-day and 200-day averages. RSI is weak near 34.4. MACD remains on the bearish side. Volatility is elevated at roughly 38.2%.",No recent matched news was found for this ticker/date.,Relative strength versus the benchmark looked weak. 1-month excess return -5.52%; 3-month excess return 9.57%; 6-month excess return -3.76%.,"Model view: the forward return estimate was mildly positive at about 17.78%. Confidence was not explicitly available for this prediction. Technical state is soft, with price below the 50-day and 200-day averages. RSI is weak near 34.4. MACD remains on the bearish side. Volatility is elevated at roughly 38.2%. No recent matched news was found for this ticker/date. Relative strength versus the benchmark looked weak. 1-month excess return -5.52%; 3-month excess return 9.57%; 6-month excess return -3.76%."
2026-03-30,CARR,1.986751295495326,17.4997857869484,,hit,linear_regression,target_5d_return,"Technical state is soft, with price below the 50-day and 200-day averages. RSI is weak near 34.9. MACD remains on the bearish side. Volatility is elevated at roughly 38.3%.",No recent matched news was found for this ticker/date.,Relative strength versus the benchmark looked weak. 1-month excess return -7.65%; 3-month excess return 9.93%; 6-month excess return -2.82%.,"Model view: the forward return estimate was mildly positive at about 17.50%. Confidence was not explicitly available for this prediction. Technical state is soft, with price below the 50-day and 200-day averages. RSI is weak near 34.9. MACD remains on the bearish side. Volatility is elevated at roughly 38.3%. No recent matched news was found for this ticker/date. Relative strength versus the benchmark looked weak. 1-month excess return -7.65%; 3-month excess return 9.93%; 6-month excess return -2.82%."
2026-03-31,CARR,3.5162484353542967,17.71325467101523,,hit,linear_regression,target_5d_return,"Technical state is soft, with price below the 50-day and 200-day averages. MACD remains on the bearish side. Volatility is elevated at roughly 39.1%.",No recent matched news was found for this ticker/date.,Relative strength versus the benchmark looked weak. 1-month excess return -6.45%; 3-month excess return 10.58%; 6-month excess return -2.71%.,"Model view: the forward return estimate was mildly positive at about 17.71%. Confidence was not explicitly available for this prediction. Technical state is soft, with price below the 50-day and 200-day averages. MACD remains on the bearish side. Volatility is elevated at roughly 39.1%. No recent matched news was found for this ticker/date. Relative strength versus the benchmark looked weak. 1-month excess return -6.45%; 3-month excess return 10.58%; 6-month excess return -2.71%."
2026-04-01,CARR,8.014055248346175,17.644447340853368,,hit,linear_regression,target_5d_return,"Technical state is soft, with price below the 50-day and 200-day averages. MACD remains on the bearish side. Volatility is elevated at roughly 39.4%.","Recent news tone was fairly balanced, based on 1 article(s) from same-day matches; positive ratio 0%; negative ratio 0%.",Relative strength versus the benchmark looked weak. 1-month excess return -3.24%; 3-month excess return 11.15%; 6-month excess return -3.04%.,"Model view: the forward return estimate was mildly positive at about 17.64%. Confidence was not explicitly available for this prediction. Technical state is soft, with price below the 50-day and 200-day averages. MACD remains on the bearish side. Volatility is elevated at roughly 39.4%. Recent news tone was fairly balanced, based on 1 article(s) from same-day matches; positive ratio 0%; negative ratio 0%. Relative strength versus the benchmark looked weak. 1-month excess return -3.24%; 3-month excess return 11.15%; 6-month excess return -3.04%."
2026-04-02,CARR,13.695927469942903,17.35396968207059,,hit,linear_regression,target_5d_return,"Technical state is soft, with price below the 50-day and 200-day averages. MACD remains on the bearish side. Volatility is elevated at roughly 39.8%.","Recent news tone was fairly balanced, based on 1 article(s) from same-day matches; positive ratio 0%; negative ratio 0%.",Relative strength versus the benchmark looked weak. 1-month excess return -4.48%; 3-month excess return 9.28%; 6-month excess return -4.42%.,"Model view: the forward return estimate was mildly positive at about 17.35%. Confidence was not explicitly available for this prediction. Technical state is soft, with price below the 50-day and 200-day averages. MACD remains on the bearish side. Volatility is elevated at roughly 39.8%. Recent news tone was fairly balanced, based on 1 article(s) from same-day matches; positive ratio 0%; negative ratio 0%. Relative strength versus the benchmark looked weak. 1-month excess return -4.48%; 3-month excess return 9.28%; 6-month excess return -4.42%."
2026-04-06,CARR,15.704262490148446,17.141887237231963,,hit,linear_regression,target_5d_return,"Technical state is soft, with price below the 50-day and 200-day averages. MACD remains on the bearish side. Volatility is elevated at roughly 38.2%.","Recent news tone was fairly balanced, based on 2 article(s) from the recent 7-day window; positive ratio 0%; negative ratio 0%.",Relative strength versus the benchmark looked weak. 1-month excess return -4.59%; 3-month excess return 7.47%; 6-month excess return -4.06%.,"Model view: the forward return estimate was mildly positive at about 17.14%. Confidence was not explicitly available for this prediction. Technical state is soft, with price below the 50-day and 200-day averages. MACD remains on the bearish side. Volatility is elevated at roughly 38.2%. Recent news tone was fairly balanced, based on 2 article(s) from the recent 7-day window; positive ratio 0%; negative ratio 0%. Relative strength versus the benchmark looked weak. 1-month excess return -4.59%; 3-month excess return 7.47%; 6-month excess return -4.06%."
2026-04-07,CARR,16.63060112515682,17.97796707497728,,hit,linear_regression,target_5d_return,"Technical state is soft, with price below the 50-day and 200-day averages. MACD remains on the bearish side. Volatility is elevated at roughly 38.1%.","Recent news tone was fairly balanced, based on 2 article(s) from the recent 7-day window; positive ratio 0%; negative ratio 0%.",Relative strength versus the benchmark looked weak. 1-month excess return -2.98%; 3-month excess return 7.24%; 6-month excess return -5.55%.,"Model view: the forward return estimate was mildly positive at about 17.98%. Confidence was not explicitly available for this prediction. Technical state is soft, with price below the 50-day and 200-day averages. MACD remains on the bearish side. Volatility is elevated at roughly 38.1%. Recent news tone was fairly balanced, based on 2 article(s) from the recent 7-day window; positive ratio 0%; negative ratio 0%. Relative strength versus the benchmark looked weak. 1-month excess return -2.98%; 3-month excess return 7.24%; 6-month excess return -5.55%."
2026-04-08,CARR,0.4460427473830242,20.846998964793364,,hit,linear_regression,target_5d_return,"Technical state is soft, with price below the 50-day and 200-day averages. RSI is in a steady zone near 52.3. MACD remains on the bullish side. Volatility is elevated at roughly 42.6%.","Recent news tone was fairly balanced, based on 2 article(s) from the recent 7-day window; positive ratio 0%; negative ratio 0%.",Relative strength versus the benchmark looked weak. 1-month excess return -0.34%; 3-month excess return 11.29%; 6-month excess return -3.18%.,"Model view: the forward return estimate was mildly positive at about 20.85%. Confidence was not explicitly available for this prediction. Technical state is soft, with price below the 50-day and 200-day averages. RSI is in a steady zone near 52.3. MACD remains on the bullish side. Volatility is elevated at roughly 42.6%. Recent news tone was fairly balanced, based on 2 article(s) from the recent 7-day window; positive ratio 0%; negative ratio 0%. Relative strength versus the benchmark looked weak. 1-month excess return -0.34%; 3-month excess return 11.29%; 6-month excess return -3.18%."
2026-04-09,CARR,-2.847380452438242,19.83130439346907,,miss,linear_regression,target_5d_return,"Technical state is constructive, with price above the 50-day and 200-day averages. RSI is in a steady zone near 61.2. MACD remains on the bullish side. Volatility is elevated at roughly 46.7%.","Recent news tone was fairly balanced, based on 2 article(s) from the recent 7-day window; positive ratio 0%; negative ratio 0%.",Relative strength versus the benchmark looked favorable. 1-month excess return 4.82%; 3-month excess return 18.35%; 6-month excess return 2.26%.,"Model view: the forward return estimate was mildly positive at about 19.83%. Confidence was not explicitly available for this prediction. Technical state is constructive, with price above the 50-day and 200-day averages. RSI is in a steady zone near 61.2. MACD remains on the bullish side. Volatility is elevated at roughly 46.7%. Recent news tone was fairly balanced, based on 2 article(s) from the recent 7-day window; positive ratio 0%; negative ratio 0%. Relative strength versus the benchmark looked favorable. 1-month excess return 4.82%; 3-month excess return 18.35%; 6-month excess return 2.26%."
2026-04-10,CARR,-3.1891387005011596,19.66192422641531,,miss,linear_regression,target_5d_return,"Technical state is constructive, with price above the 50-day and 200-day averages. MACD remains on the bullish side. Volatility is elevated at roughly 45.2%.","Recent news tone was fairly balanced, based on 1 article(s) from same-day matches; positive ratio 0%; negative ratio 0%.",Relative strength versus the benchmark looked favorable. 1-month excess return 7.51%; 3-month excess return 19.09%; 6-month excess return 4.98%.,"Model view: the forward return estimate was mildly positive at about 19.66%. Confidence was not explicitly available for this prediction. Technical state is constructive, with price above the 50-day and 200-day averages. MACD remains on the bullish side. Volatility is elevated at roughly 45.2%. Recent news tone was fairly balanced, based on 1 article(s) from same-day matches; positive ratio 0%; negative ratio 0%. Relative strength versus the benchmark looked favorable. 1-month excess return 7.51%; 3-month excess return 19.09%; 6-month excess return 4.98%."
2026-04-13,CARR,-4.151116575891656,16.4001889430627,,miss,linear_regression,target_5d_return,"Technical state is constructive, with price above the 50-day and 200-day averages. MACD remains on the bullish side. Volatility is elevated at roughly 44.6%.","Recent news tone was fairly balanced, based on 2 article(s) from the recent 7-day window; positive ratio 0%; negative ratio 0%.",Relative strength versus the benchmark looked favorable. 1-month excess return 10.89%; 3-month excess return 15.54%; 6-month excess return 8.50%.,"Model view: the forward return estimate was mildly positive at about 16.40%. Confidence was not explicitly available for this prediction. Technical state is constructive, with price above the 50-day and 200-day averages. MACD remains on the bullish side. Volatility is elevated at roughly 44.6%. Recent news tone was fairly balanced, based on 2 article(s) from the recent 7-day window; positive ratio 0%; negative ratio 0%. Relative strength versus the benchmark looked favorable. 1-month excess return 10.89%; 3-month excess return 15.54%; 6-month excess return 8.50%."
